=== DAE BUILD FAILURE LOG ===
Timestamp: 2026-07-25_11-11-25
Commit: bd6aa7bdb34cb92e66052663f09275f3850b93f4
=============================

WARNING: Makefile 'package/netspeedtest/luci-app-netspeedtest/Makefile' has a dependency on 'python3-pkg-resources', which does not exist
WARNING: Makefile 'package/netspeedtest/luci-app-netspeedtest/Makefile' has a dependency on 'python3-email', which does not exist
WARNING: Makefile 'package/helloworld/luci-app-ssr-plus/Makefile' has a dependency on 'kcptun-client', which does not exist
WARNING: Makefile 'package/feeds/packages/perl-www/Makefile' has a dependency on 'perl-http-daemon', which does not exist
WARNING: Makefile 'package/feeds/packages/perl-www-mechanize/Makefile' has a dependency on 'perl-http-daemon', which does not exist
WARNING: Makefile 'package/QModem/application/qmodem/Makefile' has a dependency on 'kmod-mhi-wwan', which does not exist
WARNING: Makefile 'package/QModem/application/qmodem/Makefile' has a dependency on 'quectel-CM-5G', which does not exist
WARNING: Makefile 'package/feeds/video/sdl3/Makefile' has a build dependency on 'libwayland', which does not exist
make[2]: Entering directory '/mnt/build_wrt/scripts/config'
make[2]: 'conf' is up to date.
make[2]: Leaving directory '/mnt/build_wrt/scripts/config'
make[1]: Entering directory '/mnt/build_wrt'
make[2]: Entering directory '/mnt/build_wrt/feeds/packages/lang/golang/golang-bootstrap'
mkdir -p /mnt/build_wrt/dl
/mnt/build_wrt/scripts/download.pl "/mnt/build_wrt/dl" "go1.4-bootstrap-20171003.tar.gz" "f4ff5b5eb3a3cae1c993723f3eab519c5bae18866b5e5f96fe1102f0cb5c3e52" "" "https://go.dev/dl/" "https://golang.google.cn/dl/" "https://mirrors.nju.edu.cn/golang/" "https://mirrors.ustc.edu.cn/golang/"    
+ curl -f --connect-timeout 5 --retry 3 --location https://go.dev/dl/go1.4-bootstrap-20171003.tar.gz
  % Total    % Received % Xferd  Average Speed   Time    Time     Time  Current
                                 Dload  Upload   Total   Spent    Left  Speed
  0     0    0     0    0     0      0      0 --:--:-- --:--:-- --:--:--     0  0     0    0     0    0     0      0      0 --:--:-- --:--:-- --:--:--     0100    79  100    79    0     0    271      0 --:--:-- --:--:-- --:--:--   271
100 10.4M  100 10.4M    0     0  21.0M      0 --:--:-- --:--:-- --:--:-- 21.0M
mkdir -p /mnt/build_wrt/dl
/mnt/build_wrt/scripts/download.pl "/mnt/build_wrt/dl" "go1.17.13.src.tar.gz" "a1a48b23afb206f95e7bbaa9b898d965f90826f6f1d1fc0c1d784ada0cd300fd" "" "https://go.dev/dl/" "https://golang.google.cn/dl/" "https://mirrors.nju.edu.cn/golang/" "https://mirrors.ustc.edu.cn/golang/"    
+ curl -f --connect-timeout 5 --retry 3 --location https://go.dev/dl/go1.17.13.src.tar.gz
  % Total    % Received % Xferd  Average Speed   Time    Time     Time  Current
                                 Dload  Upload   Total   Spent    Left  Speed
  0     0    0     0    0     0      0      0 --:--:-- --:--:-- --:--:--     0100    68  100    68    0     0    697      0 --:--:-- --:--:-- --:--:--   701
100 21.1M  100 21.1M    0     0  57.9M      0 --:--:-- --:--:-- --:--:-- 57.9M
mkdir -p /mnt/build_wrt/dl
/mnt/build_wrt/scripts/download.pl "/mnt/build_wrt/dl" "go1.20.14.src.tar.gz" "1aef321a0e3e38b7e91d2d7eb64040666cabdcc77d383de3c9522d0d69b67f4e" "" "https://go.dev/dl/" "https://golang.google.cn/dl/" "https://mirrors.nju.edu.cn/golang/" "https://mirrors.ustc.edu.cn/golang/"    
+ curl -f --connect-timeout 5 --retry 3 --location https://go.dev/dl/go1.20.14.src.tar.gz
  % Total    % Received % Xferd  Average Speed   Time    Time     Time  Current
                                 Dload  Upload   Total   Spent    Left  Speed
  0     0    0     0    0     0      0      0 --:--:-- --:--:-- --:--:--     0100    68  100    68    0     0    739      0 --:--:-- --:--:-- --:--:--   747
  6 24.9M    6 1536k    0     0  7907k      0  0:00:03 --:--:--  0:00:03 7907k100 24.9M  100 24.9M    0     0  65.4M      0 --:--:-- --:--:-- --:--:--  125M
mkdir -p /mnt/build_wrt/dl
/mnt/build_wrt/scripts/download.pl "/mnt/build_wrt/dl" "go1.22.12.src.tar.gz" "012a7e1f37f362c0918c1dfa3334458ac2da1628c4b9cf4d9ca02db986e17d71" "" "https://go.dev/dl/" "https://golang.google.cn/dl/" "https://mirrors.nju.edu.cn/golang/" "https://mirrors.ustc.edu.cn/golang/"    
+ curl -f --connect-timeout 5 --retry 3 --location https://go.dev/dl/go1.22.12.src.tar.gz
  % Total    % Received % Xferd  Average Speed   Time    Time     Time  Current
                                 Dload  Upload   Total   Spent    Left  Speed
  0     0    0     0    0     0      0      0 --:--:-- --:--:-- --:--:--     0100    68  100    68    0     0    740      0 --:--:-- --:--:-- --:--:--   747
100 26.2M  100 26.2M    0     0  56.9M      0 --:--:-- --:--:-- --:--:-- 56.9M
mkdir -p /mnt/build_wrt/dl
/mnt/build_wrt/scripts/download.pl "/mnt/build_wrt/dl" "go1.24.13.src.tar.gz" "639a6204c2486b137df1eb6e78ee3ed038f9877d0e4b5a465e796a2153f858d7" "" "https://go.dev/dl/" "https://golang.google.cn/dl/" "https://mirrors.nju.edu.cn/golang/" "https://mirrors.ustc.edu.cn/golang/"    
+ curl -f --connect-timeout 5 --retry 3 --location https://go.dev/dl/go1.24.13.src.tar.gz
  % Total    % Received % Xferd  Average Speed   Time    Time     Time  Current
                                 Dload  Upload   Total   Spent    Left  Speed
  0     0    0     0    0     0      0      0 --:--:-- --:--:-- --:--:--     0100    68  100    68    0     0    752      0 --:--:-- --:--:-- --:--:--   755
 33 29.3M   33  9.8M    0     0  42.3M      0 --:--:-- --:--:-- --:--:-- 42.3M100 29.3M  100 29.3M    0     0  77.6M      0 --:--:-- --:--:-- --:--:--  134M
tar -C "/mnt/build_wrt/build_dir/hostpkg/go-1.24.13" --strip-components=1 -xzf "/mnt/build_wrt/dl/go1.24.13.src.tar.gz"
[ ! -d ./src/ ] || cp -fpR ./src/* /mnt/build_wrt/build_dir/hostpkg/go-1.24.13
mkdir -p "/mnt/build_wrt/build_dir/hostpkg/go-1.24.13/.go_bootstrap" && tar -C "/mnt/build_wrt/build_dir/hostpkg/go-1.24.13/.go_bootstrap" --strip-components=1 -xzf "/mnt/build_wrt/dl/go1.4-bootstrap-20171003.tar.gz" ; 	mkdir -p "/mnt/build_wrt/build_dir/hostpkg/go-1.24.13/.go_bootstrap_1.17" && tar -C "/mnt/build_wrt/build_dir/hostpkg/go-1.24.13/.go_bootstrap_1.17" --strip-components=1 -xzf "/mnt/build_wrt/dl/go1.17.13.src.tar.gz" ; 	mkdir -p "/mnt/build_wrt/build_dir/hostpkg/go-1.24.13/.go_bootstrap_1.20" && tar -C "/mnt/build_wrt/build_dir/hostpkg/go-1.24.13/.go_bootstrap_1.20" --strip-components=1 -xzf "/mnt/build_wrt/dl/go1.20.14.src.tar.gz" ; 	mkdir -p "/mnt/build_wrt/build_dir/hostpkg/go-1.24.13/.go_bootstrap_1.22" && tar -C "/mnt/build_wrt/build_dir/hostpkg/go-1.24.13/.go_bootstrap_1.22" --strip-components=1 -xzf "/mnt/build_wrt/dl/go1.22.12.src.tar.gz" ;
touch /mnt/build_wrt/build_dir/hostpkg/go-1.24.13/.preparedb43e1ccf42069184c40675e17114bac6_6664517399ebbbc92a37c5bb081b5c53
mkdir -p "/mnt/build_wrt/tmp/go-build"
touch /mnt/build_wrt/build_dir/hostpkg/go-1.24.13/.configured
cd "/mnt/build_wrt/build_dir/hostpkg/go-1.24.13/.go_bootstrap/src" ;  GOHOSTARCH="amd64" GOCACHE="/mnt/build_wrt/tmp/go-build" GOENV=off CC="/mnt/build_wrt/staging_dir/host/bin/gcc" CXX="/mnt/build_wrt/staging_dir/host/bin/g++" CC="/mnt/build_wrt/staging_dir/host/bin/gcc -std=gnu17"  bash make.bash -v --no-banner
# Building C bootstrap tool.
cmd/dist

# Building compilers and Go bootstrap tool for host, linux/amd64.
lib9
In file included from /mnt/build_wrt/build_dir/hostpkg/go-1.24.13/.go_bootstrap/src/lib9/atoi.c:28:
/mnt/build_wrt/build_dir/hostpkg/go-1.24.13/.go_bootstrap/include/u.h:86:42: warning: expression does not compute the number of elements in this array; element type is 'struct __jmp_buf_tag', not 'long int' [-Wsizeof-array-div]
   86 | typedef long p9jmp_buf[sizeof(sigjmp_buf)/sizeof(long)];
      |                                          ^
In file included from /mnt/build_wrt/build_dir/hostpkg/go-1.24.13/.go_bootstrap/src/lib9/_exits.c:28:
/mnt/build_wrt/build_dir/hostpkg/go-1.24.13/.go_bootstrap/include/u.h:86:42: warning: expression does not compute the number of elements in this array; element type is 'struct __jmp_buf_tag', not 'long int' [-Wsizeof-array-div]
   86 | typedef long p9jmp_buf[sizeof(sigjmp_buf)/sizeof(long)];
      |                                          ^
In file included from /mnt/build_wrt/build_dir/hostpkg/go-1.24.13/.go_bootstrap/src/lib9/await.c:31:
/mnt/build_wrt/build_dir/hostpkg/go-1.24.13/.go_bootstrap/include/u.h:86:42: warning: expression does not compute the number of elements in this array; element type is 'struct __jmp_buf_tag', not 'long int' [-Wsizeof-array-div]
   86 | typedef long p9jmp_buf[sizeof(sigjmp_buf)/sizeof(long)];
      |                                          ^
In file included from /mnt/build_wrt/build_dir/hostpkg/go-1.24.13/.go_bootstrap/src/lib9/_p9dir.c:28:
/mnt/build_wrt/build_dir/hostpkg/go-1.24.13/.go_bootstrap/include/u.h:86:42: warning: expression does not compute the number of elements in this array; element type is 'struct __jmp_buf_tag', not 'long int' [-Wsizeof-array-div]
   86 | typedef long p9jmp_buf[sizeof(sigjmp_buf)/sizeof(long)];
      |                                          ^
/mnt/build_wrt/build_dir/hostpkg/go-1.24.13/.go_bootstrap/include/u.h:86:42: note: add parentheses around the second 'sizeof' to silence this warning
/mnt/build_wrt/build_dir/hostpkg/go-1.24.13/.go_bootstrap/include/u.h:86:42: note: add parentheses around the second 'sizeof' to silence this warning
/mnt/build_wrt/build_dir/hostpkg/go-1.24.13/.go_bootstrap/include/u.h:86:42: note: add parentheses around the second 'sizeof' to silence this warning
/mnt/build_wrt/build_dir/hostpkg/go-1.24.13/.go_bootstrap/include/u.h:86:42: note: add parentheses around the second 'sizeof' to silence this warning
In file included from /mnt/build_wrt/build_dir/hostpkg/go-1.24.13/.go_bootstrap/src/lib9/cleanname.c:29:
/mnt/build_wrt/build_dir/hostpkg/go-1.24.13/.go_bootstrap/include/u.h:86:42: warning: expression does not compute the number of elements in this array; element type is 'struct __jmp_buf_tag', not 'long int' [-Wsizeof-array-div]
   86 | typedef long p9jmp_buf[sizeof(sigjmp_buf)/sizeof(long)];
      |                                          ^
/mnt/build_wrt/build_dir/hostpkg/go-1.24.13/.go_bootstrap/include/u.h:86:42: note: add parentheses around the second 'sizeof' to silence this warning
In file included from /mnt/build_wrt/build_dir/hostpkg/go-1.24.13/.go_bootstrap/src/lib9/dirfstat.c:27:
/mnt/build_wrt/build_dir/hostpkg/go-1.24.13/.go_bootstrap/include/u.h:86:42: warning: expression does not compute the number of elements in this array; element type is 'struct __jmp_buf_tag', not 'long int' [-Wsizeof-array-div]
   86 | typedef long p9jmp_buf[sizeof(sigjmp_buf)/sizeof(long)];
      |                                          ^
/mnt/build_wrt/build_dir/hostpkg/go-1.24.13/.go_bootstrap/include/u.h:86:42: note: add parentheses around the second 'sizeof' to silence this warning
In file included from /mnt/build_wrt/build_dir/hostpkg/go-1.24.13/.go_bootstrap/src/lib9/ctime.c:8:
/mnt/build_wrt/build_dir/hostpkg/go-1.24.13/.go_bootstrap/include/u.h:86:42: warning: expression does not compute the number of elements in this array; element type is 'struct __jmp_buf_tag', not 'long int' [-Wsizeof-array-div]
   86 | typedef long p9jmp_buf[sizeof(sigjmp_buf)/sizeof(long)];
      |                                          ^
/mnt/build_wrt/build_dir/hostpkg/go-1.24.13/.go_bootstrap/include/u.h:86:42: note: add parentheses around the second 'sizeof' to silence this warning
In file included from /mnt/build_wrt/build_dir/hostpkg/go-1.24.13/.go_bootstrap/src/lib9/dirfwstat.c:29:
/mnt/build_wrt/build_dir/hostpkg/go-1.24.13/.go_bootstrap/include/u.h:86:42: warning: expression does not compute the number of elements in this array; element type is 'struct __jmp_buf_tag', not 'long int' [-Wsizeof-array-div]
   86 | typedef long p9jmp_buf[sizeof(sigjmp_buf)/sizeof(long)];
      |                                          ^
/mnt/build_wrt/build_dir/hostpkg/go-1.24.13/.go_bootstrap/include/u.h:86:42: note: add parentheses around the second 'sizeof' to silence this warning
In file included from /mnt/build_wrt/build_dir/hostpkg/go-1.24.13/.go_bootstrap/src/lib9/create.c:28:
/mnt/build_wrt/build_dir/hostpkg/go-1.24.13/.go_bootstrap/include/u.h:86:42: warning: expression does not compute the number of elements in this array; element type is 'struct __jmp_buf_tag', not 'long int' [-Wsizeof-array-div]
   86 | typedef long p9jmp_buf[sizeof(sigjmp_buf)/sizeof(long)];
      |                                          ^
/mnt/build_wrt/build_dir/hostpkg/go-1.24.13/.go_bootstrap/include/u.h:86:42: note: add parentheses around the second 'sizeof' to silence this warning
In file included from /mnt/build_wrt/build_dir/hostpkg/go-1.24.13/.go_bootstrap/src/lib9/dirstat.c:27:
/mnt/build_wrt/build_dir/hostpkg/go-1.24.13/.go_bootstrap/include/u.h:86:42: warning: expression does not compute the number of elements in this array; element type is 'struct __jmp_buf_tag', not 'long int' [-Wsizeof-array-div]
   86 | typedef long p9jmp_buf[sizeof(sigjmp_buf)/sizeof(long)];
      |                                          ^
/mnt/build_wrt/build_dir/hostpkg/go-1.24.13/.go_bootstrap/include/u.h:86:42: note: add parentheses around the second 'sizeof' to silence this warning
In file included from /mnt/build_wrt/build_dir/hostpkg/go-1.24.13/.go_bootstrap/src/lib9/dirwstat.c:27:
/mnt/build_wrt/build_dir/hostpkg/go-1.24.13/.go_bootstrap/include/u.h:86:42: warning: expression does not compute the number of elements in this array; element type is 'struct __jmp_buf_tag', not 'long int' [-Wsizeof-array-div]
   86 | typedef long p9jmp_buf[sizeof(sigjmp_buf)/sizeof(long)];
      |                                          ^
/mnt/build_wrt/build_dir/hostpkg/go-1.24.13/.go_bootstrap/include/u.h:86:42: note: add parentheses around the second 'sizeof' to silence this warning
In file included from /mnt/build_wrt/build_dir/hostpkg/go-1.24.13/.go_bootstrap/src/lib9/dup.c:27:
/mnt/build_wrt/build_dir/hostpkg/go-1.24.13/.go_bootstrap/include/u.h:86:42: warning: expression does not compute the number of elements in this array; element type is 'struct __jmp_buf_tag', not 'long int' [-Wsizeof-array-div]
   86 | typedef long p9jmp_buf[sizeof(sigjmp_buf)/sizeof(long)];
      |                                          ^
/mnt/build_wrt/build_dir/hostpkg/go-1.24.13/.go_bootstrap/include/u.h:86:42: note: add parentheses around the second 'sizeof' to silence this warning
In file included from /mnt/build_wrt/build_dir/hostpkg/go-1.24.13/.go_bootstrap/src/lib9/errstr.c:35:
/mnt/build_wrt/build_dir/hostpkg/go-1.24.13/.go_bootstrap/include/u.h:86:42: warning: expression does not compute the number of elements in this array; element type is 'struct __jmp_buf_tag', not 'long int' [-Wsizeof-array-div]
   86 | typedef long p9jmp_buf[sizeof(sigjmp_buf)/sizeof(long)];
      |                                          ^
/mnt/build_wrt/build_dir/hostpkg/go-1.24.13/.go_bootstrap/include/u.h:86:42: note: add parentheses around the second 'sizeof' to silence this warning
In file included from /mnt/build_wrt/build_dir/hostpkg/go-1.24.13/.go_bootstrap/src/lib9/exec.c:27:
/mnt/build_wrt/build_dir/hostpkg/go-1.24.13/.go_bootstrap/include/u.h:86:42: warning: expression does not compute the number of elements in this array; element type is 'struct __jmp_buf_tag', not 'long int' [-Wsizeof-array-div]
   86 | typedef long p9jmp_buf[sizeof(sigjmp_buf)/sizeof(long)];
      |                                          ^
/mnt/build_wrt/build_dir/hostpkg/go-1.24.13/.go_bootstrap/include/u.h:86:42: note: add parentheses around the second 'sizeof' to silence this warning
In file included from /mnt/build_wrt/build_dir/hostpkg/go-1.24.13/.go_bootstrap/src/lib9/execl.c:27:
/mnt/build_wrt/build_dir/hostpkg/go-1.24.13/.go_bootstrap/include/u.h:86:42: warning: expression does not compute the number of elements in this array; element type is 'struct __jmp_buf_tag', not 'long int' [-Wsizeof-array-div]
   86 | typedef long p9jmp_buf[sizeof(sigjmp_buf)/sizeof(long)];
      |                                          ^
/mnt/build_wrt/build_dir/hostpkg/go-1.24.13/.go_bootstrap/include/u.h:86:42: note: add parentheses around the second 'sizeof' to silence this warning
In file included from /mnt/build_wrt/build_dir/hostpkg/go-1.24.13/.go_bootstrap/src/lib9/exits.c:27:
/mnt/build_wrt/build_dir/hostpkg/go-1.24.13/.go_bootstrap/include/u.h:86:42: warning: expression does not compute the number of elements in this array; element type is 'struct __jmp_buf_tag', not 'long int' [-Wsizeof-array-div]
   86 | typedef long p9jmp_buf[sizeof(sigjmp_buf)/sizeof(long)];
      |                                          ^
/mnt/build_wrt/build_dir/hostpkg/go-1.24.13/.go_bootstrap/include/u.h:86:42: note: add parentheses around the second 'sizeof' to silence this warning
In file included from /mnt/build_wrt/build_dir/hostpkg/go-1.24.13/.go_bootstrap/src/lib9/exitcode.c:28:
/mnt/build_wrt/build_dir/hostpkg/go-1.24.13/.go_bootstrap/include/u.h:86:42: warning: expression does not compute the number of elements in this array; element type is 'struct __jmp_buf_tag', not 'long int' [-Wsizeof-array-div]
   86 | typedef long p9jmp_buf[sizeof(sigjmp_buf)/sizeof(long)];
      |                                          ^
/mnt/build_wrt/build_dir/hostpkg/go-1.24.13/.go_bootstrap/include/u.h:86:42: note: add parentheses around the second 'sizeof' to silence this warning
In file included from /mnt/build_wrt/build_dir/hostpkg/go-1.24.13/.go_bootstrap/src/lib9/flag.c:5:
/mnt/build_wrt/build_dir/hostpkg/go-1.24.13/.go_bootstrap/include/u.h:86:42: warning: expression does not compute the number of elements in this array; element type is 'struct __jmp_buf_tag', not 'long int' [-Wsizeof-array-div]
   86 | typedef long p9jmp_buf[sizeof(sigjmp_buf)/sizeof(long)];
      |                                          ^
/mnt/build_wrt/build_dir/hostpkg/go-1.24.13/.go_bootstrap/include/u.h:86:42: note: add parentheses around the second 'sizeof' to silence this warning
In file included from /mnt/build_wrt/build_dir/hostpkg/go-1.24.13/.go_bootstrap/src/lib9/fmt/charstod.c:19:
/mnt/build_wrt/build_dir/hostpkg/go-1.24.13/.go_bootstrap/include/u.h:86:42: warning: expression does not compute the number of elements in this array; element type is 'struct __jmp_buf_tag', not 'long int' [-Wsizeof-array-div]
   86 | typedef long p9jmp_buf[sizeof(sigjmp_buf)/sizeof(long)];
      |                                          ^
/mnt/build_wrt/build_dir/hostpkg/go-1.24.13/.go_bootstrap/include/u.h:86:42: note: add parentheses around the second 'sizeof' to silence this warning
In file included from /mnt/build_wrt/build_dir/hostpkg/go-1.24.13/.go_bootstrap/src/lib9/fmt/dofmt.c:19:
/mnt/build_wrt/build_dir/hostpkg/go-1.24.13/.go_bootstrap/include/u.h:86:42: warning: expression does not compute the number of elements in this array; element type is 'struct __jmp_buf_tag', not 'long int' [-Wsizeof-array-div]
   86 | typedef long p9jmp_buf[sizeof(sigjmp_buf)/sizeof(long)];
      |                                          ^
/mnt/build_wrt/build_dir/hostpkg/go-1.24.13/.go_bootstrap/include/u.h:86:42: note: add parentheses around the second 'sizeof' to silence this warning
In file included from /mnt/build_wrt/build_dir/hostpkg/go-1.24.13/.go_bootstrap/src/lib9/fmt/dorfmt.c:19:
/mnt/build_wrt/build_dir/hostpkg/go-1.24.13/.go_bootstrap/include/u.h:86:42: warning: expression does not compute the number of elements in this array; element type is 'struct __jmp_buf_tag', not 'long int' [-Wsizeof-array-div]
   86 | typedef long p9jmp_buf[sizeof(sigjmp_buf)/sizeof(long)];
      |                                          ^
/mnt/build_wrt/build_dir/hostpkg/go-1.24.13/.go_bootstrap/include/u.h:86:42: note: add parentheses around the second 'sizeof' to silence this warning
In file included from /mnt/build_wrt/build_dir/hostpkg/go-1.24.13/.go_bootstrap/src/lib9/fmt/fltfmt.c:20:
/mnt/build_wrt/build_dir/hostpkg/go-1.24.13/.go_bootstrap/include/u.h:86:42: warning: expression does not compute the number of elements in this array; element type is 'struct __jmp_buf_tag', not 'long int' [-Wsizeof-array-div]
   86 | typedef long p9jmp_buf[sizeof(sigjmp_buf)/sizeof(long)];
      |                                          ^
/mnt/build_wrt/build_dir/hostpkg/go-1.24.13/.go_bootstrap/include/u.h:86:42: note: add parentheses around the second 'sizeof' to silence this warning
In file included from /mnt/build_wrt/build_dir/hostpkg/go-1.24.13/.go_bootstrap/src/lib9/fmt/fmtfd.c:19:
/mnt/build_wrt/build_dir/hostpkg/go-1.24.13/.go_bootstrap/include/u.h:86:42: warning: expression does not compute the number of elements in this array; element type is 'struct __jmp_buf_tag', not 'long int' [-Wsizeof-array-div]
   86 | typedef long p9jmp_buf[sizeof(sigjmp_buf)/sizeof(long)];
      |                                          ^
/mnt/build_wrt/build_dir/hostpkg/go-1.24.13/.go_bootstrap/include/u.h:86:42: note: add parentheses around the second 'sizeof' to silence this warning
In file included from /mnt/build_wrt/build_dir/hostpkg/go-1.24.13/.go_bootstrap/src/lib9/fmt/fmt.c:19:
/mnt/build_wrt/build_dir/hostpkg/go-1.24.13/.go_bootstrap/include/u.h:86:42: warning: expression does not compute the number of elements in this array; element type is 'struct __jmp_buf_tag', not 'long int' [-Wsizeof-array-div]
   86 | typedef long p9jmp_buf[sizeof(sigjmp_buf)/sizeof(long)];
      |                                          ^
/mnt/build_wrt/build_dir/hostpkg/go-1.24.13/.go_bootstrap/include/u.h:86:42: note: add parentheses around the second 'sizeof' to silence this warning
/mnt/build_wrt/build_dir/hostpkg/go-1.24.13/.go_bootstrap/src/lib9/fmt/fltfmt.c: In function '__efgfmt':
/mnt/build_wrt/build_dir/hostpkg/go-1.24.13/.go_bootstrap/src/lib9/fmt/fltfmt.c:437:19: warning: this statement may fall through [-Wimplicit-fallthrough=]
  437 |                 if(ndigits > prec) {
      |                   ^
/mnt/build_wrt/build_dir/hostpkg/go-1.24.13/.go_bootstrap/src/lib9/fmt/fltfmt.c:451:9: note: here
  451 |         default:
      |         ^~~~~~~
In file included from /mnt/build_wrt/build_dir/hostpkg/go-1.24.13/.go_bootstrap/src/lib9/fmt/fmtfdflush.c:19:
/mnt/build_wrt/build_dir/hostpkg/go-1.24.13/.go_bootstrap/include/u.h:86:42: warning: expression does not compute the number of elements in this array; element type is 'struct __jmp_buf_tag', not 'long int' [-Wsizeof-array-div]
   86 | typedef long p9jmp_buf[sizeof(sigjmp_buf)/sizeof(long)];
      |                                          ^
/mnt/build_wrt/build_dir/hostpkg/go-1.24.13/.go_bootstrap/include/u.h:86:42: note: add parentheses around the second 'sizeof' to silence this warning
In file included from /mnt/build_wrt/build_dir/hostpkg/go-1.24.13/.go_bootstrap/src/lib9/fmt/fmtlocale.c:19:
/mnt/build_wrt/build_dir/hostpkg/go-1.24.13/.go_bootstrap/include/u.h:86:42: warning: expression does not compute the number of elements in this array; element type is 'struct __jmp_buf_tag', not 'long int' [-Wsizeof-array-div]
   86 | typedef long p9jmp_buf[sizeof(sigjmp_buf)/sizeof(long)];
      |                                          ^
/mnt/build_wrt/build_dir/hostpkg/go-1.24.13/.go_bootstrap/include/u.h:86:42: note: add parentheses around the second 'sizeof' to silence this warning
In file included from /mnt/build_wrt/build_dir/hostpkg/go-1.24.13/.go_bootstrap/src/lib9/fmt/fmtlock.c:19:
/mnt/build_wrt/build_dir/hostpkg/go-1.24.13/.go_bootstrap/include/u.h:86:42: warning: expression does not compute the number of elements in this array; element type is 'struct __jmp_buf_tag', not 'long int' [-Wsizeof-array-div]
   86 | typedef long p9jmp_buf[sizeof(sigjmp_buf)/sizeof(long)];
      |                                          ^
/mnt/build_wrt/build_dir/hostpkg/go-1.24.13/.go_bootstrap/include/u.h:86:42: note: add parentheses around the second 'sizeof' to silence this warning
In file included from /mnt/build_wrt/build_dir/hostpkg/go-1.24.13/.go_bootstrap/src/lib9/fmt/fmtnull.c:19:
/mnt/build_wrt/build_dir/hostpkg/go-1.24.13/.go_bootstrap/include/u.h:86:42: warning: expression does not compute the number of elements in this array; element type is 'struct __jmp_buf_tag', not 'long int' [-Wsizeof-array-div]
   86 | typedef long p9jmp_buf[sizeof(sigjmp_buf)/sizeof(long)];
      |                                          ^
/mnt/build_wrt/build_dir/hostpkg/go-1.24.13/.go_bootstrap/include/u.h:86:42: note: add parentheses around the second 'sizeof' to silence this warning
In file included from /mnt/build_wrt/build_dir/hostpkg/go-1.24.13/.go_bootstrap/src/lib9/fmt/fmtprint.c:19:
/mnt/build_wrt/build_dir/hostpkg/go-1.24.13/.go_bootstrap/include/u.h:86:42: warning: expression does not compute the number of elements in this array; element type is 'struct __jmp_buf_tag', not 'long int' [-Wsizeof-array-div]
   86 | typedef long p9jmp_buf[sizeof(sigjmp_buf)/sizeof(long)];
      |                                          ^
/mnt/build_wrt/build_dir/hostpkg/go-1.24.13/.go_bootstrap/include/u.h:86:42: note: add parentheses around the second 'sizeof' to silence this warning
In file included from /mnt/build_wrt/build_dir/hostpkg/go-1.24.13/.go_bootstrap/src/lib9/fmt/fmtquote.c:19:
/mnt/build_wrt/build_dir/hostpkg/go-1.24.13/.go_bootstrap/include/u.h:86:42: warning: expression does not compute the number of elements in this array; element type is 'struct __jmp_buf_tag', not 'long int' [-Wsizeof-array-div]
   86 | typedef long p9jmp_buf[sizeof(sigjmp_buf)/sizeof(long)];
      |                                          ^
/mnt/build_wrt/build_dir/hostpkg/go-1.24.13/.go_bootstrap/include/u.h:86:42: note: add parentheses around the second 'sizeof' to silence this warning
In file included from /mnt/build_wrt/build_dir/hostpkg/go-1.24.13/.go_bootstrap/src/lib9/fmt/fmtrune.c:19:
/mnt/build_wrt/build_dir/hostpkg/go-1.24.13/.go_bootstrap/include/u.h:86:42: warning: expression does not compute the number of elements in this array; element type is 'struct __jmp_buf_tag', not 'long int' [-Wsizeof-array-div]
   86 | typedef long p9jmp_buf[sizeof(sigjmp_buf)/sizeof(long)];
      |                                          ^
/mnt/build_wrt/build_dir/hostpkg/go-1.24.13/.go_bootstrap/include/u.h:86:42: note: add parentheses around the second 'sizeof' to silence this warning
In file included from /mnt/build_wrt/build_dir/hostpkg/go-1.24.13/.go_bootstrap/src/lib9/fmt/fmtstr.c:19:
/mnt/build_wrt/build_dir/hostpkg/go-1.24.13/.go_bootstrap/include/u.h:86:42: warning: expression does not compute the number of elements in this array; element type is 'struct __jmp_buf_tag', not 'long int' [-Wsizeof-array-div]
   86 | typedef long p9jmp_buf[sizeof(sigjmp_buf)/sizeof(long)];
      |                                          ^
/mnt/build_wrt/build_dir/hostpkg/go-1.24.13/.go_bootstrap/include/u.h:86:42: note: add parentheses around the second 'sizeof' to silence this warning
In file included from /mnt/build_wrt/build_dir/hostpkg/go-1.24.13/.go_bootstrap/src/lib9/fmt/fprint.c:19:
/mnt/build_wrt/build_dir/hostpkg/go-1.24.13/.go_bootstrap/include/u.h:86:42: warning: expression does not compute the number of elements in this array; element type is 'struct __jmp_buf_tag', not 'long int' [-Wsizeof-array-div]
   86 | typedef long p9jmp_buf[sizeof(sigjmp_buf)/sizeof(long)];
      |                                          ^
/mnt/build_wrt/build_dir/hostpkg/go-1.24.13/.go_bootstrap/include/u.h:86:42: note: add parentheses around the second 'sizeof' to silence this warning
In file included from /mnt/build_wrt/build_dir/hostpkg/go-1.24.13/.go_bootstrap/src/lib9/fmt/fmtvprint.c:19:
/mnt/build_wrt/build_dir/hostpkg/go-1.24.13/.go_bootstrap/include/u.h:86:42: warning: expression does not compute the number of elements in this array; element type is 'struct __jmp_buf_tag', not 'long int' [-Wsizeof-array-div]
   86 | typedef long p9jmp_buf[sizeof(sigjmp_buf)/sizeof(long)];
      |                                          ^
/mnt/build_wrt/build_dir/hostpkg/go-1.24.13/.go_bootstrap/include/u.h:86:42: note: add parentheses around the second 'sizeof' to silence this warning
In file included from /mnt/build_wrt/build_dir/hostpkg/go-1.24.13/.go_bootstrap/src/lib9/fmt/nan64.c:26:
/mnt/build_wrt/build_dir/hostpkg/go-1.24.13/.go_bootstrap/include/u.h:86:42: warning: expression does not compute the number of elements in this array; element type is 'struct __jmp_buf_tag', not 'long int' [-Wsizeof-array-div]
   86 | typedef long p9jmp_buf[sizeof(sigjmp_buf)/sizeof(long)];
      |                                          ^
/mnt/build_wrt/build_dir/hostpkg/go-1.24.13/.go_bootstrap/include/u.h:86:42: note: add parentheses around the second 'sizeof' to silence this warning
In file included from /mnt/build_wrt/build_dir/hostpkg/go-1.24.13/.go_bootstrap/src/lib9/fmt/pow10.c:19:
/mnt/build_wrt/build_dir/hostpkg/go-1.24.13/.go_bootstrap/include/u.h:86:42: warning: expression does not compute the number of elements in this array; element type is 'struct __jmp_buf_tag', not 'long int' [-Wsizeof-array-div]
   86 | typedef long p9jmp_buf[sizeof(sigjmp_buf)/sizeof(long)];
      |                                          ^
/mnt/build_wrt/build_dir/hostpkg/go-1.24.13/.go_bootstrap/include/u.h:86:42: note: add parentheses around the second 'sizeof' to silence this warning
In file included from /mnt/build_wrt/build_dir/hostpkg/go-1.24.13/.go_bootstrap/src/lib9/fmt/print.c:19:
/mnt/build_wrt/build_dir/hostpkg/go-1.24.13/.go_bootstrap/include/u.h:86:42: warning: expression does not compute the number of elements in this array; element type is 'struct __jmp_buf_tag', not 'long int' [-Wsizeof-array-div]
   86 | typedef long p9jmp_buf[sizeof(sigjmp_buf)/sizeof(long)];
      |                                          ^
/mnt/build_wrt/build_dir/hostpkg/go-1.24.13/.go_bootstrap/include/u.h:86:42: note: add parentheses around the second 'sizeof' to silence this warning
In file included from /mnt/build_wrt/build_dir/hostpkg/go-1.24.13/.go_bootstrap/src/lib9/fmt/seprint.c:19:
/mnt/build_wrt/build_dir/hostpkg/go-1.24.13/.go_bootstrap/include/u.h:86:42: warning: expression does not compute the number of elements in this array; element type is 'struct __jmp_buf_tag', not 'long int' [-Wsizeof-array-div]
   86 | typedef long p9jmp_buf[sizeof(sigjmp_buf)/sizeof(long)];
      |                                          ^
/mnt/build_wrt/build_dir/hostpkg/go-1.24.13/.go_bootstrap/include/u.h:86:42: note: add parentheses around the second 'sizeof' to silence this warning
In file included from /mnt/build_wrt/build_dir/hostpkg/go-1.24.13/.go_bootstrap/src/lib9/fmt/smprint.c:19:
/mnt/build_wrt/build_dir/hostpkg/go-1.24.13/.go_bootstrap/include/u.h:86:42: warning: expression does not compute the number of elements in this array; element type is 'struct __jmp_buf_tag', not 'long int' [-Wsizeof-array-div]
   86 | typedef long p9jmp_buf[sizeof(sigjmp_buf)/sizeof(long)];
      |                                          ^
/mnt/build_wrt/build_dir/hostpkg/go-1.24.13/.go_bootstrap/include/u.h:86:42: note: add parentheses around the second 'sizeof' to silence this warning
In file included from /mnt/build_wrt/build_dir/hostpkg/go-1.24.13/.go_bootstrap/src/lib9/fmt/snprint.c:19:
/mnt/build_wrt/build_dir/hostpkg/go-1.24.13/.go_bootstrap/include/u.h:86:42: warning: expression does not compute the number of elements in this array; element type is 'struct __jmp_buf_tag', not 'long int' [-Wsizeof-array-div]
   86 | typedef long p9jmp_buf[sizeof(sigjmp_buf)/sizeof(long)];
      |                                          ^
/mnt/build_wrt/build_dir/hostpkg/go-1.24.13/.go_bootstrap/include/u.h:86:42: note: add parentheses around the second 'sizeof' to silence this warning
In file included from /mnt/build_wrt/build_dir/hostpkg/go-1.24.13/.go_bootstrap/src/lib9/fmt/sprint.c:19:
/mnt/build_wrt/build_dir/hostpkg/go-1.24.13/.go_bootstrap/include/u.h:86:42: warning: expression does not compute the number of elements in this array; element type is 'struct __jmp_buf_tag', not 'long int' [-Wsizeof-array-div]
   86 | typedef long p9jmp_buf[sizeof(sigjmp_buf)/sizeof(long)];
      |                                          ^
/mnt/build_wrt/build_dir/hostpkg/go-1.24.13/.go_bootstrap/include/u.h:86:42: note: add parentheses around the second 'sizeof' to silence this warning
In file included from /mnt/build_wrt/build_dir/hostpkg/go-1.24.13/.go_bootstrap/src/lib9/fmt/strtod.c:19:
/mnt/build_wrt/build_dir/hostpkg/go-1.24.13/.go_bootstrap/include/u.h:86:42: warning: expression does not compute the number of elements in this array; element type is 'struct __jmp_buf_tag', not 'long int' [-Wsizeof-array-div]
   86 | typedef long p9jmp_buf[sizeof(sigjmp_buf)/sizeof(long)];
      |                                          ^
/mnt/build_wrt/build_dir/hostpkg/go-1.24.13/.go_bootstrap/include/u.h:86:42: note: add parentheses around the second 'sizeof' to silence this warning
/mnt/build_wrt/build_dir/hostpkg/go-1.24.13/.go_bootstrap/src/lib9/fmt/strtod.c: In function 'fmtstrtod':
/mnt/build_wrt/build_dir/hostpkg/go-1.24.13/.go_bootstrap/src/lib9/fmt/strtod.c:141:27: warning: this statement may fall through [-Wimplicit-fallthrough=]
  141 |                         if(state == S0)
      |                           ^
/mnt/build_wrt/build_dir/hostpkg/go-1.24.13/.go_bootstrap/src/lib9/fmt/strtod.c:145:17: note: here
  145 |                 case '+':
      |                 ^~~~
/mnt/build_wrt/build_dir/hostpkg/go-1.24.13/.go_bootstrap/src/lib9/fmt/strtod.c:182:19: warning: this statement may fall through [-Wimplicit-fallthrough=]
  182 |                 if(xcmp(s, "nan") == 0) {
      |                   ^
/mnt/build_wrt/build_dir/hostpkg/go-1.24.13/.go_bootstrap/src/lib9/fmt/strtod.c:187:9: note: here
  187 |         case S1:
      |         ^~~~
/mnt/build_wrt/build_dir/hostpkg/go-1.24.13/.go_bootstrap/src/lib9/fmt/strtod.c:193:19: warning: this statement may fall through [-Wimplicit-fallthrough=]
  193 |                 if(xcmp(s, "inf") == 0) {
      |                   ^
/mnt/build_wrt/build_dir/hostpkg/go-1.24.13/.go_bootstrap/src/lib9/fmt/strtod.c:198:9: note: here
  198 |         case S3:
      |         ^~~~
/mnt/build_wrt/build_dir/hostpkg/go-1.24.13/.go_bootstrap/src/lib9/fmt/strtod.c:203:18: warning: this statement may fall through [-Wimplicit-fallthrough=]
  203 |                 s--;            /* back over +- */
      |                 ~^~
/mnt/build_wrt/build_dir/hostpkg/go-1.24.13/.go_bootstrap/src/lib9/fmt/strtod.c:204:9: note: here
  204 |         case S5:
      |         ^~~~
In file included from /mnt/build_wrt/build_dir/hostpkg/go-1.24.13/.go_bootstrap/src/lib9/fmt/vfprint.c:19:
/mnt/build_wrt/build_dir/hostpkg/go-1.24.13/.go_bootstrap/include/u.h:86:42: warning: expression does not compute the number of elements in this array; element type is 'struct __jmp_buf_tag', not 'long int' [-Wsizeof-array-div]
   86 | typedef long p9jmp_buf[sizeof(sigjmp_buf)/sizeof(long)];
      |                                          ^
/mnt/build_wrt/build_dir/hostpkg/go-1.24.13/.go_bootstrap/include/u.h:86:42: note: add parentheses around the second 'sizeof' to silence this warning
In file included from /mnt/build_wrt/build_dir/hostpkg/go-1.24.13/.go_bootstrap/src/lib9/fmt/vseprint.c:19:
/mnt/build_wrt/build_dir/hostpkg/go-1.24.13/.go_bootstrap/include/u.h:86:42: warning: expression does not compute the number of elements in this array; element type is 'struct __jmp_buf_tag', not 'long int' [-Wsizeof-array-div]
   86 | typedef long p9jmp_buf[sizeof(sigjmp_buf)/sizeof(long)];
      |                                          ^
/mnt/build_wrt/build_dir/hostpkg/go-1.24.13/.go_bootstrap/include/u.h:86:42: note: add parentheses around the second 'sizeof' to silence this warning
In file included from /mnt/build_wrt/build_dir/hostpkg/go-1.24.13/.go_bootstrap/src/lib9/fmt/vsmprint.c:19:
/mnt/build_wrt/build_dir/hostpkg/go-1.24.13/.go_bootstrap/include/u.h:86:42: warning: expression does not compute the number of elements in this array; element type is 'struct __jmp_buf_tag', not 'long int' [-Wsizeof-array-div]
   86 | typedef long p9jmp_buf[sizeof(sigjmp_buf)/sizeof(long)];
      |                                          ^
/mnt/build_wrt/build_dir/hostpkg/go-1.24.13/.go_bootstrap/include/u.h:86:42: note: add parentheses around the second 'sizeof' to silence this warning
/mnt/build_wrt/build_dir/hostpkg/go-1.24.13/.go_bootstrap/src/lib9/fmt/vsmprint.c: In function 'fmtStrFlush':
/mnt/build_wrt/build_dir/hostpkg/go-1.24.13/.go_bootstrap/src/lib9/fmt/vsmprint.c:39:17: warning: pointer 's' may be used after 'realloc' [-Wuse-after-free]
   39 |                 free(s);
      |                 ^~~~~~~
/mnt/build_wrt/build_dir/hostpkg/go-1.24.13/.go_bootstrap/src/lib9/fmt/vsmprint.c:34:20: note: call to 'realloc' here
   34 |         f->start = realloc(s, (size_t)n);
      |                    ^~~~~~~~~~~~~~~~~~~~~
/mnt/build_wrt/build_dir/hostpkg/go-1.24.13/.go_bootstrap/src/lib9/fmt/vsmprint.c:43:49: warning: pointer 's' may be used after 'realloc' [-Wuse-after-free]
   43 |         f->to = (char*)f->start + ((char*)f->to - s);
      |                                   ~~~~~~~~~~~~~~^~~~
/mnt/build_wrt/build_dir/hostpkg/go-1.24.13/.go_bootstrap/src/lib9/fmt/vsmprint.c:34:20: note: call to 'realloc' here
   34 |         f->start = realloc(s, (size_t)n);
      |                    ^~~~~~~~~~~~~~~~~~~~~
In file included from /mnt/build_wrt/build_dir/hostpkg/go-1.24.13/.go_bootstrap/src/lib9/fmt/vsnprint.c:19:
/mnt/build_wrt/build_dir/hostpkg/go-1.24.13/.go_bootstrap/include/u.h:86:42: warning: expression does not compute the number of elements in this array; element type is 'struct __jmp_buf_tag', not 'long int' [-Wsizeof-array-div]
   86 | typedef long p9jmp_buf[sizeof(sigjmp_buf)/sizeof(long)];
      |                                          ^
/mnt/build_wrt/build_dir/hostpkg/go-1.24.13/.go_bootstrap/include/u.h:86:42: note: add parentheses around the second 'sizeof' to silence this warning
In file included from /mnt/build_wrt/build_dir/hostpkg/go-1.24.13/.go_bootstrap/src/lib9/fmtlock2.c:29:
/mnt/build_wrt/build_dir/hostpkg/go-1.24.13/.go_bootstrap/include/u.h:86:42: warning: expression does not compute the number of elements in this array; element type is 'struct __jmp_buf_tag', not 'long int' [-Wsizeof-array-div]
   86 | typedef long p9jmp_buf[sizeof(sigjmp_buf)/sizeof(long)];
      |                                          ^
/mnt/build_wrt/build_dir/hostpkg/go-1.24.13/.go_bootstrap/include/u.h:86:42: note: add parentheses around the second 'sizeof' to silence this warning
In file included from /mnt/build_wrt/build_dir/hostpkg/go-1.24.13/.go_bootstrap/src/lib9/getenv.c:27:
/mnt/build_wrt/build_dir/hostpkg/go-1.24.13/.go_bootstrap/include/u.h:86:42: warning: expression does not compute the number of elements in this array; element type is 'struct __jmp_buf_tag', not 'long int' [-Wsizeof-array-div]
   86 | typedef long p9jmp_buf[sizeof(sigjmp_buf)/sizeof(long)];
      |                                          ^
/mnt/build_wrt/build_dir/hostpkg/go-1.24.13/.go_bootstrap/include/u.h:86:42: note: add parentheses around the second 'sizeof' to silence this warning
In file included from /mnt/build_wrt/build_dir/hostpkg/go-1.24.13/.go_bootstrap/src/lib9/getfields.c:27:
/mnt/build_wrt/build_dir/hostpkg/go-1.24.13/.go_bootstrap/include/u.h:86:42: warning: expression does not compute the number of elements in this array; element type is 'struct __jmp_buf_tag', not 'long int' [-Wsizeof-array-div]
   86 | typedef long p9jmp_buf[sizeof(sigjmp_buf)/sizeof(long)];
      |                                          ^
/mnt/build_wrt/build_dir/hostpkg/go-1.24.13/.go_bootstrap/include/u.h:86:42: note: add parentheses around the second 'sizeof' to silence this warning
In file included from /mnt/build_wrt/build_dir/hostpkg/go-1.24.13/.go_bootstrap/src/lib9/getwd.c:28:
/mnt/build_wrt/build_dir/hostpkg/go-1.24.13/.go_bootstrap/include/u.h:86:42: warning: expression does not compute the number of elements in this array; element type is 'struct __jmp_buf_tag', not 'long int' [-Wsizeof-array-div]
   86 | typedef long p9jmp_buf[sizeof(sigjmp_buf)/sizeof(long)];
      |                                          ^
/mnt/build_wrt/build_dir/hostpkg/go-1.24.13/.go_bootstrap/include/u.h:86:42: note: add parentheses around the second 'sizeof' to silence this warning
In file included from /mnt/build_wrt/build_dir/hostpkg/go-1.24.13/.go_bootstrap/src/lib9/goos.c:5:
/mnt/build_wrt/build_dir/hostpkg/go-1.24.13/.go_bootstrap/include/u.h:86:42: warning: expression does not compute the number of elements in this array; element type is 'struct __jmp_buf_tag', not 'long int' [-Wsizeof-array-div]
   86 | typedef long p9jmp_buf[sizeof(sigjmp_buf)/sizeof(long)];
      |                                          ^
/mnt/build_wrt/build_dir/hostpkg/go-1.24.13/.go_bootstrap/include/u.h:86:42: note: add parentheses around the second 'sizeof' to silence this warning
In file included from /mnt/build_wrt/build_dir/hostpkg/go-1.24.13/.go_bootstrap/src/lib9/jmp.c:29:
/mnt/build_wrt/build_dir/hostpkg/go-1.24.13/.go_bootstrap/include/u.h:86:42: warning: expression does not compute the number of elements in this array; element type is 'struct __jmp_buf_tag', not 'long int' [-Wsizeof-array-div]
   86 | typedef long p9jmp_buf[sizeof(sigjmp_buf)/sizeof(long)];
      |                                          ^
/mnt/build_wrt/build_dir/hostpkg/go-1.24.13/.go_bootstrap/include/u.h:86:42: note: add parentheses around the second 'sizeof' to silence this warning
In file included from /mnt/build_wrt/build_dir/hostpkg/go-1.24.13/.go_bootstrap/src/lib9/main.c:28:
/mnt/build_wrt/build_dir/hostpkg/go-1.24.13/.go_bootstrap/include/u.h:86:42: warning: expression does not compute the number of elements in this array; element type is 'struct __jmp_buf_tag', not 'long int' [-Wsizeof-array-div]
   86 | typedef long p9jmp_buf[sizeof(sigjmp_buf)/sizeof(long)];
      |                                          ^
/mnt/build_wrt/build_dir/hostpkg/go-1.24.13/.go_bootstrap/include/u.h:86:42: note: add parentheses around the second 'sizeof' to silence this warning
In file included from /mnt/build_wrt/build_dir/hostpkg/go-1.24.13/.go_bootstrap/src/lib9/nan.c:28:
/mnt/build_wrt/build_dir/hostpkg/go-1.24.13/.go_bootstrap/include/u.h:86:42: warning: expression does not compute the number of elements in this array; element type is 'struct __jmp_buf_tag', not 'long int' [-Wsizeof-array-div]
   86 | typedef long p9jmp_buf[sizeof(sigjmp_buf)/sizeof(long)];
      |                                          ^
/mnt/build_wrt/build_dir/hostpkg/go-1.24.13/.go_bootstrap/include/u.h:86:42: note: add parentheses around the second 'sizeof' to silence this warning
In file included from /mnt/build_wrt/build_dir/hostpkg/go-1.24.13/.go_bootstrap/src/lib9/notify.c:50:
/mnt/build_wrt/build_dir/hostpkg/go-1.24.13/.go_bootstrap/include/u.h:86:42: warning: expression does not compute the number of elements in this array; element type is 'struct __jmp_buf_tag', not 'long int' [-Wsizeof-array-div]
   86 | typedef long p9jmp_buf[sizeof(sigjmp_buf)/sizeof(long)];
      |                                          ^
/mnt/build_wrt/build_dir/hostpkg/go-1.24.13/.go_bootstrap/include/u.h:86:42: note: add parentheses around the second 'sizeof' to silence this warning
In file included from /mnt/build_wrt/build_dir/hostpkg/go-1.24.13/.go_bootstrap/src/lib9/nulldir.c:29:
/mnt/build_wrt/build_dir/hostpkg/go-1.24.13/.go_bootstrap/include/u.h:86:42: warning: expression does not compute the number of elements in this array; element type is 'struct __jmp_buf_tag', not 'long int' [-Wsizeof-array-div]
   86 | typedef long p9jmp_buf[sizeof(sigjmp_buf)/sizeof(long)];
      |                                          ^
/mnt/build_wrt/build_dir/hostpkg/go-1.24.13/.go_bootstrap/include/u.h:86:42: note: add parentheses around the second 'sizeof' to silence this warning
In file included from /mnt/build_wrt/build_dir/hostpkg/go-1.24.13/.go_bootstrap/src/lib9/readn.c:29:
/mnt/build_wrt/build_dir/hostpkg/go-1.24.13/.go_bootstrap/include/u.h:86:42: warning: expression does not compute the number of elements in this array; element type is 'struct __jmp_buf_tag', not 'long int' [-Wsizeof-array-div]
   86 | typedef long p9jmp_buf[sizeof(sigjmp_buf)/sizeof(long)];
      |                                          ^
/mnt/build_wrt/build_dir/hostpkg/go-1.24.13/.go_bootstrap/include/u.h:86:42: note: add parentheses around the second 'sizeof' to silence this warning
In file included from /mnt/build_wrt/build_dir/hostpkg/go-1.24.13/.go_bootstrap/src/lib9/open.c:29:
/mnt/build_wrt/build_dir/hostpkg/go-1.24.13/.go_bootstrap/include/u.h:86:42: warning: expression does not compute the number of elements in this array; element type is 'struct __jmp_buf_tag', not 'long int' [-Wsizeof-array-div]
   86 | typedef long p9jmp_buf[sizeof(sigjmp_buf)/sizeof(long)];
      |                                          ^
/mnt/build_wrt/build_dir/hostpkg/go-1.24.13/.go_bootstrap/include/u.h:86:42: note: add parentheses around the second 'sizeof' to silence this warning
In file included from /mnt/build_wrt/build_dir/hostpkg/go-1.24.13/.go_bootstrap/src/lib9/rfork.c:29:
/mnt/build_wrt/build_dir/hostpkg/go-1.24.13/.go_bootstrap/include/u.h:86:42: warning: expression does not compute the number of elements in this array; element type is 'struct __jmp_buf_tag', not 'long int' [-Wsizeof-array-div]
   86 | typedef long p9jmp_buf[sizeof(sigjmp_buf)/sizeof(long)];
      |                                          ^
/mnt/build_wrt/build_dir/hostpkg/go-1.24.13/.go_bootstrap/include/u.h:86:42: note: add parentheses around the second 'sizeof' to silence this warning
In file included from /mnt/build_wrt/build_dir/hostpkg/go-1.24.13/.go_bootstrap/src/lib9/run_unix.c:7:
/mnt/build_wrt/build_dir/hostpkg/go-1.24.13/.go_bootstrap/include/u.h:86:42: warning: expression does not compute the number of elements in this array; element type is 'struct __jmp_buf_tag', not 'long int' [-Wsizeof-array-div]
   86 | typedef long p9jmp_buf[sizeof(sigjmp_buf)/sizeof(long)];
      |                                          ^
/mnt/build_wrt/build_dir/hostpkg/go-1.24.13/.go_bootstrap/include/u.h:86:42: note: add parentheses around the second 'sizeof' to silence this warning
In file included from /mnt/build_wrt/build_dir/hostpkg/go-1.24.13/.go_bootstrap/src/lib9/strecpy.c:29:
/mnt/build_wrt/build_dir/hostpkg/go-1.24.13/.go_bootstrap/include/u.h:86:42: warning: expression does not compute the number of elements in this array; element type is 'struct __jmp_buf_tag', not 'long int' [-Wsizeof-array-div]
   86 | typedef long p9jmp_buf[sizeof(sigjmp_buf)/sizeof(long)];
      |                                          ^
/mnt/build_wrt/build_dir/hostpkg/go-1.24.13/.go_bootstrap/include/u.h:86:42: note: add parentheses around the second 'sizeof' to silence this warning
In file included from /mnt/build_wrt/build_dir/hostpkg/go-1.24.13/.go_bootstrap/src/lib9/seek.c:28:
/mnt/build_wrt/build_dir/hostpkg/go-1.24.13/.go_bootstrap/include/u.h:86:42: warning: expression does not compute the number of elements in this array; element type is 'struct __jmp_buf_tag', not 'long int' [-Wsizeof-array-div]
   86 | typedef long p9jmp_buf[sizeof(sigjmp_buf)/sizeof(long)];
      |                                          ^
/mnt/build_wrt/build_dir/hostpkg/go-1.24.13/.go_bootstrap/include/u.h:86:42: note: add parentheses around the second 'sizeof' to silence this warning
In file included from /mnt/build_wrt/build_dir/hostpkg/go-1.24.13/.go_bootstrap/src/lib9/sysfatal.c:28:
/mnt/build_wrt/build_dir/hostpkg/go-1.24.13/.go_bootstrap/include/u.h:86:42: warning: expression does not compute the number of elements in this array; element type is 'struct __jmp_buf_tag', not 'long int' [-Wsizeof-array-div]
   86 | typedef long p9jmp_buf[sizeof(sigjmp_buf)/sizeof(long)];
      |                                          ^
/mnt/build_wrt/build_dir/hostpkg/go-1.24.13/.go_bootstrap/include/u.h:86:42: note: add parentheses around the second 'sizeof' to silence this warning
In file included from /mnt/build_wrt/build_dir/hostpkg/go-1.24.13/.go_bootstrap/src/lib9/tempdir_unix.c:7:
/mnt/build_wrt/build_dir/hostpkg/go-1.24.13/.go_bootstrap/include/u.h:86:42: warning: expression does not compute the number of elements in this array; element type is 'struct __jmp_buf_tag', not 'long int' [-Wsizeof-array-div]
   86 | typedef long p9jmp_buf[sizeof(sigjmp_buf)/sizeof(long)];
      |                                          ^
/mnt/build_wrt/build_dir/hostpkg/go-1.24.13/.go_bootstrap/include/u.h:86:42: note: add parentheses around the second 'sizeof' to silence this warning
In file included from /mnt/build_wrt/build_dir/hostpkg/go-1.24.13/.go_bootstrap/src/lib9/tokenize.c:29:
/mnt/build_wrt/build_dir/hostpkg/go-1.24.13/.go_bootstrap/include/u.h:86:42: warning: expression does not compute the number of elements in this array; element type is 'struct __jmp_buf_tag', not 'long int' [-Wsizeof-array-div]
   86 | typedef long p9jmp_buf[sizeof(sigjmp_buf)/sizeof(long)];
      |                                          ^
/mnt/build_wrt/build_dir/hostpkg/go-1.24.13/.go_bootstrap/include/u.h:86:42: note: add parentheses around the second 'sizeof' to silence this warning
In file included from /mnt/build_wrt/build_dir/hostpkg/go-1.24.13/.go_bootstrap/src/lib9/time.c:27:
/mnt/build_wrt/build_dir/hostpkg/go-1.24.13/.go_bootstrap/include/u.h:86:42: warning: expression does not compute the number of elements in this array; element type is 'struct __jmp_buf_tag', not 'long int' [-Wsizeof-array-div]
   86 | typedef long p9jmp_buf[sizeof(sigjmp_buf)/sizeof(long)];
      |                                          ^
/mnt/build_wrt/build_dir/hostpkg/go-1.24.13/.go_bootstrap/include/u.h:86:42: note: add parentheses around the second 'sizeof' to silence this warning
In file included from /mnt/build_wrt/build_dir/hostpkg/go-1.24.13/.go_bootstrap/src/lib9/utf/utfecpy.c:14:
/mnt/build_wrt/build_dir/hostpkg/go-1.24.13/.go_bootstrap/include/u.h:86:42: warning: expression does not compute the number of elements in this array; element type is 'struct __jmp_buf_tag', not 'long int' [-Wsizeof-array-div]
   86 | typedef long p9jmp_buf[sizeof(sigjmp_buf)/sizeof(long)];
      |                                          ^
/mnt/build_wrt/build_dir/hostpkg/go-1.24.13/.go_bootstrap/include/u.h:86:42: note: add parentheses around the second 'sizeof' to silence this warning
In file included from /mnt/build_wrt/build_dir/hostpkg/go-1.24.13/.go_bootstrap/src/lib9/utf/utfrune.c:14:
/mnt/build_wrt/build_dir/hostpkg/go-1.24.13/.go_bootstrap/include/u.h:86:42: warning: expression does not compute the number of elements in this array; element type is 'struct __jmp_buf_tag', not 'long int' [-Wsizeof-array-div]
   86 | typedef long p9jmp_buf[sizeof(sigjmp_buf)/sizeof(long)];
      |                                          ^
/mnt/build_wrt/build_dir/hostpkg/go-1.24.13/.go_bootstrap/include/u.h:86:42: note: add parentheses around the second 'sizeof' to silence this warning
In file included from /mnt/build_wrt/build_dir/hostpkg/go-1.24.13/.go_bootstrap/src/lib9/utf/utfrrune.c:14:
/mnt/build_wrt/build_dir/hostpkg/go-1.24.13/.go_bootstrap/include/u.h:86:42: warning: expression does not compute the number of elements in this array; element type is 'struct __jmp_buf_tag', not 'long int' [-Wsizeof-array-div]
   86 | typedef long p9jmp_buf[sizeof(sigjmp_buf)/sizeof(long)];
      |                                          ^
/mnt/build_wrt/build_dir/hostpkg/go-1.24.13/.go_bootstrap/include/u.h:86:42: note: add parentheses around the second 'sizeof' to silence this warning
In file included from /mnt/build_wrt/build_dir/hostpkg/go-1.24.13/.go_bootstrap/src/lib9/utf/utfutf.c:14:
/mnt/build_wrt/build_dir/hostpkg/go-1.24.13/.go_bootstrap/include/u.h:86:42: warning: expression does not compute the number of elements in this array; element type is 'struct __jmp_buf_tag', not 'long int' [-Wsizeof-array-div]
   86 | typedef long p9jmp_buf[sizeof(sigjmp_buf)/sizeof(long)];
      |                                          ^
/mnt/build_wrt/build_dir/hostpkg/go-1.24.13/.go_bootstrap/include/u.h:86:42: note: add parentheses around the second 'sizeof' to silence this warning
libbio
In file included from /mnt/build_wrt/build_dir/hostpkg/go-1.24.13/.go_bootstrap/src/libbio/bflush.c:26:
/mnt/build_wrt/build_dir/hostpkg/go-1.24.13/.go_bootstrap/include/u.h:86:42: warning: expression does not compute the number of elements in this array; element type is 'struct __jmp_buf_tag', not 'long int' [-Wsizeof-array-div]
   86 | typedef long p9jmp_buf[sizeof(sigjmp_buf)/sizeof(long)];
      |                                          ^
In file included from /mnt/build_wrt/build_dir/hostpkg/go-1.24.13/.go_bootstrap/src/libbio/bbuffered.c:26:
/mnt/build_wrt/build_dir/hostpkg/go-1.24.13/.go_bootstrap/include/u.h:86:42: warning: expression does not compute the number of elements in this array; element type is 'struct __jmp_buf_tag', not 'long int' [-Wsizeof-array-div]
   86 | typedef long p9jmp_buf[sizeof(sigjmp_buf)/sizeof(long)];
      |                                          ^
/mnt/build_wrt/build_dir/hostpkg/go-1.24.13/.go_bootstrap/include/u.h:86:42: note: add parentheses around the second 'sizeof' to silence this warning
/mnt/build_wrt/build_dir/hostpkg/go-1.24.13/.go_bootstrap/include/u.h:86:42: note: add parentheses around the second 'sizeof' to silence this warning
In file included from /mnt/build_wrt/build_dir/hostpkg/go-1.24.13/.go_bootstrap/src/libbio/bgetc.c:26:
/mnt/build_wrt/build_dir/hostpkg/go-1.24.13/.go_bootstrap/include/u.h:86:42: warning: expression does not compute the number of elements in this array; element type is 'struct __jmp_buf_tag', not 'long int' [-Wsizeof-array-div]
   86 | typedef long p9jmp_buf[sizeof(sigjmp_buf)/sizeof(long)];
      |                                          ^
In file included from /mnt/build_wrt/build_dir/hostpkg/go-1.24.13/.go_bootstrap/src/libbio/bfildes.c:26:
/mnt/build_wrt/build_dir/hostpkg/go-1.24.13/.go_bootstrap/include/u.h:86:42: warning: expression does not compute the number of elements in this array; element type is 'struct __jmp_buf_tag', not 'long int' [-Wsizeof-array-div]
   86 | typedef long p9jmp_buf[sizeof(sigjmp_buf)/sizeof(long)];
      |                                          ^
/mnt/build_wrt/build_dir/hostpkg/go-1.24.13/.go_bootstrap/include/u.h:86:42: note: add parentheses around the second 'sizeof' to silence this warning
/mnt/build_wrt/build_dir/hostpkg/go-1.24.13/.go_bootstrap/include/u.h:86:42: note: add parentheses around the second 'sizeof' to silence this warning
/mnt/build_wrt/build_dir/hostpkg/go-1.24.13/.go_bootstrap/src/libbio/bflush.c: In function 'Bflush':
/mnt/build_wrt/build_dir/hostpkg/go-1.24.13/.go_bootstrap/src/libbio/bflush.c:51:27: warning: this statement may fall through [-Wimplicit-fallthrough=]
   51 |                 bp->state = Bractive;
      |                 ~~~~~~~~~~^~~~~~~~~~
/mnt/build_wrt/build_dir/hostpkg/go-1.24.13/.go_bootstrap/src/libbio/bflush.c:53:9: note: here
   53 |         case Bractive:
      |         ^~~~
In file included from /mnt/build_wrt/build_dir/hostpkg/go-1.24.13/.go_bootstrap/src/libbio/binit.c:26:
/mnt/build_wrt/build_dir/hostpkg/go-1.24.13/.go_bootstrap/include/u.h:86:42: warning: expression does not compute the number of elements in this array; element type is 'struct __jmp_buf_tag', not 'long int' [-Wsizeof-array-div]
   86 | typedef long p9jmp_buf[sizeof(sigjmp_buf)/sizeof(long)];
      |                                          ^
In file included from /mnt/build_wrt/build_dir/hostpkg/go-1.24.13/.go_bootstrap/src/libbio/bgetrune.c:26:
/mnt/build_wrt/build_dir/hostpkg/go-1.24.13/.go_bootstrap/include/u.h:86:42: warning: expression does not compute the number of elements in this array; element type is 'struct __jmp_buf_tag', not 'long int' [-Wsizeof-array-div]
   86 | typedef long p9jmp_buf[sizeof(sigjmp_buf)/sizeof(long)];
      |                                          ^
/mnt/build_wrt/build_dir/hostpkg/go-1.24.13/.go_bootstrap/include/u.h:86:42: note: add parentheses around the second 'sizeof' to silence this warning
/mnt/build_wrt/build_dir/hostpkg/go-1.24.13/.go_bootstrap/include/u.h:86:42: note: add parentheses around the second 'sizeof' to silence this warning
In file included from /mnt/build_wrt/build_dir/hostpkg/go-1.24.13/.go_bootstrap/src/libbio/bgetd.c:26:
/mnt/build_wrt/build_dir/hostpkg/go-1.24.13/.go_bootstrap/include/u.h:86:42: warning: expression does not compute the number of elements in this array; element type is 'struct __jmp_buf_tag', not 'long int' [-Wsizeof-array-div]
   86 | typedef long p9jmp_buf[sizeof(sigjmp_buf)/sizeof(long)];
      |                                          ^
/mnt/build_wrt/build_dir/hostpkg/go-1.24.13/.go_bootstrap/include/u.h:86:42: note: add parentheses around the second 'sizeof' to silence this warning
In file included from /mnt/build_wrt/build_dir/hostpkg/go-1.24.13/.go_bootstrap/src/libbio/boffset.c:26:
/mnt/build_wrt/build_dir/hostpkg/go-1.24.13/.go_bootstrap/include/u.h:86:42: warning: expression does not compute the number of elements in this array; element type is 'struct __jmp_buf_tag', not 'long int' [-Wsizeof-array-div]
   86 | typedef long p9jmp_buf[sizeof(sigjmp_buf)/sizeof(long)];
      |                                          ^
/mnt/build_wrt/build_dir/hostpkg/go-1.24.13/.go_bootstrap/include/u.h:86:42: note: add parentheses around the second 'sizeof' to silence this warning
In file included from /mnt/build_wrt/build_dir/hostpkg/go-1.24.13/.go_bootstrap/src/libbio/bprint.c:27:
/mnt/build_wrt/build_dir/hostpkg/go-1.24.13/.go_bootstrap/include/u.h:86:42: warning: expression does not compute the number of elements in this array; element type is 'struct __jmp_buf_tag', not 'long int' [-Wsizeof-array-div]
   86 | typedef long p9jmp_buf[sizeof(sigjmp_buf)/sizeof(long)];
      |                                          ^
/mnt/build_wrt/build_dir/hostpkg/go-1.24.13/.go_bootstrap/include/u.h:86:42: note: add parentheses around the second 'sizeof' to silence this warning
In file included from /mnt/build_wrt/build_dir/hostpkg/go-1.24.13/.go_bootstrap/src/libbio/bputc.c:26:
/mnt/build_wrt/build_dir/hostpkg/go-1.24.13/.go_bootstrap/include/u.h:86:42: warning: expression does not compute the number of elements in this array; element type is 'struct __jmp_buf_tag', not 'long int' [-Wsizeof-array-div]
   86 | typedef long p9jmp_buf[sizeof(sigjmp_buf)/sizeof(long)];
      |                                          ^
/mnt/build_wrt/build_dir/hostpkg/go-1.24.13/.go_bootstrap/include/u.h:86:42: note: add parentheses around the second 'sizeof' to silence this warning
In file included from /mnt/build_wrt/build_dir/hostpkg/go-1.24.13/.go_bootstrap/src/libbio/bputrune.c:26:
/mnt/build_wrt/build_dir/hostpkg/go-1.24.13/.go_bootstrap/include/u.h:86:42: warning: expression does not compute the number of elements in this array; element type is 'struct __jmp_buf_tag', not 'long int' [-Wsizeof-array-div]
   86 | typedef long p9jmp_buf[sizeof(sigjmp_buf)/sizeof(long)];
      |                                          ^
/mnt/build_wrt/build_dir/hostpkg/go-1.24.13/.go_bootstrap/include/u.h:86:42: note: add parentheses around the second 'sizeof' to silence this warning
In file included from /mnt/build_wrt/build_dir/hostpkg/go-1.24.13/.go_bootstrap/src/libbio/brdline.c:26:
/mnt/build_wrt/build_dir/hostpkg/go-1.24.13/.go_bootstrap/include/u.h:86:42: warning: expression does not compute the number of elements in this array; element type is 'struct __jmp_buf_tag', not 'long int' [-Wsizeof-array-div]
   86 | typedef long p9jmp_buf[sizeof(sigjmp_buf)/sizeof(long)];
      |                                          ^
/mnt/build_wrt/build_dir/hostpkg/go-1.24.13/.go_bootstrap/include/u.h:86:42: note: add parentheses around the second 'sizeof' to silence this warning
In file included from /mnt/build_wrt/build_dir/hostpkg/go-1.24.13/.go_bootstrap/src/libbio/brdstr.c:23:
/mnt/build_wrt/build_dir/hostpkg/go-1.24.13/.go_bootstrap/include/u.h:86:42: warning: expression does not compute the number of elements in this array; element type is 'struct __jmp_buf_tag', not 'long int' [-Wsizeof-array-div]
   86 | typedef long p9jmp_buf[sizeof(sigjmp_buf)/sizeof(long)];
      |                                          ^
/mnt/build_wrt/build_dir/hostpkg/go-1.24.13/.go_bootstrap/include/u.h:86:42: note: add parentheses around the second 'sizeof' to silence this warning
In file included from /mnt/build_wrt/build_dir/hostpkg/go-1.24.13/.go_bootstrap/src/libbio/bread.c:26:
/mnt/build_wrt/build_dir/hostpkg/go-1.24.13/.go_bootstrap/include/u.h:86:42: warning: expression does not compute the number of elements in this array; element type is 'struct __jmp_buf_tag', not 'long int' [-Wsizeof-array-div]
   86 | typedef long p9jmp_buf[sizeof(sigjmp_buf)/sizeof(long)];
      |                                          ^
/mnt/build_wrt/build_dir/hostpkg/go-1.24.13/.go_bootstrap/include/u.h:86:42: note: add parentheses around the second 'sizeof' to silence this warning
In file included from /mnt/build_wrt/build_dir/hostpkg/go-1.24.13/.go_bootstrap/src/libbio/bseek.c:26:
/mnt/build_wrt/build_dir/hostpkg/go-1.24.13/.go_bootstrap/include/u.h:86:42: warning: expression does not compute the number of elements in this array; element type is 'struct __jmp_buf_tag', not 'long int' [-Wsizeof-array-div]
   86 | typedef long p9jmp_buf[sizeof(sigjmp_buf)/sizeof(long)];
      |                                          ^
/mnt/build_wrt/build_dir/hostpkg/go-1.24.13/.go_bootstrap/include/u.h:86:42: note: add parentheses around the second 'sizeof' to silence this warning
/mnt/build_wrt/build_dir/hostpkg/go-1.24.13/.go_bootstrap/src/libbio/bseek.c: In function 'Bseek':
/mnt/build_wrt/build_dir/hostpkg/go-1.24.13/.go_bootstrap/src/libbio/bseek.c:51:26: warning: this statement may fall through [-Wimplicit-fallthrough=]
   51 |                 bp->gbuf = bp->ebuf;
      |                 ~~~~~~~~~^~~~~~~~~~
/mnt/build_wrt/build_dir/hostpkg/go-1.24.13/.go_bootstrap/src/libbio/bseek.c:53:9: note: here
   53 |         case Bractive:
      |         ^~~~
In file included from /mnt/build_wrt/build_dir/hostpkg/go-1.24.13/.go_bootstrap/src/libbio/bwrite.c:26:
/mnt/build_wrt/build_dir/hostpkg/go-1.24.13/.go_bootstrap/include/u.h:86:42: warning: expression does not compute the number of elements in this array; element type is 'struct __jmp_buf_tag', not 'long int' [-Wsizeof-array-div]
   86 | typedef long p9jmp_buf[sizeof(sigjmp_buf)/sizeof(long)];
      |                                          ^
/mnt/build_wrt/build_dir/hostpkg/go-1.24.13/.go_bootstrap/include/u.h:86:42: note: add parentheses around the second 'sizeof' to silence this warning
liblink
In file included from /mnt/build_wrt/build_dir/hostpkg/go-1.24.13/.go_bootstrap/src/liblink/anames6.c:1:
/mnt/build_wrt/build_dir/hostpkg/go-1.24.13/.go_bootstrap/include/u.h:86:42: warning: expression does not compute the number of elements in this array; element type is 'struct __jmp_buf_tag', not 'long int' [-Wsizeof-array-div]
   86 | typedef long p9jmp_buf[sizeof(sigjmp_buf)/sizeof(long)];
      |                                          ^
In file included from /mnt/build_wrt/build_dir/hostpkg/go-1.24.13/.go_bootstrap/src/liblink/asm5.c:33:
/mnt/build_wrt/build_dir/hostpkg/go-1.24.13/.go_bootstrap/include/u.h:86:42: warning: expression does not compute the number of elements in this array; element type is 'struct __jmp_buf_tag', not 'long int' [-Wsizeof-array-div]
   86 | typedef long p9jmp_buf[sizeof(sigjmp_buf)/sizeof(long)];
      |                                          ^
In file included from /mnt/build_wrt/build_dir/hostpkg/go-1.24.13/.go_bootstrap/src/liblink/anames5.c:1:
/mnt/build_wrt/build_dir/hostpkg/go-1.24.13/.go_bootstrap/include/u.h:86:42: warning: expression does not compute the number of elements in this array; element type is 'struct __jmp_buf_tag', not 'long int' [-Wsizeof-array-div]
   86 | typedef long p9jmp_buf[sizeof(sigjmp_buf)/sizeof(long)];
      |                                          ^
In file included from /mnt/build_wrt/build_dir/hostpkg/go-1.24.13/.go_bootstrap/src/liblink/anames8.c:1:
/mnt/build_wrt/build_dir/hostpkg/go-1.24.13/.go_bootstrap/include/u.h:86:42: warning: expression does not compute the number of elements in this array; element type is 'struct __jmp_buf_tag', not 'long int' [-Wsizeof-array-div]
   86 | typedef long p9jmp_buf[sizeof(sigjmp_buf)/sizeof(long)];
      |                                          ^
/mnt/build_wrt/build_dir/hostpkg/go-1.24.13/.go_bootstrap/include/u.h:86:42: note: add parentheses around the second 'sizeof' to silence this warning
/mnt/build_wrt/build_dir/hostpkg/go-1.24.13/.go_bootstrap/include/u.h:86:42: note: add parentheses around the second 'sizeof' to silence this warning
/mnt/build_wrt/build_dir/hostpkg/go-1.24.13/.go_bootstrap/include/u.h:86:42: note: add parentheses around the second 'sizeof' to silence this warning
/mnt/build_wrt/build_dir/hostpkg/go-1.24.13/.go_bootstrap/include/u.h:86:42: note: add parentheses around the second 'sizeof' to silence this warning
/mnt/build_wrt/build_dir/hostpkg/go-1.24.13/.go_bootstrap/src/liblink/asm5.c: In function 'buildop':
/mnt/build_wrt/build_dir/hostpkg/go-1.24.13/.go_bootstrap/src/liblink/asm5.c:1352:25: warning: this statement may fall through [-Wimplicit-fallthrough=]
 1352 |                         sysfatal("bad code");
      |                         ^~~~~~~~~~~~~~~~~~~~
/mnt/build_wrt/build_dir/hostpkg/go-1.24.13/.go_bootstrap/src/liblink/asm5.c:1353:17: note: here
 1353 |                 case AADD:
      |                 ^~~~
/mnt/build_wrt/build_dir/hostpkg/go-1.24.13/.go_bootstrap/src/liblink/asm5.c: In function 'ofsr':
In file included from /mnt/build_wrt/build_dir/hostpkg/go-1.24.13/.go_bootstrap/src/liblink/asm8.c:33:
/mnt/build_wrt/build_dir/hostpkg/go-1.24.13/.go_bootstrap/include/u.h:86:42: warning: expression does not compute the number of elements in this array; element type is 'struct __jmp_buf_tag', not 'long int' [-Wsizeof-array-div]
   86 | typedef long p9jmp_buf[sizeof(sigjmp_buf)/sizeof(long)];
      |                                          ^
/mnt/build_wrt/build_dir/hostpkg/go-1.24.13/.go_bootstrap/include/u.h:86:42: note: add parentheses around the second 'sizeof' to silence this warning
In file included from /mnt/build_wrt/build_dir/hostpkg/go-1.24.13/.go_bootstrap/src/liblink/data.c:32:
/mnt/build_wrt/build_dir/hostpkg/go-1.24.13/.go_bootstrap/include/u.h:86:42: warning: expression does not compute the number of elements in this array; element type is 'struct __jmp_buf_tag', not 'long int' [-Wsizeof-array-div]
   86 | typedef long p9jmp_buf[sizeof(sigjmp_buf)/sizeof(long)];
      |                                          ^
/mnt/build_wrt/build_dir/hostpkg/go-1.24.13/.go_bootstrap/include/u.h:86:42: note: add parentheses around the second 'sizeof' to silence this warning
/mnt/build_wrt/build_dir/hostpkg/go-1.24.13/.go_bootstrap/src/liblink/asm5.c:2617:17: warning: this statement may fall through [-Wimplicit-fallthrough=]
 2617 |                 ctxt->diag("bad fst %A", a);
      |                 ^~~~~~~~~~~~~~~~~~~~~~~~~~~
In file included from /mnt/build_wrt/build_dir/hostpkg/go-1.24.13/.go_bootstrap/src/liblink/asm6.c:33:
/mnt/build_wrt/build_dir/hostpkg/go-1.24.13/.go_bootstrap/include/u.h:86:42: warning: expression does not compute the number of elements in this array; element type is 'struct __jmp_buf_tag', not 'long int' [-Wsizeof-array-div]
   86 | typedef long p9jmp_buf[sizeof(sigjmp_buf)/sizeof(long)];
      |                                          ^
/mnt/build_wrt/build_dir/hostpkg/go-1.24.13/.go_bootstrap/include/u.h:86:42: note: add parentheses around the second 'sizeof' to silence this warning
/mnt/build_wrt/build_dir/hostpkg/go-1.24.13/.go_bootstrap/src/liblink/asm5.c:2618:9: note: here
 2618 |         case AMOVD:
      |         ^~~~
/mnt/build_wrt/build_dir/hostpkg/go-1.24.13/.go_bootstrap/src/liblink/asm8.c: In function 'doasm':
/mnt/build_wrt/build_dir/hostpkg/go-1.24.13/.go_bootstrap/src/liblink/asm8.c:2694:25: warning: this statement may fall through [-Wimplicit-fallthrough=]
 2694 |                         sysfatal("unknown TLS base location for %s", headstr(ctxt->headtype));
      |                         ^~~~~~~~~~~~~~~~~~~~~~~~~~~~~~~~~~~~~~~~~~~~~~~~~~~~~~~~~~~~~~~~~~~~~
/mnt/build_wrt/build_dir/hostpkg/go-1.24.13/.go_bootstrap/src/liblink/asm8.c:2696:17: note: here
 2696 |                 case Hlinux:
      |                 ^~~~
/mnt/build_wrt/build_dir/hostpkg/go-1.24.13/.go_bootstrap/src/liblink/asm8.c: In function 'prefixof':
/mnt/build_wrt/build_dir/hostpkg/go-1.24.13/.go_bootstrap/src/liblink/asm8.c:1466:25: warning: this statement may fall through [-Wimplicit-fallthrough=]
 1466 |                         sysfatal("unknown TLS base register for %s", headstr(ctxt->headtype));
      |                         ^~~~~~~~~~~~~~~~~~~~~~~~~~~~~~~~~~~~~~~~~~~~~~~~~~~~~~~~~~~~~~~~~~~~~
/mnt/build_wrt/build_dir/hostpkg/go-1.24.13/.go_bootstrap/src/liblink/asm8.c:1467:17: note: here
 1467 |                 case Hdarwin:
      |                 ^~~~
/mnt/build_wrt/build_dir/hostpkg/go-1.24.13/.go_bootstrap/src/liblink/asm8.c: In function 'mediaop':
/mnt/build_wrt/build_dir/hostpkg/go-1.24.13/.go_bootstrap/src/liblink/asm8.c:2131:19: warning: this statement may fall through [-Wimplicit-fallthrough=]
 2131 |                 if(osize != 1){
      |                   ^
/mnt/build_wrt/build_dir/hostpkg/go-1.24.13/.go_bootstrap/src/liblink/asm8.c:2138:9: note: here
 2138 |         default:
      |         ^~~~~~~
/mnt/build_wrt/build_dir/hostpkg/go-1.24.13/.go_bootstrap/src/liblink/asm6.c: In function 'doasm':
/mnt/build_wrt/build_dir/hostpkg/go-1.24.13/.go_bootstrap/src/liblink/asm6.c:3378:25: warning: this statement may fall through [-Wimplicit-fallthrough=]
 3378 |                         sysfatal("unknown TLS base location for %s", headstr(ctxt->headtype));
      |                         ^~~~~~~~~~~~~~~~~~~~~~~~~~~~~~~~~~~~~~~~~~~~~~~~~~~~~~~~~~~~~~~~~~~~~
/mnt/build_wrt/build_dir/hostpkg/go-1.24.13/.go_bootstrap/src/liblink/asm6.c:3380:17: note: here
 3380 |                 case Hplan9:
      |                 ^~~~
/mnt/build_wrt/build_dir/hostpkg/go-1.24.13/.go_bootstrap/src/liblink/asm6.c: In function 'prefixof':
/mnt/build_wrt/build_dir/hostpkg/go-1.24.13/.go_bootstrap/src/liblink/asm6.c:1909:25: warning: this statement may fall through [-Wimplicit-fallthrough=]
 1909 |                         sysfatal("unknown TLS base register for %s", headstr(ctxt->headtype));
      |                         ^~~~~~~~~~~~~~~~~~~~~~~~~~~~~~~~~~~~~~~~~~~~~~~~~~~~~~~~~~~~~~~~~~~~~
/mnt/build_wrt/build_dir/hostpkg/go-1.24.13/.go_bootstrap/src/liblink/asm6.c:1910:17: note: here
 1910 |                 case Hdragonfly:
      |                 ^~~~
/mnt/build_wrt/build_dir/hostpkg/go-1.24.13/.go_bootstrap/src/liblink/asm6.c: In function 'oclass':
/mnt/build_wrt/build_dir/hostpkg/go-1.24.13/.go_bootstrap/src/liblink/asm6.c:1983:19: warning: this statement may fall through [-Wimplicit-fallthrough=]
 1983 |                 if(ctxt->asmode != 64)
      |                   ^
/mnt/build_wrt/build_dir/hostpkg/go-1.24.13/.go_bootstrap/src/liblink/asm6.c:1985:9: note: here
 1985 |         case D_DL:
      |         ^~~~
/mnt/build_wrt/build_dir/hostpkg/go-1.24.13/.go_bootstrap/src/liblink/asm6.c:2011:19: warning: this statement may fall through [-Wimplicit-fallthrough=]
 2011 |                 if(ctxt->asmode != 64)
      |                   ^
/mnt/build_wrt/build_dir/hostpkg/go-1.24.13/.go_bootstrap/src/liblink/asm6.c:2013:9: note: here
 2013 |         case D_SP:
      |         ^~~~
/mnt/build_wrt/build_dir/hostpkg/go-1.24.13/.go_bootstrap/src/liblink/asm6.c: In function 'mediaop':
/mnt/build_wrt/build_dir/hostpkg/go-1.24.13/.go_bootstrap/src/liblink/asm6.c:2695:19: warning: this statement may fall through [-Wimplicit-fallthrough=]
 2695 |                 if(osize != 1){
      |                   ^
/mnt/build_wrt/build_dir/hostpkg/go-1.24.13/.go_bootstrap/src/liblink/asm6.c:2702:9: note: here
 2702 |         default:
      |         ^~~~~~~
/mnt/build_wrt/build_dir/hostpkg/go-1.24.13/.go_bootstrap/src/liblink/asm6.c: In function 'asmidx':
/mnt/build_wrt/build_dir/hostpkg/go-1.24.13/.go_bootstrap/src/liblink/asm6.c:2156:19: warning: this statement may fall through [-Wimplicit-fallthrough=]
 2156 |                 if(ctxt->asmode != 64)
      |                   ^
/mnt/build_wrt/build_dir/hostpkg/go-1.24.13/.go_bootstrap/src/liblink/asm6.c:2158:9: note: here
 2158 |         case D_AX:
      |         ^~~~
/mnt/build_wrt/build_dir/hostpkg/go-1.24.13/.go_bootstrap/src/liblink/asm6.c:2198:19: warning: this statement may fall through [-Wimplicit-fallthrough=]
 2198 |                 if(ctxt->asmode != 64)
      |                   ^
/mnt/build_wrt/build_dir/hostpkg/go-1.24.13/.go_bootstrap/src/liblink/asm6.c:2200:9: note: here
 2200 |         case D_AX:
      |         ^~~~
In file included from /mnt/build_wrt/build_dir/hostpkg/go-1.24.13/.go_bootstrap/src/liblink/go.c:7:
/mnt/build_wrt/build_dir/hostpkg/go-1.24.13/.go_bootstrap/include/u.h:86:42: warning: expression does not compute the number of elements in this array; element type is 'struct __jmp_buf_tag', not 'long int' [-Wsizeof-array-div]
   86 | typedef long p9jmp_buf[sizeof(sigjmp_buf)/sizeof(long)];
      |                                          ^
/mnt/build_wrt/build_dir/hostpkg/go-1.24.13/.go_bootstrap/include/u.h:86:42: note: add parentheses around the second 'sizeof' to silence this warning
In file included from /mnt/build_wrt/build_dir/hostpkg/go-1.24.13/.go_bootstrap/src/liblink/ld.c:32:
/mnt/build_wrt/build_dir/hostpkg/go-1.24.13/.go_bootstrap/include/u.h:86:42: warning: expression does not compute the number of elements in this array; element type is 'struct __jmp_buf_tag', not 'long int' [-Wsizeof-array-div]
   86 | typedef long p9jmp_buf[sizeof(sigjmp_buf)/sizeof(long)];
      |                                          ^
/mnt/build_wrt/build_dir/hostpkg/go-1.24.13/.go_bootstrap/include/u.h:86:42: note: add parentheses around the second 'sizeof' to silence this warning
In file included from /mnt/build_wrt/build_dir/hostpkg/go-1.24.13/.go_bootstrap/src/liblink/list5.c:31:
/mnt/build_wrt/build_dir/hostpkg/go-1.24.13/.go_bootstrap/include/u.h:86:42: warning: expression does not compute the number of elements in this array; element type is 'struct __jmp_buf_tag', not 'long int' [-Wsizeof-array-div]
   86 | typedef long p9jmp_buf[sizeof(sigjmp_buf)/sizeof(long)];
      |                                          ^
/mnt/build_wrt/build_dir/hostpkg/go-1.24.13/.go_bootstrap/include/u.h:86:42: note: add parentheses around the second 'sizeof' to silence this warning
In file included from /mnt/build_wrt/build_dir/hostpkg/go-1.24.13/.go_bootstrap/src/liblink/list6.c:31:
/mnt/build_wrt/build_dir/hostpkg/go-1.24.13/.go_bootstrap/include/u.h:86:42: warning: expression does not compute the number of elements in this array; element type is 'struct __jmp_buf_tag', not 'long int' [-Wsizeof-array-div]
   86 | typedef long p9jmp_buf[sizeof(sigjmp_buf)/sizeof(long)];
      |                                          ^
/mnt/build_wrt/build_dir/hostpkg/go-1.24.13/.go_bootstrap/include/u.h:86:42: note: add parentheses around the second 'sizeof' to silence this warning
In file included from /mnt/build_wrt/build_dir/hostpkg/go-1.24.13/.go_bootstrap/src/liblink/list8.c:31:
/mnt/build_wrt/build_dir/hostpkg/go-1.24.13/.go_bootstrap/include/u.h:86:42: warning: expression does not compute the number of elements in this array; element type is 'struct __jmp_buf_tag', not 'long int' [-Wsizeof-array-div]
   86 | typedef long p9jmp_buf[sizeof(sigjmp_buf)/sizeof(long)];
      |                                          ^
/mnt/build_wrt/build_dir/hostpkg/go-1.24.13/.go_bootstrap/include/u.h:86:42: note: add parentheses around the second 'sizeof' to silence this warning
In file included from /mnt/build_wrt/build_dir/hostpkg/go-1.24.13/.go_bootstrap/src/liblink/obj.c:5:
/mnt/build_wrt/build_dir/hostpkg/go-1.24.13/.go_bootstrap/include/u.h:86:42: warning: expression does not compute the number of elements in this array; element type is 'struct __jmp_buf_tag', not 'long int' [-Wsizeof-array-div]
   86 | typedef long p9jmp_buf[sizeof(sigjmp_buf)/sizeof(long)];
      |                                          ^
/mnt/build_wrt/build_dir/hostpkg/go-1.24.13/.go_bootstrap/include/u.h:86:42: note: add parentheses around the second 'sizeof' to silence this warning
In file included from /mnt/build_wrt/build_dir/hostpkg/go-1.24.13/.go_bootstrap/src/liblink/obj5.c:31:
/mnt/build_wrt/build_dir/hostpkg/go-1.24.13/.go_bootstrap/include/u.h:86:42: warning: expression does not compute the number of elements in this array; element type is 'struct __jmp_buf_tag', not 'long int' [-Wsizeof-array-div]
   86 | typedef long p9jmp_buf[sizeof(sigjmp_buf)/sizeof(long)];
      |                                          ^
/mnt/build_wrt/build_dir/hostpkg/go-1.24.13/.go_bootstrap/include/u.h:86:42: note: add parentheses around the second 'sizeof' to silence this warning
/mnt/build_wrt/build_dir/hostpkg/go-1.24.13/.go_bootstrap/src/liblink/obj5.c: In function 'addstacksplit':
/mnt/build_wrt/build_dir/hostpkg/go-1.24.13/.go_bootstrap/src/liblink/obj5.c:383:44: warning: this statement may fall through [-Wimplicit-fallthrough=]
  383 |                         cursym->text->mark &= ~LEAF;
      |                         ~~~~~~~~~~~~~~~~~~~^~~~~~~~
/mnt/build_wrt/build_dir/hostpkg/go-1.24.13/.go_bootstrap/src/liblink/obj5.c:385:17: note: here
  385 |                 case ABCASE:
      |                 ^~~~
In file included from /mnt/build_wrt/build_dir/hostpkg/go-1.24.13/.go_bootstrap/src/liblink/obj6.c:31:
/mnt/build_wrt/build_dir/hostpkg/go-1.24.13/.go_bootstrap/include/u.h:86:42: warning: expression does not compute the number of elements in this array; element type is 'struct __jmp_buf_tag', not 'long int' [-Wsizeof-array-div]
   86 | typedef long p9jmp_buf[sizeof(sigjmp_buf)/sizeof(long)];
      |                                          ^
/mnt/build_wrt/build_dir/hostpkg/go-1.24.13/.go_bootstrap/include/u.h:86:42: note: add parentheses around the second 'sizeof' to silence this warning
In file included from /mnt/build_wrt/build_dir/hostpkg/go-1.24.13/.go_bootstrap/src/liblink/obj8.c:31:
/mnt/build_wrt/build_dir/hostpkg/go-1.24.13/.go_bootstrap/include/u.h:86:42: warning: expression does not compute the number of elements in this array; element type is 'struct __jmp_buf_tag', not 'long int' [-Wsizeof-array-div]
   86 | typedef long p9jmp_buf[sizeof(sigjmp_buf)/sizeof(long)];
      |                                          ^
/mnt/build_wrt/build_dir/hostpkg/go-1.24.13/.go_bootstrap/include/u.h:86:42: note: add parentheses around the second 'sizeof' to silence this warning
In file included from /mnt/build_wrt/build_dir/hostpkg/go-1.24.13/.go_bootstrap/src/liblink/objfile.c:101:
/mnt/build_wrt/build_dir/hostpkg/go-1.24.13/.go_bootstrap/include/u.h:86:42: warning: expression does not compute the number of elements in this array; element type is 'struct __jmp_buf_tag', not 'long int' [-Wsizeof-array-div]
   86 | typedef long p9jmp_buf[sizeof(sigjmp_buf)/sizeof(long)];
      |                                          ^
/mnt/build_wrt/build_dir/hostpkg/go-1.24.13/.go_bootstrap/include/u.h:86:42: note: add parentheses around the second 'sizeof' to silence this warning
In file included from /mnt/build_wrt/build_dir/hostpkg/go-1.24.13/.go_bootstrap/src/liblink/pass.c:33:
/mnt/build_wrt/build_dir/hostpkg/go-1.24.13/.go_bootstrap/include/u.h:86:42: warning: expression does not compute the number of elements in this array; element type is 'struct __jmp_buf_tag', not 'long int' [-Wsizeof-array-div]
   86 | typedef long p9jmp_buf[sizeof(sigjmp_buf)/sizeof(long)];
      |                                          ^
/mnt/build_wrt/build_dir/hostpkg/go-1.24.13/.go_bootstrap/include/u.h:86:42: note: add parentheses around the second 'sizeof' to silence this warning
In file included from /mnt/build_wrt/build_dir/hostpkg/go-1.24.13/.go_bootstrap/src/liblink/pcln.c:5:
/mnt/build_wrt/build_dir/hostpkg/go-1.24.13/.go_bootstrap/include/u.h:86:42: warning: expression does not compute the number of elements in this array; element type is 'struct __jmp_buf_tag', not 'long int' [-Wsizeof-array-div]
   86 | typedef long p9jmp_buf[sizeof(sigjmp_buf)/sizeof(long)];
      |                                          ^
/mnt/build_wrt/build_dir/hostpkg/go-1.24.13/.go_bootstrap/include/u.h:86:42: note: add parentheses around the second 'sizeof' to silence this warning
In file included from /mnt/build_wrt/build_dir/hostpkg/go-1.24.13/.go_bootstrap/src/liblink/sym.c:32:
/mnt/build_wrt/build_dir/hostpkg/go-1.24.13/.go_bootstrap/include/u.h:86:42: warning: expression does not compute the number of elements in this array; element type is 'struct __jmp_buf_tag', not 'long int' [-Wsizeof-array-div]
   86 | typedef long p9jmp_buf[sizeof(sigjmp_buf)/sizeof(long)];
      |                                          ^
/mnt/build_wrt/build_dir/hostpkg/go-1.24.13/.go_bootstrap/include/u.h:86:42: note: add parentheses around the second 'sizeof' to silence this warning
/mnt/build_wrt/build_dir/hostpkg/go-1.24.13/.go_bootstrap/src/liblink/sym.c: In function 'linknew':
/mnt/build_wrt/build_dir/hostpkg/go-1.24.13/.go_bootstrap/src/liblink/sym.c:150:25: warning: this statement may fall through [-Wimplicit-fallthrough=]
  150 |                         sysfatal("unknown thread-local storage offset for nacl/%s", ctxt->arch->name);
      |                         ^~~~~~~~~~~~~~~~~~~~~~~~~~~~~~~~~~~~~~~~~~~~~~~~~~~~~~~~~~~~~~~~~~~~~~~~~~~~~
/mnt/build_wrt/build_dir/hostpkg/go-1.24.13/.go_bootstrap/src/liblink/sym.c:151:17: note: here
  151 |                 case '6':
      |                 ^~~~
/mnt/build_wrt/build_dir/hostpkg/go-1.24.13/.go_bootstrap/src/liblink/sym.c:170:25: warning: this statement may fall through [-Wimplicit-fallthrough=]
  170 |                         sysfatal("unknown thread-local storage offset for darwin/%s", ctxt->arch->name);
      |                         ^~~~~~~~~~~~~~~~~~~~~~~~~~~~~~~~~~~~~~~~~~~~~~~~~~~~~~~~~~~~~~~~~~~~~~~~~~~~~~~
/mnt/build_wrt/build_dir/hostpkg/go-1.24.13/.go_bootstrap/src/liblink/sym.c:171:17: note: here
  171 |                 case '6':
      |                 ^~~~
cmd/cc
In file included from /mnt/build_wrt/build_dir/hostpkg/go-1.24.13/.go_bootstrap/src/cmd/cc/acid.c:31:
/mnt/build_wrt/build_dir/hostpkg/go-1.24.13/.go_bootstrap/include/u.h:86:42: warning: expression does not compute the number of elements in this array; element type is 'struct __jmp_buf_tag', not 'long int' [-Wsizeof-array-div]
   86 | typedef long p9jmp_buf[sizeof(sigjmp_buf)/sizeof(long)];
      |                                          ^
In file included from /mnt/build_wrt/build_dir/hostpkg/go-1.24.13/.go_bootstrap/src/cmd/cc/com.c:31:
/mnt/build_wrt/build_dir/hostpkg/go-1.24.13/.go_bootstrap/include/u.h:86:42: warning: expression does not compute the number of elements in this array; element type is 'struct __jmp_buf_tag', not 'long int' [-Wsizeof-array-div]
   86 | typedef long p9jmp_buf[sizeof(sigjmp_buf)/sizeof(long)];
      |                                          ^
In file included from /mnt/build_wrt/build_dir/hostpkg/go-1.24.13/.go_bootstrap/src/cmd/cc/bits.c:31:
/mnt/build_wrt/build_dir/hostpkg/go-1.24.13/.go_bootstrap/include/u.h:86:42: warning: expression does not compute the number of elements in this array; element type is 'struct __jmp_buf_tag', not 'long int' [-Wsizeof-array-div]
   86 | typedef long p9jmp_buf[sizeof(sigjmp_buf)/sizeof(long)];
      |                                          ^
In file included from /mnt/build_wrt/build_dir/hostpkg/go-1.24.13/.go_bootstrap/src/cmd/cc/com64.c:31:
/mnt/build_wrt/build_dir/hostpkg/go-1.24.13/.go_bootstrap/include/u.h:86:42: warning: expression does not compute the number of elements in this array; element type is 'struct __jmp_buf_tag', not 'long int' [-Wsizeof-array-div]
   86 | typedef long p9jmp_buf[sizeof(sigjmp_buf)/sizeof(long)];
      |                                          ^
/mnt/build_wrt/build_dir/hostpkg/go-1.24.13/.go_bootstrap/include/u.h:86:42: note: add parentheses around the second 'sizeof' to silence this warning
/mnt/build_wrt/build_dir/hostpkg/go-1.24.13/.go_bootstrap/include/u.h:86:42: note: add parentheses around the second 'sizeof' to silence this warning
/mnt/build_wrt/build_dir/hostpkg/go-1.24.13/.go_bootstrap/include/u.h:86:42: note: add parentheses around the second 'sizeof' to silence this warning
/mnt/build_wrt/build_dir/hostpkg/go-1.24.13/.go_bootstrap/include/u.h:86:42: note: add parentheses around the second 'sizeof' to silence this warning
/mnt/build_wrt/build_dir/hostpkg/go-1.24.13/.go_bootstrap/src/cmd/cc/acid.c: In function 'acidmember':
/mnt/build_wrt/build_dir/hostpkg/go-1.24.13/.go_bootstrap/src/cmd/cc/acid.c:150:19: warning: this statement may fall through [-Wimplicit-fallthrough=]
  150 |                 if(flag) {
      |                   ^
/mnt/build_wrt/build_dir/hostpkg/go-1.24.13/.go_bootstrap/src/cmd/cc/acid.c:177:9: note: here
  177 |         case TINT:
      |         ^~~~
/mnt/build_wrt/build_dir/hostpkg/go-1.24.13/.go_bootstrap/src/cmd/cc/com64.c: In function 'com64':
/mnt/build_wrt/build_dir/hostpkg/go-1.24.13/.go_bootstrap/src/cmd/cc/com64.c:257:27: warning: this statement may fall through [-Wimplicit-fallthrough=]
  257 |                         if(rv) {
      |                           ^
/mnt/build_wrt/build_dir/hostpkg/go-1.24.13/.go_bootstrap/src/cmd/cc/com64.c:265:17: note: here
  265 |                 case OCOND:
      |                 ^~~~
/mnt/build_wrt/build_dir/hostpkg/go-1.24.13/.go_bootstrap/src/cmd/cc/com64.c:300:25: warning: this statement may fall through [-Wimplicit-fallthrough=]
  300 |                         diag(n, "unknown vlong %O", n->op);
      |                         ^~~~~~~~~~~~~~~~~~~~~~~~~~~~~~~~~~
/mnt/build_wrt/build_dir/hostpkg/go-1.24.13/.go_bootstrap/src/cmd/cc/com64.c:301:17: note: here
  301 |                 case OFUNC:
      |                 ^~~~
/mnt/build_wrt/build_dir/hostpkg/go-1.24.13/.go_bootstrap/src/cmd/cc/com64.c:302:36: warning: this statement may fall through [-Wimplicit-fallthrough=]
  302 |                         n->complex = FNX;
      |                                    ^
/mnt/build_wrt/build_dir/hostpkg/go-1.24.13/.go_bootstrap/src/cmd/cc/com64.c:303:17: note: here
  303 |                 case ORETURN:
      |                 ^~~~
In file included from /mnt/build_wrt/build_dir/hostpkg/go-1.24.13/.go_bootstrap/src/cmd/cc/dcl.c:31:
/mnt/build_wrt/build_dir/hostpkg/go-1.24.13/.go_bootstrap/include/u.h:86:42: warning: expression does not compute the number of elements in this array; element type is 'struct __jmp_buf_tag', not 'long int' [-Wsizeof-array-div]
   86 | typedef long p9jmp_buf[sizeof(sigjmp_buf)/sizeof(long)];
      |                                          ^
/mnt/build_wrt/build_dir/hostpkg/go-1.24.13/.go_bootstrap/include/u.h:86:42: note: add parentheses around the second 'sizeof' to silence this warning
/mnt/build_wrt/build_dir/hostpkg/go-1.24.13/.go_bootstrap/src/cmd/cc/dcl.c: In function 'isstruct':
/mnt/build_wrt/build_dir/hostpkg/go-1.24.13/.go_bootstrap/src/cmd/cc/dcl.c:295:19: warning: this statement may fall through [-Wimplicit-fallthrough=]
  295 |                 if(n && n->type && sametype(n->type, t))
      |                   ^
/mnt/build_wrt/build_dir/hostpkg/go-1.24.13/.go_bootstrap/src/cmd/cc/dcl.c:297:9: note: here
  297 |         case OSTRING:
      |         ^~~~
In file included from /mnt/build_wrt/build_dir/hostpkg/go-1.24.13/.go_bootstrap/src/cmd/cc/dpchk.c:31:
/mnt/build_wrt/build_dir/hostpkg/go-1.24.13/.go_bootstrap/include/u.h:86:42: warning: expression does not compute the number of elements in this array; element type is 'struct __jmp_buf_tag', not 'long int' [-Wsizeof-array-div]
   86 | typedef long p9jmp_buf[sizeof(sigjmp_buf)/sizeof(long)];
      |                                          ^
/mnt/build_wrt/build_dir/hostpkg/go-1.24.13/.go_bootstrap/include/u.h:86:42: note: add parentheses around the second 'sizeof' to silence this warning
In file included from /mnt/build_wrt/build_dir/hostpkg/go-1.24.13/.go_bootstrap/src/cmd/cc/funct.c:31:
/mnt/build_wrt/build_dir/hostpkg/go-1.24.13/.go_bootstrap/include/u.h:86:42: warning: expression does not compute the number of elements in this array; element type is 'struct __jmp_buf_tag', not 'long int' [-Wsizeof-array-div]
   86 | typedef long p9jmp_buf[sizeof(sigjmp_buf)/sizeof(long)];
      |                                          ^
/mnt/build_wrt/build_dir/hostpkg/go-1.24.13/.go_bootstrap/include/u.h:86:42: note: add parentheses around the second 'sizeof' to silence this warning
In file included from /mnt/build_wrt/build_dir/hostpkg/go-1.24.13/.go_bootstrap/src/cmd/cc/godefs.c:32:
/mnt/build_wrt/build_dir/hostpkg/go-1.24.13/.go_bootstrap/include/u.h:86:42: warning: expression does not compute the number of elements in this array; element type is 'struct __jmp_buf_tag', not 'long int' [-Wsizeof-array-div]
   86 | typedef long p9jmp_buf[sizeof(sigjmp_buf)/sizeof(long)];
      |                                          ^
/mnt/build_wrt/build_dir/hostpkg/go-1.24.13/.go_bootstrap/include/u.h:86:42: note: add parentheses around the second 'sizeof' to silence this warning
In file included from /mnt/build_wrt/build_dir/hostpkg/go-1.24.13/.go_bootstrap/src/cmd/cc/lex.c:31:
/mnt/build_wrt/build_dir/hostpkg/go-1.24.13/.go_bootstrap/include/u.h:86:42: warning: expression does not compute the number of elements in this array; element type is 'struct __jmp_buf_tag', not 'long int' [-Wsizeof-array-div]
   86 | typedef long p9jmp_buf[sizeof(sigjmp_buf)/sizeof(long)];
      |                                          ^
/mnt/build_wrt/build_dir/hostpkg/go-1.24.13/.go_bootstrap/include/u.h:86:42: note: add parentheses around the second 'sizeof' to silence this warning
/mnt/build_wrt/build_dir/hostpkg/go-1.24.13/.go_bootstrap/src/cmd/cc/lex.c: In function 'compile':
/mnt/build_wrt/build_dir/hostpkg/go-1.24.13/.go_bootstrap/src/cmd/cc/lex.c:308:25: warning: this statement may fall through [-Wimplicit-fallthrough=]
  308 |                         errorexit();
      |                         ^~~~~~~~~~~
/mnt/build_wrt/build_dir/hostpkg/go-1.24.13/.go_bootstrap/src/cmd/cc/lex.c:309:17: note: here
  309 |                 case 0:
      |                 ^~~~
/mnt/build_wrt/build_dir/hostpkg/go-1.24.13/.go_bootstrap/src/cmd/cc/lex.c:338:25: warning: this statement may fall through [-Wimplicit-fallthrough=]
  338 |                         errorexit();
      |                         ^~~~~~~~~~~
/mnt/build_wrt/build_dir/hostpkg/go-1.24.13/.go_bootstrap/src/cmd/cc/lex.c:339:17: note: here
  339 |                 default:
      |                 ^~~~~~~
In file included from /mnt/build_wrt/build_dir/hostpkg/go-1.24.13/.go_bootstrap/src/cmd/cc/mac.c:31:
/mnt/build_wrt/build_dir/hostpkg/go-1.24.13/.go_bootstrap/include/u.h:86:42: warning: expression does not compute the number of elements in this array; element type is 'struct __jmp_buf_tag', not 'long int' [-Wsizeof-array-div]
   86 | typedef long p9jmp_buf[sizeof(sigjmp_buf)/sizeof(long)];
      |                                          ^
/mnt/build_wrt/build_dir/hostpkg/go-1.24.13/.go_bootstrap/include/u.h:86:42: note: add parentheses around the second 'sizeof' to silence this warning
In file included from /mnt/build_wrt/build_dir/hostpkg/go-1.24.13/.go_bootstrap/src/cmd/cc/omachcap.c:31:
/mnt/build_wrt/build_dir/hostpkg/go-1.24.13/.go_bootstrap/include/u.h:86:42: warning: expression does not compute the number of elements in this array; element type is 'struct __jmp_buf_tag', not 'long int' [-Wsizeof-array-div]
   86 | typedef long p9jmp_buf[sizeof(sigjmp_buf)/sizeof(long)];
      |                                          ^
/mnt/build_wrt/build_dir/hostpkg/go-1.24.13/.go_bootstrap/include/u.h:86:42: note: add parentheses around the second 'sizeof' to silence this warning
In file included from /mnt/build_wrt/build_dir/hostpkg/go-1.24.13/.go_bootstrap/src/cmd/cc/scon.c:31:
/mnt/build_wrt/build_dir/hostpkg/go-1.24.13/.go_bootstrap/include/u.h:86:42: warning: expression does not compute the number of elements in this array; element type is 'struct __jmp_buf_tag', not 'long int' [-Wsizeof-array-div]
   86 | typedef long p9jmp_buf[sizeof(sigjmp_buf)/sizeof(long)];
      |                                          ^
/mnt/build_wrt/build_dir/hostpkg/go-1.24.13/.go_bootstrap/include/u.h:86:42: note: add parentheses around the second 'sizeof' to silence this warning
/mnt/build_wrt/build_dir/hostpkg/go-1.24.13/.go_bootstrap/src/cmd/cc/scon.c: In function 'acom2':
/mnt/build_wrt/build_dir/hostpkg/go-1.24.13/.go_bootstrap/src/cmd/cc/scon.c:424:12: warning: 'trm[0].mult' may be used uninitialized [-Wmaybe-uninitialized]
  424 |         c1 = trm[0].mult;
      |         ~~~^~~~~~~~~~~~~
/mnt/build_wrt/build_dir/hostpkg/go-1.24.13/.go_bootstrap/src/cmd/cc/scon.c:399:14: note: 'trm' declared here
  399 |         Term trm[NTERM];
      |              ^~~
In file included from /mnt/build_wrt/build_dir/hostpkg/go-1.24.13/.go_bootstrap/src/cmd/cc/sub.c:31:
/mnt/build_wrt/build_dir/hostpkg/go-1.24.13/.go_bootstrap/include/u.h:86:42: warning: expression does not compute the number of elements in this array; element type is 'struct __jmp_buf_tag', not 'long int' [-Wsizeof-array-div]
   86 | typedef long p9jmp_buf[sizeof(sigjmp_buf)/sizeof(long)];
      |                                          ^
/mnt/build_wrt/build_dir/hostpkg/go-1.24.13/.go_bootstrap/include/u.h:86:42: note: add parentheses around the second 'sizeof' to silence this warning
/mnt/build_wrt/build_dir/hostpkg/go-1.24.13/.go_bootstrap/src/cmd/cc/sub.c: In function 'allfloat':
/mnt/build_wrt/build_dir/hostpkg/go-1.24.13/.go_bootstrap/src/cmd/cc/sub.c:528:27: warning: this statement may fall through [-Wimplicit-fallthrough=]
  528 |                         if(!allfloat(n->right, flag))
      |                           ^
/mnt/build_wrt/build_dir/hostpkg/go-1.24.13/.go_bootstrap/src/cmd/cc/sub.c:530:17: note: here
  530 |                 case OCAST:
      |                 ^~~~
/mnt/build_wrt/build_dir/hostpkg/go-1.24.13/.go_bootstrap/src/cmd/cc/sub.c: In function 'simplifyshift':
/mnt/build_wrt/build_dir/hostpkg/go-1.24.13/.go_bootstrap/src/cmd/cc/sub.c:863:19: warning: this statement may fall through [-Wimplicit-fallthrough=]
  863 |                 if(topbit(c3) >= (32-c2))
      |                   ^
/mnt/build_wrt/build_dir/hostpkg/go-1.24.13/.go_bootstrap/src/cmd/cc/sub.c:865:9: note: here
  865 |         case 001:       /* (((e >>u c2) & c3) <<u c1) */
      |         ^~~~
/mnt/build_wrt/build_dir/hostpkg/go-1.24.13/.go_bootstrap/src/cmd/cc/sub.c:880:19: warning: this statement may fall through [-Wimplicit-fallthrough=]
  880 |                 if(c2 <= 0)
      |                   ^
/mnt/build_wrt/build_dir/hostpkg/go-1.24.13/.go_bootstrap/src/cmd/cc/sub.c:882:9: note: here
  882 |         case 012:       /* (((e >>s c2) & c3) >>u c1) */
      |         ^~~~
/mnt/build_wrt/build_dir/hostpkg/go-1.24.13/.go_bootstrap/src/cmd/cc/sub.c:900:19: warning: this statement may fall through [-Wimplicit-fallthrough=]
  900 |                 if(topbit(c3) >= 31)
      |                   ^
/mnt/build_wrt/build_dir/hostpkg/go-1.24.13/.go_bootstrap/src/cmd/cc/sub.c:902:9: note: here
  902 |         case 010:       /* (((e <<u c2) & c3) >>u c1) */
      |         ^~~~
/mnt/build_wrt/build_dir/hostpkg/go-1.24.13/.go_bootstrap/src/cmd/cc/sub.c: In function 'side':
/mnt/build_wrt/build_dir/hostpkg/go-1.24.13/.go_bootstrap/src/cmd/cc/sub.c:954:19: warning: this statement may fall through [-Wimplicit-fallthrough=]
  954 |                 n = n->right;
      |                 ~~^~~~~~~~~~
/mnt/build_wrt/build_dir/hostpkg/go-1.24.13/.go_bootstrap/src/cmd/cc/sub.c:956:9: note: here
  956 |         case OEQ:
      |         ^~~~
/mnt/build_wrt/build_dir/hostpkg/go-1.24.13/.go_bootstrap/src/cmd/cc/sub.c: In function 'relindex':
/mnt/build_wrt/build_dir/hostpkg/go-1.24.13/.go_bootstrap/src/cmd/cc/sub.c:1130:17: warning: this statement may fall through [-Wimplicit-fallthrough=]
 1130 |                 diag(Z, "bad in relindex: %O", o);
      |                 ^~~~~~~~~~~~~~~~~~~~~~~~~~~~~~~~~
/mnt/build_wrt/build_dir/hostpkg/go-1.24.13/.go_bootstrap/src/cmd/cc/sub.c:1131:9: note: here
 1131 |         case OEQ: return 0;
      |         ^~~~
In file included from cc.y:32:
/mnt/build_wrt/build_dir/hostpkg/go-1.24.13/.go_bootstrap/include/u.h:86:42: warning: expression does not compute the number of elements in this array; element type is 'struct __jmp_buf_tag', not 'long int' [-Wsizeof-array-div]
   86 | typedef long p9jmp_buf[sizeof(sigjmp_buf)/sizeof(long)];
      |                                          ^
/mnt/build_wrt/build_dir/hostpkg/go-1.24.13/.go_bootstrap/include/u.h:86:42: note: add parentheses around the second 'sizeof' to silence this warning
cmd/gc
In file included from /mnt/build_wrt/build_dir/hostpkg/go-1.24.13/.go_bootstrap/src/cmd/gc/bits.c:31:
/mnt/build_wrt/build_dir/hostpkg/go-1.24.13/.go_bootstrap/include/u.h:86:42: warning: expression does not compute the number of elements in this array; element type is 'struct __jmp_buf_tag', not 'long int' [-Wsizeof-array-div]
   86 | typedef long p9jmp_buf[sizeof(sigjmp_buf)/sizeof(long)];
      |                                          ^
In file included from /mnt/build_wrt/build_dir/hostpkg/go-1.24.13/.go_bootstrap/src/cmd/gc/align.c:5:
/mnt/build_wrt/build_dir/hostpkg/go-1.24.13/.go_bootstrap/include/u.h:86:42: warning: expression does not compute the number of elements in this array; element type is 'struct __jmp_buf_tag', not 'long int' [-Wsizeof-array-div]
   86 | typedef long p9jmp_buf[sizeof(sigjmp_buf)/sizeof(long)];
      |                                          ^
/mnt/build_wrt/build_dir/hostpkg/go-1.24.13/.go_bootstrap/include/u.h:86:42: note: add parentheses around the second 'sizeof' to silence this warning
/mnt/build_wrt/build_dir/hostpkg/go-1.24.13/.go_bootstrap/include/u.h:86:42: note: add parentheses around the second 'sizeof' to silence this warning
In file included from /mnt/build_wrt/build_dir/hostpkg/go-1.24.13/.go_bootstrap/src/cmd/gc/array.c:5:
/mnt/build_wrt/build_dir/hostpkg/go-1.24.13/.go_bootstrap/include/u.h:86:42: warning: expression does not compute the number of elements in this array; element type is 'struct __jmp_buf_tag', not 'long int' [-Wsizeof-array-div]
   86 | typedef long p9jmp_buf[sizeof(sigjmp_buf)/sizeof(long)];
      |                                          ^
/mnt/build_wrt/build_dir/hostpkg/go-1.24.13/.go_bootstrap/include/u.h:86:42: note: add parentheses around the second 'sizeof' to silence this warning
In file included from /mnt/build_wrt/build_dir/hostpkg/go-1.24.13/.go_bootstrap/src/cmd/gc/bv.c:5:
/mnt/build_wrt/build_dir/hostpkg/go-1.24.13/.go_bootstrap/include/u.h:86:42: warning: expression does not compute the number of elements in this array; element type is 'struct __jmp_buf_tag', not 'long int' [-Wsizeof-array-div]
   86 | typedef long p9jmp_buf[sizeof(sigjmp_buf)/sizeof(long)];
      |                                          ^
/mnt/build_wrt/build_dir/hostpkg/go-1.24.13/.go_bootstrap/include/u.h:86:42: note: add parentheses around the second 'sizeof' to silence this warning
In file included from /mnt/build_wrt/build_dir/hostpkg/go-1.24.13/.go_bootstrap/src/cmd/gc/closure.c:9:
/mnt/build_wrt/build_dir/hostpkg/go-1.24.13/.go_bootstrap/include/u.h:86:42: warning: expression does not compute the number of elements in this array; element type is 'struct __jmp_buf_tag', not 'long int' [-Wsizeof-array-div]
   86 | typedef long p9jmp_buf[sizeof(sigjmp_buf)/sizeof(long)];
      |                                          ^
/mnt/build_wrt/build_dir/hostpkg/go-1.24.13/.go_bootstrap/include/u.h:86:42: note: add parentheses around the second 'sizeof' to silence this warning
In file included from /mnt/build_wrt/build_dir/hostpkg/go-1.24.13/.go_bootstrap/src/cmd/gc/const.c:5:
/mnt/build_wrt/build_dir/hostpkg/go-1.24.13/.go_bootstrap/include/u.h:86:42: warning: expression does not compute the number of elements in this array; element type is 'struct __jmp_buf_tag', not 'long int' [-Wsizeof-array-div]
   86 | typedef long p9jmp_buf[sizeof(sigjmp_buf)/sizeof(long)];
      |                                          ^
/mnt/build_wrt/build_dir/hostpkg/go-1.24.13/.go_bootstrap/include/u.h:86:42: note: add parentheses around the second 'sizeof' to silence this warning
/mnt/build_wrt/build_dir/hostpkg/go-1.24.13/.go_bootstrap/src/cmd/gc/const.c: In function 'convlit1':
/mnt/build_wrt/build_dir/hostpkg/go-1.24.13/.go_bootstrap/src/cmd/gc/const.c:224:42: warning: this statement may fall through [-Wimplicit-fallthrough=]
  224 |                                 n->val = toint(n->val);
      |                                          ^~~~~~~~~~~~~
/mnt/build_wrt/build_dir/hostpkg/go-1.24.13/.go_bootstrap/src/cmd/gc/const.c:226:25: note: here
  226 |                         case CTINT:
      |                         ^~~~
/mnt/build_wrt/build_dir/hostpkg/go-1.24.13/.go_bootstrap/src/cmd/gc/const.c:238:42: warning: this statement may fall through [-Wimplicit-fallthrough=]
  238 |                                 n->val = toflt(n->val);
      |                                          ^~~~~~~~~~~~~
/mnt/build_wrt/build_dir/hostpkg/go-1.24.13/.go_bootstrap/src/cmd/gc/const.c:240:25: note: here
  240 |                         case CTFLT:
      |                         ^~~~
/mnt/build_wrt/build_dir/hostpkg/go-1.24.13/.go_bootstrap/src/cmd/gc/const.c: In function 'tostr':
/mnt/build_wrt/build_dir/hostpkg/go-1.24.13/.go_bootstrap/src/cmd/gc/const.c:470:17: warning: this statement may fall through [-Wimplicit-fallthrough=]
  470 |                 yyerror("no float -> string");
      |                 ^~~~~~~~~~~~~~~~~~~~~~~~~~~~~
/mnt/build_wrt/build_dir/hostpkg/go-1.24.13/.go_bootstrap/src/cmd/gc/const.c:472:9: note: here
  472 |         case CTNIL:
      |         ^~~~
/mnt/build_wrt/build_dir/hostpkg/go-1.24.13/.go_bootstrap/src/cmd/gc/const.c: In function 'nodlit':
/mnt/build_wrt/build_dir/hostpkg/go-1.24.13/.go_bootstrap/src/cmd/gc/const.c:1050:17: warning: this statement may fall through [-Wimplicit-fallthrough=]
 1050 |                 fatal("nodlit ctype %d", v.ctype);
      |                 ^~~~~~~~~~~~~~~~~~~~~~~~~~~~~~~~~
/mnt/build_wrt/build_dir/hostpkg/go-1.24.13/.go_bootstrap/src/cmd/gc/const.c:1051:9: note: here
 1051 |         case CTSTR:
      |         ^~~~
/mnt/build_wrt/build_dir/hostpkg/go-1.24.13/.go_bootstrap/src/cmd/gc/const.c: In function 'convconst':
/mnt/build_wrt/build_dir/hostpkg/go-1.24.13/.go_bootstrap/src/cmd/gc/const.c:1427:25: warning: this statement may fall through [-Wimplicit-fallthrough=]
 1427 |                         fatal("convconst ctype=%d %lT", val->ctype, t);
      |                         ^~~~~~~~~~~~~~~~~~~~~~~~~~~~~~~~~~~~~~~~~~~~~~
/mnt/build_wrt/build_dir/hostpkg/go-1.24.13/.go_bootstrap/src/cmd/gc/const.c:1428:17: note: here
 1428 |                 case CTINT:
      |                 ^~~~
In file included from /mnt/build_wrt/build_dir/hostpkg/go-1.24.13/.go_bootstrap/src/cmd/gc/dcl.c:5:
/mnt/build_wrt/build_dir/hostpkg/go-1.24.13/.go_bootstrap/include/u.h:86:42: warning: expression does not compute the number of elements in this array; element type is 'struct __jmp_buf_tag', not 'long int' [-Wsizeof-array-div]
   86 | typedef long p9jmp_buf[sizeof(sigjmp_buf)/sizeof(long)];
      |                                          ^
/mnt/build_wrt/build_dir/hostpkg/go-1.24.13/.go_bootstrap/include/u.h:86:42: note: add parentheses around the second 'sizeof' to silence this warning
In file included from /mnt/build_wrt/build_dir/hostpkg/go-1.24.13/.go_bootstrap/src/cmd/gc/esc.c:7:
/mnt/build_wrt/build_dir/hostpkg/go-1.24.13/.go_bootstrap/include/u.h:86:42: warning: expression does not compute the number of elements in this array; element type is 'struct __jmp_buf_tag', not 'long int' [-Wsizeof-array-div]
   86 | typedef long p9jmp_buf[sizeof(sigjmp_buf)/sizeof(long)];
      |                                          ^
/mnt/build_wrt/build_dir/hostpkg/go-1.24.13/.go_bootstrap/include/u.h:86:42: note: add parentheses around the second 'sizeof' to silence this warning
/mnt/build_wrt/build_dir/hostpkg/go-1.24.13/.go_bootstrap/src/cmd/gc/esc.c: In function 'esccall':
/mnt/build_wrt/build_dir/hostpkg/go-1.24.13/.go_bootstrap/src/cmd/gc/esc.c:898:17: warning: this statement may fall through [-Wimplicit-fallthrough=]
  898 |                 fatal("esccall");
      |                 ^~~~~~~~~~~~~~~~
/mnt/build_wrt/build_dir/hostpkg/go-1.24.13/.go_bootstrap/src/cmd/gc/esc.c:900:9: note: here
  900 |         case OCALLFUNC:
      |         ^~~~
In file included from /mnt/build_wrt/build_dir/hostpkg/go-1.24.13/.go_bootstrap/src/cmd/gc/export.c:5:
/mnt/build_wrt/build_dir/hostpkg/go-1.24.13/.go_bootstrap/include/u.h:86:42: warning: expression does not compute the number of elements in this array; element type is 'struct __jmp_buf_tag', not 'long int' [-Wsizeof-array-div]
   86 | typedef long p9jmp_buf[sizeof(sigjmp_buf)/sizeof(long)];
      |                                          ^
/mnt/build_wrt/build_dir/hostpkg/go-1.24.13/.go_bootstrap/include/u.h:86:42: note: add parentheses around the second 'sizeof' to silence this warning
In file included from /mnt/build_wrt/build_dir/hostpkg/go-1.24.13/.go_bootstrap/src/cmd/gc/fmt.c:5:
/mnt/build_wrt/build_dir/hostpkg/go-1.24.13/.go_bootstrap/include/u.h:86:42: warning: expression does not compute the number of elements in this array; element type is 'struct __jmp_buf_tag', not 'long int' [-Wsizeof-array-div]
   86 | typedef long p9jmp_buf[sizeof(sigjmp_buf)/sizeof(long)];
      |                                          ^
/mnt/build_wrt/build_dir/hostpkg/go-1.24.13/.go_bootstrap/include/u.h:86:42: note: add parentheses around the second 'sizeof' to silence this warning
/mnt/build_wrt/build_dir/hostpkg/go-1.24.13/.go_bootstrap/src/cmd/gc/fmt.c: In function 'typefmt':
/mnt/build_wrt/build_dir/hostpkg/go-1.24.13/.go_bootstrap/src/cmd/gc/fmt.c:624:27: warning: this statement may fall through [-Wimplicit-fallthrough=]
  624 |                         if(fmtmode != FExp) {
      |                           ^
/mnt/build_wrt/build_dir/hostpkg/go-1.24.13/.go_bootstrap/src/cmd/gc/fmt.c:628:17: note: here
  628 |                 default:
      |                 ^~~~~~~
In file included from /mnt/build_wrt/build_dir/hostpkg/go-1.24.13/.go_bootstrap/src/cmd/gc/gen.c:10:
/mnt/build_wrt/build_dir/hostpkg/go-1.24.13/.go_bootstrap/include/u.h:86:42: warning: expression does not compute the number of elements in this array; element type is 'struct __jmp_buf_tag', not 'long int' [-Wsizeof-array-div]
   86 | typedef long p9jmp_buf[sizeof(sigjmp_buf)/sizeof(long)];
      |                                          ^
/mnt/build_wrt/build_dir/hostpkg/go-1.24.13/.go_bootstrap/include/u.h:86:42: note: add parentheses around the second 'sizeof' to silence this warning
/mnt/build_wrt/build_dir/hostpkg/go-1.24.13/.go_bootstrap/src/cmd/gc/gen.c: In function 'cgen_proc':
/mnt/build_wrt/build_dir/hostpkg/go-1.24.13/.go_bootstrap/src/cmd/gc/gen.c:550:17: warning: this statement may fall through [-Wimplicit-fallthrough=]
  550 |                 fatal("cgen_proc: unknown call %O", n->left->op);
      |                 ^~~~~~~~~~~~~~~~~~~~~~~~~~~~~~~~~~~~~~~~~~~~~~~~
/mnt/build_wrt/build_dir/hostpkg/go-1.24.13/.go_bootstrap/src/cmd/gc/gen.c:552:9: note: here
  552 |         case OCALLMETH:
      |         ^~~~
In file included from /mnt/build_wrt/build_dir/hostpkg/go-1.24.13/.go_bootstrap/src/cmd/gc/init.c:5:
/mnt/build_wrt/build_dir/hostpkg/go-1.24.13/.go_bootstrap/include/u.h:86:42: warning: expression does not compute the number of elements in this array; element type is 'struct __jmp_buf_tag', not 'long int' [-Wsizeof-array-div]
   86 | typedef long p9jmp_buf[sizeof(sigjmp_buf)/sizeof(long)];
      |                                          ^
/mnt/build_wrt/build_dir/hostpkg/go-1.24.13/.go_bootstrap/include/u.h:86:42: note: add parentheses around the second 'sizeof' to silence this warning
In file included from /mnt/build_wrt/build_dir/hostpkg/go-1.24.13/.go_bootstrap/src/cmd/gc/inl.c:29:
/mnt/build_wrt/build_dir/hostpkg/go-1.24.13/.go_bootstrap/include/u.h:86:42: warning: expression does not compute the number of elements in this array; element type is 'struct __jmp_buf_tag', not 'long int' [-Wsizeof-array-div]
   86 | typedef long p9jmp_buf[sizeof(sigjmp_buf)/sizeof(long)];
      |                                          ^
/mnt/build_wrt/build_dir/hostpkg/go-1.24.13/.go_bootstrap/include/u.h:86:42: note: add parentheses around the second 'sizeof' to silence this warning
In file included from /mnt/build_wrt/build_dir/hostpkg/go-1.24.13/.go_bootstrap/src/cmd/gc/lex.c:5:
/mnt/build_wrt/build_dir/hostpkg/go-1.24.13/.go_bootstrap/include/u.h:86:42: warning: expression does not compute the number of elements in this array; element type is 'struct __jmp_buf_tag', not 'long int' [-Wsizeof-array-div]
   86 | typedef long p9jmp_buf[sizeof(sigjmp_buf)/sizeof(long)];
      |                                          ^
/mnt/build_wrt/build_dir/hostpkg/go-1.24.13/.go_bootstrap/include/u.h:86:42: note: add parentheses around the second 'sizeof' to silence this warning
/mnt/build_wrt/build_dir/hostpkg/go-1.24.13/.go_bootstrap/src/cmd/gc/lex.c: In function 'ccgetc':
/mnt/build_wrt/build_dir/hostpkg/go-1.24.13/.go_bootstrap/src/cmd/gc/lex.c:1679:19: warning: this statement may fall through [-Wimplicit-fallthrough=]
 1679 |                 if(curio.bin != nil) {
      |                   ^
/mnt/build_wrt/build_dir/hostpkg/go-1.24.13/.go_bootstrap/src/cmd/gc/lex.c:1683:9: note: here
 1683 |         case EOF:
      |         ^~~~
/mnt/build_wrt/build_dir/hostpkg/go-1.24.13/.go_bootstrap/src/cmd/gc/lex.c:1688:19: warning: this statement may fall through [-Wimplicit-fallthrough=]
 1688 |                 c = '\n';
      |                 ~~^~~~~~
/mnt/build_wrt/build_dir/hostpkg/go-1.24.13/.go_bootstrap/src/cmd/gc/lex.c:1689:9: note: here
 1689 |         case '\n':
      |         ^~~~
In file included from /mnt/build_wrt/build_dir/hostpkg/go-1.24.13/.go_bootstrap/src/cmd/gc/md5.c:8:
/mnt/build_wrt/build_dir/hostpkg/go-1.24.13/.go_bootstrap/include/u.h:86:42: warning: expression does not compute the number of elements in this array; element type is 'struct __jmp_buf_tag', not 'long int' [-Wsizeof-array-div]
   86 | typedef long p9jmp_buf[sizeof(sigjmp_buf)/sizeof(long)];
      |                                          ^
/mnt/build_wrt/build_dir/hostpkg/go-1.24.13/.go_bootstrap/include/u.h:86:42: note: add parentheses around the second 'sizeof' to silence this warning
In file included from /mnt/build_wrt/build_dir/hostpkg/go-1.24.13/.go_bootstrap/src/cmd/gc/mparith1.c:5:
/mnt/build_wrt/build_dir/hostpkg/go-1.24.13/.go_bootstrap/include/u.h:86:42: warning: expression does not compute the number of elements in this array; element type is 'struct __jmp_buf_tag', not 'long int' [-Wsizeof-array-div]
   86 | typedef long p9jmp_buf[sizeof(sigjmp_buf)/sizeof(long)];
      |                                          ^
/mnt/build_wrt/build_dir/hostpkg/go-1.24.13/.go_bootstrap/include/u.h:86:42: note: add parentheses around the second 'sizeof' to silence this warning
/mnt/build_wrt/build_dir/hostpkg/go-1.24.13/.go_bootstrap/src/cmd/gc/mparith1.c: In function 'mpatoflt':
/mnt/build_wrt/build_dir/hostpkg/go-1.24.13/.go_bootstrap/src/cmd/gc/mparith1.c:383:28: warning: this statement may fall through [-Wimplicit-fallthrough=]
  383 |                         eb = 1;
      |                         ~~~^~~
/mnt/build_wrt/build_dir/hostpkg/go-1.24.13/.go_bootstrap/src/cmd/gc/mparith1.c:385:17: note: here
  385 |                 case 'E':
      |                 ^~~~
/mnt/build_wrt/build_dir/hostpkg/go-1.24.13/.go_bootstrap/src/cmd/gc/mparith1.c: In function 'mpatofix':
/mnt/build_wrt/build_dir/hostpkg/go-1.24.13/.go_bootstrap/src/cmd/gc/mparith1.c:468:19: warning: this statement may fall through [-Wimplicit-fallthrough=]
  468 |                 f = 1;
      |                 ~~^~~
/mnt/build_wrt/build_dir/hostpkg/go-1.24.13/.go_bootstrap/src/cmd/gc/mparith1.c:470:9: note: here
  470 |         case '+':
      |         ^~~~
In file included from /mnt/build_wrt/build_dir/hostpkg/go-1.24.13/.go_bootstrap/src/cmd/gc/mparith3.c:5:
/mnt/build_wrt/build_dir/hostpkg/go-1.24.13/.go_bootstrap/include/u.h:86:42: warning: expression does not compute the number of elements in this array; element type is 'struct __jmp_buf_tag', not 'long int' [-Wsizeof-array-div]
   86 | typedef long p9jmp_buf[sizeof(sigjmp_buf)/sizeof(long)];
      |                                          ^
In file included from /mnt/build_wrt/build_dir/hostpkg/go-1.24.13/.go_bootstrap/src/cmd/gc/mparith2.c:5:
/mnt/build_wrt/build_dir/hostpkg/go-1.24.13/.go_bootstrap/include/u.h:86:42: warning: expression does not compute the number of elements in this array; element type is 'struct __jmp_buf_tag', not 'long int' [-Wsizeof-array-div]
   86 | typedef long p9jmp_buf[sizeof(sigjmp_buf)/sizeof(long)];
      |                                          ^
/mnt/build_wrt/build_dir/hostpkg/go-1.24.13/.go_bootstrap/include/u.h:86:42: note: add parentheses around the second 'sizeof' to silence this warning
/mnt/build_wrt/build_dir/hostpkg/go-1.24.13/.go_bootstrap/include/u.h:86:42: note: add parentheses around the second 'sizeof' to silence this warning
In file included from /mnt/build_wrt/build_dir/hostpkg/go-1.24.13/.go_bootstrap/src/cmd/gc/obj.c:5:
/mnt/build_wrt/build_dir/hostpkg/go-1.24.13/.go_bootstrap/include/u.h:86:42: warning: expression does not compute the number of elements in this array; element type is 'struct __jmp_buf_tag', not 'long int' [-Wsizeof-array-div]
   86 | typedef long p9jmp_buf[sizeof(sigjmp_buf)/sizeof(long)];
      |                                          ^
/mnt/build_wrt/build_dir/hostpkg/go-1.24.13/.go_bootstrap/include/u.h:86:42: note: add parentheses around the second 'sizeof' to silence this warning
In file included from /mnt/build_wrt/build_dir/hostpkg/go-1.24.13/.go_bootstrap/src/cmd/gc/order.c:35:
/mnt/build_wrt/build_dir/hostpkg/go-1.24.13/.go_bootstrap/include/u.h:86:42: warning: expression does not compute the number of elements in this array; element type is 'struct __jmp_buf_tag', not 'long int' [-Wsizeof-array-div]
   86 | typedef long p9jmp_buf[sizeof(sigjmp_buf)/sizeof(long)];
      |                                          ^
/mnt/build_wrt/build_dir/hostpkg/go-1.24.13/.go_bootstrap/include/u.h:86:42: note: add parentheses around the second 'sizeof' to silence this warning
/mnt/build_wrt/build_dir/hostpkg/go-1.24.13/.go_bootstrap/src/cmd/gc/order.c: In function 'orderstmt':
/mnt/build_wrt/build_dir/hostpkg/go-1.24.13/.go_bootstrap/src/cmd/gc/order.c:732:25: warning: this statement may fall through [-Wimplicit-fallthrough=]
  732 |                         fatal("orderstmt range %T", n->type);
      |                         ^~~~~~~~~~~~~~~~~~~~~~~~~~~~~~~~~~~~
/mnt/build_wrt/build_dir/hostpkg/go-1.24.13/.go_bootstrap/src/cmd/gc/order.c:733:17: note: here
  733 |                 case TARRAY:
      |                 ^~~~
/mnt/build_wrt/build_dir/hostpkg/go-1.24.13/.go_bootstrap/src/cmd/gc/order.c:511:17: warning: this statement may fall through [-Wimplicit-fallthrough=]
  511 |                 fatal("orderstmt %O", n->op);
      |                 ^~~~~~~~~~~~~~~~~~~~~~~~~~~~
/mnt/build_wrt/build_dir/hostpkg/go-1.24.13/.go_bootstrap/src/cmd/gc/order.c:513:9: note: here
  513 |         case OVARKILL:
      |         ^~~~
/mnt/build_wrt/build_dir/hostpkg/go-1.24.13/.go_bootstrap/src/cmd/gc/order.c: In function 'ordersafeexpr':
/mnt/build_wrt/build_dir/hostpkg/go-1.24.13/.go_bootstrap/src/cmd/gc/order.c:141:17: warning: this statement may fall through [-Wimplicit-fallthrough=]
  141 |                 fatal("ordersafeexpr %O", n->op);
      |                 ^~~~~~~~~~~~~~~~~~~~~~~~~~~~~~~~
/mnt/build_wrt/build_dir/hostpkg/go-1.24.13/.go_bootstrap/src/cmd/gc/order.c:143:9: note: here
  143 |         case ONAME:
      |         ^~~~
/mnt/build_wrt/build_dir/hostpkg/go-1.24.13/.go_bootstrap/src/cmd/gc/order.c: In function 'ordermapassign':
/mnt/build_wrt/build_dir/hostpkg/go-1.24.13/.go_bootstrap/src/cmd/gc/order.c:453:17: warning: this statement may fall through [-Wimplicit-fallthrough=]
  453 |                 fatal("ordermapassign %O", n->op);
      |                 ^~~~~~~~~~~~~~~~~~~~~~~~~~~~~~~~~
/mnt/build_wrt/build_dir/hostpkg/go-1.24.13/.go_bootstrap/src/cmd/gc/order.c:455:9: note: here
  455 |         case OAS:
      |         ^~~~
In file included from /mnt/build_wrt/build_dir/hostpkg/go-1.24.13/.go_bootstrap/src/cmd/gc/racewalk.c:15:
/mnt/build_wrt/build_dir/hostpkg/go-1.24.13/.go_bootstrap/include/u.h:86:42: warning: expression does not compute the number of elements in this array; element type is 'struct __jmp_buf_tag', not 'long int' [-Wsizeof-array-div]
   86 | typedef long p9jmp_buf[sizeof(sigjmp_buf)/sizeof(long)];
      |                                          ^
/mnt/build_wrt/build_dir/hostpkg/go-1.24.13/.go_bootstrap/include/u.h:86:42: note: add parentheses around the second 'sizeof' to silence this warning
/mnt/build_wrt/build_dir/hostpkg/go-1.24.13/.go_bootstrap/src/cmd/gc/racewalk.c: In function 'racewalknode':
/mnt/build_wrt/build_dir/hostpkg/go-1.24.13/.go_bootstrap/src/cmd/gc/racewalk.c:156:17: warning: this statement may fall through [-Wimplicit-fallthrough=]
  156 |                 fatal("racewalk: unknown node type %O", n->op);
      |                 ^~~~~~~~~~~~~~~~~~~~~~~~~~~~~~~~~~~~~~~~~~~~~~
/mnt/build_wrt/build_dir/hostpkg/go-1.24.13/.go_bootstrap/src/cmd/gc/racewalk.c:158:9: note: here
  158 |         case OASOP:
      |         ^~~~
In file included from /mnt/build_wrt/build_dir/hostpkg/go-1.24.13/.go_bootstrap/src/cmd/gc/range.c:9:
/mnt/build_wrt/build_dir/hostpkg/go-1.24.13/.go_bootstrap/include/u.h:86:42: warning: expression does not compute the number of elements in this array; element type is 'struct __jmp_buf_tag', not 'long int' [-Wsizeof-array-div]
   86 | typedef long p9jmp_buf[sizeof(sigjmp_buf)/sizeof(long)];
      |                                          ^
/mnt/build_wrt/build_dir/hostpkg/go-1.24.13/.go_bootstrap/include/u.h:86:42: note: add parentheses around the second 'sizeof' to silence this warning
/mnt/build_wrt/build_dir/hostpkg/go-1.24.13/.go_bootstrap/src/cmd/gc/range.c: In function 'walkrange':
/mnt/build_wrt/build_dir/hostpkg/go-1.24.13/.go_bootstrap/src/cmd/gc/range.c:144:17: warning: this statement may fall through [-Wimplicit-fallthrough=]
  144 |                 fatal("walkrange");
      |                 ^~~~~~~~~~~~~~~~~~
/mnt/build_wrt/build_dir/hostpkg/go-1.24.13/.go_bootstrap/src/cmd/gc/range.c:146:9: note: here
  146 |         case TARRAY:
      |         ^~~~
In file included from /mnt/build_wrt/build_dir/hostpkg/go-1.24.13/.go_bootstrap/src/cmd/gc/reflect.c:5:
/mnt/build_wrt/build_dir/hostpkg/go-1.24.13/.go_bootstrap/include/u.h:86:42: warning: expression does not compute the number of elements in this array; element type is 'struct __jmp_buf_tag', not 'long int' [-Wsizeof-array-div]
   86 | typedef long p9jmp_buf[sizeof(sigjmp_buf)/sizeof(long)];
      |                                          ^
/mnt/build_wrt/build_dir/hostpkg/go-1.24.13/.go_bootstrap/include/u.h:86:42: note: add parentheses around the second 'sizeof' to silence this warning
In file included from /mnt/build_wrt/build_dir/hostpkg/go-1.24.13/.go_bootstrap/src/cmd/gc/select.c:9:
/mnt/build_wrt/build_dir/hostpkg/go-1.24.13/.go_bootstrap/include/u.h:86:42: warning: expression does not compute the number of elements in this array; element type is 'struct __jmp_buf_tag', not 'long int' [-Wsizeof-array-div]
   86 | typedef long p9jmp_buf[sizeof(sigjmp_buf)/sizeof(long)];
      |                                          ^
/mnt/build_wrt/build_dir/hostpkg/go-1.24.13/.go_bootstrap/include/u.h:86:42: note: add parentheses around the second 'sizeof' to silence this warning
/mnt/build_wrt/build_dir/hostpkg/go-1.24.13/.go_bootstrap/src/cmd/gc/select.c: In function 'walkselect':
/mnt/build_wrt/build_dir/hostpkg/go-1.24.13/.go_bootstrap/src/cmd/gc/select.c:128:33: warning: this statement may fall through [-Wimplicit-fallthrough=]
  128 |                                 fatal("select %O", n->op);
      |                                 ^~~~~~~~~~~~~~~~~~~~~~~~~
/mnt/build_wrt/build_dir/hostpkg/go-1.24.13/.go_bootstrap/src/cmd/gc/select.c:130:25: note: here
  130 |                         case OSEND:
      |                         ^~~~
/mnt/build_wrt/build_dir/hostpkg/go-1.24.13/.go_bootstrap/src/cmd/gc/select.c:223:25: warning: this statement may fall through [-Wimplicit-fallthrough=]
  223 |                         fatal("select %O", n->op);
      |                         ^~~~~~~~~~~~~~~~~~~~~~~~~
/mnt/build_wrt/build_dir/hostpkg/go-1.24.13/.go_bootstrap/src/cmd/gc/select.c:225:17: note: here
  225 |                 case OSEND:
      |                 ^~~~
/mnt/build_wrt/build_dir/hostpkg/go-1.24.13/.go_bootstrap/src/cmd/gc/select.c:289:33: warning: this statement may fall through [-Wimplicit-fallthrough=]
  289 |                                 fatal("select %O", n->op);
      |                                 ^~~~~~~~~~~~~~~~~~~~~~~~~
/mnt/build_wrt/build_dir/hostpkg/go-1.24.13/.go_bootstrap/src/cmd/gc/select.c:291:25: note: here
  291 |                         case OSEND:
      |                         ^~~~
In file included from /mnt/build_wrt/build_dir/hostpkg/go-1.24.13/.go_bootstrap/src/cmd/gc/sinit.c:9:
/mnt/build_wrt/build_dir/hostpkg/go-1.24.13/.go_bootstrap/include/u.h:86:42: warning: expression does not compute the number of elements in this array; element type is 'struct __jmp_buf_tag', not 'long int' [-Wsizeof-array-div]
   86 | typedef long p9jmp_buf[sizeof(sigjmp_buf)/sizeof(long)];
      |                                          ^
/mnt/build_wrt/build_dir/hostpkg/go-1.24.13/.go_bootstrap/include/u.h:86:42: note: add parentheses around the second 'sizeof' to silence this warning
/mnt/build_wrt/build_dir/hostpkg/go-1.24.13/.go_bootstrap/src/cmd/gc/sinit.c: In function 'staticassign':
/mnt/build_wrt/build_dir/hostpkg/go-1.24.13/.go_bootstrap/src/cmd/gc/sinit.c:401:17: warning: this statement may fall through [-Wimplicit-fallthrough=]
  401 |                 switch(r->left->op) {
      |                 ^~~~~~
/mnt/build_wrt/build_dir/hostpkg/go-1.24.13/.go_bootstrap/src/cmd/gc/sinit.c:411:9: note: here
  411 |         case OPTRLIT:
      |         ^~~~
/mnt/build_wrt/build_dir/hostpkg/go-1.24.13/.go_bootstrap/src/cmd/gc/sinit.c: In function 'initplan':
/mnt/build_wrt/build_dir/hostpkg/go-1.24.13/.go_bootstrap/src/cmd/gc/sinit.c:1375:17: warning: this statement may fall through [-Wimplicit-fallthrough=]
 1375 |                 fatal("initplan");
      |                 ^~~~~~~~~~~~~~~~~
/mnt/build_wrt/build_dir/hostpkg/go-1.24.13/.go_bootstrap/src/cmd/gc/sinit.c:1376:9: note: here
 1376 |         case OARRAYLIT:
      |         ^~~~
/mnt/build_wrt/build_dir/hostpkg/go-1.24.13/.go_bootstrap/src/cmd/gc/sinit.c: In function 'anylit':
/mnt/build_wrt/build_dir/hostpkg/go-1.24.13/.go_bootstrap/src/cmd/gc/sinit.c:1040:17: warning: this statement may fall through [-Wimplicit-fallthrough=]
 1040 |                 fatal("anylit: not lit");
      |                 ^~~~~~~~~~~~~~~~~~~~~~~~
/mnt/build_wrt/build_dir/hostpkg/go-1.24.13/.go_bootstrap/src/cmd/gc/sinit.c:1042:9: note: here
 1042 |         case OPTRLIT:
      |         ^~~~
/mnt/build_wrt/build_dir/hostpkg/go-1.24.13/.go_bootstrap/src/cmd/gc/sinit.c: In function 'iszero':
/mnt/build_wrt/build_dir/hostpkg/go-1.24.13/.go_bootstrap/src/cmd/gc/sinit.c:1451:25: warning: this statement may fall through [-Wimplicit-fallthrough=]
 1451 |                         fatal("iszero");
      |                         ^~~~~~~~~~~~~~~
/mnt/build_wrt/build_dir/hostpkg/go-1.24.13/.go_bootstrap/src/cmd/gc/sinit.c:1453:17: note: here
 1453 |                 case CTNIL:
      |                 ^~~~
In file included from /mnt/build_wrt/build_dir/hostpkg/go-1.24.13/.go_bootstrap/src/cmd/gc/subr.c:5:
/mnt/build_wrt/build_dir/hostpkg/go-1.24.13/.go_bootstrap/include/u.h:86:42: warning: expression does not compute the number of elements in this array; element type is 'struct __jmp_buf_tag', not 'long int' [-Wsizeof-array-div]
   86 | typedef long p9jmp_buf[sizeof(sigjmp_buf)/sizeof(long)];
      |                                          ^
/mnt/build_wrt/build_dir/hostpkg/go-1.24.13/.go_bootstrap/include/u.h:86:42: note: add parentheses around the second 'sizeof' to silence this warning
In file included from /mnt/build_wrt/build_dir/hostpkg/go-1.24.13/.go_bootstrap/src/cmd/gc/swt.c:5:
/mnt/build_wrt/build_dir/hostpkg/go-1.24.13/.go_bootstrap/include/u.h:86:42: warning: expression does not compute the number of elements in this array; element type is 'struct __jmp_buf_tag', not 'long int' [-Wsizeof-array-div]
   86 | typedef long p9jmp_buf[sizeof(sigjmp_buf)/sizeof(long)];
      |                                          ^
/mnt/build_wrt/build_dir/hostpkg/go-1.24.13/.go_bootstrap/include/u.h:86:42: note: add parentheses around the second 'sizeof' to silence this warning
/mnt/build_wrt/build_dir/hostpkg/go-1.24.13/.go_bootstrap/src/cmd/gc/subr.c: In function 'assignop':
/mnt/build_wrt/build_dir/hostpkg/go-1.24.13/.go_bootstrap/src/cmd/gc/subr.c:1291:27: warning: this statement may fall through [-Wimplicit-fallthrough=]
 1291 |                         if(dst->bound != -100)  // not slice
      |                           ^
/mnt/build_wrt/build_dir/hostpkg/go-1.24.13/.go_bootstrap/src/cmd/gc/subr.c:1293:17: note: here
 1293 |                 case TPTR32:
      |                 ^~~~
/mnt/build_wrt/build_dir/hostpkg/go-1.24.13/.go_bootstrap/src/cmd/gc/subr.c: In function 'genhash':
/mnt/build_wrt/build_dir/hostpkg/go-1.24.13/.go_bootstrap/src/cmd/gc/subr.c:2745:17: warning: this statement may fall through [-Wimplicit-fallthrough=]
 2745 |                 fatal("genhash %T", t);
      |                 ^~~~~~~~~~~~~~~~~~~~~~
/mnt/build_wrt/build_dir/hostpkg/go-1.24.13/.go_bootstrap/src/cmd/gc/subr.c:2746:9: note: here
 2746 |         case TARRAY:
      |         ^~~~
/mnt/build_wrt/build_dir/hostpkg/go-1.24.13/.go_bootstrap/src/cmd/gc/subr.c: In function 'geneq':
/mnt/build_wrt/build_dir/hostpkg/go-1.24.13/.go_bootstrap/src/cmd/gc/subr.c:2985:17: warning: this statement may fall through [-Wimplicit-fallthrough=]
 2985 |                 fatal("geneq %T", t);
      |                 ^~~~~~~~~~~~~~~~~~~~
/mnt/build_wrt/build_dir/hostpkg/go-1.24.13/.go_bootstrap/src/cmd/gc/subr.c:2986:9: note: here
 2986 |         case TARRAY:
      |         ^~~~
In file included from /mnt/build_wrt/build_dir/hostpkg/go-1.24.13/.go_bootstrap/src/cmd/gc/typecheck.c:13:
/mnt/build_wrt/build_dir/hostpkg/go-1.24.13/.go_bootstrap/include/u.h:86:42: warning: expression does not compute the number of elements in this array; element type is 'struct __jmp_buf_tag', not 'long int' [-Wsizeof-array-div]
   86 | typedef long p9jmp_buf[sizeof(sigjmp_buf)/sizeof(long)];
      |                                          ^
/mnt/build_wrt/build_dir/hostpkg/go-1.24.13/.go_bootstrap/include/u.h:86:42: note: add parentheses around the second 'sizeof' to silence this warning
/mnt/build_wrt/build_dir/hostpkg/go-1.24.13/.go_bootstrap/src/cmd/gc/typecheck.c: In function 'typecheck1':
/mnt/build_wrt/build_dir/hostpkg/go-1.24.13/.go_bootstrap/src/cmd/gc/typecheck.c:336:17: warning: this statement may fall through [-Wimplicit-fallthrough=]
  336 |                 fatal("typecheck %O", n->op);
      |                 ^~~~~~~~~~~~~~~~~~~~~~~~~~~~
/mnt/build_wrt/build_dir/hostpkg/go-1.24.13/.go_bootstrap/src/cmd/gc/typecheck.c:341:9: note: here
  341 |         case OLITERAL:
      |         ^~~~
In file included from /mnt/build_wrt/build_dir/hostpkg/go-1.24.13/.go_bootstrap/src/cmd/gc/unsafe.c:5:
/mnt/build_wrt/build_dir/hostpkg/go-1.24.13/.go_bootstrap/include/u.h:86:42: warning: expression does not compute the number of elements in this array; element type is 'struct __jmp_buf_tag', not 'long int' [-Wsizeof-array-div]
   86 | typedef long p9jmp_buf[sizeof(sigjmp_buf)/sizeof(long)];
      |                                          ^
/mnt/build_wrt/build_dir/hostpkg/go-1.24.13/.go_bootstrap/include/u.h:86:42: note: add parentheses around the second 'sizeof' to silence this warning
In file included from /mnt/build_wrt/build_dir/hostpkg/go-1.24.13/.go_bootstrap/src/cmd/gc/walk.c:5:
/mnt/build_wrt/build_dir/hostpkg/go-1.24.13/.go_bootstrap/include/u.h:86:42: warning: expression does not compute the number of elements in this array; element type is 'struct __jmp_buf_tag', not 'long int' [-Wsizeof-array-div]
   86 | typedef long p9jmp_buf[sizeof(sigjmp_buf)/sizeof(long)];
      |                                          ^
/mnt/build_wrt/build_dir/hostpkg/go-1.24.13/.go_bootstrap/include/u.h:86:42: note: add parentheses around the second 'sizeof' to silence this warning
/mnt/build_wrt/build_dir/hostpkg/go-1.24.13/.go_bootstrap/src/cmd/gc/walk.c: In function 'walkstmt':
/mnt/build_wrt/build_dir/hostpkg/go-1.24.13/.go_bootstrap/src/cmd/gc/walk.c:220:23: warning: this statement may fall through [-Wimplicit-fallthrough=]
  220 |                 n->op = OCASE;
      |                 ~~~~~~^~~~~~~
/mnt/build_wrt/build_dir/hostpkg/go-1.24.13/.go_bootstrap/src/cmd/gc/walk.c:221:9: note: here
  221 |         case OCASE:
      |         ^~~~
In file included from go.y:21:
/mnt/build_wrt/build_dir/hostpkg/go-1.24.13/.go_bootstrap/include/u.h:86:42: warning: expression does not compute the number of elements in this array; element type is 'struct __jmp_buf_tag', not 'long int' [-Wsizeof-array-div]
   86 | typedef long p9jmp_buf[sizeof(sigjmp_buf)/sizeof(long)];
      |                                          ^
/mnt/build_wrt/build_dir/hostpkg/go-1.24.13/.go_bootstrap/include/u.h:86:42: note: add parentheses around the second 'sizeof' to silence this warning
/mnt/build_wrt/build_dir/hostpkg/go-1.24.13/.go_bootstrap/src/cmd/gc/walk.c: In function 'walkexpr':
/mnt/build_wrt/build_dir/hostpkg/go-1.24.13/.go_bootstrap/src/cmd/gc/walk.c:1128:17: warning: this statement may fall through [-Wimplicit-fallthrough=]
 1128 |                 fatal("walkexpr ORECV"); // should see inside OAS only
      |                 ^~~~~~~~~~~~~~~~~~~~~~~
/mnt/build_wrt/build_dir/hostpkg/go-1.24.13/.go_bootstrap/src/cmd/gc/walk.c:1130:9: note: here
 1130 |         case OSLICE:
      |         ^~~~
cmd/6l
In file included from /mnt/build_wrt/build_dir/hostpkg/go-1.24.13/.go_bootstrap/src/cmd/6l/l.h:31,
                 from /mnt/build_wrt/build_dir/hostpkg/go-1.24.13/.go_bootstrap/src/cmd/6l/../ld/decodesym.c:5:
/mnt/build_wrt/build_dir/hostpkg/go-1.24.13/.go_bootstrap/include/u.h:86:42: warning: expression does not compute the number of elements in this array; element type is 'struct __jmp_buf_tag', not 'long int' [-Wsizeof-array-div]
   86 | typedef long p9jmp_buf[sizeof(sigjmp_buf)/sizeof(long)];
      |                                          ^
In file included from /mnt/build_wrt/build_dir/hostpkg/go-1.24.13/.go_bootstrap/src/cmd/6l/l.h:31,
                 from /mnt/build_wrt/build_dir/hostpkg/go-1.24.13/.go_bootstrap/src/cmd/6l/../ld/elf.c:5:
/mnt/build_wrt/build_dir/hostpkg/go-1.24.13/.go_bootstrap/include/u.h:86:42: warning: expression does not compute the number of elements in this array; element type is 'struct __jmp_buf_tag', not 'long int' [-Wsizeof-array-div]
   86 | typedef long p9jmp_buf[sizeof(sigjmp_buf)/sizeof(long)];
      |                                          ^
In file included from /mnt/build_wrt/build_dir/hostpkg/go-1.24.13/.go_bootstrap/src/cmd/6l/l.h:31,
                 from /mnt/build_wrt/build_dir/hostpkg/go-1.24.13/.go_bootstrap/src/cmd/6l/../ld/data.c:33:
/mnt/build_wrt/build_dir/hostpkg/go-1.24.13/.go_bootstrap/include/u.h:86:42: warning: expression does not compute the number of elements in this array; element type is 'struct __jmp_buf_tag', not 'long int' [-Wsizeof-array-div]
   86 | typedef long p9jmp_buf[sizeof(sigjmp_buf)/sizeof(long)];
      |                                          ^
In file included from /mnt/build_wrt/build_dir/hostpkg/go-1.24.13/.go_bootstrap/src/cmd/6l/l.h:31,
                 from /mnt/build_wrt/build_dir/hostpkg/go-1.24.13/.go_bootstrap/src/cmd/6l/../ld/dwarf.c:15:
/mnt/build_wrt/build_dir/hostpkg/go-1.24.13/.go_bootstrap/include/u.h:86:42: warning: expression does not compute the number of elements in this array; element type is 'struct __jmp_buf_tag', not 'long int' [-Wsizeof-array-div]
   86 | typedef long p9jmp_buf[sizeof(sigjmp_buf)/sizeof(long)];
      |                                          ^
/mnt/build_wrt/build_dir/hostpkg/go-1.24.13/.go_bootstrap/include/u.h:86:42: note: add parentheses around the second 'sizeof' to silence this warning
/mnt/build_wrt/build_dir/hostpkg/go-1.24.13/.go_bootstrap/include/u.h:86:42: note: add parentheses around the second 'sizeof' to silence this warning
/mnt/build_wrt/build_dir/hostpkg/go-1.24.13/.go_bootstrap/include/u.h:86:42: note: add parentheses around the second 'sizeof' to silence this warning
/mnt/build_wrt/build_dir/hostpkg/go-1.24.13/.go_bootstrap/include/u.h:86:42: note: add parentheses around the second 'sizeof' to silence this warning
/mnt/build_wrt/build_dir/hostpkg/go-1.24.13/.go_bootstrap/src/cmd/6l/../ld/data.c: In function 'relocsym':
/mnt/build_wrt/build_dir/hostpkg/go-1.24.13/.go_bootstrap/src/cmd/6l/../ld/data.c:315:25: warning: this statement may fall through [-Wimplicit-fallthrough=]
  315 |                         diag("bad reloc size %#ux for %s", siz, r->sym->name);
      |                         ^~~~~~~~~~~~~~~~~~~~~~~~~~~~~~~~~~~~~~~~~~~~~~~~~~~~~
/mnt/build_wrt/build_dir/hostpkg/go-1.24.13/.go_bootstrap/src/cmd/6l/../ld/data.c:316:17: note: here
  316 |                 case 1:
      |                 ^~~~
/mnt/build_wrt/build_dir/hostpkg/go-1.24.13/.go_bootstrap/src/cmd/6l/../ld/elf.c: In function 'asmbelf':
/mnt/build_wrt/build_dir/hostpkg/go-1.24.13/.go_bootstrap/src/cmd/6l/../ld/elf.c:1141:17: warning: this statement may fall through [-Wimplicit-fallthrough=]
 1141 |                 errorexit();
      |                 ^~~~~~~~~~~
/mnt/build_wrt/build_dir/hostpkg/go-1.24.13/.go_bootstrap/src/cmd/6l/../ld/elf.c:1142:9: note: here
 1142 |         case '5':
      |         ^~~~
In file included from /mnt/build_wrt/build_dir/hostpkg/go-1.24.13/.go_bootstrap/src/cmd/6l/l.h:31,
                 from /mnt/build_wrt/build_dir/hostpkg/go-1.24.13/.go_bootstrap/src/cmd/6l/../ld/go.c:7:
/mnt/build_wrt/build_dir/hostpkg/go-1.24.13/.go_bootstrap/include/u.h:86:42: warning: expression does not compute the number of elements in this array; element type is 'struct __jmp_buf_tag', not 'long int' [-Wsizeof-array-div]
   86 | typedef long p9jmp_buf[sizeof(sigjmp_buf)/sizeof(long)];
      |                                          ^
/mnt/build_wrt/build_dir/hostpkg/go-1.24.13/.go_bootstrap/include/u.h:86:42: note: add parentheses around the second 'sizeof' to silence this warning
In file included from /mnt/build_wrt/build_dir/hostpkg/go-1.24.13/.go_bootstrap/src/cmd/6l/l.h:31,
                 from /mnt/build_wrt/build_dir/hostpkg/go-1.24.13/.go_bootstrap/src/cmd/6l/../ld/ldelf.c:28:
/mnt/build_wrt/build_dir/hostpkg/go-1.24.13/.go_bootstrap/include/u.h:86:42: warning: expression does not compute the number of elements in this array; element type is 'struct __jmp_buf_tag', not 'long int' [-Wsizeof-array-div]
   86 | typedef long p9jmp_buf[sizeof(sigjmp_buf)/sizeof(long)];
      |                                          ^
In file included from /mnt/build_wrt/build_dir/hostpkg/go-1.24.13/.go_bootstrap/src/cmd/6l/l.h:31,
                 from /mnt/build_wrt/build_dir/hostpkg/go-1.24.13/.go_bootstrap/src/cmd/6l/../ld/ldmacho.c:28:
/mnt/build_wrt/build_dir/hostpkg/go-1.24.13/.go_bootstrap/include/u.h:86:42: warning: expression does not compute the number of elements in this array; element type is 'struct __jmp_buf_tag', not 'long int' [-Wsizeof-array-div]
   86 | typedef long p9jmp_buf[sizeof(sigjmp_buf)/sizeof(long)];
      |                                          ^
/mnt/build_wrt/build_dir/hostpkg/go-1.24.13/.go_bootstrap/include/u.h:86:42: note: add parentheses around the second 'sizeof' to silence this warning
/mnt/build_wrt/build_dir/hostpkg/go-1.24.13/.go_bootstrap/include/u.h:86:42: note: add parentheses around the second 'sizeof' to silence this warning
/mnt/build_wrt/build_dir/hostpkg/go-1.24.13/.go_bootstrap/src/cmd/6l/../ld/ldelf.c: In function 'reltype':
/mnt/build_wrt/build_dir/hostpkg/go-1.24.13/.go_bootstrap/src/cmd/6l/../ld/ldelf.c:875:17: warning: this statement may fall through [-Wimplicit-fallthrough=]
  875 |                 diag("%s: unknown relocation type %d; compiled without -fpic?", pn, elftype);
      |                 ^~~~~~~~~~~~~~~~~~~~~~~~~~~~~~~~~~~~~~~~~~~~~~~~~~~~~~~~~~~~~~~~~~~~~~~~~~~~
/mnt/build_wrt/build_dir/hostpkg/go-1.24.13/.go_bootstrap/src/cmd/6l/../ld/ldelf.c:876:9: note: here
  876 |         case R('5', R_ARM_ABS32):
      |         ^~~~
In file included from /mnt/build_wrt/build_dir/hostpkg/go-1.24.13/.go_bootstrap/src/cmd/6l/l.h:31,
                 from /mnt/build_wrt/build_dir/hostpkg/go-1.24.13/.go_bootstrap/src/cmd/6l/../ld/ldpe.c:5:
/mnt/build_wrt/build_dir/hostpkg/go-1.24.13/.go_bootstrap/include/u.h:86:42: warning: expression does not compute the number of elements in this array; element type is 'struct __jmp_buf_tag', not 'long int' [-Wsizeof-array-div]
   86 | typedef long p9jmp_buf[sizeof(sigjmp_buf)/sizeof(long)];
      |                                          ^
/mnt/build_wrt/build_dir/hostpkg/go-1.24.13/.go_bootstrap/include/u.h:86:42: note: add parentheses around the second 'sizeof' to silence this warning
/mnt/build_wrt/build_dir/hostpkg/go-1.24.13/.go_bootstrap/src/cmd/6l/../ld/ldpe.c: In function 'ldpe':
/mnt/build_wrt/build_dir/hostpkg/go-1.24.13/.go_bootstrap/src/cmd/6l/../ld/ldpe.c:298:41: warning: this statement may fall through [-Wimplicit-fallthrough=]
  298 |                                         diag("%s: unknown relocation type %d;", pn, type);
      |                                         ^~~~~~~~~~~~~~~~~~~~~~~~~~~~~~~~~~~~~~~~~~~~~~~~~
/mnt/build_wrt/build_dir/hostpkg/go-1.24.13/.go_bootstrap/src/cmd/6l/../ld/ldpe.c:299:33: note: here
  299 |                                 case IMAGE_REL_I386_REL32:
      |                                 ^~~~
In file included from /mnt/build_wrt/build_dir/hostpkg/go-1.24.13/.go_bootstrap/src/cmd/6l/l.h:31,
                 from /mnt/build_wrt/build_dir/hostpkg/go-1.24.13/.go_bootstrap/src/cmd/6l/../ld/lib.c:32:
/mnt/build_wrt/build_dir/hostpkg/go-1.24.13/.go_bootstrap/include/u.h:86:42: warning: expression does not compute the number of elements in this array; element type is 'struct __jmp_buf_tag', not 'long int' [-Wsizeof-array-div]
   86 | typedef long p9jmp_buf[sizeof(sigjmp_buf)/sizeof(long)];
      |                                          ^
/mnt/build_wrt/build_dir/hostpkg/go-1.24.13/.go_bootstrap/include/u.h:86:42: note: add parentheses around the second 'sizeof' to silence this warning
/mnt/build_wrt/build_dir/hostpkg/go-1.24.13/.go_bootstrap/src/cmd/6l/../ld/ldpe.c:207:25: warning: '__builtin_strncpy' output may be truncated copying 8 bytes from a string of length 17 [-Wstringop-truncation]
  207 |                         strncpy(obj->pesym[i].name, (char*)symbuf, 8);
      |                         ^
In file included from /mnt/build_wrt/build_dir/hostpkg/go-1.24.13/.go_bootstrap/src/cmd/6l/l.h:31,
                 from /mnt/build_wrt/build_dir/hostpkg/go-1.24.13/.go_bootstrap/src/cmd/6l/../ld/macho.c:8:
/mnt/build_wrt/build_dir/hostpkg/go-1.24.13/.go_bootstrap/include/u.h:86:42: warning: expression does not compute the number of elements in this array; element type is 'struct __jmp_buf_tag', not 'long int' [-Wsizeof-array-div]
   86 | typedef long p9jmp_buf[sizeof(sigjmp_buf)/sizeof(long)];
      |                                          ^
/mnt/build_wrt/build_dir/hostpkg/go-1.24.13/.go_bootstrap/include/u.h:86:42: note: add parentheses around the second 'sizeof' to silence this warning
/mnt/build_wrt/build_dir/hostpkg/go-1.24.13/.go_bootstrap/src/cmd/6l/../ld/macho.c: In function 'asmbmacho':
/mnt/build_wrt/build_dir/hostpkg/go-1.24.13/.go_bootstrap/src/cmd/6l/../ld/macho.c:358:17: warning: this statement may fall through [-Wimplicit-fallthrough=]
  358 |                 errorexit();
      |                 ^~~~~~~~~~~
/mnt/build_wrt/build_dir/hostpkg/go-1.24.13/.go_bootstrap/src/cmd/6l/../ld/macho.c:359:9: note: here
  359 |         case '6':
      |         ^~~~
/mnt/build_wrt/build_dir/hostpkg/go-1.24.13/.go_bootstrap/src/cmd/6l/../ld/macho.c:417:25: warning: this statement may fall through [-Wimplicit-fallthrough=]
  417 |                         errorexit();
      |                         ^~~~~~~~~~~
/mnt/build_wrt/build_dir/hostpkg/go-1.24.13/.go_bootstrap/src/cmd/6l/../ld/macho.c:418:17: note: here
  418 |                 case '6':
      |                 ^~~~
In file included from /mnt/build_wrt/build_dir/hostpkg/go-1.24.13/.go_bootstrap/src/cmd/6l/l.h:31,
                 from /mnt/build_wrt/build_dir/hostpkg/go-1.24.13/.go_bootstrap/src/cmd/6l/../ld/pcln.c:5:
/mnt/build_wrt/build_dir/hostpkg/go-1.24.13/.go_bootstrap/include/u.h:86:42: warning: expression does not compute the number of elements in this array; element type is 'struct __jmp_buf_tag', not 'long int' [-Wsizeof-array-div]
   86 | typedef long p9jmp_buf[sizeof(sigjmp_buf)/sizeof(long)];
      |                                          ^
/mnt/build_wrt/build_dir/hostpkg/go-1.24.13/.go_bootstrap/include/u.h:86:42: note: add parentheses around the second 'sizeof' to silence this warning
In file included from /mnt/build_wrt/build_dir/hostpkg/go-1.24.13/.go_bootstrap/src/cmd/6l/l.h:31,
                 from /mnt/build_wrt/build_dir/hostpkg/go-1.24.13/.go_bootstrap/src/cmd/6l/../ld/pe.c:8:
/mnt/build_wrt/build_dir/hostpkg/go-1.24.13/.go_bootstrap/include/u.h:86:42: warning: expression does not compute the number of elements in this array; element type is 'struct __jmp_buf_tag', not 'long int' [-Wsizeof-array-div]
   86 | typedef long p9jmp_buf[sizeof(sigjmp_buf)/sizeof(long)];
      |                                          ^
/mnt/build_wrt/build_dir/hostpkg/go-1.24.13/.go_bootstrap/include/u.h:86:42: note: add parentheses around the second 'sizeof' to silence this warning
/mnt/build_wrt/build_dir/hostpkg/go-1.24.13/.go_bootstrap/src/cmd/6l/../ld/pe.c: In function 'asmbpe':
/mnt/build_wrt/build_dir/hostpkg/go-1.24.13/.go_bootstrap/src/cmd/6l/../ld/pe.c:617:17: warning: this statement may fall through [-Wimplicit-fallthrough=]
  617 |                 errorexit();
      |                 ^~~~~~~~~~~
/mnt/build_wrt/build_dir/hostpkg/go-1.24.13/.go_bootstrap/src/cmd/6l/../ld/pe.c:618:9: note: here
  618 |         case '6':
      |         ^~~~
In file included from /mnt/build_wrt/build_dir/hostpkg/go-1.24.13/.go_bootstrap/src/cmd/6l/l.h:31,
                 from /mnt/build_wrt/build_dir/hostpkg/go-1.24.13/.go_bootstrap/src/cmd/6l/../ld/pobj.c:34:
/mnt/build_wrt/build_dir/hostpkg/go-1.24.13/.go_bootstrap/include/u.h:86:42: warning: expression does not compute the number of elements in this array; element type is 'struct __jmp_buf_tag', not 'long int' [-Wsizeof-array-div]
   86 | typedef long p9jmp_buf[sizeof(sigjmp_buf)/sizeof(long)];
      |                                          ^
/mnt/build_wrt/build_dir/hostpkg/go-1.24.13/.go_bootstrap/include/u.h:86:42: note: add parentheses around the second 'sizeof' to silence this warning
In file included from /mnt/build_wrt/build_dir/hostpkg/go-1.24.13/.go_bootstrap/src/cmd/6l/l.h:31,
                 from /mnt/build_wrt/build_dir/hostpkg/go-1.24.13/.go_bootstrap/src/cmd/6l/../ld/symtab.c:33:
/mnt/build_wrt/build_dir/hostpkg/go-1.24.13/.go_bootstrap/include/u.h:86:42: warning: expression does not compute the number of elements in this array; element type is 'struct __jmp_buf_tag', not 'long int' [-Wsizeof-array-div]
   86 | typedef long p9jmp_buf[sizeof(sigjmp_buf)/sizeof(long)];
      |                                          ^
/mnt/build_wrt/build_dir/hostpkg/go-1.24.13/.go_bootstrap/include/u.h:86:42: note: add parentheses around the second 'sizeof' to silence this warning
/mnt/build_wrt/build_dir/hostpkg/go-1.24.13/.go_bootstrap/src/cmd/6l/../ld/symtab.c: In function 'putplan9sym':
/mnt/build_wrt/build_dir/hostpkg/go-1.24.13/.go_bootstrap/src/cmd/6l/../ld/symtab.c:246:19: warning: this statement may fall through [-Wimplicit-fallthrough=]
  246 |                 if(ver)
      |                   ^
/mnt/build_wrt/build_dir/hostpkg/go-1.24.13/.go_bootstrap/src/cmd/6l/../ld/symtab.c:248:9: note: here
  248 |         case 'a':
      |         ^~~~
In file included from /mnt/build_wrt/build_dir/hostpkg/go-1.24.13/.go_bootstrap/src/cmd/6l/l.h:31,
                 from /mnt/build_wrt/build_dir/hostpkg/go-1.24.13/.go_bootstrap/src/cmd/6l/asm.c:33:
/mnt/build_wrt/build_dir/hostpkg/go-1.24.13/.go_bootstrap/include/u.h:86:42: warning: expression does not compute the number of elements in this array; element type is 'struct __jmp_buf_tag', not 'long int' [-Wsizeof-array-div]
   86 | typedef long p9jmp_buf[sizeof(sigjmp_buf)/sizeof(long)];
      |                                          ^
/mnt/build_wrt/build_dir/hostpkg/go-1.24.13/.go_bootstrap/include/u.h:86:42: note: add parentheses around the second 'sizeof' to silence this warning
In file included from /mnt/build_wrt/build_dir/hostpkg/go-1.24.13/.go_bootstrap/src/cmd/6l/l.h:31,
                 from /mnt/build_wrt/build_dir/hostpkg/go-1.24.13/.go_bootstrap/src/cmd/6l/list.c:33:
/mnt/build_wrt/build_dir/hostpkg/go-1.24.13/.go_bootstrap/include/u.h:86:42: warning: expression does not compute the number of elements in this array; element type is 'struct __jmp_buf_tag', not 'long int' [-Wsizeof-array-div]
   86 | typedef long p9jmp_buf[sizeof(sigjmp_buf)/sizeof(long)];
      |                                          ^
/mnt/build_wrt/build_dir/hostpkg/go-1.24.13/.go_bootstrap/include/u.h:86:42: note: add parentheses around the second 'sizeof' to silence this warning
In file included from /mnt/build_wrt/build_dir/hostpkg/go-1.24.13/.go_bootstrap/src/cmd/6l/l.h:31,
                 from /mnt/build_wrt/build_dir/hostpkg/go-1.24.13/.go_bootstrap/src/cmd/6l/obj.c:33:
/mnt/build_wrt/build_dir/hostpkg/go-1.24.13/.go_bootstrap/include/u.h:86:42: warning: expression does not compute the number of elements in this array; element type is 'struct __jmp_buf_tag', not 'long int' [-Wsizeof-array-div]
   86 | typedef long p9jmp_buf[sizeof(sigjmp_buf)/sizeof(long)];
      |                                          ^
/mnt/build_wrt/build_dir/hostpkg/go-1.24.13/.go_bootstrap/include/u.h:86:42: note: add parentheses around the second 'sizeof' to silence this warning
/mnt/build_wrt/build_dir/hostpkg/go-1.24.13/.go_bootstrap/src/cmd/6l/obj.c: In function 'archinit':
/mnt/build_wrt/build_dir/hostpkg/go-1.24.13/.go_bootstrap/src/cmd/6l/obj.c:86:17: warning: this statement may fall through [-Wimplicit-fallthrough=]
   86 |                 errorexit();
      |                 ^~~~~~~~~~~
/mnt/build_wrt/build_dir/hostpkg/go-1.24.13/.go_bootstrap/src/cmd/6l/obj.c:87:9: note: here
   87 |         case Hplan9:            /* plan 9 */
      |         ^~~~
cmd/6a
In file included from /mnt/build_wrt/build_dir/hostpkg/go-1.24.13/.go_bootstrap/src/cmd/6a/lex.c:32:
/mnt/build_wrt/build_dir/hostpkg/go-1.24.13/.go_bootstrap/include/u.h:86:42: warning: expression does not compute the number of elements in this array; element type is 'struct __jmp_buf_tag', not 'long int' [-Wsizeof-array-div]
   86 | typedef long p9jmp_buf[sizeof(sigjmp_buf)/sizeof(long)];
      |                                          ^
/mnt/build_wrt/build_dir/hostpkg/go-1.24.13/.go_bootstrap/include/u.h:86:42: note: add parentheses around the second 'sizeof' to silence this warning
In file included from a.y:32:
/mnt/build_wrt/build_dir/hostpkg/go-1.24.13/.go_bootstrap/include/u.h:86:42: warning: expression does not compute the number of elements in this array; element type is 'struct __jmp_buf_tag', not 'long int' [-Wsizeof-array-div]
   86 | typedef long p9jmp_buf[sizeof(sigjmp_buf)/sizeof(long)];
      |                                          ^
/mnt/build_wrt/build_dir/hostpkg/go-1.24.13/.go_bootstrap/include/u.h:86:42: note: add parentheses around the second 'sizeof' to silence this warning
cmd/6c
In file included from /mnt/build_wrt/build_dir/hostpkg/go-1.24.13/.go_bootstrap/src/cmd/6c/gc.h:31,
                 from /mnt/build_wrt/build_dir/hostpkg/go-1.24.13/.go_bootstrap/src/cmd/6c/../cc/pgen.c:31:
/mnt/build_wrt/build_dir/hostpkg/go-1.24.13/.go_bootstrap/include/u.h:86:42: warning: expression does not compute the number of elements in this array; element type is 'struct __jmp_buf_tag', not 'long int' [-Wsizeof-array-div]
   86 | typedef long p9jmp_buf[sizeof(sigjmp_buf)/sizeof(long)];
      |                                          ^
In file included from /mnt/build_wrt/build_dir/hostpkg/go-1.24.13/.go_bootstrap/src/cmd/6c/gc.h:31,
                 from /mnt/build_wrt/build_dir/hostpkg/go-1.24.13/.go_bootstrap/src/cmd/6c/cgen.c:31:
/mnt/build_wrt/build_dir/hostpkg/go-1.24.13/.go_bootstrap/include/u.h:86:42: warning: expression does not compute the number of elements in this array; element type is 'struct __jmp_buf_tag', not 'long int' [-Wsizeof-array-div]
   86 | typedef long p9jmp_buf[sizeof(sigjmp_buf)/sizeof(long)];
      |                                          ^
/mnt/build_wrt/build_dir/hostpkg/go-1.24.13/.go_bootstrap/include/u.h:86:42: note: add parentheses around the second 'sizeof' to silence this warning
/mnt/build_wrt/build_dir/hostpkg/go-1.24.13/.go_bootstrap/include/u.h:86:42: note: add parentheses around the second 'sizeof' to silence this warning
In file included from /mnt/build_wrt/build_dir/hostpkg/go-1.24.13/.go_bootstrap/src/cmd/6c/gc.h:31,
                 from /mnt/build_wrt/build_dir/hostpkg/go-1.24.13/.go_bootstrap/src/cmd/6c/../cc/pswt.c:31:
/mnt/build_wrt/build_dir/hostpkg/go-1.24.13/.go_bootstrap/include/u.h:86:42: warning: expression does not compute the number of elements in this array; element type is 'struct __jmp_buf_tag', not 'long int' [-Wsizeof-array-div]
   86 | typedef long p9jmp_buf[sizeof(sigjmp_buf)/sizeof(long)];
      |                                          ^
In file included from /mnt/build_wrt/build_dir/hostpkg/go-1.24.13/.go_bootstrap/src/cmd/6c/gc.h:31,
                 from /mnt/build_wrt/build_dir/hostpkg/go-1.24.13/.go_bootstrap/src/cmd/6c/div.c:31:
/mnt/build_wrt/build_dir/hostpkg/go-1.24.13/.go_bootstrap/include/u.h:86:42: warning: expression does not compute the number of elements in this array; element type is 'struct __jmp_buf_tag', not 'long int' [-Wsizeof-array-div]
   86 | typedef long p9jmp_buf[sizeof(sigjmp_buf)/sizeof(long)];
      |                                          ^
/mnt/build_wrt/build_dir/hostpkg/go-1.24.13/.go_bootstrap/include/u.h:86:42: note: add parentheses around the second 'sizeof' to silence this warning
/mnt/build_wrt/build_dir/hostpkg/go-1.24.13/.go_bootstrap/include/u.h:86:42: note: add parentheses around the second 'sizeof' to silence this warning
In file included from /mnt/build_wrt/build_dir/hostpkg/go-1.24.13/.go_bootstrap/src/cmd/6c/gc.h:31,
                 from /mnt/build_wrt/build_dir/hostpkg/go-1.24.13/.go_bootstrap/src/cmd/6c/list.c:32:
/mnt/build_wrt/build_dir/hostpkg/go-1.24.13/.go_bootstrap/include/u.h:86:42: warning: expression does not compute the number of elements in this array; element type is 'struct __jmp_buf_tag', not 'long int' [-Wsizeof-array-div]
   86 | typedef long p9jmp_buf[sizeof(sigjmp_buf)/sizeof(long)];
      |                                          ^
/mnt/build_wrt/build_dir/hostpkg/go-1.24.13/.go_bootstrap/include/u.h:86:42: note: add parentheses around the second 'sizeof' to silence this warning
In file included from /mnt/build_wrt/build_dir/hostpkg/go-1.24.13/.go_bootstrap/src/cmd/6c/gc.h:31,
                 from /mnt/build_wrt/build_dir/hostpkg/go-1.24.13/.go_bootstrap/src/cmd/6c/machcap.c:31:
/mnt/build_wrt/build_dir/hostpkg/go-1.24.13/.go_bootstrap/include/u.h:86:42: warning: expression does not compute the number of elements in this array; element type is 'struct __jmp_buf_tag', not 'long int' [-Wsizeof-array-div]
   86 | typedef long p9jmp_buf[sizeof(sigjmp_buf)/sizeof(long)];
      |                                          ^
/mnt/build_wrt/build_dir/hostpkg/go-1.24.13/.go_bootstrap/include/u.h:86:42: note: add parentheses around the second 'sizeof' to silence this warning
In file included from /mnt/build_wrt/build_dir/hostpkg/go-1.24.13/.go_bootstrap/src/cmd/6c/gc.h:31,
                 from /mnt/build_wrt/build_dir/hostpkg/go-1.24.13/.go_bootstrap/src/cmd/6c/mul.c:31:
/mnt/build_wrt/build_dir/hostpkg/go-1.24.13/.go_bootstrap/include/u.h:86:42: warning: expression does not compute the number of elements in this array; element type is 'struct __jmp_buf_tag', not 'long int' [-Wsizeof-array-div]
   86 | typedef long p9jmp_buf[sizeof(sigjmp_buf)/sizeof(long)];
      |                                          ^
/mnt/build_wrt/build_dir/hostpkg/go-1.24.13/.go_bootstrap/include/u.h:86:42: note: add parentheses around the second 'sizeof' to silence this warning
In file included from /mnt/build_wrt/build_dir/hostpkg/go-1.24.13/.go_bootstrap/src/cmd/6c/gc.h:31,
                 from /mnt/build_wrt/build_dir/hostpkg/go-1.24.13/.go_bootstrap/src/cmd/6c/peep.c:31:
/mnt/build_wrt/build_dir/hostpkg/go-1.24.13/.go_bootstrap/include/u.h:86:42: warning: expression does not compute the number of elements in this array; element type is 'struct __jmp_buf_tag', not 'long int' [-Wsizeof-array-div]
   86 | typedef long p9jmp_buf[sizeof(sigjmp_buf)/sizeof(long)];
      |                                          ^
/mnt/build_wrt/build_dir/hostpkg/go-1.24.13/.go_bootstrap/include/u.h:86:42: note: add parentheses around the second 'sizeof' to silence this warning
In file included from /mnt/build_wrt/build_dir/hostpkg/go-1.24.13/.go_bootstrap/src/cmd/6c/gc.h:31,
                 from /mnt/build_wrt/build_dir/hostpkg/go-1.24.13/.go_bootstrap/src/cmd/6c/reg.c:31:
/mnt/build_wrt/build_dir/hostpkg/go-1.24.13/.go_bootstrap/include/u.h:86:42: warning: expression does not compute the number of elements in this array; element type is 'struct __jmp_buf_tag', not 'long int' [-Wsizeof-array-div]
   86 | typedef long p9jmp_buf[sizeof(sigjmp_buf)/sizeof(long)];
      |                                          ^
/mnt/build_wrt/build_dir/hostpkg/go-1.24.13/.go_bootstrap/include/u.h:86:42: note: add parentheses around the second 'sizeof' to silence this warning
/mnt/build_wrt/build_dir/hostpkg/go-1.24.13/.go_bootstrap/src/cmd/6c/peep.c: In function 'peep':
/mnt/build_wrt/build_dir/hostpkg/go-1.24.13/.go_bootstrap/src/cmd/6c/peep.c:111:26: warning: this statement may fall through [-Wimplicit-fallthrough=]
  111 |                         t++;
      |                         ~^~
/mnt/build_wrt/build_dir/hostpkg/go-1.24.13/.go_bootstrap/src/cmd/6c/peep.c:113:17: note: here
  113 |                 case ADATA:
      |                 ^~~~
/mnt/build_wrt/build_dir/hostpkg/go-1.24.13/.go_bootstrap/src/cmd/6c/peep.c: In function 'copyu':
/mnt/build_wrt/build_dir/hostpkg/go-1.24.13/.go_bootstrap/src/cmd/6c/peep.c:573:19: warning: this statement may fall through [-Wimplicit-fallthrough=]
  573 |                 if(copyas(&p->from, v))
      |                   ^
/mnt/build_wrt/build_dir/hostpkg/go-1.24.13/.go_bootstrap/src/cmd/6c/peep.c:577:9: note: here
  577 |         case ANOP:      /* rhs store */
      |         ^~~~
/mnt/build_wrt/build_dir/hostpkg/go-1.24.13/.go_bootstrap/src/cmd/6c/peep.c:747:19: warning: this statement may fall through [-Wimplicit-fallthrough=]
  747 |                 if(p->to.type != D_NONE) {
      |                   ^
/mnt/build_wrt/build_dir/hostpkg/go-1.24.13/.go_bootstrap/src/cmd/6c/peep.c:753:9: note: here
  753 |         case ADIVB:
      |         ^~~~
/mnt/build_wrt/build_dir/hostpkg/go-1.24.13/.go_bootstrap/src/cmd/6c/reg.c: In function 'regopt':
/mnt/build_wrt/build_dir/hostpkg/go-1.24.13/.go_bootstrap/src/cmd/6c/reg.c:340:27: warning: this statement may fall through [-Wimplicit-fallthrough=]
  340 |                         if(p->to.type != D_NONE)
      |                           ^
/mnt/build_wrt/build_dir/hostpkg/go-1.24.13/.go_bootstrap/src/cmd/6c/reg.c:343:17: note: here
  343 |                 case AIDIVB:
      |                 ^~~~
In file included from /mnt/build_wrt/build_dir/hostpkg/go-1.24.13/.go_bootstrap/src/cmd/6c/gc.h:31,
                 from /mnt/build_wrt/build_dir/hostpkg/go-1.24.13/.go_bootstrap/src/cmd/6c/sgen.c:31:
/mnt/build_wrt/build_dir/hostpkg/go-1.24.13/.go_bootstrap/include/u.h:86:42: warning: expression does not compute the number of elements in this array; element type is 'struct __jmp_buf_tag', not 'long int' [-Wsizeof-array-div]
   86 | typedef long p9jmp_buf[sizeof(sigjmp_buf)/sizeof(long)];
      |                                          ^
/mnt/build_wrt/build_dir/hostpkg/go-1.24.13/.go_bootstrap/include/u.h:86:42: note: add parentheses around the second 'sizeof' to silence this warning
In file included from /mnt/build_wrt/build_dir/hostpkg/go-1.24.13/.go_bootstrap/src/cmd/6c/gc.h:31,
                 from /mnt/build_wrt/build_dir/hostpkg/go-1.24.13/.go_bootstrap/src/cmd/6c/swt.c:31:
/mnt/build_wrt/build_dir/hostpkg/go-1.24.13/.go_bootstrap/include/u.h:86:42: warning: expression does not compute the number of elements in this array; element type is 'struct __jmp_buf_tag', not 'long int' [-Wsizeof-array-div]
   86 | typedef long p9jmp_buf[sizeof(sigjmp_buf)/sizeof(long)];
      |                                          ^
/mnt/build_wrt/build_dir/hostpkg/go-1.24.13/.go_bootstrap/include/u.h:86:42: note: add parentheses around the second 'sizeof' to silence this warning
In file included from /mnt/build_wrt/build_dir/hostpkg/go-1.24.13/.go_bootstrap/src/cmd/6c/gc.h:31,
                 from /mnt/build_wrt/build_dir/hostpkg/go-1.24.13/.go_bootstrap/src/cmd/6c/txt.c:31:
/mnt/build_wrt/build_dir/hostpkg/go-1.24.13/.go_bootstrap/include/u.h:86:42: warning: expression does not compute the number of elements in this array; element type is 'struct __jmp_buf_tag', not 'long int' [-Wsizeof-array-div]
   86 | typedef long p9jmp_buf[sizeof(sigjmp_buf)/sizeof(long)];
      |                                          ^
/mnt/build_wrt/build_dir/hostpkg/go-1.24.13/.go_bootstrap/include/u.h:86:42: note: add parentheses around the second 'sizeof' to silence this warning
/mnt/build_wrt/build_dir/hostpkg/go-1.24.13/.go_bootstrap/src/cmd/6c/txt.c: In function 'gmove':
/mnt/build_wrt/build_dir/hostpkg/go-1.24.13/.go_bootstrap/src/cmd/6c/txt.c:995:56: warning: left shift of negative value [-Wshift-negative-value]
  995 |                                 f->vconst |= (vlong)~0 << 32;
      |                                                        ^~
/mnt/build_wrt/build_dir/hostpkg/go-1.24.13/.go_bootstrap/src/cmd/6c/txt.c:1045:56: warning: left shift of negative value [-Wshift-negative-value]
 1045 |                                 f->vconst |= (vlong)~0 << 32;
      |                                                        ^~
/mnt/build_wrt/build_dir/hostpkg/go-1.24.13/.go_bootstrap/src/cmd/6c/txt.c:762:19: warning: this statement may fall through [-Wimplicit-fallthrough=]
  762 |                 if(typefd[tt]) {
      |                   ^
/mnt/build_wrt/build_dir/hostpkg/go-1.24.13/.go_bootstrap/src/cmd/6c/txt.c:773:9: note: here
  773 |         case TUVLONG:
      |         ^~~~
cmd/6g
In file included from /mnt/build_wrt/build_dir/hostpkg/go-1.24.13/.go_bootstrap/src/cmd/6g/../gc/cplx.c:5:
/mnt/build_wrt/build_dir/hostpkg/go-1.24.13/.go_bootstrap/include/u.h:86:42: warning: expression does not compute the number of elements in this array; element type is 'struct __jmp_buf_tag', not 'long int' [-Wsizeof-array-div]
   86 | typedef long p9jmp_buf[sizeof(sigjmp_buf)/sizeof(long)];
      |                                          ^
In file included from /mnt/build_wrt/build_dir/hostpkg/go-1.24.13/.go_bootstrap/src/cmd/6g/../gc/plive.c:16:
/mnt/build_wrt/build_dir/hostpkg/go-1.24.13/.go_bootstrap/include/u.h:86:42: warning: expression does not compute the number of elements in this array; element type is 'struct __jmp_buf_tag', not 'long int' [-Wsizeof-array-div]
   86 | typedef long p9jmp_buf[sizeof(sigjmp_buf)/sizeof(long)];
      |                                          ^
/mnt/build_wrt/build_dir/hostpkg/go-1.24.13/.go_bootstrap/include/u.h:86:42: note: add parentheses around the second 'sizeof' to silence this warning
/mnt/build_wrt/build_dir/hostpkg/go-1.24.13/.go_bootstrap/include/u.h:86:42: note: add parentheses around the second 'sizeof' to silence this warning
In file included from /mnt/build_wrt/build_dir/hostpkg/go-1.24.13/.go_bootstrap/src/cmd/6g/../gc/popt.c:35:
/mnt/build_wrt/build_dir/hostpkg/go-1.24.13/.go_bootstrap/include/u.h:86:42: warning: expression does not compute the number of elements in this array; element type is 'struct __jmp_buf_tag', not 'long int' [-Wsizeof-array-div]
   86 | typedef long p9jmp_buf[sizeof(sigjmp_buf)/sizeof(long)];
      |                                          ^
In file included from /mnt/build_wrt/build_dir/hostpkg/go-1.24.13/.go_bootstrap/src/cmd/6g/../gc/pgen.c:9:
/mnt/build_wrt/build_dir/hostpkg/go-1.24.13/.go_bootstrap/include/u.h:86:42: warning: expression does not compute the number of elements in this array; element type is 'struct __jmp_buf_tag', not 'long int' [-Wsizeof-array-div]
   86 | typedef long p9jmp_buf[sizeof(sigjmp_buf)/sizeof(long)];
      |                                          ^
/mnt/build_wrt/build_dir/hostpkg/go-1.24.13/.go_bootstrap/include/u.h:86:42: note: add parentheses around the second 'sizeof' to silence this warning
/mnt/build_wrt/build_dir/hostpkg/go-1.24.13/.go_bootstrap/include/u.h:86:42: note: add parentheses around the second 'sizeof' to silence this warning
/mnt/build_wrt/build_dir/hostpkg/go-1.24.13/.go_bootstrap/src/cmd/6g/../gc/cplx.c: In function 'complexmove':
/mnt/build_wrt/build_dir/hostpkg/go-1.24.13/.go_bootstrap/src/cmd/6g/../gc/cplx.c:54:17: warning: this statement may fall through [-Wimplicit-fallthrough=]
   54 |                 fatal("complexmove: unknown conversion: %T -> %T\n",
      |                 ^~~~~~~~~~~~~~~~~~~~~~~~~~~~~~~~~~~~~~~~~~~~~~~~~~~~
   55 |                         f->type, t->type);
      |                         ~~~~~~~~~~~~~~~~~
/mnt/build_wrt/build_dir/hostpkg/go-1.24.13/.go_bootstrap/src/cmd/6g/../gc/cplx.c:57:9: note: here
   57 |         case CASE(TCOMPLEX64,TCOMPLEX64):
      |         ^~~~
/mnt/build_wrt/build_dir/hostpkg/go-1.24.13/.go_bootstrap/src/cmd/6g/../gc/cplx.c: In function 'complexgen':
/mnt/build_wrt/build_dir/hostpkg/go-1.24.13/.go_bootstrap/src/cmd/6g/../gc/cplx.c:199:17: warning: this statement may fall through [-Wimplicit-fallthrough=]
  199 |                 fatal("complexgen: unknown op %O", n->op);
      |                 ^~~~~~~~~~~~~~~~~~~~~~~~~~~~~~~~~~~~~~~~~
/mnt/build_wrt/build_dir/hostpkg/go-1.24.13/.go_bootstrap/src/cmd/6g/../gc/cplx.c:201:9: note: here
  201 |         case ODOT:
      |         ^~~~
In file included from /mnt/build_wrt/build_dir/hostpkg/go-1.24.13/.go_bootstrap/src/cmd/6g/cgen.c:5:
/mnt/build_wrt/build_dir/hostpkg/go-1.24.13/.go_bootstrap/include/u.h:86:42: warning: expression does not compute the number of elements in this array; element type is 'struct __jmp_buf_tag', not 'long int' [-Wsizeof-array-div]
   86 | typedef long p9jmp_buf[sizeof(sigjmp_buf)/sizeof(long)];
      |                                          ^
/mnt/build_wrt/build_dir/hostpkg/go-1.24.13/.go_bootstrap/include/u.h:86:42: note: add parentheses around the second 'sizeof' to silence this warning
In file included from /mnt/build_wrt/build_dir/hostpkg/go-1.24.13/.go_bootstrap/src/cmd/6g/galign.c:5:
/mnt/build_wrt/build_dir/hostpkg/go-1.24.13/.go_bootstrap/include/u.h:86:42: warning: expression does not compute the number of elements in this array; element type is 'struct __jmp_buf_tag', not 'long int' [-Wsizeof-array-div]
   86 | typedef long p9jmp_buf[sizeof(sigjmp_buf)/sizeof(long)];
      |                                          ^
/mnt/build_wrt/build_dir/hostpkg/go-1.24.13/.go_bootstrap/include/u.h:86:42: note: add parentheses around the second 'sizeof' to silence this warning
/mnt/build_wrt/build_dir/hostpkg/go-1.24.13/.go_bootstrap/src/cmd/6g/cgen.c: In function 'bgen':
/mnt/build_wrt/build_dir/hostpkg/go-1.24.13/.go_bootstrap/src/cmd/6g/cgen.c:1127:28: warning: this statement may fall through [-Wimplicit-fallthrough=]
 1127 |                 if(nr == N || nr->type == T)
/mnt/build_wrt/build_dir/hostpkg/go-1.24.13/.go_bootstrap/src/cmd/6g/cgen.c:1130:9: note: here
 1130 |         case ONOT:      // unary
      |         ^~~~
In file included from /mnt/build_wrt/build_dir/hostpkg/go-1.24.13/.go_bootstrap/src/cmd/6g/ggen.c:7:
/mnt/build_wrt/build_dir/hostpkg/go-1.24.13/.go_bootstrap/include/u.h:86:42: warning: expression does not compute the number of elements in this array; element type is 'struct __jmp_buf_tag', not 'long int' [-Wsizeof-array-div]
   86 | typedef long p9jmp_buf[sizeof(sigjmp_buf)/sizeof(long)];
      |                                          ^
/mnt/build_wrt/build_dir/hostpkg/go-1.24.13/.go_bootstrap/include/u.h:86:42: note: add parentheses around the second 'sizeof' to silence this warning
In file included from /mnt/build_wrt/build_dir/hostpkg/go-1.24.13/.go_bootstrap/src/cmd/6g/gobj.c:31:
/mnt/build_wrt/build_dir/hostpkg/go-1.24.13/.go_bootstrap/include/u.h:86:42: warning: expression does not compute the number of elements in this array; element type is 'struct __jmp_buf_tag', not 'long int' [-Wsizeof-array-div]
   86 | typedef long p9jmp_buf[sizeof(sigjmp_buf)/sizeof(long)];
      |                                          ^
/mnt/build_wrt/build_dir/hostpkg/go-1.24.13/.go_bootstrap/include/u.h:86:42: note: add parentheses around the second 'sizeof' to silence this warning
In file included from /mnt/build_wrt/build_dir/hostpkg/go-1.24.13/.go_bootstrap/src/cmd/6g/gsubr.c:31:
/mnt/build_wrt/build_dir/hostpkg/go-1.24.13/.go_bootstrap/include/u.h:86:42: warning: expression does not compute the number of elements in this array; element type is 'struct __jmp_buf_tag', not 'long int' [-Wsizeof-array-div]
   86 | typedef long p9jmp_buf[sizeof(sigjmp_buf)/sizeof(long)];
      |                                          ^
/mnt/build_wrt/build_dir/hostpkg/go-1.24.13/.go_bootstrap/include/u.h:86:42: note: add parentheses around the second 'sizeof' to silence this warning
/mnt/build_wrt/build_dir/hostpkg/go-1.24.13/.go_bootstrap/src/cmd/6g/gsubr.c: In function 'regalloc':
/mnt/build_wrt/build_dir/hostpkg/go-1.24.13/.go_bootstrap/src/cmd/6g/gsubr.c:373:17: warning: this statement may fall through [-Wimplicit-fallthrough=]
  373 |                 fatal("out of fixed registers");
      |                 ^~~~~~~~~~~~~~~~~~~~~~~~~~~~~~~
/mnt/build_wrt/build_dir/hostpkg/go-1.24.13/.go_bootstrap/src/cmd/6g/gsubr.c:375:9: note: here
  375 |         case TFLOAT32:
      |         ^~~~
/mnt/build_wrt/build_dir/hostpkg/go-1.24.13/.go_bootstrap/src/cmd/6g/gsubr.c:385:17: warning: this statement may fall through [-Wimplicit-fallthrough=]
  385 |                 fatal("out of floating registers");
      |                 ^~~~~~~~~~~~~~~~~~~~~~~~~~~~~~~~~~
/mnt/build_wrt/build_dir/hostpkg/go-1.24.13/.go_bootstrap/src/cmd/6g/gsubr.c:387:9: note: here
  387 |         case TCOMPLEX64:
      |         ^~~~
/mnt/build_wrt/build_dir/hostpkg/go-1.24.13/.go_bootstrap/src/cmd/6g/gsubr.c: In function 'gmove':
/mnt/build_wrt/build_dir/hostpkg/go-1.24.13/.go_bootstrap/src/cmd/6g/gsubr.c:684:17: warning: this statement may fall through [-Wimplicit-fallthrough=]
  684 |                 fatal("gmove %lT -> %lT", f->type, t->type);
      |                 ^~~~~~~~~~~~~~~~~~~~~~~~~~~~~~~~~~~~~~~~~~~
/mnt/build_wrt/build_dir/hostpkg/go-1.24.13/.go_bootstrap/src/cmd/6g/gsubr.c:689:9: note: here
  689 |         case CASE(TINT8, TINT8):        // same size
      |         ^~~~
/mnt/build_wrt/build_dir/hostpkg/go-1.24.13/.go_bootstrap/src/cmd/6g/gsubr.c: In function 'naddr':
/mnt/build_wrt/build_dir/hostpkg/go-1.24.13/.go_bootstrap/src/cmd/6g/gsubr.c:1215:25: warning: this statement may fall through [-Wimplicit-fallthrough=]
 1215 |                         fatal("naddr: ONAME class %S %d\n", n->sym, n->class);
      |                         ^~~~~~~~~~~~~~~~~~~~~~~~~~~~~~~~~~~~~~~~~~~~~~~~~~~~~
/mnt/build_wrt/build_dir/hostpkg/go-1.24.13/.go_bootstrap/src/cmd/6g/gsubr.c:1216:17: note: here
 1216 |                 case PEXTERN:
      |                 ^~~~
/mnt/build_wrt/build_dir/hostpkg/go-1.24.13/.go_bootstrap/src/cmd/6g/gsubr.c:1281:17: warning: this statement may fall through [-Wimplicit-fallthrough=]
 1281 |                 fatal("naddr: OADDR\n");
      |                 ^~~~~~~~~~~~~~~~~~~~~~~
/mnt/build_wrt/build_dir/hostpkg/go-1.24.13/.go_bootstrap/src/cmd/6g/gsubr.c:1283:9: note: here
 1283 |         case OITAB:
      |         ^~~~
In file included from /mnt/build_wrt/build_dir/hostpkg/go-1.24.13/.go_bootstrap/src/cmd/6g/peep.c:31:
/mnt/build_wrt/build_dir/hostpkg/go-1.24.13/.go_bootstrap/include/u.h:86:42: warning: expression does not compute the number of elements in this array; element type is 'struct __jmp_buf_tag', not 'long int' [-Wsizeof-array-div]
   86 | typedef long p9jmp_buf[sizeof(sigjmp_buf)/sizeof(long)];
      |                                          ^
/mnt/build_wrt/build_dir/hostpkg/go-1.24.13/.go_bootstrap/include/u.h:86:42: note: add parentheses around the second 'sizeof' to silence this warning
In file included from /mnt/build_wrt/build_dir/hostpkg/go-1.24.13/.go_bootstrap/src/cmd/6g/prog.c:5:
/mnt/build_wrt/build_dir/hostpkg/go-1.24.13/.go_bootstrap/include/u.h:86:42: warning: expression does not compute the number of elements in this array; element type is 'struct __jmp_buf_tag', not 'long int' [-Wsizeof-array-div]
   86 | typedef long p9jmp_buf[sizeof(sigjmp_buf)/sizeof(long)];
      |                                          ^
/mnt/build_wrt/build_dir/hostpkg/go-1.24.13/.go_bootstrap/include/u.h:86:42: note: add parentheses around the second 'sizeof' to silence this warning
In file included from /mnt/build_wrt/build_dir/hostpkg/go-1.24.13/.go_bootstrap/src/cmd/6g/reg.c:31:
/mnt/build_wrt/build_dir/hostpkg/go-1.24.13/.go_bootstrap/include/u.h:86:42: warning: expression does not compute the number of elements in this array; element type is 'struct __jmp_buf_tag', not 'long int' [-Wsizeof-array-div]
   86 | typedef long p9jmp_buf[sizeof(sigjmp_buf)/sizeof(long)];
      |                                          ^
/mnt/build_wrt/build_dir/hostpkg/go-1.24.13/.go_bootstrap/include/u.h:86:42: note: add parentheses around the second 'sizeof' to silence this warning
/mnt/build_wrt/build_dir/hostpkg/go-1.24.13/.go_bootstrap/src/cmd/6g/reg.c: In function 'addmove':
/mnt/build_wrt/build_dir/hostpkg/go-1.24.13/.go_bootstrap/src/cmd/6g/reg.c:525:17: warning: this statement may fall through [-Wimplicit-fallthrough=]
  525 |                 fatal("unknown type %E", v->etype);
      |                 ^~~~~~~~~~~~~~~~~~~~~~~~~~~~~~~~~~
/mnt/build_wrt/build_dir/hostpkg/go-1.24.13/.go_bootstrap/src/cmd/6g/reg.c:526:9: note: here
  526 |         case TINT8:
      |         ^~~~
runtime
errors
sync/atomic
sync
io
unicode
unicode/utf8
unicode/utf16
bytes
math
strings
strconv
bufio
sort
container/heap
encoding/base64
syscall
time
os
reflect
fmt
encoding
encoding/json
flag
path/filepath
path
io/ioutil
log
regexp/syntax
regexp
go/token
go/scanner
go/ast
go/parser
os/exec
os/signal
net/url
text/template/parse
text/template
go/doc
go/build
cmd/go

# Building packages and commands for linux/amd64.
runtime
errors
sync/atomic
unicode
unicode/utf8
math
sync
sort
io
syscall
hash
container/heap
encoding
unicode/utf16
hash/crc32
container/list
crypto/subtle
crypto/cipher
bytes
strings
bufio
time
text/tabwriter
path
crypto/hmac
internal/syscall
html
compress/bzip2
strconv
math/rand
hash/adler32
container/ring
hash/crc64
hash/fnv
image/color
os
image/color/palette
math/cmplx
reflect
regexp/syntax
crypto
crypto/md5
path/filepath
encoding/base64
net/url
io/ioutil
os/exec
crypto/aes
regexp
crypto/rc4
crypto/sha1
crypto/sha256
fmt
encoding/binary
crypto/sha512
encoding/pem
crypto/des
net
os/signal
cmd/pprof/internal/svg
encoding/ascii85
encoding/base32
image
index/suffixarray
runtime/race
cmd/internal/goobj
cmd/internal/rsc.io/arm/armasm
cmd/internal/rsc.io/x86/x86asm
debug/dwarf
debug/elf
debug/gosym
debug/macho
debug/pe
debug/plan9obj
flag
log
cmd/internal/objfile
go/token
encoding/json
go/scanner
go/ast
encoding/xml
cmd/addr2line
text/template/parse
go/parser
go/printer
text/template
compress/flate
math/big
cmd/cgo
go/format
go/doc
cmd/fix
compress/gzip
crypto/elliptic
go/build
encoding/asn1
crypto/rand
crypto/ecdsa
crypto/rsa
crypto/dsa
crypto/x509/pkix
encoding/hex
mime
crypto/x509
net/textproto
net/http/internal
runtime/pprof
mime/multipart
cmd/gofmt
cmd/nm
crypto/tls
cmd/objdump
cmd/pack
cmd/pprof/internal/profile
net/http
html/template
cmd/pprof/internal/tempfile
cmd/yacc
cmd/pprof/internal/plugin
cmd/pprof/internal/symbolizer
cmd/pprof/internal/symbolz
archive/tar
cmd/pprof/internal/report
archive/zip
cmd/go
cmd/pprof/internal/fetch
compress/lzw
compress/zlib
cmd/pprof/internal/commands
database/sql/driver
encoding/csv
encoding/gob
database/sql
cmd/pprof/internal/driver
expvar
cmd/pprof
image/draw
image/gif
image/jpeg
image/png
log/syslog
net/http/cgi
net/http/cookiejar
net/http/httptest
net/http/fcgi
net/http/httputil
net/http/pprof
net/mail
net/rpc
net/smtp
os/user
runtime/debug
net/rpc/jsonrpc
testing
testing/iotest
testing/quick
text/scanner


---
Installed Go for linux/amd64 in /mnt/build_wrt/build_dir/hostpkg/go-1.24.13/.go_bootstrap
Installed commands in /mnt/build_wrt/build_dir/hostpkg/go-1.24.13/.go_bootstrap/bin
cd "/mnt/build_wrt/build_dir/hostpkg/go-1.24.13/.go_bootstrap_1.17/src" ;  GOROOT_BOOTSTRAP="/mnt/build_wrt/build_dir/hostpkg/go-1.24.13/.go_bootstrap" GOHOSTARCH="amd64" GOCACHE="/mnt/build_wrt/tmp/go-build" GOENV=off CC="/mnt/build_wrt/staging_dir/host/bin/gcc" CXX="/mnt/build_wrt/staging_dir/host/bin/g++"  bash make.bash -v --no-banner
Building Go cmd/dist using /mnt/build_wrt/build_dir/hostpkg/go-1.24.13/.go_bootstrap. (go1.4-bootstrap-20170531 linux/amd64)
cmd/dist

Building Go toolchain1 using /mnt/build_wrt/build_dir/hostpkg/go-1.24.13/.go_bootstrap.
bootstrap/cmd/internal/bio
bootstrap/internal/goexperiment
bootstrap/math/bits
bootstrap/sort
bootstrap/internal/buildcfg
bootstrap/strconv
bootstrap/internal/unsafeheader
bootstrap/cmd/internal/src
bootstrap/cmd/internal/sys
bootstrap/cmd/internal/edit
bootstrap/cmd/internal/pkgpath
bootstrap/internal/goversion
bootstrap/cmd/internal/gcprog
bootstrap/container/heap
bootstrap/internal/race
bootstrap/cmd/compile/internal/test
bootstrap/cmd/link/internal/benchmark
bootstrap/cmd/internal/objabi
bootstrap/debug/dwarf
bootstrap/compress/flate
bootstrap/math/big
bootstrap/cmd/internal/dwarf
bootstrap/cmd/internal/goobj
bootstrap/cmd/asm/internal/flags
bootstrap/cmd/asm/internal/lex
bootstrap/cmd/internal/obj
bootstrap/compress/zlib
bootstrap/internal/xcoff
bootstrap/debug/elf
bootstrap/debug/macho
bootstrap/debug/pe
bootstrap/go/constant
bootstrap/cmd/compile/internal/syntax
bootstrap/cmd/cgo
bootstrap/cmd/internal/archive
bootstrap/cmd/internal/obj/arm
bootstrap/cmd/internal/obj/arm64
bootstrap/cmd/internal/obj/mips
bootstrap/cmd/internal/obj/ppc64
bootstrap/cmd/internal/obj/riscv
bootstrap/cmd/internal/obj/s390x
bootstrap/cmd/internal/obj/wasm
bootstrap/cmd/internal/obj/x86
bootstrap/cmd/compile/internal/base
bootstrap/cmd/compile/internal/logopt
bootstrap/cmd/compile/internal/types
bootstrap/cmd/compile/internal/bitvec
bootstrap/cmd/compile/internal/types2
bootstrap/cmd/internal/codesign
bootstrap/cmd/link/internal/sym
bootstrap/cmd/link/internal/loader
bootstrap/cmd/compile/internal/ir
bootstrap/cmd/asm/internal/arch
bootstrap/cmd/compile/internal/typebits
bootstrap/cmd/link/internal/loadelf
bootstrap/cmd/asm/internal/asm
bootstrap/cmd/link/internal/loadmacho
bootstrap/cmd/link/internal/loadpe
bootstrap/cmd/asm
bootstrap/cmd/link/internal/loadxcoff
bootstrap/cmd/link/internal/ld
bootstrap/cmd/compile/internal/objw
bootstrap/cmd/compile/internal/abi
bootstrap/cmd/compile/internal/typecheck
bootstrap/cmd/compile/internal/deadcode
bootstrap/cmd/compile/internal/importer
bootstrap/cmd/compile/internal/escape
bootstrap/cmd/compile/internal/inline
bootstrap/cmd/compile/internal/staticdata
bootstrap/cmd/compile/internal/devirtualize
bootstrap/cmd/link/internal/amd64
bootstrap/cmd/link/internal/arm
bootstrap/cmd/link/internal/arm64
bootstrap/cmd/link/internal/mips
bootstrap/cmd/link/internal/mips64
bootstrap/cmd/compile/internal/reflectdata
bootstrap/cmd/link/internal/ppc64
bootstrap/cmd/link/internal/riscv64
bootstrap/cmd/link/internal/s390x
bootstrap/cmd/link/internal/wasm
bootstrap/cmd/link/internal/x86
bootstrap/cmd/link
bootstrap/cmd/compile/internal/ssa
bootstrap/cmd/compile/internal/staticinit
bootstrap/cmd/compile/internal/pkginit
bootstrap/cmd/compile/internal/liveness
bootstrap/cmd/compile/internal/ssagen
bootstrap/cmd/compile/internal/amd64
bootstrap/cmd/compile/internal/arm
bootstrap/cmd/compile/internal/arm64
bootstrap/cmd/compile/internal/dwarfgen
bootstrap/cmd/compile/internal/walk
bootstrap/cmd/compile/internal/mips
bootstrap/cmd/compile/internal/mips64
bootstrap/cmd/compile/internal/noder
bootstrap/cmd/compile/internal/ppc64
bootstrap/cmd/compile/internal/riscv64
bootstrap/cmd/compile/internal/s390x
bootstrap/cmd/compile/internal/wasm
bootstrap/cmd/compile/internal/x86
bootstrap/cmd/compile/internal/gc
bootstrap/cmd/compile

Building Go bootstrap cmd/go (go_bootstrap) using Go toolchain1.
runtime
runtime/internal/math
internal/bytealg
internal/abi
internal/goexperiment
internal/cpu
runtime/internal/sys
runtime/internal/atomic
cmd/go
cmd/go/internal/version
log
os
cmd/go/internal/list
cmd/go/internal/modload
cmd/go/internal/run
cmd/go/internal/trace
strings
cmd/go/internal/clean
fmt
path/filepath
cmd/go/internal/help
cmd/go/internal/work
cmd/go/internal/generate
cmd/go/internal/test
cmd/go/internal/base
cmd/go/internal/fix
cmd/go/internal/vet
cmd/go/internal/doc
cmd/go/internal/envcmd
cmd/go/internal/get
cmd/go/internal/modfetch
cmd/go/internal/modget
context
cmd/go/internal/bug
cmd/go/internal/cfg
cmd/go/internal/fmtcmd
cmd/go/internal/tool
flag
internal/buildcfg
cmd/go/internal/modcmd
debug/elf
encoding/binary
debug/macho
debug/pe
bytes
internal/xcoff
io
io/fs
sync
time
internal/oserror
internal/syscall/unix
syscall
internal/poll
internal/syscall/execenv
internal/itoa
sort
internal/testlog
errors
sync/atomic
internal/unsafeheader
cmd/go/internal/str
go/build
bufio
cmd/go/internal/cache
cmd/go/internal/load
cmd/go/internal/modinfo
encoding/json
text/template
cmd/vendor/golang.org/x/mod/module
cmd/go/internal/mvs
path
cmd/go/internal/fsys
cmd/go/internal/modconv
encoding/hex
cmd/vendor/golang.org/x/mod/semver
cmd/vendor/golang.org/x/mod/modfile
cmd/go/internal/imports
internal/goroot
reflect
unicode
cmd/go/internal/par
runtime/debug
strconv
cmd/go/internal/search
internal/lazyregexp
cmd/go/internal/lockedfile
cmd/internal/traceviewer
unicode/utf8
math
internal/fmtsort
crypto/sha1
cmd/internal/buildid
math/rand
regexp
cmd/internal/sys
cmd/internal/pkgpath
container/heap
cmd/internal/objabi
internal/execabs
go/token
go/parser
cmd/internal/test2json
crypto/sha256
cmd/go/internal/cmdflag
os/signal
cmd/go/internal/vcs
cmd/go/internal/web
cmd/go/internal/modfetch/codehost
cmd/go/internal/robustio
net/url
encoding/base64
archive/zip
cmd/vendor/golang.org/x/mod/zip
cmd/vendor/golang.org/x/mod/sumdb/dirhash
internal/reflectlite
internal/cfg
compress/zlib
debug/dwarf
internal/race
go/ast
go/doc
io/ioutil
go/build/constraint
internal/goversion
hash
go/scanner
internal/lazytemplate
encoding
unicode/utf16
text/template/parse
cmd/vendor/golang.org/x/xerrors
cmd/vendor/golang.org/x/mod/internal/lazyregexp
math/bits
cmd/go/internal/lockedfile/internal/filelock
crypto
cmd/internal/codesign
regexp/syntax
os/exec
go/internal/typeparams
encoding/xml
internal/singleflight
hash/crc32
compress/flate
hash/adler32
cmd/vendor/golang.org/x/xerrors/internal


Building Go toolchain2 using go_bootstrap and Go toolchain1.
internal/unsafeheader
internal/goexperiment
internal/abi
internal/cpu
runtime/internal/atomic
runtime/internal/sys
internal/race
runtime/internal/math
sync/atomic
unicode
unicode/utf8
internal/bytealg
internal/itoa
math/bits
encoding
unicode/utf16
runtime
math
internal/goversion
internal/reflectlite
sync
internal/testlog
math/rand
errors
sort
io
internal/oserror
strconv
syscall
path
bytes
strings
hash
reflect
crypto
hash/adler32
bufio
go/build/constraint
text/tabwriter
regexp/syntax
container/heap
hash/crc32
html
internal/syscall/unix
time
internal/syscall/execenv
regexp
io/fs
context
internal/poll
os
internal/fmtsort
encoding/binary
cmd/internal/sys
crypto/sha1
crypto/md5
encoding/base64
crypto/sha256
path/filepath
io/ioutil
fmt
runtime/debug
internal/lazyregexp
os/exec
log
internal/buildcfg
internal/execabs
flag
cmd/internal/src
text/scanner
cmd/internal/bio
cmd/internal/edit
cmd/internal/objabi
cmd/internal/pkgpath
debug/dwarf
compress/flate
go/token
cmd/internal/dwarf
cmd/internal/goobj
cmd/asm/internal/flags
cmd/asm/internal/lex
compress/zlib
go/scanner
cmd/internal/obj
encoding/json
go/ast
debug/elf
debug/macho
debug/pe
go/internal/typeparams
go/parser
cmd/internal/obj/arm
cmd/internal/obj/arm64
cmd/internal/obj/mips
cmd/internal/obj/ppc64
cmd/internal/obj/riscv
cmd/internal/obj/s390x
cmd/internal/obj/wasm
cmd/internal/obj/x86
go/printer
internal/xcoff
cmd/compile/internal/base
math/big
net/url
cmd/cgo
cmd/compile/internal/logopt
cmd/compile/internal/bitvec
cmd/asm/internal/arch
cmd/internal/gcprog
encoding/hex
cmd/compile/internal/syntax
cmd/asm/internal/asm
go/constant
cmd/asm
cmd/compile/internal/types
text/template/parse
cmd/compile/internal/types2
cmd/compile/internal/ir
cmd/compile/internal/typebits
internal/goroot
cmd/internal/archive
compress/gzip
runtime/pprof
text/template
runtime/trace
cmd/internal/codesign
cmd/link/internal/benchmark
cmd/link/internal/sym
cmd/link/internal/loader
go/doc
go/build
cmd/link/internal/loadelf
cmd/link/internal/loadmacho
cmd/link/internal/loadpe
cmd/link/internal/loadxcoff
cmd/compile/internal/objw
cmd/compile/internal/abi
cmd/compile/internal/typecheck
cmd/compile/internal/deadcode
cmd/link/internal/ld
cmd/compile/internal/importer
cmd/compile/internal/inline
cmd/compile/internal/escape
cmd/compile/internal/staticdata
cmd/compile/internal/devirtualize
cmd/link/internal/amd64
cmd/link/internal/arm
cmd/link/internal/arm64
cmd/link/internal/mips
cmd/link/internal/mips64
cmd/link/internal/ppc64
cmd/link/internal/riscv64
cmd/compile/internal/reflectdata
cmd/link/internal/s390x
cmd/link/internal/wasm
cmd/link/internal/x86
cmd/link
cmd/compile/internal/staticinit
cmd/compile/internal/ssa
cmd/compile/internal/pkginit
cmd/compile/internal/liveness
cmd/compile/internal/ssagen
cmd/compile/internal/amd64
cmd/compile/internal/arm
cmd/compile/internal/arm64
cmd/compile/internal/dwarfgen
cmd/compile/internal/walk
cmd/compile/internal/mips
cmd/compile/internal/noder
cmd/compile/internal/mips64
cmd/compile/internal/ppc64
cmd/compile/internal/riscv64
cmd/compile/internal/s390x
cmd/compile/internal/wasm
cmd/compile/internal/x86
cmd/compile/internal/gc
cmd/compile

Building Go toolchain3 using go_bootstrap and Go toolchain2.
internal/unsafeheader
internal/goexperiment
internal/abi
runtime/internal/atomic
internal/cpu
runtime/internal/sys
internal/race
runtime/internal/math
sync/atomic
unicode
unicode/utf8
internal/bytealg
internal/itoa
math/bits
encoding
unicode/utf16
math
runtime
internal/goversion
internal/reflectlite
sync
internal/testlog
math/rand
errors
sort
io
internal/oserror
strconv
syscall
path
bytes
container/heap
strings
reflect
hash
crypto
hash/adler32
bufio
go/build/constraint
text/tabwriter
regexp/syntax
internal/syscall/unix
time
internal/syscall/execenv
hash/crc32
html
regexp
io/fs
internal/poll
context
internal/fmtsort
encoding/binary
os
cmd/internal/sys
crypto/md5
crypto/sha1
encoding/base64
path/filepath
fmt
io/ioutil
runtime/debug
crypto/sha256
os/exec
internal/lazyregexp
log
internal/buildcfg
flag
internal/execabs
cmd/internal/src
text/scanner
cmd/internal/bio
cmd/internal/objabi
cmd/internal/edit
cmd/internal/pkgpath
debug/dwarf
compress/flate
go/token
cmd/internal/dwarf
cmd/internal/goobj
cmd/asm/internal/flags
cmd/asm/internal/lex
compress/zlib
go/scanner
cmd/internal/obj
encoding/json
go/ast
debug/elf
debug/macho
debug/pe
go/internal/typeparams
cmd/internal/obj/arm
cmd/internal/obj/arm64
cmd/internal/obj/mips
cmd/internal/obj/ppc64
cmd/internal/obj/riscv
cmd/internal/obj/s390x
cmd/internal/obj/wasm
cmd/internal/obj/x86
go/parser
go/printer
internal/xcoff
cmd/compile/internal/base
math/big
cmd/cgo
net/url
cmd/asm/internal/arch
cmd/compile/internal/logopt
cmd/compile/internal/bitvec
cmd/asm/internal/asm
cmd/internal/gcprog
encoding/hex
cmd/compile/internal/syntax
go/constant
cmd/asm
cmd/compile/internal/types
text/template/parse
cmd/compile/internal/types2
internal/goroot
cmd/internal/archive
cmd/compile/internal/ir
cmd/compile/internal/typebits
compress/gzip
text/template
runtime/pprof
runtime/trace
cmd/internal/codesign
cmd/link/internal/benchmark
go/doc
cmd/link/internal/sym
cmd/link/internal/loader
go/build
cmd/link/internal/loadelf
cmd/compile/internal/objw
cmd/compile/internal/abi
cmd/compile/internal/typecheck
cmd/compile/internal/deadcode
cmd/link/internal/loadmacho
cmd/link/internal/loadpe
cmd/link/internal/loadxcoff
cmd/link/internal/ld
cmd/compile/internal/importer
cmd/compile/internal/staticdata
cmd/compile/internal/escape
cmd/compile/internal/inline
cmd/compile/internal/devirtualize
cmd/compile/internal/reflectdata
cmd/link/internal/arm
cmd/link/internal/arm64
cmd/link/internal/amd64
cmd/link/internal/mips
cmd/compile/internal/staticinit
cmd/compile/internal/ssa
cmd/link/internal/mips64
cmd/link/internal/ppc64
cmd/link/internal/riscv64
cmd/link/internal/s390x
cmd/compile/internal/pkginit
cmd/link/internal/wasm
cmd/link/internal/x86
cmd/link
cmd/compile/internal/liveness
cmd/compile/internal/ssagen
cmd/compile/internal/arm
cmd/compile/internal/arm64
cmd/compile/internal/dwarfgen
cmd/compile/internal/amd64
cmd/compile/internal/noder
cmd/compile/internal/walk
cmd/compile/internal/mips
cmd/compile/internal/mips64
cmd/compile/internal/ppc64
cmd/compile/internal/riscv64
cmd/compile/internal/s390x
cmd/compile/internal/wasm
cmd/compile/internal/x86
cmd/compile/internal/gc
cmd/compile

Building packages and commands for linux/amd64.
container/list
container/ring
crypto/internal/subtle
crypto/subtle
debug/gosym
runtime/cgo
debug/plan9obj
cmd/vendor/golang.org/x/arch/arm/armasm
cmd/vendor/golang.org/x/arch/arm64/arm64asm
cmd/vendor/golang.org/x/arch/ppc64/ppc64asm
cmd/vendor/golang.org/x/arch/x86/x86asm
archive/zip
compress/bzip2
compress/lzw
cmd/internal/objfile
crypto/cipher
crypto/internal/randutil
crypto/dsa
crypto/elliptic/internal/fiat
crypto/aes
cmd/addr2line
crypto/des
crypto/elliptic
crypto/sha512
os/user
encoding/asn1
vendor/golang.org/x/crypto/cryptobyte/asn1
crypto/ed25519/internal/edwards25519/field
vendor/golang.org/x/crypto/cryptobyte
crypto/rand
crypto/ed25519/internal/edwards25519
crypto/hmac
crypto/rc4
crypto/rsa
crypto/ecdsa
crypto/ed25519
crypto/x509/pkix
encoding/pem
vendor/golang.org/x/net/dns/dnsmessage
internal/nettrace
internal/singleflight
vendor/golang.org/x/crypto/internal/subtle
vendor/golang.org/x/crypto/chacha20
vendor/golang.org/x/crypto/poly1305
vendor/golang.org/x/sys/cpu
vendor/golang.org/x/crypto/curve25519
vendor/golang.org/x/crypto/chacha20poly1305
vendor/golang.org/x/crypto/hkdf
database/sql/driver
net
embed
archive/tar
database/sql
encoding/ascii85
encoding/base32
encoding/csv
encoding/gob
encoding/xml
vendor/golang.org/x/text/transform
vendor/golang.org/x/text/unicode/bidi
vendor/golang.org/x/text/secure/bidirule
vendor/golang.org/x/text/unicode/norm
vendor/golang.org/x/net/http2/hpack
mime
mime/quotedprintable
net/http/internal
net/http/internal/ascii
go/format
go/types
hash/crc64
hash/fnv
vendor/golang.org/x/net/idna
hash/maphash
html/template
image/color
image
image/color/palette
index/suffixarray
image/internal/imageutil
image/draw
image/jpeg
image/gif
image/png
internal/cfg
internal/lazytemplate
internal/obscuretestdata
internal/profile
crypto/x509
net/textproto
vendor/golang.org/x/net/http/httpguts
vendor/golang.org/x/net/http/httpproxy
mime/multipart
internal/sysinfo
testing
internal/trace
crypto/tls
internal/testenv
log/syslog
math/cmplx
net/http/internal/testcert
net/internal/socktest
net/mail
os/signal
go/internal/gccgoimporter
go/internal/gcimporter
go/internal/srcimporter
os/signal/internal/pty
plugin
go/importer
reflect/internal/example1
reflect/internal/example2
runtime/metrics
runtime/race
testing/iotest
testing/fstest
net/http/httptrace
net/http
net/smtp
testing/internal/testdeps
testing/quick
vendor/golang.org/x/net/nettest
time/tzdata
cmd/api
cmd/internal/buildid
cmd/buildid
cmd/compile/internal/test
cmd/internal/browser
cmd/vendor/golang.org/x/tools/cover
cmd/cover
cmd/dist
cmd/vendor/golang.org/x/mod/semver
cmd/doc
cmd/internal/diff
cmd/fix
cmd/go/internal/fsys
cmd/go/internal/cfg
cmd/go/internal/str
cmd/go/internal/base
cmd/go/internal/lockedfile/internal/filelock
cmd/go/internal/lockedfile
cmd/go/internal/imports
cmd/go/internal/cache
cmd/go/internal/par
cmd/go/internal/robustio
cmd/internal/traceviewer
cmd/go/internal/trace
cmd/go/internal/search
cmd/vendor/golang.org/x/mod/internal/lazyregexp
cmd/vendor/golang.org/x/xerrors/internal
cmd/vendor/golang.org/x/xerrors
cmd/vendor/golang.org/x/crypto/ed25519
cmd/vendor/golang.org/x/mod/sumdb/note
cmd/vendor/golang.org/x/mod/sumdb/tlog
expvar
net/http/cgi
net/http/cookiejar
net/http/httptest
net/http/httputil
net/http/pprof
net/http/fcgi
net/rpc
cmd/go/internal/auth
cmd/go/internal/web
cmd/vendor/golang.org/x/mod/module
cmd/vendor/golang.org/x/mod/sumdb/dirhash
cmd/go/internal/modinfo
cmd/go/internal/doc
cmd/go/internal/modfetch/codehost
cmd/go/internal/cmdflag
net/rpc/jsonrpc
cmd/go/internal/vcs
cmd/vendor/golang.org/x/mod/modfile
cmd/vendor/golang.org/x/mod/sumdb
cmd/vendor/golang.org/x/mod/zip
cmd/go/internal/mvs
cmd/internal/test2json
cmd/go/internal/tool
cmd/go/internal/version
cmd/go/internal/txtar
cmd/gofmt
cmd/go/internal/modfetch
cmd/go/internal/modconv
cmd/nm
cmd/objdump
cmd/pack
cmd/go/internal/modload
cmd/vendor/github.com/google/pprof/internal/elfexec
cmd/vendor/github.com/google/pprof/profile
cmd/vendor/github.com/ianlancetaylor/demangle
cmd/vendor/github.com/google/pprof/third_party/d3
cmd/vendor/github.com/google/pprof/third_party/d3flamegraph
cmd/vendor/github.com/google/pprof/third_party/svgpan
cmd/vendor/golang.org/x/sys/internal/unsafeheader
cmd/vendor/golang.org/x/sys/unix
cmd/vendor/github.com/google/pprof/internal/plugin
cmd/vendor/github.com/google/pprof/internal/measurement
cmd/vendor/github.com/google/pprof/internal/graph
cmd/go/internal/load
cmd/go/internal/help
cmd/vendor/github.com/google/pprof/internal/binutils
cmd/vendor/github.com/google/pprof/internal/report
cmd/vendor/github.com/google/pprof/internal/symbolz
cmd/vendor/github.com/google/pprof/internal/transport
cmd/vendor/golang.org/x/term
cmd/vendor/github.com/google/pprof/internal/symbolizer
cmd/test2json
cmd/trace
cmd/vendor/github.com/google/pprof/internal/driver
cmd/go/internal/work
cmd/go/internal/fix
cmd/go/internal/fmtcmd
cmd/go/internal/modcmd
cmd/vendor/golang.org/x/crypto/ed25519/internal/edwards25519
cmd/vendor/github.com/google/pprof/driver
cmd/pprof
cmd/vendor/golang.org/x/tools/go/ast/astutil
cmd/go/internal/envcmd
cmd/go/internal/clean
cmd/go/internal/bug
cmd/go/internal/generate
cmd/go/internal/get
cmd/go/internal/list
cmd/go/internal/modget
cmd/go/internal/run
cmd/go/internal/vet
cmd/go/internal/test
cmd/vendor/golang.org/x/tools/internal/lsp/fuzzy
cmd/vendor/golang.org/x/tools/go/types/objectpath
cmd/vendor/golang.org/x/tools/internal/analysisinternal
cmd/vendor/golang.org/x/tools/go/analysis/passes/internal/analysisutil
cmd/vendor/golang.org/x/tools/go/ast/inspector
cmd/go
cmd/vendor/golang.org/x/tools/go/cfg
cmd/vendor/golang.org/x/tools/go/analysis
cmd/vendor/golang.org/x/tools/go/types/typeutil
cmd/vendor/golang.org/x/tools/go/analysis/internal/analysisflags
cmd/vendor/golang.org/x/tools/go/analysis/internal/facts
cmd/vendor/golang.org/x/tools/go/analysis/passes/asmdecl
cmd/vendor/golang.org/x/tools/go/analysis/passes/inspect
cmd/vendor/golang.org/x/tools/go/analysis/passes/assign
cmd/vendor/golang.org/x/tools/go/analysis/passes/atomic
cmd/vendor/golang.org/x/tools/go/analysis/passes/bools
cmd/vendor/golang.org/x/tools/go/analysis/passes/buildtag
cmd/vendor/golang.org/x/tools/go/analysis/passes/cgocall
cmd/vendor/golang.org/x/tools/go/analysis/passes/composite
cmd/vendor/golang.org/x/tools/go/analysis/passes/copylock
cmd/vendor/golang.org/x/tools/go/analysis/passes/ctrlflow
cmd/vendor/golang.org/x/tools/go/analysis/passes/errorsas
cmd/vendor/golang.org/x/tools/go/analysis/passes/framepointer
cmd/vendor/golang.org/x/tools/go/analysis/passes/httpresponse
cmd/vendor/golang.org/x/tools/go/analysis/passes/ifaceassert
cmd/vendor/golang.org/x/tools/go/analysis/passes/loopclosure
cmd/vendor/golang.org/x/tools/go/analysis/passes/lostcancel
cmd/vendor/golang.org/x/tools/go/analysis/passes/nilfunc
cmd/vendor/golang.org/x/tools/go/analysis/passes/printf
cmd/vendor/golang.org/x/tools/go/analysis/passes/shift
cmd/vendor/golang.org/x/tools/go/analysis/passes/sigchanyzer
cmd/vendor/golang.org/x/tools/go/analysis/passes/stdmethods
cmd/vendor/golang.org/x/tools/go/analysis/passes/stringintconv
cmd/vendor/golang.org/x/tools/go/analysis/passes/structtag
cmd/vendor/golang.org/x/tools/go/analysis/passes/testinggoroutine
cmd/vendor/golang.org/x/tools/go/analysis/passes/tests
cmd/vendor/golang.org/x/tools/go/analysis/passes/unmarshal
cmd/vendor/golang.org/x/tools/go/analysis/passes/unreachable
cmd/vendor/golang.org/x/tools/go/analysis/passes/unsafeptr
cmd/vendor/golang.org/x/tools/go/analysis/passes/unusedresult
cmd/vendor/golang.org/x/tools/go/analysis/unitchecker
cmd/vet
cd "/mnt/build_wrt/build_dir/hostpkg/go-1.24.13/.go_bootstrap_1.20/src" ;  GOROOT_BOOTSTRAP="/mnt/build_wrt/build_dir/hostpkg/go-1.24.13/.go_bootstrap_1.17" GOHOSTARCH="amd64" GOCACHE="/mnt/build_wrt/tmp/go-build" GOENV=off CC="/mnt/build_wrt/staging_dir/host/bin/gcc" CXX="/mnt/build_wrt/staging_dir/host/bin/g++"  bash make.bash -v --no-banner
Building Go cmd/dist using /mnt/build_wrt/build_dir/hostpkg/go-1.24.13/.go_bootstrap_1.17. (go1.17.13 linux/amd64)
cmd/dist

Building Go toolchain1 using /mnt/build_wrt/build_dir/hostpkg/go-1.24.13/.go_bootstrap_1.17.
internal/unsafeheader
internal/goexperiment
internal/abi
internal/cpu
runtime/internal/sys
runtime/internal/atomic
runtime/internal/math
internal/race
sync/atomic
unicode/utf8
unicode
internal/bytealg
internal/itoa
math/bits
bootstrap/internal/goexperiment
bootstrap/math/bits
math
runtime
bootstrap/internal/unsafeheader
bootstrap/internal/coverage
bootstrap/internal/platform
encoding
unicode/utf16
bootstrap/internal/goversion
bootstrap/internal/types/errors
internal/goversion
bootstrap/internal/race
bootstrap/cmd/compile/internal/test
internal/reflectlite
runtime/metrics
sync
internal/testlog
math/rand
errors
sort
bootstrap/sort
io
strconv
internal/oserror
path
syscall
bytes
strings
reflect
bootstrap/strconv
bufio
hash
go/build/constraint
internal/syscall/unix
internal/syscall/execenv
hash/adler32
time
text/tabwriter
regexp/syntax
hash/crc32
bootstrap/container/heap
html
crypto
hash/fnv
regexp
io/fs
internal/poll
internal/fmtsort
context
encoding/binary
bootstrap/internal/saferio
os
bootstrap/cmd/internal/notsha256
encoding/base64
bootstrap/cmd/internal/sys
crypto/md5
runtime/debug
path/filepath
internal/lazyregexp
fmt
io/ioutil
os/exec
log
bootstrap/internal/buildcfg
flag
bootstrap/cmd/internal/src
text/scanner
bootstrap/cmd/internal/bio
bootstrap/cmd/internal/objabi
bootstrap/cmd/internal/edit
bootstrap/cmd/internal/pkgpath
bootstrap/cmd/internal/quoted
bootstrap/debug/dwarf
bootstrap/compress/flate
go/token
bootstrap/cmd/internal/dwarf
bootstrap/cmd/internal/goobj
go/scanner
bootstrap/compress/zlib
encoding/json
bootstrap/cmd/internal/obj
go/ast
bootstrap/debug/elf
bootstrap/debug/macho
bootstrap/debug/pe
bootstrap/internal/xcoff
bootstrap/cmd/internal/obj/arm
bootstrap/cmd/internal/obj/arm64
bootstrap/cmd/internal/obj/loong64
bootstrap/cmd/internal/obj/mips
bootstrap/cmd/internal/obj/ppc64
bootstrap/cmd/internal/obj/riscv
bootstrap/cmd/internal/obj/s390x
bootstrap/cmd/internal/obj/wasm
bootstrap/cmd/internal/obj/x86
bootstrap/cmd/asm/internal/flags
bootstrap/cmd/asm/internal/lex
go/internal/typeparams
go/parser
go/printer
bootstrap/cmd/compile/internal/base
bootstrap/math/big
net/url
bootstrap/cmd/cgo
bootstrap/cmd/compile/internal/logopt
bootstrap/cmd/asm/internal/arch
bootstrap/cmd/compile/internal/bitvec
bootstrap/cmd/compile/internal/abt
bootstrap/cmd/asm/internal/asm
compress/flate
bootstrap/go/constant
compress/gzip
bootstrap/cmd/asm
bootstrap/internal/profile
bootstrap/cmd/compile/internal/types
bootstrap/cmd/internal/gcprog
encoding/hex
bootstrap/cmd/compile/internal/syntax
bootstrap/internal/pkgbits
text/template/parse
bootstrap/cmd/compile/internal/ir
bootstrap/cmd/compile/internal/typebits
internal/buildcfg
internal/execabs
internal/goroot
bootstrap/cmd/internal/archive
text/template
runtime/pprof
bootstrap/cmd/compile/internal/types2
runtime/trace
bootstrap/cmd/internal/codesign
go/doc
bootstrap/cmd/link/internal/benchmark
bootstrap/cmd/link/internal/sym
bootstrap/cmd/link/internal/loader
go/build
bootstrap/cmd/compile/internal/objw
bootstrap/cmd/compile/internal/abi
bootstrap/cmd/compile/internal/typecheck
bootstrap/cmd/compile/internal/deadcode
bootstrap/cmd/link/internal/loadelf
bootstrap/cmd/link/internal/loadmacho
bootstrap/cmd/link/internal/loadpe
bootstrap/cmd/link/internal/loadxcoff
bootstrap/cmd/link/internal/dwtest
bootstrap/cmd/link/internal/ld
bootstrap/cmd/compile/internal/compare
bootstrap/cmd/compile/internal/escape
bootstrap/cmd/compile/internal/pgo
bootstrap/cmd/compile/internal/staticdata
bootstrap/cmd/compile/internal/inline
bootstrap/cmd/compile/internal/coverage
bootstrap/cmd/compile/internal/devirtualize
bootstrap/cmd/compile/internal/importer
bootstrap/cmd/compile/internal/reflectdata
bootstrap/cmd/link/internal/amd64
bootstrap/cmd/link/internal/arm
bootstrap/cmd/link/internal/arm64
bootstrap/cmd/compile/internal/staticinit
bootstrap/cmd/link/internal/loong64
bootstrap/cmd/compile/internal/ssa
bootstrap/cmd/link/internal/mips
bootstrap/cmd/link/internal/mips64
bootstrap/cmd/link/internal/ppc64
bootstrap/cmd/link/internal/riscv64
bootstrap/cmd/link/internal/s390x
bootstrap/cmd/link/internal/wasm
bootstrap/cmd/link/internal/x86
bootstrap/cmd/link
bootstrap/cmd/compile/internal/liveness
bootstrap/cmd/compile/internal/ssagen
bootstrap/cmd/compile/internal/arm
bootstrap/cmd/compile/internal/amd64
bootstrap/cmd/compile/internal/arm64
bootstrap/cmd/compile/internal/dwarfgen
bootstrap/cmd/compile/internal/loong64
bootstrap/cmd/compile/internal/walk
bootstrap/cmd/compile/internal/mips
bootstrap/cmd/compile/internal/noder
bootstrap/cmd/compile/internal/mips64
bootstrap/cmd/compile/internal/ppc64
bootstrap/cmd/compile/internal/riscv64
bootstrap/cmd/compile/internal/s390x
bootstrap/cmd/compile/internal/wasm
bootstrap/cmd/compile/internal/x86
bootstrap/cmd/compile/internal/pkginit
bootstrap/cmd/compile/internal/gc
bootstrap/cmd/compile

Building Go bootstrap cmd/go (go_bootstrap) using Go toolchain1.
runtime
internal/bytealg
internal/goexperiment
runtime/internal/sys
internal/coverage/rtcov
internal/cpu
internal/goos
runtime/internal/syscall
runtime/internal/math
internal/goarch
internal/abi
runtime/internal/atomic
cmd/go
cmd/go/internal/vet
cmd/go/internal/trace
cmd/go/internal/fix
fmt
encoding/json
go/build
cmd/go/internal/generate
regexp
sort
math
internal/goroot
encoding
cmd/go/internal/test
cmd/go/internal/envcmd
math/bits
cmd/go/internal/cache
internal/platform
hash
cmd/go/internal/str
cmd/go/internal/version
cmd/go/internal/help
debug/buildinfo
go/ast
text/template
debug/pe
cmd/go/internal/load
cmd/go/internal/work
flag
cmd/go/internal/fmtcmd
go/doc
internal/buildcfg
io/fs
log
strings
internal/oserror
cmd/go/internal/get
cmd/go/internal/modload
cmd/go/internal/web
os/exec
cmd/go/internal/doc
internal/fmtsort
cmd/go/internal/modfetch
cmd/go/internal/workcmd
go/scanner
context
cmd/go/internal/clean
cmd/go/internal/lockedfile
cmd/vendor/golang.org/x/mod/module
os
cmd/go/internal/base
path
cmd/go/internal/cfg
path/filepath
cmd/go/internal/run
go/build/constraint
cmd/go/internal/bug
cmd/go/internal/vcs
reflect
cmd/go/internal/search
cmd/internal/test2json
encoding/hex
internal/godebug
cmd/go/internal/modget
debug/macho
cmd/go/internal/fsys
cmd/go/internal/list
errors
sync/atomic
internal/xcoff
cmd/go/internal/tool
cmd/internal/traceviewer
os/signal
cmd/go/internal/cmdflag
syscall
encoding/base64
bytes
unicode/utf16
strconv
bufio
cmd/internal/quoted
go/token
io
go/parser
regexp/syntax
sync
unicode
internal/reflectlite
internal/race
debug/plan9obj
internal/unsafeheader
internal/saferio
debug/dwarf
compress/zlib
hash/adler32
compress/flate
runtime/debug
debug/elf
internal/goversion
time
net/url
cmd/go/internal/modinfo
cmd/go/internal/modfetch/codehost
unicode/utf8
encoding/binary
cmd/internal/sys
cmd/internal/pkgpattern
go/doc/comment
internal/cfg
internal/syscall/execenv
encoding/xml
internal/syscall/unix
cmd/vendor/golang.org/x/mod/internal/lazyregexp
internal/lazyregexp
cmd/vendor/golang.org/x/mod/modfile
cmd/go/internal/imports
cmd/go/internal/modcmd
cmd/vendor/golang.org/x/mod/sumdb/dirhash
crypto/sha256
go/internal/typeparams
cmd/vendor/golang.org/x/mod/semver
archive/zip
cmd/go/internal/par
math/rand
hash/crc32
cmd/go/internal/mmap
cmd/go/internal/robustio
internal/singleflight
internal/lazytemplate
cmd/go/internal/modindex
text/template/parse
cmd/internal/buildid
container/heap
internal/coverage
cmd/internal/objabi
cmd/internal/pkgpath
crypto/sha1
cmd/go/internal/modconv
cmd/go/internal/mvs
cmd/go/internal/lockedfile/internal/filelock
cmd/vendor/golang.org/x/mod/zip
internal/itoa
cmd/internal/codesign
internal/poll
internal/safefilepath
internal/testlog
crypto
crypto/internal/boring
io/ioutil
cmd/internal/notsha256
crypto/internal/boring/sig
crypto/cipher
crypto/subtle
crypto/internal/alias


Building Go toolchain2 using go_bootstrap and Go toolchain1.
internal/coverage/rtcov
internal/unsafeheader
internal/goarch
internal/cpu
internal/goexperiment
internal/abi
internal/goos
runtime/internal/atomic
runtime/internal/math
runtime/internal/sys
runtime/internal/syscall
internal/race
internal/bytealg
sync/atomic
unicode
unicode/utf8
internal/itoa
math/bits
encoding
unicode/utf16
runtime
internal/coverage
math
internal/platform
internal/goversion
internal/types/errors
internal/reflectlite
runtime/metrics
sync
internal/testlog
internal/godebug
math/rand
errors
sort
io
strconv
internal/oserror
syscall
internal/safefilepath
path
bytes
strings
reflect
hash
hash/adler32
text/tabwriter
bufio
go/build/constraint
regexp/syntax
hash/crc32
container/heap
html
crypto
hash/fnv
internal/syscall/unix
time
internal/syscall/execenv
regexp
context
io/fs
internal/poll
internal/fmtsort
encoding/binary
internal/saferio
os
cmd/internal/notsha256
cmd/internal/sys
encoding/base64
crypto/md5
internal/lazyregexp
path/filepath
fmt
os/exec
log
internal/buildcfg
flag
cmd/internal/src
cmd/internal/bio
text/scanner
cmd/internal/objabi
cmd/internal/edit
cmd/internal/pkgpath
cmd/internal/quoted
debug/dwarf
compress/flate
go/token
cmd/internal/dwarf
cmd/internal/goobj
go/scanner
compress/zlib
go/doc/comment
go/ast
cmd/internal/obj
debug/elf
debug/macho
debug/pe
go/internal/typeparams
go/parser
go/printer
internal/xcoff
encoding/json
cmd/internal/obj/arm
cmd/internal/obj/arm64
cmd/internal/obj/loong64
cmd/internal/obj/mips
cmd/internal/obj/ppc64
cmd/internal/obj/riscv
cmd/internal/obj/s390x
cmd/internal/obj/wasm
cmd/internal/obj/x86
cmd/asm/internal/flags
cmd/asm/internal/lex
cmd/cgo
runtime/debug
cmd/compile/internal/base
math/big
net/url
cmd/asm/internal/arch
cmd/compile/internal/logopt
cmd/compile/internal/bitvec
cmd/compile/internal/abt
cmd/asm/internal/asm
compress/gzip
internal/profile
go/constant
cmd/asm
cmd/compile/internal/types
cmd/internal/gcprog
encoding/hex
cmd/compile/internal/syntax
go/doc
internal/goroot
internal/pkgbits
cmd/internal/archive
cmd/compile/internal/ir
cmd/compile/internal/typebits
go/build
runtime/pprof
runtime/trace
cmd/internal/codesign
cmd/link/internal/benchmark
cmd/link/internal/sym
cmd/compile/internal/types2
cmd/link/internal/loader
cmd/link/internal/loadelf
cmd/link/internal/loadmacho
cmd/link/internal/loadpe
cmd/link/internal/loadxcoff
cmd/link/internal/ld
cmd/compile/internal/abi
cmd/compile/internal/objw
cmd/compile/internal/typecheck
cmd/compile/internal/deadcode
cmd/compile/internal/compare
cmd/compile/internal/escape
cmd/compile/internal/pgo
cmd/compile/internal/staticdata
cmd/compile/internal/coverage
cmd/compile/internal/inline
cmd/compile/internal/devirtualize
cmd/compile/internal/importer
cmd/compile/internal/reflectdata
cmd/compile/internal/staticinit
cmd/link/internal/amd64
cmd/link/internal/arm
cmd/compile/internal/ssa
cmd/link/internal/arm64
cmd/link/internal/loong64
cmd/link/internal/mips
cmd/link/internal/mips64
cmd/link/internal/ppc64
cmd/link/internal/riscv64
cmd/link/internal/s390x
cmd/link/internal/wasm
cmd/link/internal/x86
cmd/link
cmd/compile/internal/liveness
cmd/compile/internal/ssagen
cmd/compile/internal/arm
cmd/compile/internal/amd64
cmd/compile/internal/arm64
cmd/compile/internal/dwarfgen
cmd/compile/internal/noder
cmd/compile/internal/walk
cmd/compile/internal/loong64
cmd/compile/internal/mips
cmd/compile/internal/mips64
cmd/compile/internal/ppc64
cmd/compile/internal/riscv64
cmd/compile/internal/s390x
cmd/compile/internal/wasm
cmd/compile/internal/x86
cmd/compile/internal/pkginit
cmd/compile/internal/gc
cmd/compile

Building Go toolchain3 using go_bootstrap and Go toolchain2.
internal/goarch
internal/coverage/rtcov
internal/unsafeheader
internal/cpu
internal/goexperiment
internal/abi
internal/goos
runtime/internal/atomic
runtime/internal/math
runtime/internal/sys
runtime/internal/syscall
internal/bytealg
internal/race
sync/atomic
unicode
unicode/utf8
internal/itoa
math/bits
encoding
runtime
unicode/utf16
math
internal/coverage
internal/platform
internal/goversion
internal/types/errors
internal/reflectlite
runtime/metrics
sync
internal/testlog
internal/godebug
math/rand
errors
sort
internal/oserror
io
strconv
syscall
internal/safefilepath
bytes
strings
path
bufio
reflect
hash
go/build/constraint
hash/adler32
text/tabwriter
regexp/syntax
hash/crc32
container/heap
html
internal/syscall/unix
time
internal/syscall/execenv
crypto
hash/fnv
regexp
context
io/fs
internal/poll
os
internal/fmtsort
encoding/binary
internal/saferio
cmd/internal/notsha256
cmd/internal/sys
encoding/base64
crypto/md5
internal/lazyregexp
path/filepath
fmt
os/exec
log
internal/buildcfg
flag
cmd/internal/src
cmd/internal/bio
text/scanner
cmd/internal/edit
cmd/internal/objabi
cmd/internal/pkgpath
cmd/internal/quoted
debug/dwarf
compress/flate
go/token
cmd/internal/dwarf
cmd/internal/goobj
compress/zlib
go/scanner
go/doc/comment
cmd/internal/obj
go/ast
encoding/json
debug/elf
debug/macho
debug/pe
cmd/internal/obj/arm
cmd/internal/obj/arm64
cmd/internal/obj/loong64
cmd/internal/obj/mips
cmd/internal/obj/ppc64
cmd/internal/obj/riscv
cmd/internal/obj/s390x
cmd/internal/obj/wasm
cmd/asm/internal/flags
cmd/internal/obj/x86
cmd/asm/internal/lex
go/internal/typeparams
go/parser
go/printer
internal/xcoff
runtime/debug
math/big
cmd/compile/internal/base
cmd/cgo
net/url
cmd/compile/internal/logopt
cmd/compile/internal/bitvec
cmd/asm/internal/arch
cmd/compile/internal/abt
compress/gzip
cmd/asm/internal/asm
internal/profile
go/constant
cmd/compile/internal/types
cmd/asm
cmd/internal/gcprog
encoding/hex
cmd/compile/internal/syntax
go/doc
cmd/compile/internal/ir
cmd/compile/internal/typebits
internal/goroot
internal/pkgbits
go/build
cmd/internal/archive
runtime/pprof
runtime/trace
cmd/internal/codesign
cmd/link/internal/benchmark
cmd/compile/internal/types2
cmd/link/internal/sym
cmd/link/internal/loader
cmd/link/internal/loadelf
cmd/link/internal/loadmacho
cmd/link/internal/loadpe
cmd/link/internal/loadxcoff
cmd/compile/internal/objw
cmd/compile/internal/abi
cmd/compile/internal/typecheck
cmd/compile/internal/deadcode
cmd/link/internal/ld
cmd/compile/internal/escape
cmd/compile/internal/pgo
cmd/compile/internal/compare
cmd/compile/internal/staticdata
cmd/compile/internal/coverage
cmd/compile/internal/inline
cmd/compile/internal/devirtualize
cmd/compile/internal/importer
cmd/compile/internal/reflectdata
cmd/compile/internal/staticinit
cmd/compile/internal/ssa
cmd/link/internal/arm
cmd/link/internal/amd64
cmd/link/internal/arm64
cmd/link/internal/loong64
cmd/link/internal/mips
cmd/link/internal/mips64
cmd/link/internal/ppc64
cmd/link/internal/riscv64
cmd/link/internal/s390x
cmd/link/internal/wasm
cmd/link/internal/x86
cmd/link
cmd/compile/internal/liveness
cmd/compile/internal/ssagen
cmd/compile/internal/arm
cmd/compile/internal/amd64
cmd/compile/internal/arm64
cmd/compile/internal/dwarfgen
cmd/compile/internal/noder
cmd/compile/internal/loong64
cmd/compile/internal/walk
cmd/compile/internal/mips
cmd/compile/internal/mips64
cmd/compile/internal/ppc64
cmd/compile/internal/riscv64
cmd/compile/internal/s390x
cmd/compile/internal/wasm
cmd/compile/internal/x86
cmd/compile/internal/pkginit
cmd/compile/internal/gc
cmd/compile

Building packages and commands for linux/amd64.
container/list
container/ring
crypto/internal/alias
crypto/subtle
crypto/internal/boring/sig
debug/gosym
debug/plan9obj
cmd/vendor/golang.org/x/arch/arm/armasm
cmd/vendor/golang.org/x/arch/arm64/arm64asm
cmd/vendor/golang.org/x/arch/ppc64/ppc64asm
cmd/vendor/golang.org/x/arch/x86/x86asm
archive/zip
runtime/cgo
compress/bzip2
cmd/internal/objfile
compress/lzw
crypto/cipher
crypto/internal/randutil
crypto/dsa
crypto/internal/edwards25519/field
crypto/internal/boring
crypto/des
cmd/addr2line
crypto/aes
crypto/internal/nistec/fiat
embed
crypto/internal/bigmod
crypto/internal/boring/bbig
crypto/sha512
encoding/asn1
vendor/golang.org/x/crypto/cryptobyte/asn1
crypto/internal/edwards25519
crypto/rand
vendor/golang.org/x/crypto/cryptobyte
crypto/ed25519
crypto/hmac
crypto/internal/boring/bcache
crypto/internal/nistec
crypto/rc4
crypto/rsa
crypto/sha1
os/user
crypto/sha256
crypto/x509/pkix
encoding/pem
vendor/golang.org/x/net/dns/dnsmessage
internal/nettrace
internal/singleflight
crypto/ecdh
crypto/elliptic
internal/intern
net/netip
crypto/ecdsa
vendor/golang.org/x/crypto/internal/alias
vendor/golang.org/x/crypto/chacha20
vendor/golang.org/x/crypto/internal/poly1305
io/ioutil
net
vendor/golang.org/x/sys/cpu
vendor/golang.org/x/crypto/hkdf
database/sql/driver
vendor/golang.org/x/crypto/chacha20poly1305
database/sql
debug/buildinfo
archive/tar
encoding/ascii85
encoding/base32
encoding/csv
encoding/gob
encoding/xml
vendor/golang.org/x/text/transform
vendor/golang.org/x/text/unicode/bidi
vendor/golang.org/x/text/secure/bidirule
vendor/golang.org/x/text/unicode/norm
vendor/golang.org/x/net/http2/hpack
mime
mime/quotedprintable
net/http/internal
net/http/internal/ascii
go/format
hash/crc64
go/types
hash/maphash
text/template/parse
vendor/golang.org/x/net/idna
text/template
image/color
image
html/template
image/color/palette
image/internal/imageutil
image/draw
image/gif
image/jpeg
image/png
crypto/x509
net/textproto
vendor/golang.org/x/net/http/httpproxy
index/suffixarray
vendor/golang.org/x/net/http/httpguts
mime/multipart
internal/cfg
internal/coverage/calloc
internal/coverage/cmerge
internal/coverage/cformat
internal/coverage/slicereader
internal/coverage/uleb128
internal/coverage/slicewriter
internal/coverage/stringtab
crypto/tls
internal/coverage/pods
internal/coverage/decodecounter
internal/coverage/decodemeta
internal/coverage/encodecounter
internal/coverage/encodemeta
internal/dag
internal/diff
internal/fuzz
internal/lazytemplate
internal/obscuretestdata
internal/sysinfo
testing
go/internal/gccgoimporter
go/internal/gcimporter
go/internal/srcimporter
internal/testpty
internal/testenv
internal/trace
go/importer
internal/txtar
log/syslog
math/cmplx
net/http/internal/testcert
net/internal/socktest
net/mail
os/exec/internal/fdtest
os/signal
net/http/httptrace
net/smtp
plugin
reflect/internal/example1
reflect/internal/example2
net/http
runtime/coverage
runtime/internal/startlinetest
runtime/race/internal/amd64v1
runtime/race
testing/iotest
testing/internal/testdeps
testing/fstest
testing/quick
time/tzdata
vendor/golang.org/x/net/nettest
cmd/internal/buildid
cmd/buildid
cmd/compile/internal/test
cmd/internal/cov
cmd/internal/pkgpattern
cmd/internal/browser
cmd/covdata
cmd/vendor/golang.org/x/tools/cover
cmd/cover
cmd/dist
cmd/vendor/golang.org/x/mod/semver
cmd/doc
cmd/fix
cmd/go/internal/fsys
cmd/go/internal/cfg
cmd/go/internal/str
cmd/go/internal/base
cmd/go/internal/lockedfile/internal/filelock
cmd/go/internal/mmap
cmd/go/internal/lockedfile
cmd/go/internal/imports
cmd/go/internal/par
cmd/vendor/golang.org/x/mod/internal/lazyregexp
cmd/go/internal/cache
cmd/vendor/golang.org/x/mod/module
cmd/go/internal/robustio
cmd/internal/traceviewer
cmd/go/internal/trace
cmd/go/internal/search
cmd/vendor/golang.org/x/mod/sumdb/note
cmd/vendor/golang.org/x/mod/modfile
cmd/vendor/golang.org/x/mod/sumdb/tlog
cmd/vendor/golang.org/x/mod/sumdb/dirhash
cmd/vendor/golang.org/x/mod/zip
cmd/go/internal/modindex
cmd/go/internal/mvs
cmd/go/internal/modconv
expvar
net/http/cgi
net/http/cookiejar
net/http/httptest
net/http/httputil
net/http/pprof
net/http/fcgi
net/rpc
cmd/go/internal/auth
cmd/vendor/golang.org/x/mod/sumdb
cmd/go/internal/doc
cmd/go/internal/web
cmd/go/internal/cmdflag
cmd/internal/test2json
net/rpc/jsonrpc
cmd/go/internal/modfetch/codehost
cmd/go/internal/vcs
cmd/go/internal/tool
cmd/go/internal/version
cmd/go/internal/script
cmd/go/internal/test/internal/genflags
cmd/vendor/golang.org/x/sync/semaphore
cmd/gofmt
cmd/vendor/golang.org/x/sys/unix
cmd/go/internal/modfetch
cmd/go/internal/modinfo
cmd/go/internal/script/scripttest
cmd/go/internal/vcweb
cmd/link/internal/dwtest
cmd/nm
cmd/go/internal/vcweb/vcstest
cmd/go/internal/modload
cmd/objdump
cmd/pack
cmd/vendor/github.com/google/pprof/internal/elfexec
cmd/vendor/github.com/google/pprof/profile
cmd/vendor/github.com/ianlancetaylor/demangle
cmd/internal/osinfo
cmd/vendor/github.com/google/pprof/third_party/d3flamegraph
cmd/vendor/github.com/google/pprof/third_party/svgpan
cmd/vendor/golang.org/x/term
cmd/vendor/github.com/google/pprof/internal/plugin
cmd/vendor/github.com/google/pprof/internal/measurement
cmd/vendor/github.com/google/pprof/internal/symbolz
cmd/vendor/github.com/google/pprof/internal/transport
cmd/vendor/github.com/google/pprof/internal/graph
cmd/test2json
cmd/go/internal/load
cmd/go/internal/help
cmd/go/internal/workcmd
cmd/vendor/github.com/google/pprof/internal/report
cmd/trace
cmd/go/internal/work
cmd/go/internal/fmtcmd
cmd/go/internal/modcmd
cmd/vendor/github.com/google/pprof/internal/binutils
cmd/vendor/github.com/google/pprof/internal/symbolizer
cmd/vendor/golang.org/x/sys/internal/unsafeheader
cmd/vendor/golang.org/x/tools/go/analysis
cmd/vendor/github.com/google/pprof/internal/driver
cmd/vendor/golang.org/x/tools/go/analysis/internal/analysisflags
cmd/vendor/golang.org/x/tools/go/analysis/passes/internal/analysisutil
cmd/vendor/golang.org/x/tools/go/analysis/passes/asmdecl
cmd/vendor/golang.org/x/tools/internal/typeparams
cmd/vendor/golang.org/x/tools/go/ast/inspector
cmd/vendor/golang.org/x/tools/go/analysis/passes/inspect
cmd/vendor/golang.org/x/tools/go/analysis/passes/assign
cmd/vendor/github.com/google/pprof/driver
cmd/vendor/golang.org/x/tools/go/analysis/passes/atomic
cmd/vendor/golang.org/x/tools/go/analysis/passes/bools
cmd/pprof
cmd/vendor/golang.org/x/tools/go/analysis/passes/buildtag
cmd/go/internal/envcmd
cmd/go/internal/clean
cmd/go/internal/fix
cmd/go/internal/generate
cmd/go/internal/get
cmd/go/internal/list
cmd/go/internal/bug
cmd/go/internal/modget
cmd/go/internal/run
cmd/go/internal/test
cmd/go/internal/vet
cmd/vendor/golang.org/x/tools/go/analysis/passes/cgocall
cmd/vendor/golang.org/x/tools/go/analysis/passes/composite
cmd/vendor/golang.org/x/tools/go/analysis/passes/copylock
cmd/go
cmd/vendor/golang.org/x/tools/go/cfg
cmd/vendor/golang.org/x/tools/go/ast/astutil
cmd/vendor/golang.org/x/tools/go/analysis/passes/framepointer
cmd/vendor/golang.org/x/tools/go/analysis/passes/httpresponse
cmd/vendor/golang.org/x/tools/go/analysis/passes/ifaceassert
cmd/vendor/golang.org/x/tools/go/types/typeutil
cmd/vendor/golang.org/x/tools/go/analysis/passes/nilfunc
cmd/vendor/golang.org/x/tools/go/analysis/passes/shift
cmd/vendor/golang.org/x/tools/go/analysis/passes/ctrlflow
cmd/vendor/golang.org/x/tools/go/analysis/passes/errorsas
cmd/vendor/golang.org/x/tools/go/analysis/passes/loopclosure
cmd/vendor/golang.org/x/tools/go/analysis/passes/lostcancel
cmd/vendor/golang.org/x/tools/go/analysis/passes/printf
cmd/vendor/golang.org/x/tools/go/analysis/passes/sigchanyzer
cmd/vendor/golang.org/x/tools/go/analysis/passes/stdmethods
cmd/vendor/golang.org/x/tools/go/analysis/passes/stringintconv
cmd/vendor/golang.org/x/tools/go/analysis/passes/structtag
cmd/vendor/golang.org/x/tools/go/analysis/passes/testinggoroutine
cmd/vendor/golang.org/x/tools/internal/analysisinternal
cmd/vendor/golang.org/x/tools/go/analysis/passes/timeformat
cmd/vendor/golang.org/x/tools/go/analysis/passes/unmarshal
cmd/vendor/golang.org/x/tools/go/analysis/passes/tests
cmd/vendor/golang.org/x/tools/go/analysis/passes/unreachable
cmd/vendor/golang.org/x/tools/go/analysis/passes/unsafeptr
cmd/vendor/golang.org/x/tools/go/analysis/passes/unusedresult
cmd/vendor/golang.org/x/tools/go/types/objectpath
cmd/vendor/golang.org/x/tools/internal/facts
cmd/vendor/golang.org/x/tools/go/analysis/unitchecker
cmd/vet
cd "/mnt/build_wrt/build_dir/hostpkg/go-1.24.13/.go_bootstrap_1.22/src" ;  GOROOT_BOOTSTRAP="/mnt/build_wrt/build_dir/hostpkg/go-1.24.13/.go_bootstrap_1.20" GOHOSTARCH="amd64" GOCACHE="/mnt/build_wrt/tmp/go-build" GOENV=off CC="/mnt/build_wrt/staging_dir/host/bin/gcc" CXX="/mnt/build_wrt/staging_dir/host/bin/g++"  bash make.bash -v --no-banner
Building Go cmd/dist using /mnt/build_wrt/build_dir/hostpkg/go-1.24.13/.go_bootstrap_1.20. (go1.20.14 linux/amd64)
cmd/dist

Building Go toolchain1 using /mnt/build_wrt/build_dir/hostpkg/go-1.24.13/.go_bootstrap_1.20.
internal/coverage/rtcov
internal/unsafeheader
internal/goarch
internal/cpu
internal/goexperiment
internal/goos
internal/abi
runtime/internal/atomic
runtime/internal/math
runtime/internal/sys
runtime/internal/syscall
internal/bytealg
internal/race
sync/atomic
unicode
unicode/utf8
internal/itoa
math/bits
bootstrap/internal/goexperiment
bootstrap/math/bits
math
runtime
bootstrap/internal/goarch
bootstrap/internal/abi
encoding
bootstrap/internal/coverage
crypto/internal/alias
crypto/internal/boring/sig
bootstrap/internal/platform
bootstrap/internal/unsafeheader
unicode/utf16
bootstrap/internal/goversion
bootstrap/cmp
internal/goversion
bootstrap/internal/gover
bootstrap/internal/race
bootstrap/cmd/compile/internal/test
crypto/subtle
internal/reflectlite
runtime/metrics
sync
internal/godebug
internal/testlog
bootstrap/internal/bisect
math/rand
errors
sort
bootstrap/sort
io
strconv
internal/oserror
bytes
strings
syscall
internal/safefilepath
path
bufio
hash
reflect
bootstrap/go/build/constraint
hash/adler32
bootstrap/internal/saferio
go/build/constraint
text/tabwriter
regexp/syntax
crypto
bootstrap/internal/types/errors
bootstrap/container/heap
hash/crc32
internal/syscall/unix
time
internal/syscall/execenv
html
regexp
bootstrap/go/version
hash/fnv
context
internal/poll
io/fs
encoding/binary
internal/fmtsort
os
bootstrap/cmd/internal/notsha256
encoding/base64
bootstrap/cmd/internal/sys
crypto/cipher
crypto/md5
crypto/internal/boring
crypto/sha256
bootstrap/internal/lazyregexp
path/filepath
fmt
internal/lazyregexp
os/exec
log
bootstrap/internal/buildcfg
bootstrap/cmd/internal/src
flag
bootstrap/cmd/internal/bio
text/scanner
bootstrap/cmd/internal/dwarf
bootstrap/cmd/internal/edit
bootstrap/cmd/internal/objabi
bootstrap/cmd/internal/goobj
bootstrap/cmd/internal/pkgpath
bootstrap/cmd/internal/quoted
bootstrap/debug/dwarf
bootstrap/compress/flate
bootstrap/internal/zstd
bootstrap/cmd/internal/obj
bootstrap/compress/zlib
go/token
go/doc/comment
go/scanner
bootstrap/cmd/internal/cov/covcmd
encoding/json
go/ast
bootstrap/debug/elf
bootstrap/cmd/internal/obj/arm
bootstrap/cmd/internal/obj/arm64
bootstrap/cmd/internal/obj/loong64
bootstrap/cmd/internal/obj/mips
bootstrap/cmd/internal/obj/ppc64
bootstrap/cmd/internal/obj/riscv
bootstrap/cmd/internal/obj/s390x
bootstrap/cmd/internal/obj/wasm
bootstrap/cmd/internal/obj/x86
bootstrap/cmd/asm/internal/flags
bootstrap/cmd/asm/internal/lex
bootstrap/debug/macho
bootstrap/debug/pe
bootstrap/internal/xcoff
go/internal/typeparams
go/printer
go/parser
runtime/debug
bootstrap/cmd/compile/internal/base
math/big
net/url
go/format
bootstrap/cmd/cgo
bootstrap/cmd/compile/internal/logopt
bootstrap/cmd/asm/internal/arch
bootstrap/cmd/compile/internal/bitvec
bootstrap/cmd/compile/internal/abt
bootstrap/cmd/asm/internal/asm
bootstrap/cmd/internal/gcprog
encoding/hex
compress/flate
bootstrap/cmd/asm
bootstrap/go/constant
compress/gzip
bootstrap/internal/profile
bootstrap/cmd/compile/internal/types
bootstrap/cmd/compile/internal/syntax
bootstrap/cmd/compile/internal/pgo/internal/graph
bootstrap/cmd/compile/internal/ir
bootstrap/cmd/compile/internal/typebits
bootstrap/internal/pkgbits
go/doc
internal/buildcfg
internal/goroot
bootstrap/cmd/internal/archive
go/build
runtime/pprof
runtime/trace
bootstrap/cmd/internal/codesign
bootstrap/cmd/link/internal/benchmark
bootstrap/cmd/compile/internal/types2
bootstrap/cmd/link/internal/sym
bootstrap/cmd/link/internal/dwtest
bootstrap/cmd/link/internal/loader
bootstrap/cmd/link/internal/loadelf
bootstrap/cmd/link/internal/loadmacho
bootstrap/cmd/compile/internal/objw
bootstrap/cmd/compile/internal/abi
bootstrap/cmd/compile/internal/typecheck
bootstrap/cmd/compile/internal/rttype
bootstrap/cmd/compile/internal/staticdata
bootstrap/cmd/link/internal/loadpe
bootstrap/cmd/link/internal/loadxcoff
bootstrap/cmd/link/internal/ld
bootstrap/cmd/compile/internal/coverage
bootstrap/cmd/compile/internal/compare
bootstrap/cmd/compile/internal/reflectdata
bootstrap/cmd/compile/internal/escape
bootstrap/cmd/compile/internal/pgo
bootstrap/cmd/compile/internal/ssa
bootstrap/cmd/compile/internal/inline/inlheur
bootstrap/cmd/compile/internal/loopvar
bootstrap/cmd/compile/internal/importer
bootstrap/cmd/compile/internal/inline
bootstrap/cmd/compile/internal/rangefunc
bootstrap/cmd/compile/internal/devirtualize
bootstrap/cmd/compile/internal/inline/interleaved
bootstrap/cmd/compile/internal/staticinit
bootstrap/cmd/link/internal/arm
bootstrap/cmd/link/internal/amd64
bootstrap/cmd/link/internal/arm64
bootstrap/cmd/link/internal/loong64
bootstrap/cmd/link/internal/mips
bootstrap/cmd/link/internal/mips64
bootstrap/cmd/link/internal/ppc64
bootstrap/cmd/link/internal/riscv64
bootstrap/cmd/link/internal/s390x
bootstrap/cmd/link/internal/wasm
bootstrap/cmd/link/internal/x86
bootstrap/cmd/link
bootstrap/cmd/compile/internal/liveness
bootstrap/cmd/compile/internal/ssagen
bootstrap/cmd/compile/internal/arm
bootstrap/cmd/compile/internal/amd64
bootstrap/cmd/compile/internal/arm64
bootstrap/cmd/compile/internal/dwarfgen
bootstrap/cmd/compile/internal/walk
bootstrap/cmd/compile/internal/loong64
bootstrap/cmd/compile/internal/noder
bootstrap/cmd/compile/internal/mips
bootstrap/cmd/compile/internal/mips64
bootstrap/cmd/compile/internal/ppc64
bootstrap/cmd/compile/internal/riscv64
bootstrap/cmd/compile/internal/s390x
bootstrap/cmd/compile/internal/wasm
bootstrap/cmd/compile/internal/x86
bootstrap/cmd/compile/internal/pkginit
bootstrap/cmd/compile/internal/gc
bootstrap/cmd/compile

Building Go bootstrap cmd/go (go_bootstrap) using Go toolchain1.
runtime
internal/cpu
internal/godebugs
runtime/internal/sys
internal/goarch
internal/goos
runtime/internal/syscall
runtime/internal/atomic
internal/chacha8rand
internal/coverage/rtcov
internal/goexperiment
internal/bytealg
runtime/internal/math
internal/abi
time/tzdata
syscall
errors
internal/reflectlite
internal/unsafeheader
internal/race
sync
internal/itoa
sync/atomic
internal/oserror
cmd/go
cmd/go/internal/fix
cmd/go/internal/toolchain
cmd/go/internal/doc
strings
go/build
os
cmd/go/internal/version
cmd/go/internal/base
cmd/go/internal/generate
cmd/go/internal/vet
runtime/trace
cmd/go/internal/bug
cmd/go/internal/run
flag
cmd/go/internal/fmtcmd
fmt
context
log
cmd/go/internal/modload
cmd/go/internal/workcmd
cmd/go/internal/clean
cmd/go/internal/test
cmd/go/internal/modcmd
io/fs
go/token
cmd/go/internal/modfetch
time
internal/goversion
internal/goroot
internal/syscall/unix
strconv
encoding/json
go/parser
cmd/go/internal/gover
os/exec
bytes
internal/platform
debug/buildinfo
go/ast
encoding/binary
cmd/go/internal/cmdflag
cmd/go/internal/cfg
cmd/go/internal/work
cmd/go/internal/load
cmd/go/internal/str
slices
unicode
internal/buildcfg
cmd/go/internal/trace
cmd/go/internal/help
path/filepath
cmd/go/internal/envcmd
cmd/go/internal/modget
cmd/go/internal/tool
cmd/go/internal/fsys
io
bufio
go/build/constraint
path
net/url
go/scanner
sort
cmd/vendor/golang.org/x/mod/module
go/doc
unicode/utf8
internal/godebug
cmd/go/internal/list
internal/saferio
internal/xcoff
cmd/go/internal/modfetch/codehost
runtime/debug
cmd/vendor/golang.org/x/mod/modfile
cmd/go/internal/lockedfile
regexp
cmd/go/internal/imports
cmd/vendor/golang.org/x/mod/sumdb/dirhash
cmd/internal/sys
go/internal/typeparams
math
debug/pe
debug/macho
reflect
debug/elf
debug/plan9obj
encoding
cmd/go/internal/web
log/internal
internal/bisect
cmd/go/internal/par
internal/lazyregexp
cmd/internal/quoted
os/signal
go/doc/comment
encoding/base64
unicode/utf16
cmd/go/internal/search
cmd/internal/test2json
cmd/internal/pkgpattern
internal/coverage
cmd/go/internal/cache
math/rand
internal/trace/traceviewer/format
text/template
crypto/sha256
archive/zip
crypto/internal/boring
crypto/internal/boring/sig
compress/flate
hash
math/bits
crypto
crypto/cipher
internal/syscall/execenv
debug/dwarf
compress/zlib
hash/adler32
internal/gover
cmp
internal/fmtsort
cmd/go/internal/vcs
cmd/vendor/golang.org/x/mod/semver
encoding/xml
maps
encoding/hex
cmd/go/internal/modindex
cmd/go/internal/modinfo
cmd/go/internal/mvs
hash/crc32
internal/lazytemplate
cmd/go/internal/lockedfile/internal/filelock
cmd/vendor/golang.org/x/mod/internal/lazyregexp
cmd/vendor/golang.org/x/mod/zip
cmd/go/internal/robustio
cmd/go/internal/mmap
regexp/syntax
cmd/vendor/golang.org/x/sync/semaphore
container/list
internal/singleflight
internal/cfg
cmd/internal/pkgpath
crypto/sha1
text/template/parse
cmd/internal/cov/covcmd
container/heap
cmd/internal/buildid
internal/zstd
cmd/internal/codesign
cmd/internal/notsha256
internal/poll
crypto/subtle
crypto/internal/alias
internal/testlog
internal/safefilepath


Building Go toolchain2 using go_bootstrap and Go toolchain1.
internal/goarch
internal/unsafeheader
internal/coverage/rtcov
internal/cpu
internal/abi
internal/chacha8rand
internal/godebugs
internal/goexperiment
internal/goos
runtime/internal/atomic
runtime/internal/math
internal/bytealg
runtime/internal/sys
runtime/internal/syscall
internal/race
sync/atomic
unicode
unicode/utf8
internal/itoa
math/bits
cmp
math
slices
runtime
log/internal
encoding
crypto/internal/alias
crypto/subtle
crypto/internal/boring/sig
internal/coverage
unicode/utf16
internal/platform
internal/goversion
internal/gover
internal/reflectlite
runtime/metrics
sync
internal/testlog
internal/bisect
internal/godebug
errors
sort
math/rand
strconv
io
internal/oserror
syscall
bytes
strings
reflect
internal/safefilepath
path
hash
hash/adler32
bufio
go/build/constraint
internal/saferio
text/tabwriter
regexp/syntax
crypto
internal/types/errors
container/heap
hash/crc32
internal/syscall/unix
time
internal/syscall/execenv
html
regexp
go/version
hash/fnv
internal/fmtsort
encoding/binary
io/fs
context
internal/poll
cmd/internal/notsha256
cmd/internal/sys
encoding/base64
crypto/cipher
crypto/md5
os
crypto/internal/boring
crypto/sha256
internal/lazyregexp
path/filepath
fmt
os/exec
internal/goroot
log
cmd/internal/src
internal/buildcfg
flag
text/scanner
cmd/internal/bio
cmd/internal/dwarf
cmd/internal/objabi
cmd/internal/goobj
cmd/internal/edit
cmd/internal/pkgpath
cmd/internal/quoted
debug/dwarf
compress/flate
internal/zstd
cmd/internal/obj
compress/zlib
go/token
go/doc/comment
go/scanner
debug/elf
debug/macho
debug/pe
cmd/internal/obj/arm
cmd/internal/obj/arm64
cmd/internal/obj/loong64
cmd/internal/obj/mips
cmd/internal/obj/ppc64
cmd/internal/obj/riscv
cmd/internal/obj/s390x
cmd/internal/obj/wasm
cmd/internal/obj/x86
cmd/asm/internal/flags
cmd/asm/internal/lex
go/ast
internal/xcoff
cmd/internal/cov/covcmd
encoding/json
runtime/debug
go/internal/typeparams
go/printer
go/parser
cmd/asm/internal/arch
cmd/compile/internal/base
math/big
cmd/asm/internal/asm
go/format
net/url
cmd/cgo
cmd/asm
cmd/compile/internal/logopt
cmd/compile/internal/bitvec
cmd/compile/internal/abt
cmd/internal/gcprog
encoding/hex
compress/gzip
internal/profile
go/doc
go/constant
go/build
cmd/compile/internal/pgo/internal/graph
cmd/compile/internal/types
cmd/compile/internal/syntax
internal/pkgbits
cmd/internal/archive
runtime/pprof
runtime/trace
cmd/compile/internal/ir
cmd/compile/internal/typebits
cmd/internal/codesign
cmd/link/internal/sym
cmd/link/internal/benchmark
cmd/link/internal/loader
cmd/compile/internal/types2
cmd/link/internal/loadelf
cmd/link/internal/loadmacho
cmd/link/internal/loadpe
cmd/link/internal/loadxcoff
cmd/link/internal/ld
cmd/compile/internal/objw
cmd/compile/internal/abi
cmd/compile/internal/typecheck
cmd/compile/internal/rttype
cmd/compile/internal/staticdata
cmd/compile/internal/compare
cmd/compile/internal/coverage
cmd/compile/internal/escape
cmd/compile/internal/reflectdata
cmd/compile/internal/pgo
cmd/compile/internal/ssa
cmd/compile/internal/inline/inlheur
cmd/compile/internal/loopvar
cmd/compile/internal/importer
cmd/compile/internal/inline
cmd/compile/internal/rangefunc
cmd/compile/internal/devirtualize
cmd/compile/internal/staticinit
cmd/link/internal/amd64
cmd/compile/internal/inline/interleaved
cmd/link/internal/arm
cmd/link/internal/arm64
cmd/link/internal/loong64
cmd/link/internal/mips
cmd/link/internal/mips64
cmd/link/internal/ppc64
cmd/link/internal/riscv64
cmd/link/internal/s390x
cmd/link/internal/wasm
cmd/link/internal/x86
cmd/link
cmd/compile/internal/liveness
cmd/compile/internal/ssagen
cmd/compile/internal/arm
cmd/compile/internal/arm64
cmd/compile/internal/dwarfgen
cmd/compile/internal/amd64
cmd/compile/internal/walk
cmd/compile/internal/noder
cmd/compile/internal/loong64
cmd/compile/internal/mips
cmd/compile/internal/mips64
cmd/compile/internal/ppc64
cmd/compile/internal/riscv64
cmd/compile/internal/s390x
cmd/compile/internal/wasm
cmd/compile/internal/x86
cmd/compile/internal/pkginit
cmd/compile/internal/gc
cmd/compile

Building Go toolchain3 using go_bootstrap and Go toolchain2.
internal/coverage/rtcov
internal/goarch
internal/unsafeheader
internal/cpu
internal/chacha8rand
internal/abi
internal/godebugs
internal/goexperiment
internal/goos
runtime/internal/atomic
runtime/internal/math
runtime/internal/sys
internal/bytealg
runtime/internal/syscall
internal/race
sync/atomic
unicode
unicode/utf8
internal/itoa
math/bits
cmp
math
slices
log/internal
encoding
runtime
internal/goarch
internal/abi
internal/unsafeheader
internal/cpu
internal/chacha8rand
internal/coverage/rtcov
internal/bytealg
internal/godebugs
internal/goexperiment
internal/goos
runtime/internal/atomic
runtime/internal/math
runtime/internal/sys
runtime/internal/syscall
internal/race
sync/atomic
runtime
unicode
unicode/utf8
math/bits
crypto/internal/alias
math
crypto/subtle
internal/itoa
crypto/internal/boring/sig
cmp
internal/coverage
slices
log/internal
encoding
unicode/utf16
internal/platform
internal/goversion
internal/gover
unicode/utf16
internal/platform
sync
internal/reflectlite
internal/testlog
internal/bisect
sort
errors
internal/godebug
io
strconv
bytes
strings
reflect
internal/oserror
syscall
bufio
internal/safefilepath
path
hash
go/build/constraint
hash/adler32
internal/saferio
text/tabwriter
regexp/syntax
internal/syscall/unix
time
internal/syscall/execenv
regexp
internal/reflectlite
sync
internal/fmtsort
encoding/binary
internal/poll
io/fs
context
errors
sort
cmd/internal/notsha256
os
cmd/internal/sys
encoding/base64
io
strconv
internal/oserror
bytes
hash
fmt
path/filepath
syscall
crypto
os/exec
reflect
log
cmd/internal/src
cmd/internal/bio
internal/buildcfg
flag
cmd/internal/dwarf
cmd/internal/goobj
cmd/internal/objabi
text/scanner
cmd/internal/edit
cmd/internal/obj
cmd/internal/pkgpath
cmd/internal/quoted
compress/flate
debug/dwarf
compress/zlib
internal/zstd
go/token
cmd/internal/obj/arm
cmd/internal/obj/arm64
cmd/internal/obj/loong64
cmd/internal/obj/mips
cmd/internal/obj/ppc64
cmd/internal/obj/riscv
cmd/internal/obj/s390x
cmd/internal/obj/wasm
cmd/internal/obj/x86
cmd/asm/internal/flags
cmd/asm/internal/lex
debug/elf
debug/macho
debug/pe
go/scanner
go/doc/comment
internal/xcoff
go/ast
encoding/binary
internal/fmtsort
internal/syscall/unix
cmd/asm/internal/arch
crypto/cipher
time
go/internal/typeparams
go/parser
cmd/asm/internal/asm
go/printer
cmd/asm
crypto/internal/boring
go/format
cmd/cgo
internal/poll
crypto/sha256
internal/safefilepath
internal/syscall/execenv
internal/testlog
path
strings
context
io/fs
internal/bisect
os
bufio
internal/godebug
cmd/internal/notsha256
cmd/internal/sys
encoding/base64
fmt
path/filepath
internal/types/errors
runtime/metrics
os/exec
math/rand
regexp/syntax
container/heap
cmd/internal/cov/covcmd
log
cmd/internal/src
internal/buildcfg
cmd/internal/bio
flag
cmd/internal/dwarf
encoding/json
cmd/internal/goobj
runtime/debug
cmd/internal/objabi
go/token
math/big
cmd/internal/obj
regexp
net/url
internal/lazyregexp
cmd/compile/internal/abt
cmd/internal/gcprog
encoding/hex
hash/crc32
html
compress/flate
go/constant
cmd/compile/internal/base
cmd/compile/internal/logopt
cmd/internal/obj/arm
cmd/internal/obj/arm64
cmd/internal/obj/loong64
cmd/compile/internal/types
cmd/compile/internal/bitvec
cmd/internal/obj/mips
cmd/internal/obj/ppc64
cmd/compile/internal/ir
cmd/compile/internal/typebits
cmd/internal/obj/riscv
cmd/internal/obj/s390x
cmd/internal/obj/wasm
cmd/internal/obj/x86
compress/gzip
go/build/constraint
internal/profile
cmd/compile/internal/syntax
cmd/compile/internal/objw
cmd/compile/internal/abi
cmd/compile/internal/typecheck
cmd/compile/internal/rttype
cmd/compile/internal/staticdata
cmd/compile/internal/pgo/internal/graph
go/version
go/scanner
go/doc/comment
go/ast
cmd/compile/internal/types2
cmd/compile/internal/compare
cmd/compile/internal/coverage
cmd/compile/internal/escape
cmd/compile/internal/reflectdata
cmd/compile/internal/pgo
cmd/compile/internal/inline/inlheur
cmd/compile/internal/loopvar
cmd/compile/internal/ssa
cmd/compile/internal/inline
go/doc
cmd/compile/internal/devirtualize
cmd/compile/internal/inline/interleaved
go/internal/typeparams
internal/goroot
go/parser
crypto/md5
internal/pkgbits
go/build
cmd/compile/internal/staticinit
cmd/compile/internal/rangefunc
cmd/internal/archive
hash/fnv
text/tabwriter
cmd/compile/internal/importer
runtime/trace
cmd/internal/codesign
runtime/pprof
cmd/internal/gcprog
hash/crc32
compress/gzip
runtime/pprof
cmd/link/internal/sym
cmd/link/internal/loader
encoding/hex
encoding/json
cmd/link/internal/benchmark
cmd/link/internal/loadelf
cmd/link/internal/loadmacho
cmd/link/internal/loadpe
cmd/link/internal/loadxcoff
cmd/link/internal/ld
cmd/link/internal/arm
cmd/link/internal/amd64
cmd/link/internal/arm64
cmd/link/internal/loong64
cmd/link/internal/mips
cmd/link/internal/mips64
cmd/link/internal/ppc64
cmd/link/internal/riscv64
cmd/link/internal/s390x
cmd/link/internal/wasm
cmd/link/internal/x86
cmd/link
cmd/compile/internal/liveness
cmd/compile/internal/ssagen
cmd/compile/internal/amd64
cmd/compile/internal/arm64
cmd/compile/internal/arm
cmd/compile/internal/dwarfgen
cmd/compile/internal/walk
cmd/compile/internal/loong64
cmd/compile/internal/noder
cmd/compile/internal/mips
cmd/compile/internal/mips64
cmd/compile/internal/ppc64
cmd/compile/internal/riscv64
cmd/compile/internal/s390x
cmd/compile/internal/wasm
cmd/compile/internal/x86
cmd/compile/internal/pkginit
cmd/compile/internal/gc
cmd/compile

Building packages and commands for linux/amd64.
internal/goarch
internal/unsafeheader
internal/coverage/rtcov
internal/cpu
internal/godebugs
internal/abi
internal/chacha8rand
internal/goexperiment
internal/goos
runtime/internal/atomic
internal/bytealg
runtime/internal/math
runtime/internal/sys
runtime/internal/syscall
internal/race
sync/atomic
unicode
unicode/utf8
internal/itoa
math/bits
cmp
container/list
math
slices
runtime
container/ring
crypto/internal/alias
crypto/subtle
crypto/internal/boring/sig
unicode/utf16
vendor/golang.org/x/crypto/cryptobyte/asn1
crypto/internal/boring/bcache
internal/nettrace
vendor/golang.org/x/crypto/internal/alias
encoding
log/internal
internal/goversion
internal/platform
internal/gover
hash/maphash
image/color
internal/cfg
internal/coverage
image/color/palette
internal/coverage/calloc
internal/coverage/uleb128
internal/trace/v2/event
internal/trace/traceviewer/format
log/slog/internal
maps
math/cmplx
reflect/internal/example1
reflect/internal/example2
runtime/internal/startlinetest
runtime/race/internal/amd64v1
runtime/race
internal/reflectlite
runtime/metrics
sync
internal/bisect
internal/testlog
runtime/cgo
internal/singleflight
errors
sort
io
internal/godebug
strconv
bytes
internal/oserror
syscall
internal/safefilepath
path
reflect
strings
bufio
hash
hash/crc32
internal/syscall/unix
time
internal/syscall/execenv
compress/bzip2
hash/adler32
container/heap
crypto
crypto/internal/randutil
math/rand
crypto/internal/nistec/fiat
crypto/rc4
vendor/golang.org/x/net/dns/dnsmessage
internal/fmtsort
internal/poll
io/fs
encoding/binary
context
os
embed
internal/intern
internal/saferio
crypto/cipher
crypto/internal/edwards25519/field
crypto/internal/nistec
crypto/internal/boring
crypto/des
crypto/aes
crypto/sha512
crypto/internal/edwards25519
crypto/hmac
fmt
path/filepath
crypto/ecdh
crypto/md5
crypto/sha1
crypto/sha256
encoding/base64
encoding/pem
net/netip
vendor/golang.org/x/crypto/chacha20
vendor/golang.org/x/crypto/internal/poly1305
vendor/golang.org/x/sys/cpu
os/user
compress/flate
compress/lzw
math/big
encoding/hex
net
archive/zip
compress/gzip
compress/zlib
net/url
archive/tar
vendor/golang.org/x/crypto/chacha20poly1305
crypto/dsa
crypto/elliptic
crypto/internal/bigmod
crypto/internal/boring/bbig
encoding/asn1
crypto/rand
vendor/golang.org/x/crypto/hkdf
database/sql/driver
crypto/ed25519
crypto/rsa
database/sql
vendor/golang.org/x/crypto/cryptobyte
crypto/x509/pkix
debug/dwarf
crypto/ecdsa
internal/zstd
debug/plan9obj
runtime/debug
debug/gosym
encoding/ascii85
debug/elf
debug/macho
debug/pe
internal/xcoff
encoding/base32
encoding/csv
debug/buildinfo
encoding/gob
encoding/json
encoding/xml
log
vendor/golang.org/x/text/transform
vendor/golang.org/x/text/unicode/bidi
vendor/golang.org/x/text/unicode/norm
vendor/golang.org/x/net/http2/hpack
mime
vendor/golang.org/x/text/secure/bidirule
mime/quotedprintable
net/http/internal
net/http/internal/ascii
flag
crypto/x509
net/textproto
vendor/golang.org/x/net/idna
mime/multipart
go/token
go/build/constraint
go/scanner
go/doc/comment
go/ast
vendor/golang.org/x/net/http/httpguts
vendor/golang.org/x/net/http/httpproxy
regexp/syntax
internal/buildcfg
crypto/tls
os/exec
go/internal/typeparams
go/parser
regexp
internal/goroot
go/constant
internal/lazyregexp
go/doc
text/tabwriter
go/version
internal/types/errors
go/printer
go/types
go/build
go/format
text/scanner
internal/pkgbits
hash/crc64
hash/fnv
html
text/template/parse
image
net/http/httptrace
net/http
image/internal/imageutil
image/draw
text/template
image/gif
image/jpeg
html/template
image/png
index/suffixarray
internal/coverage/cmerge
internal/coverage/cformat
internal/coverage/slicereader
internal/coverage/slicewriter
internal/coverage/stringtab
internal/coverage/pods
internal/coverage/decodecounter
internal/coverage/decodemeta
internal/coverage/encodecounter
internal/coverage/encodemeta
internal/dag
internal/diff
internal/fuzz
internal/lazytemplate
internal/obscuretestdata
internal/profile
go/internal/gccgoimporter
go/internal/gcimporter
go/internal/srcimporter
internal/sysinfo
runtime/trace
internal/testpty
testing
go/importer
internal/trace/v2/event/go122
internal/trace/v2/version
internal/trace/v2
internal/testenv
internal/trace/v2/raw
expvar
internal/txtar
io/ioutil
log/slog/internal/buffer
log/slog
log/syslog
internal/trace
internal/trace/v2/internal/testgen/go122
internal/trace/v2/testtrace
math/rand/v2
net/http/cgi
net/http/cookiejar
net/http/internal/testcert
net/http/httptest
net/http/fcgi
log/slog/internal/benchmarks
log/slog/internal/slogtest
net/http/httputil
runtime/pprof
internal/trace/traceviewer
net/internal/socktest
net/mail
net/rpc
net/smtp
os/exec/internal/fdtest
os/signal
net/http/pprof
plugin
runtime/coverage
net/rpc/jsonrpc
testing/iotest
testing/internal/testdeps
testing/quick
testing/fstest
testing/slogtest
time/tzdata
vendor/golang.org/x/net/nettest
container/list
cmd/cgo/internal/test/issue30527
cmd/cgo/internal/test/issue9400
debug/gosym
debug/plan9obj
cmd/vendor/golang.org/x/arch/arm/armasm
cmd/vendor/golang.org/x/arch/arm64/arm64asm
cmd/vendor/golang.org/x/arch/ppc64/ppc64asm
cmd/vendor/golang.org/x/arch/x86/x86asm
cmd/internal/buildid
cmd/buildid
cmd/cgo/internal/cgotest
internal/sysinfo
cmd/cgo/internal/testnocgo
testing
cmd/compile/internal/test
internal/coverage/slicereader
internal/coverage/uleb128
internal/coverage/pods
internal/coverage/stringtab
cmd/internal/objfile
internal/coverage/decodecounter
internal/coverage/decodemeta
cmd/internal/pkgpattern
cmd/internal/cov
internal/coverage/calloc
internal/coverage/cmerge
internal/coverage/slicewriter
internal/coverage/encodecounter
internal/coverage/cformat
internal/coverage/encodemeta
cmd/internal/browser
cmd/vendor/golang.org/x/tools/cover
cmd/addr2line
cmd/covdata
text/template/parse
cmd/cgo/internal/test
cmd/cgo/internal/testtls
cmd/dist
os/user
archive/tar
text/template
archive/zip
cmd/vendor/golang.org/x/mod/semver
cmd/doc
cmd/distpack
html/template
internal/diff
cmd/go/internal/fsys
cmd/fix
cmd/cover
cmd/go/internal/par
internal/cfg
cmd/go/internal/str
cmd/go/internal/cfg
os/signal
cmd/go/internal/lockedfile/internal/filelock
cmd/go/internal/lockedfile
cmd/go/internal/base
cmd/go/internal/mmap
cmd/vendor/golang.org/x/mod/internal/lazyregexp
cmd/go/internal/cache
cmd/vendor/golang.org/x/mod/module
cmd/go/internal/imports
cmd/vendor/golang.org/x/mod/modfile
crypto/internal/randutil
crypto/rand
crypto/aes
crypto/des
crypto/internal/edwards25519/field
crypto/internal/nistec/fiat
embed
crypto/internal/bigmod
crypto/internal/boring/bbig
crypto/sha512
encoding/asn1
cmd/go/internal/gover
vendor/golang.org/x/crypto/cryptobyte/asn1
crypto/internal/edwards25519
crypto/hmac
crypto/rc4
crypto/rsa
crypto/ed25519
vendor/golang.org/x/crypto/cryptobyte
crypto/sha1
crypto/dsa
crypto/x509/pkix
encoding/pem
vendor/golang.org/x/net/dns/dnsmessage
internal/nettrace
internal/singleflight
internal/intern
crypto/internal/nistec
vendor/golang.org/x/crypto/internal/alias
net/netip
vendor/golang.org/x/crypto/chacha20
vendor/golang.org/x/crypto/internal/poly1305
vendor/golang.org/x/sys/cpu
vendor/golang.org/x/crypto/chacha20poly1305
vendor/golang.org/x/crypto/hkdf
vendor/golang.org/x/text/transform
net
crypto/ecdh
crypto/elliptic
vendor/golang.org/x/text/unicode/bidi
vendor/golang.org/x/text/unicode/norm
crypto/ecdsa
vendor/golang.org/x/text/secure/bidirule
vendor/golang.org/x/net/http2/hpack
mime
mime/quotedprintable
net/http/internal
net/http/internal/ascii
encoding/xml
vendor/golang.org/x/net/idna
cmd/go/internal/robustio
internal/trace/traceviewer/format
cmd/go/internal/trace
cmd/go/internal/search
cmd/vendor/golang.org/x/mod/sumdb/note
cmd/vendor/golang.org/x/mod/sumdb/tlog
cmd/vendor/golang.org/x/mod/sumdb/dirhash
cmd/vendor/golang.org/x/mod/zip
cmd/go/internal/modindex
cmd/go/internal/mvs
maps
internal/lazytemplate
cmd/go/internal/doc
cmd/go/internal/help
cmd/vendor/golang.org/x/sync/semaphore
cmd/go/internal/cmdflag
cmd/internal/test2json
cmd/go/internal/tool
debug/buildinfo
crypto/x509
net/textproto
vendor/golang.org/x/net/http/httpproxy
cmd/go/internal/version
vendor/golang.org/x/net/http/httpguts
mime/multipart
internal/txtar
cmd/go/internal/test/internal/genflags
cmd/go/internal/script
internal/testenv
net/http/internal/testcert
cmd/gofmt
cmd/vendor/golang.org/x/sys/unix
cmd/go/internal/script/scripttest
cmd/link/internal/dwtest
cmd/nm
cmd/objdump
crypto/tls
cmd/pack
cmd/vendor/github.com/google/pprof/internal/elfexec
cmd/vendor/github.com/google/pprof/profile
cmd/vendor/github.com/ianlancetaylor/demangle
cmd/vendor/github.com/google/pprof/internal/measurement
cmd/vendor/github.com/google/pprof/internal/graph
cmd/internal/osinfo
cmd/vendor/github.com/google/pprof/third_party/d3flamegraph
cmd/vendor/github.com/google/pprof/third_party/svgpan
cmd/vendor/golang.org/x/term
cmd/test2json
internal/trace/v2/event
go/types
internal/trace/v2/event/go122
internal/trace/v2/version
internal/trace/v2
internal/trace/v2/raw
encoding/gob
net/http/httptrace
net/http
internal/trace
cmd/vendor/golang.org/x/tools/go/ast/inspector
cmd/vendor/golang.org/x/tools/go/ast/astutil
cmd/vendor/golang.org/x/tools/go/cfg
cmd/vendor/golang.org/x/tools/internal/bisect
cmd/vendor/golang.org/x/tools/internal/analysisinternal
cmd/vendor/golang.org/x/tools/go/analysis
cmd/vendor/golang.org/x/tools/internal/typeparams
cmd/vendor/golang.org/x/tools/go/analysis/passes/internal/analysisutil
cmd/vendor/golang.org/x/tools/go/analysis/internal/analysisflags
cmd/vendor/golang.org/x/tools/go/analysis/passes/inspect
cmd/vendor/golang.org/x/tools/go/types/typeutil
cmd/vendor/golang.org/x/tools/go/analysis/passes/asmdecl
cmd/vendor/golang.org/x/tools/go/analysis/passes/assign
cmd/vendor/golang.org/x/tools/go/analysis/passes/bools
cmd/vendor/golang.org/x/tools/go/analysis/passes/appends
cmd/vendor/golang.org/x/tools/go/analysis/passes/atomic
cmd/vendor/golang.org/x/tools/go/analysis/passes/buildtag
cmd/vendor/golang.org/x/tools/go/analysis/passes/cgocall
cmd/vendor/golang.org/x/tools/go/analysis/passes/composite
cmd/vendor/golang.org/x/tools/go/analysis/passes/copylock
cmd/vendor/golang.org/x/tools/go/analysis/passes/ctrlflow
cmd/vendor/golang.org/x/tools/go/analysis/passes/defers
cmd/vendor/golang.org/x/tools/go/analysis/passes/directive
cmd/vendor/golang.org/x/tools/go/analysis/passes/errorsas
cmd/vendor/golang.org/x/tools/go/analysis/passes/framepointer
cmd/vendor/golang.org/x/tools/go/analysis/passes/httpresponse
cmd/vendor/golang.org/x/tools/go/analysis/passes/ifaceassert
cmd/vendor/golang.org/x/tools/internal/versions
cmd/vendor/golang.org/x/tools/go/analysis/passes/lostcancel
cmd/vendor/golang.org/x/tools/go/analysis/passes/nilfunc
cmd/vendor/golang.org/x/tools/go/analysis/passes/loopclosure
cmd/vendor/golang.org/x/tools/go/analysis/passes/printf
cmd/vendor/golang.org/x/tools/go/analysis/passes/shift
cmd/vendor/golang.org/x/tools/go/analysis/passes/sigchanyzer
cmd/vendor/golang.org/x/tools/go/analysis/passes/slog
cmd/vendor/golang.org/x/tools/go/analysis/passes/stdmethods
cmd/vendor/golang.org/x/tools/go/analysis/passes/stringintconv
cmd/vendor/golang.org/x/tools/go/analysis/passes/structtag
cmd/go/internal/auth
cmd/vendor/golang.org/x/mod/sumdb
net/http/cgi
net/http/httputil
cmd/go/internal/web
cmd/go/internal/modfetch/codehost
cmd/go/internal/vcs
net/http/httptest
cmd/go/internal/vcweb
cmd/vendor/github.com/google/pprof/internal/plugin
internal/trace/traceviewer
cmd/vendor/github.com/google/pprof/internal/binutils
cmd/go/internal/vcweb/vcstest
cmd/go/internal/modfetch
cmd/vendor/github.com/google/pprof/internal/report
cmd/go/internal/modinfo
cmd/vendor/github.com/google/pprof/internal/symbolz
cmd/vendor/github.com/google/pprof/internal/transport
cmd/vendor/github.com/google/pprof/internal/symbolizer
cmd/trace/v2
net/http/pprof
cmd/vendor/golang.org/x/tools/go/analysis/passes/testinggoroutine
cmd/vendor/github.com/google/pprof/internal/driver
cmd/vendor/golang.org/x/tools/go/analysis/passes/tests
cmd/vendor/golang.org/x/tools/go/analysis/passes/timeformat
cmd/go/internal/modload
cmd/vendor/golang.org/x/tools/go/analysis/passes/unmarshal
cmd/vendor/golang.org/x/tools/go/analysis/passes/unreachable
cmd/vendor/golang.org/x/tools/go/analysis/passes/unsafeptr
cmd/vendor/golang.org/x/tools/go/analysis/passes/unusedresult
go/internal/gccgoimporter
cmd/vendor/github.com/google/pprof/driver
cmd/pprof
cmd/trace
go/internal/gcimporter
go/internal/srcimporter
go/importer
cmd/vendor/golang.org/x/tools/go/types/objectpath
cmd/go/internal/load
cmd/vendor/golang.org/x/tools/internal/facts
cmd/vendor/golang.org/x/tools/go/analysis/unitchecker
cmd/vet
cmd/go/internal/fmtcmd
cmd/go/internal/work
cmd/go/internal/envcmd
cmd/go/internal/clean
cmd/go/internal/fix
cmd/go/internal/generate
cmd/go/internal/list
cmd/go/internal/run
cmd/go/internal/test
cmd/go/internal/bug
cmd/go/internal/toolchain
cmd/go/internal/vet
cmd/go/internal/modcmd
cmd/go/internal/modget
cmd/go/internal/workcmd
cmd/go
cd "/mnt/build_wrt/build_dir/hostpkg/go-1.24.13/src" ;  GOROOT_BOOTSTRAP="/mnt/build_wrt/build_dir/hostpkg/go-1.24.13/.go_bootstrap_1.22" GO_LDFLAGS="-buildmode pie" GOHOSTARCH="amd64" GOCACHE="/mnt/build_wrt/tmp/go-build" GOENV=off CC="/mnt/build_wrt/staging_dir/host/bin/gcc" CXX="/mnt/build_wrt/staging_dir/host/bin/g++"  bash make.bash -v --no-banner
Building Go cmd/dist using /mnt/build_wrt/build_dir/hostpkg/go-1.24.13/.go_bootstrap_1.22. (go1.22.12 linux/amd64)
cmd/dist

Building Go toolchain1 using /mnt/build_wrt/build_dir/hostpkg/go-1.24.13/.go_bootstrap_1.22.
internal/unsafeheader
internal/goarch
internal/coverage/rtcov
internal/cpu
internal/godebugs
internal/chacha8rand
internal/abi
internal/goexperiment
internal/goos
runtime/internal/atomic
internal/bytealg
runtime/internal/math
runtime/internal/sys
runtime/internal/syscall
internal/race
sync/atomic
unicode
unicode/utf8
internal/itoa
math/bits
cmp
log/internal
bootstrap/cmp
bootstrap/internal/goexperiment
slices
math
runtime
bootstrap/internal/goarch
bootstrap/internal/abi
crypto/internal/alias
crypto/internal/boring/sig
bootstrap/math/bits
encoding
maps
bootstrap/internal/coverage
bootstrap/internal/platform
bootstrap/internal/unsafeheader
unicode/utf16
bootstrap/internal/goversion
bootstrap/internal/gover
internal/goversion
internal/platform
bootstrap/internal/race
bootstrap/cmd/compile/internal/test
bootstrap/cmd/internal/telemetry
internal/reflectlite
crypto/subtle
runtime/metrics
sync
internal/testlog
internal/bisect
bootstrap/internal/bisect
internal/godebug
sort
errors
bootstrap/sort
io
strconv
bytes
strings
internal/oserror
syscall
reflect
internal/safefilepath
path
hash
crypto
hash/adler32
bootstrap/internal/saferio
text/tabwriter
bufio
bootstrap/go/build/constraint
go/build/constraint
regexp/syntax
bootstrap/internal/types/errors
math/rand
bootstrap/container/heap
hash/crc32
internal/syscall/unix
time
internal/syscall/execenv
html
regexp
bootstrap/go/version
hash/fnv
internal/fmtsort
encoding/binary
bootstrap/cmd/internal/sys
encoding/base64
crypto/cipher
io/fs
context
internal/poll
crypto/internal/boring
crypto/sha256
crypto/hmac
bootstrap/cmd/internal/hash
os
bootstrap/internal/lazyregexp
internal/lazyregexp
path/filepath
fmt
os/exec
internal/goroot
log
bootstrap/cmd/internal/src
bootstrap/internal/buildcfg
flag
bootstrap/cmd/internal/bio
text/scanner
bootstrap/cmd/internal/dwarf
bootstrap/cmd/internal/objabi
bootstrap/cmd/internal/goobj
bootstrap/cmd/internal/telemetry/counter
bootstrap/cmd/internal/edit
bootstrap/cmd/internal/pkgpath
bootstrap/cmd/internal/quoted
bootstrap/debug/dwarf
bootstrap/compress/flate
bootstrap/internal/zstd
bootstrap/cmd/internal/obj
bootstrap/compress/zlib
go/token
go/doc/comment
go/scanner
bootstrap/debug/elf
bootstrap/debug/macho
bootstrap/debug/pe
bootstrap/internal/xcoff
go/ast
bootstrap/cmd/internal/obj/arm
bootstrap/cmd/internal/obj/arm64
bootstrap/cmd/internal/obj/loong64
bootstrap/cmd/internal/obj/mips
bootstrap/cmd/internal/obj/ppc64
bootstrap/cmd/internal/obj/riscv
bootstrap/cmd/internal/obj/s390x
bootstrap/cmd/internal/obj/wasm
bootstrap/cmd/internal/obj/x86
bootstrap/cmd/asm/internal/flags
bootstrap/cmd/asm/internal/lex
go/internal/typeparams
go/parser
go/printer
bootstrap/cmd/internal/cov/covcmd
encoding/json
bootstrap/cmd/asm/internal/arch
bootstrap/cmd/asm/internal/asm
runtime/debug
go/format
bootstrap/cmd/cgo
math/big
bootstrap/cmd/asm
bootstrap/cmd/compile/internal/base
net/url
bootstrap/cmd/compile/internal/logopt
bootstrap/cmd/compile/internal/bitvec
bootstrap/cmd/compile/internal/abt
encoding/hex
compress/flate
go/doc
bootstrap/go/constant
compress/gzip
bootstrap/cmd/compile/internal/types
bootstrap/internal/profile
bootstrap/cmd/compile/internal/syntax
bootstrap/cmd/internal/pgo
internal/buildcfg
bootstrap/internal/pkgbits
bootstrap/cmd/compile/internal/ir
bootstrap/cmd/compile/internal/typebits
go/build
bootstrap/cmd/internal/archive
runtime/pprof
runtime/trace
bootstrap/internal/exportdata
bootstrap/cmd/internal/codesign
bootstrap/cmd/internal/gcprog
bootstrap/cmd/internal/macho
bootstrap/cmd/link/internal/benchmark
bootstrap/cmd/link/internal/sym
bootstrap/cmd/link/internal/dwtest
bootstrap/cmd/link/internal/loader
bootstrap/cmd/compile/internal/types2
bootstrap/cmd/link/internal/loadelf
bootstrap/cmd/link/internal/loadmacho
bootstrap/cmd/link/internal/loadpe
bootstrap/cmd/link/internal/loadxcoff
bootstrap/cmd/link/internal/ld
bootstrap/cmd/compile/internal/abi
bootstrap/cmd/compile/internal/objw
bootstrap/cmd/compile/internal/typecheck
bootstrap/cmd/compile/internal/rttype
bootstrap/cmd/compile/internal/staticdata
bootstrap/cmd/compile/internal/deadlocals
bootstrap/cmd/compile/internal/compare
bootstrap/cmd/compile/internal/pgoir
bootstrap/cmd/compile/internal/inline/inlheur
bootstrap/cmd/compile/internal/reflectdata
bootstrap/cmd/compile/internal/inline
bootstrap/cmd/compile/internal/ssa
bootstrap/cmd/compile/internal/coverage
bootstrap/cmd/compile/internal/escape
bootstrap/cmd/compile/internal/devirtualize
bootstrap/cmd/compile/internal/inline/interleaved
bootstrap/cmd/compile/internal/loopvar
bootstrap/cmd/compile/internal/importer
bootstrap/cmd/compile/internal/rangefunc
bootstrap/cmd/compile/internal/staticinit
bootstrap/cmd/link/internal/amd64
bootstrap/cmd/link/internal/arm64
bootstrap/cmd/link/internal/arm
bootstrap/cmd/link/internal/loong64
bootstrap/cmd/link/internal/mips
bootstrap/cmd/link/internal/mips64
bootstrap/cmd/link/internal/ppc64
bootstrap/cmd/link/internal/riscv64
bootstrap/cmd/link/internal/s390x
bootstrap/cmd/link/internal/wasm
bootstrap/cmd/link/internal/x86
bootstrap/cmd/link
bootstrap/cmd/compile/internal/liveness
bootstrap/cmd/compile/internal/ssagen
bootstrap/cmd/compile/internal/amd64
bootstrap/cmd/compile/internal/arm
bootstrap/cmd/compile/internal/arm64
bootstrap/cmd/compile/internal/dwarfgen
bootstrap/cmd/compile/internal/walk
bootstrap/cmd/compile/internal/loong64
bootstrap/cmd/compile/internal/noder
bootstrap/cmd/compile/internal/mips
bootstrap/cmd/compile/internal/mips64
bootstrap/cmd/compile/internal/ppc64
bootstrap/cmd/compile/internal/riscv64
bootstrap/cmd/compile/internal/s390x
bootstrap/cmd/compile/internal/wasm
bootstrap/cmd/compile/internal/x86
bootstrap/cmd/compile/internal/pkginit
bootstrap/cmd/compile/internal/gc
bootstrap/cmd/compile

Building Go bootstrap cmd/go (go_bootstrap) using Go toolchain1.
runtime
internal/godebugs
internal/runtime/math
internal/runtime/exithook
internal/goarch
internal/chacha8rand
internal/runtime/sys
internal/coverage/rtcov
internal/goexperiment
internal/profilerecord
internal/runtime/syscall
internal/runtime/atomic
internal/abi
internal/goos
internal/cpu
internal/stringslite
internal/bytealg
internal/byteorder
time/tzdata
syscall
errors
internal/reflectlite
internal/unsafeheader
internal/itoa
internal/race
internal/msan
internal/oserror
internal/asan
sync
sync/atomic
internal/sync
cmd/go
cmd/go/internal/modcmd
slices
cmd/go/internal/base
os
cmd/go/internal/telemetrycmd
cmd/go/internal/fix
cmd/go/internal/list
internal/buildcfg
cmd/go/internal/work
log
cmd/go/internal/workcmd
cmd/go/internal/cfg
path/filepath
cmd/internal/telemetry/counter
fmt
cmd/go/internal/bug
cmd/go/internal/help
cmd/go/internal/generate
cmd/go/internal/envcmd
flag
cmd/go/internal/trace
cmd/go/internal/test
cmd/go/internal/load
cmd/go/internal/vet
runtime/trace
cmd/go/internal/version
reflect
io/fs
cmd/go/internal/gover
debug/buildinfo
encoding/binary
debug/plan9obj
cmd/vendor/golang.org/x/mod/module
bytes
runtime/debug
io
debug/pe
internal/saferio
cmd/go/internal/modload
cmd/go/internal/str
context
go/build
cmd/go/internal/clean
cmd/go/internal/doc
cmd/go/internal/modfetch
cmd/go/internal/tool
strings
cmd/go/internal/fmtcmd
cmd/go/internal/run
cmd/go/internal/toolchain
cmd/internal/telemetry
cmd/go/internal/modget
cmd/go/internal/telemetrystats
internal/xcoff
internal/goversion
cmd/vendor/golang.org/x/mod/modfile
cmd/vendor/golang.org/x/mod/semver
internal/gover
debug/macho
strconv
encoding/json
debug/elf
sort
cmd/vendor/golang.org/x/mod/sumdb/dirhash
cmd/go/internal/modinfo
log/internal
cmd/go/internal/imports
go/token
bufio
unicode
time
unicode/utf8
cmp
cmd/internal/par
internal/trace/traceviewer/format
cmd/go/internal/modfetch/codehost
archive/zip
cmd/internal/pathcache
net/url
debug/dwarf
os/exec
internal/coverage
cmd/internal/sys
cmd/internal/buildid
cmd/go/internal/fips140
container/heap
cmd/go/internal/search
cmd/internal/pkgpath
cmd/internal/robustio
iter
cmd/vendor/golang.org/x/sync/semaphore
internal/fmtsort
cmd/go/internal/fsys
internal/lazyregexp
math/rand
internal/platform
cmd/go/internal/cache
crypto/sha1
cmd/internal/cov/covcmd
crypto/sha256
regexp
cmd/internal/quoted
math/bits
math
text/template
cmd/go/internal/lockedfile
cmd/vendor/golang.org/x/mod/internal/lazyregexp
internal/godebug
crypto/internal/fips140only
internal/bisect
cmd/go/internal/lockedfile/internal/filelock
crypto/internal/fips140/sha512
internal/filepathlite
cmd/internal/pkgpattern
go/build/constraint
internal/cfg
encoding/base64
internal/syslist
os/signal
go/parser
encoding
hash
path
container/list
crypto/internal/fips140/sha256
crypto
crypto/internal/boring
crypto/internal/fips140/drbg
unicode/utf16
crypto/internal/fips140/sha3
hash/crc32
crypto/internal/fips140deps/cpu
cmd/internal/codesign
maps
cmd/internal/macho
crypto/internal/impl
cmd/go/internal/mmap
compress/flate
internal/syscall/execenv
regexp/syntax
cmd/go/internal/cmdflag
cmd/go/internal/vcs
encoding/xml
cmd/vendor/golang.org/x/mod/zip
cmd/go/internal/mvs
compress/zlib
internal/goroot
cmd/internal/test2json
net/netip
crypto/internal/entropy
internal/poll
crypto/internal/fips140/check
cmd/go/internal/modindex
cmd/internal/hash
crypto/internal/fips140/subtle
internal/lazytemplate
internal/testlog
internal/syscall/unix
cmd/go/internal/web
internal/diff
crypto/internal/fips140deps/byteorder
go/doc
cmd/go/internal/cacheprog
go/scanner
go/ast
encoding/hex
crypto/internal/sysrand
crypto/internal/fips140/aes
crypto/internal/randutil
crypto/internal/fips140
crypto/cipher
internal/zstd
text/template/parse
crypto/internal/boring/sig
unique
weak
crypto/internal/fips140/alias
hash/adler32
math/rand/v2
crypto/internal/fips140deps/godebug
crypto/internal/fips140/hmac
go/doc/comment
internal/singleflight
go/version
crypto/internal/fips140/aes/gcm
crypto/subtle


Building Go toolchain2 using go_bootstrap and Go toolchain1.
internal/goarch
internal/unsafeheader
internal/cpu
internal/byteorder
internal/abi
internal/coverage/rtcov
internal/godebugs
internal/chacha8rand
internal/goexperiment
internal/goos
internal/profilerecord
internal/bytealg
internal/runtime/atomic
internal/asan
internal/msan
internal/runtime/math
internal/runtime/sys
internal/runtime/syscall
internal/runtime/exithook
internal/stringslite
sync/atomic
math/bits
unicode
unicode/utf8
cmp
internal/itoa
math
log/internal
internal/race
crypto/internal/fips140/alias
crypto/internal/fips140deps/byteorder
internal/runtime/maps
internal/sync
crypto/internal/fips140deps/cpu
crypto/internal/fips140/subtle
crypto/internal/boring/sig
encoding
internal/coverage
unicode/utf16
internal/platform
internal/goversion
internal/gover
internal/syslist
runtime
iter
internal/reflectlite
crypto/subtle
sync
slices
maps
runtime/metrics
weak
errors
sort
internal/oserror
strconv
path
io
internal/bisect
bytes
strings
internal/godebug
syscall
reflect
internal/testlog
bufio
hash
crypto
crypto/internal/fips140deps/godebug
crypto/internal/impl
crypto/internal/fips140
math/rand/v2
crypto/internal/fips140/sha256
crypto/internal/fips140/sha3
crypto/internal/fips140/sha512
crypto/internal/randutil
go/build/constraint
crypto/internal/fips140/hmac
math/rand
crypto/internal/fips140/check
crypto/internal/fips140/aes
hash/adler32
internal/saferio
time
internal/syscall/unix
internal/syscall/execenv
regexp/syntax
internal/types/errors
unique
net/netip
regexp
io/fs
internal/fmtsort
internal/poll
internal/filepathlite
context
encoding/binary
container/heap
hash/crc32
html
go/version
os
hash/fnv
crypto/sha3
crypto/internal/fips140hash
cmd/internal/sys
encoding/base64
crypto/internal/sysrand
path/filepath
fmt
internal/lazyregexp
crypto/internal/entropy
crypto/internal/fips140/drbg
crypto/internal/fips140only
crypto/internal/fips140/aes/gcm
os/exec
crypto/cipher
internal/goroot
crypto/internal/boring
log
cmd/internal/src
internal/buildcfg
crypto/sha256
cmd/internal/hash
flag
cmd/internal/bio
text/scanner
cmd/internal/dwarf
cmd/vendor/golang.org/x/telemetry/internal/mmap
cmd/internal/goobj
runtime/debug
cmd/internal/objabi
cmd/vendor/golang.org/x/telemetry/internal/telemetry
cmd/internal/edit
cmd/internal/pkgpath
cmd/internal/obj
cmd/internal/quoted
cmd/vendor/golang.org/x/telemetry/internal/counter
debug/dwarf
compress/flate
cmd/vendor/golang.org/x/telemetry/counter
cmd/internal/telemetry/counter
compress/zlib
internal/zstd
go/token
go/scanner
go/doc/comment
go/ast
debug/elf
cmd/internal/obj/arm
cmd/internal/obj/arm64
cmd/internal/obj/loong64
cmd/internal/obj/mips
cmd/internal/obj/ppc64
cmd/internal/obj/riscv
cmd/internal/obj/s390x
cmd/internal/obj/wasm
cmd/internal/obj/x86
cmd/asm/internal/flags
debug/macho
cmd/asm/internal/lex
debug/pe
go/parser
text/tabwriter
go/printer
internal/xcoff
cmd/internal/cov/covcmd
encoding/json
cmd/asm/internal/arch
math/big
cmd/asm/internal/asm
go/format
cmd/cgo
cmd/asm
cmd/compile/internal/base
go/constant
net/url
cmd/compile/internal/types
cmd/compile/internal/logopt
cmd/compile/internal/bitvec
cmd/compile/internal/abt
encoding/hex
compress/gzip
cmd/compile/internal/syntax
internal/profile
cmd/compile/internal/ir
cmd/compile/internal/typebits
cmd/internal/pgo
go/doc
internal/pkgbits
go/build
cmd/internal/archive
cmd/compile/internal/types2
runtime/pprof
internal/exportdata
runtime/trace
cmd/internal/codesign
cmd/internal/gcprog
cmd/internal/macho
cmd/link/internal/benchmark
cmd/link/internal/sym
crypto/hmac
cmd/preprofile
cmd/link/internal/loader
cmd/compile/internal/objw
cmd/compile/internal/abi
cmd/compile/internal/typecheck
cmd/compile/internal/rttype
cmd/compile/internal/staticdata
cmd/compile/internal/deadlocals
cmd/link/internal/loadelf
cmd/link/internal/loadmacho
cmd/link/internal/loadpe
cmd/link/internal/loadxcoff
cmd/link/internal/ld
cmd/compile/internal/compare
cmd/compile/internal/pgoir
cmd/compile/internal/inline/inlheur
cmd/compile/internal/reflectdata
cmd/compile/internal/coverage
cmd/compile/internal/escape
cmd/compile/internal/inline
cmd/compile/internal/ssa
cmd/compile/internal/devirtualize
cmd/compile/internal/loopvar
cmd/compile/internal/inline/interleaved
cmd/compile/internal/importer
cmd/compile/internal/rangefunc
cmd/compile/internal/staticinit
cmd/link/internal/amd64
cmd/link/internal/arm
cmd/link/internal/arm64
cmd/link/internal/loong64
cmd/link/internal/mips
cmd/link/internal/mips64
cmd/link/internal/ppc64
cmd/link/internal/riscv64
cmd/link/internal/s390x
cmd/link/internal/wasm
cmd/link/internal/x86
cmd/link
cmd/compile/internal/liveness
cmd/compile/internal/ssagen
cmd/compile/internal/amd64
cmd/compile/internal/arm
cmd/compile/internal/arm64
cmd/compile/internal/dwarfgen
cmd/compile/internal/walk
cmd/compile/internal/loong64
cmd/compile/internal/mips
cmd/compile/internal/noder
cmd/compile/internal/mips64
cmd/compile/internal/ppc64
cmd/compile/internal/riscv64
cmd/compile/internal/s390x
cmd/compile/internal/wasm
cmd/compile/internal/x86
cmd/compile/internal/pkginit
cmd/compile/internal/gc
cmd/compile

Building Go toolchain3 using go_bootstrap and Go toolchain2.
internal/byteorder
internal/unsafeheader
internal/goarch
internal/cpu
internal/coverage/rtcov
internal/abi
internal/chacha8rand
internal/godebugs
internal/goexperiment
internal/bytealg
internal/goos
internal/profilerecord
internal/runtime/atomic
internal/asan
internal/msan
internal/runtime/math
internal/runtime/sys
internal/runtime/syscall
internal/runtime/exithook
internal/stringslite
sync/atomic
math/bits
unicode
unicode/utf8
internal/race
cmp
internal/runtime/maps
internal/sync
internal/itoa
math
log/internal
crypto/internal/fips140/alias
crypto/internal/fips140deps/byteorder
crypto/internal/fips140deps/cpu
crypto/internal/fips140/subtle
crypto/internal/boring/sig
encoding
runtime
unicode/utf16
internal/platform
internal/goarch
internal/unsafeheader
internal/cpu
internal/abi
internal/byteorder
internal/bytealg
internal/chacha8rand
internal/coverage/rtcov
internal/godebugs
internal/goexperiment
internal/goos
internal/profilerecord
internal/runtime/atomic
internal/asan
internal/msan
internal/runtime/math
internal/race
internal/runtime/sys
internal/runtime/exithook
internal/runtime/syscall
internal/stringslite
internal/runtime/maps
sync/atomic
math/bits
unicode
internal/sync
unicode/utf8
math
runtime
crypto/internal/fips140/alias
crypto/internal/fips140deps/byteorder
crypto/internal/fips140deps/cpu
crypto/internal/fips140/subtle
internal/itoa
cmp
crypto/internal/boring/sig
internal/coverage
log/internal
encoding
unicode/utf16
internal/platform
internal/goversion
internal/gover
internal/syslist
sync
iter
internal/reflectlite
slices
crypto/subtle
maps
internal/bisect
internal/testlog
errors
sort
io
strconv
bytes
strings
internal/oserror
reflect
path
bufio
internal/godebug
syscall
hash
crypto
crypto/internal/fips140deps/godebug
crypto/internal/fips140
crypto/internal/impl
crypto/internal/fips140/sha256
crypto/internal/fips140/sha512
crypto/internal/fips140/sha3
math/rand/v2
time
internal/syscall/unix
internal/syscall/execenv
crypto/internal/fips140/hmac
crypto/internal/randutil
go/build/constraint
crypto/internal/fips140/check
crypto/internal/fips140/aes
math/rand
hash/adler32
internal/saferio
regexp/syntax
internal/reflectlite
io/fs
internal/fmtsort
internal/poll
internal/filepathlite
context
encoding/binary
regexp
errors
sync
os
iter
cmd/internal/sys
encoding/base64
strconv
io
internal/bisect
internal/godebug
bytes
hash
crypto/internal/fips140deps/godebug
strings
crypto
internal/oserror
path
syscall
slices
internal/testlog
crypto/internal/fips140
crypto/internal/impl
math/rand/v2
fmt
path/filepath
crypto/internal/sysrand
os/exec
crypto/internal/entropy
crypto/internal/fips140/drbg
crypto/internal/fips140/aes/gcm
crypto/internal/fips140only
crypto/internal/fips140/sha256
crypto/cipher
crypto/internal/fips140/sha3
log
cmd/internal/src
internal/buildcfg
cmd/internal/bio
crypto/internal/boring
flag
crypto/sha256
cmd/internal/hash
text/scanner
cmd/vendor/golang.org/x/telemetry/internal/mmap
cmd/internal/dwarf
cmd/internal/goobj
runtime/debug
cmd/internal/objabi
cmd/vendor/golang.org/x/telemetry/internal/telemetry
cmd/internal/edit
cmd/vendor/golang.org/x/telemetry/internal/counter
cmd/internal/pkgpath
cmd/internal/quoted
debug/dwarf
cmd/internal/obj
compress/flate
cmd/vendor/golang.org/x/telemetry/counter
compress/zlib
cmd/internal/telemetry/counter
internal/zstd
go/token
go/scanner
go/ast
debug/macho
debug/elf
debug/pe
cmd/internal/obj/arm
cmd/internal/obj/arm64
cmd/internal/obj/loong64
cmd/internal/obj/mips
cmd/internal/obj/ppc64
cmd/internal/obj/riscv
cmd/internal/obj/s390x
cmd/internal/obj/wasm
cmd/internal/obj/x86
cmd/asm/internal/flags
cmd/asm/internal/lex
go/parser
go/doc/comment
text/tabwriter
internal/xcoff
go/printer
crypto/internal/fips140/sha512
internal/syscall/unix
time
crypto/internal/fips140/hmac
crypto/internal/fips140/check
cmd/asm/internal/arch
crypto/internal/fips140/aes
go/format
internal/syscall/execenv
crypto/internal/randutil
cmd/cgo
crypto/subtle
cmd/asm/internal/asm
reflect
io/fs
cmd/asm
internal/filepathlite
internal/poll
os
bufio
context
sort
math/rand
crypto/internal/sysrand
crypto/internal/entropy
path/filepath
crypto/internal/fips140/drbg
internal/types/errors
crypto/internal/fips140/aes/gcm
crypto/internal/fips140only
internal/fmtsort
encoding/binary
os/exec
fmt
crypto/cipher
runtime/metrics
regexp/syntax
crypto/internal/boring
cmd/internal/sys
encoding/base64
crypto/sha256
cmd/internal/hash
maps
weak
container/heap
unique
hash/crc32
html
cmd/internal/cov/covcmd
log
cmd/internal/src
internal/buildcfg
flag
cmd/internal/bio
cmd/vendor/golang.org/x/telemetry/internal/mmap
cmd/internal/dwarf
cmd/internal/goobj
runtime/debug
cmd/internal/objabi
encoding/json
go/token
cmd/vendor/golang.org/x/telemetry/internal/telemetry
cmd/internal/obj
cmd/vendor/golang.org/x/telemetry/internal/counter
math/big
cmd/vendor/golang.org/x/telemetry/counter
cmd/internal/telemetry/counter
regexp
net/netip
internal/lazyregexp
cmd/compile/internal/abt
go/constant
encoding/hex
cmd/compile/internal/base
cmd/internal/obj/arm
cmd/internal/obj/arm64
cmd/compile/internal/types
net/url
cmd/compile/internal/bitvec
cmd/internal/obj/loong64
cmd/compile/internal/logopt
cmd/internal/obj/mips
cmd/compile/internal/ir
cmd/compile/internal/typebits
cmd/internal/obj/ppc64
cmd/internal/obj/riscv
cmd/internal/obj/s390x
cmd/internal/obj/wasm
cmd/internal/obj/x86
compress/flate
compress/gzip
internal/profile
cmd/compile/internal/objw
cmd/compile/internal/abi
cmd/compile/internal/typecheck
cmd/compile/internal/rttype
cmd/compile/internal/staticdata
cmd/internal/pgo
cmd/compile/internal/deadlocals
go/build/constraint
go/version
go/scanner
go/doc/comment
cmd/compile/internal/syntax
go/ast
internal/goroot
internal/saferio
internal/pkgbits
go/doc
cmd/compile/internal/compare
cmd/compile/internal/pgoir
cmd/compile/internal/reflectdata
cmd/compile/internal/inline/inlheur
cmd/compile/internal/coverage
cmd/compile/internal/escape
cmd/compile/internal/loopvar
cmd/compile/internal/types2
cmd/compile/internal/ssa
cmd/compile/internal/inline
go/parser
cmd/compile/internal/devirtualize
cmd/compile/internal/inline/interleaved
cmd/compile/internal/staticinit
go/build
hash/fnv
cmd/internal/archive
text/tabwriter
runtime/pprof
internal/exportdata
runtime/trace
cmd/internal/codesign
cmd/internal/gcprog
cmd/internal/macho
hash/crc32
cmd/link/internal/sym
compress/gzip
runtime/pprof
cmd/link/internal/loader
cmd/link/internal/benchmark
crypto/sha3
cmd/link/internal/loadelf
cmd/link/internal/loadmacho
cmd/link/internal/loadpe
cmd/compile/internal/importer
cmd/compile/internal/rangefunc
cmd/link/internal/loadxcoff
crypto/internal/fips140hash
crypto/hmac
encoding/hex
encoding/json
internal/profile
cmd/internal/pgo
cmd/preprofile
cmd/link/internal/ld
cmd/link/internal/amd64
cmd/link/internal/arm
cmd/link/internal/arm64
cmd/link/internal/loong64
cmd/link/internal/mips
cmd/link/internal/mips64
cmd/link/internal/ppc64
cmd/link/internal/riscv64
cmd/link/internal/s390x
cmd/link/internal/wasm
cmd/link/internal/x86
cmd/link
cmd/compile/internal/liveness
cmd/compile/internal/ssagen
cmd/compile/internal/amd64
cmd/compile/internal/arm64
cmd/compile/internal/arm
cmd/compile/internal/dwarfgen
cmd/compile/internal/walk
cmd/compile/internal/loong64
cmd/compile/internal/mips
cmd/compile/internal/noder
cmd/compile/internal/mips64
cmd/compile/internal/ppc64
cmd/compile/internal/riscv64
cmd/compile/internal/s390x
cmd/compile/internal/wasm
cmd/compile/internal/x86
cmd/compile/internal/pkginit
cmd/compile/internal/gc
cmd/compile

Building packages and commands for linux/amd64.
internal/byteorder
internal/unsafeheader
internal/goarch
internal/cpu
internal/abi
internal/coverage/rtcov
internal/chacha8rand
internal/godebugs
internal/goexperiment
internal/bytealg
internal/goos
internal/profilerecord
internal/runtime/atomic
internal/asan
internal/msan
internal/runtime/math
internal/runtime/sys
internal/runtime/syscall
internal/stringslite
internal/runtime/exithook
sync/atomic
math/bits
unicode
unicode/utf8
internal/race
cmp
internal/runtime/maps
internal/sync
internal/itoa
math
container/list
container/ring
crypto/internal/fips140/alias
crypto/internal/fips140deps/byteorder
crypto/internal/fips140deps/cpu
crypto/internal/fips140/subtle
crypto/internal/boring/sig
unicode/utf16
vendor/golang.org/x/crypto/cryptobyte/asn1
crypto/internal/boring/bcache
encoding
runtime
internal/cfg
internal/platform
crypto/internal/fips140deps
vendor/golang.org/x/crypto/internal/alias
internal/nettrace
log/internal
internal/goversion
internal/syslist
internal/gover
hash/maphash
image/color
internal/coverage
internal/coverage/calloc
internal/coverage/uleb128
internal/synctest
internal/trace/event
image/color/palette
internal/trace/traceviewer/format
log/slog/internal
math/cmplx
reflect/internal/example1
reflect/internal/example2
runtime/internal/startlinetest
runtime/race/internal/amd64v1
structs
runtime/race
iter
internal/reflectlite
crypto/subtle
sync
slices
maps
weak
runtime/metrics
errors
sort
internal/testlog
internal/bisect
io
strconv
internal/oserror
path
internal/godebug
bytes
syscall
reflect
strings
runtime/cgo
bufio
hash
hash/crc32
compress/bzip2
time
internal/syscall/unix
internal/syscall/execenv
hash/adler32
container/heap
crypto
crypto/internal/fips140deps/godebug
crypto/internal/fips140
crypto/internal/impl
crypto/internal/fips140/sha256
io/fs
internal/poll
internal/filepathlite
context
os
internal/fmtsort
encoding/binary
crypto/internal/fips140/sha3
crypto/internal/fips140/sha512
math/rand/v2
crypto/internal/fips140/hmac
math/rand
crypto/internal/fips140/check
crypto/internal/fips140/aes
crypto/internal/randutil
crypto/internal/fips140/nistec/fiat
crypto/internal/fips140/edwards25519/field
fmt
path/filepath
crypto/internal/sysrand
crypto/internal/entropy
crypto/internal/fips140/drbg
crypto/internal/fips140/aes/gcm
crypto/internal/fips140only
crypto/internal/fips140/bigmod
crypto/cipher
os/user
compress/flate
compress/lzw
crypto/internal/boring
crypto/des
crypto/aes
math/big
crypto/internal/fips140/nistec
archive/zip
compress/gzip
compress/zlib
crypto/internal/fips140/ecdh
crypto/internal/fips140/ecdsa
crypto/dsa
crypto/ecdh
crypto/elliptic
archive/tar
crypto/internal/boring/bbig
crypto/sha3
crypto/sha512
crypto/internal/fips140hash
internal/saferio
crypto/internal/fips140/edwards25519
encoding/asn1
crypto/rand
crypto/fips140
crypto/internal/fips140/hkdf
crypto/internal/fips140/ed25519
crypto/hkdf
crypto/hmac
encoding/base64
crypto/ed25519
flag
vendor/golang.org/x/crypto/cryptobyte
encoding/json
os/exec
internal/sysinfo
crypto/ecdsa
runtime/debug
runtime/trace
crypto/internal/fips140/check/checktest
crypto/internal/fips140/mlkem
testing
crypto/internal/fips140/pbkdf2
crypto/internal/fips140/rsa
crypto/internal/fips140/ssh
crypto/internal/fips140/tls12
crypto/internal/fips140/tls13
vendor/golang.org/x/crypto/chacha20
vendor/golang.org/x/crypto/internal/poly1305
vendor/golang.org/x/sys/cpu
crypto/internal/sysrand/internal/seccomp
crypto/md5
vendor/golang.org/x/crypto/chacha20poly1305
crypto/mlkem
crypto/pbkdf2
crypto/rc4
crypto/internal/hpke
crypto/rsa
crypto/sha1
crypto/sha256
crypto/tls/internal/fips140tls
internal/testenv
encoding/hex
encoding/pem
vendor/golang.org/x/net/dns/dnsmessage
crypto/x509/pkix
internal/singleflight
unique
database/sql/driver
crypto/internal/cryptotest
net/netip
database/sql
debug/dwarf
internal/zstd
debug/plan9obj
debug/gosym
embed
net
net/url
debug/elf
debug/macho
debug/pe
internal/xcoff
encoding/ascii85
encoding/base32
encoding/csv
debug/buildinfo
encoding/gob
encoding/xml
log
vendor/golang.org/x/text/transform
vendor/golang.org/x/text/unicode/bidi
vendor/golang.org/x/text/secure/bidirule
vendor/golang.org/x/text/unicode/norm
vendor/golang.org/x/net/http2/hpack
mime
mime/quotedprintable
net/http/internal
net/http/internal/ascii
go/token
go/scanner
go/build/constraint
vendor/golang.org/x/net/idna
go/ast
go/doc/comment
regexp/syntax
internal/buildcfg
internal/goroot
go/constant
go/parser
regexp
text/tabwriter
go/printer
internal/lazyregexp
go/doc
go/version
go/format
internal/types/errors
text/scanner
go/types
internal/pkgbits
go/build
hash/crc64
hash/fnv
html
crypto/x509
net/textproto
vendor/golang.org/x/net/http/httpproxy
vendor/golang.org/x/net/http/httpguts
mime/multipart
internal/exportdata
text/template/parse
image
image/internal/imageutil
image/draw
text/template
image/gif
crypto/tls
image/jpeg
image/png
html/template
index/suffixarray
internal/coverage/cmerge
internal/coverage/cformat
internal/coverage/slicereader
internal/coverage/slicewriter
internal/coverage/stringtab
internal/coverage/pods
internal/coverage/decodecounter
internal/coverage/decodemeta
internal/coverage/encodecounter
internal/coverage/encodemeta
internal/dag
internal/coverage/cfile
internal/diff
internal/fuzz
internal/lazytemplate
internal/obscuretestdata
internal/profile
go/internal/gccgoimporter
go/internal/gcimporter
go/internal/srcimporter
internal/testpty
internal/trace/event/go122
internal/trace/version
internal/trace/internal/oldtrace
go/importer
internal/trace/raw
internal/txtar
net/http/httptrace
io/ioutil
internal/trace
net/http
log/slog/internal/buffer
log/slog
log/syslog
net/http/internal/testcert
log/slog/internal/benchmarks
log/slog/internal/slogtest
runtime/pprof
net/internal/socktest
net/mail
net/smtp
internal/trace/internal/testgen/go122
internal/trace/testtrace
os/exec/internal/fdtest
os/signal
plugin
runtime/coverage
testing/iotest
testing/internal/testdeps
testing/fstest
testing/quick
testing/slogtest
time/tzdata
vendor/golang.org/x/net/nettest
expvar
net/http/cookiejar
net/http/cgi
internal/trace/traceviewer
net/http/httptest
net/http/fcgi
net/http/httputil
net/http/pprof
net/rpc
net/rpc/jsonrpc
cmd/cgo/internal/test/issue9400
cmd/cgo/internal/testnocgo
cmd/cgo/internal/test/issue30527
debug/gosym
debug/plan9obj
cmd/internal/archive
cmd/internal/buildid
cmd/cgo/internal/cgotest
internal/sysinfo
runtime/trace
cmd/internal/objfile
cmd/buildid
testing
cmd/internal/cov/covcmd
runtime/metrics
cmd/compile/internal/base
cmd/addr2line
math/big
internal/lazyregexp
cmd/compile/internal/abt
cmd/cgo/internal/test
cmd/cgo/internal/testtls
weak
cmd/compile/internal/bitvec
unique
html
go/doc
internal/goroot
cmd/compile/internal/test
internal/coverage/slicereader
net/netip
internal/coverage/uleb128
internal/coverage/stringtab
internal/coverage/decodecounter
internal/coverage/decodemeta
go/build
internal/coverage/pods
go/constant
cmd/internal/cov
cmd/internal/pkgpattern
net/url
internal/coverage/calloc
internal/coverage/cmerge
internal/coverage/cformat
cmd/compile/internal/types
cmd/compile/internal/syntax
internal/exportdata
cmd/compile/internal/logopt
internal/pkgbits
internal/coverage/slicewriter
internal/coverage/encodecounter
internal/coverage/encodemeta
cmd/compile/internal/ir
cmd/compile/internal/typebits
cmd/covdata
cmd/internal/browser
cmd/vendor/golang.org/x/tools/cover
text/template/parse
cmd/compile/internal/types2
text/template
cmd/dist
html/template
cmd/cover
cmd/compile/internal/abi
cmd/compile/internal/objw
cmd/compile/internal/typecheck
cmd/compile/internal/rttype
cmd/compile/internal/staticdata
cmd/compile/internal/deadlocals
os/user
archive/tar
archive/zip
cmd/compile/internal/compare
cmd/compile/internal/pgoir
cmd/compile/internal/inline/inlheur
cmd/compile/internal/reflectdata
cmd/compile/internal/coverage
cmd/compile/internal/escape
cmd/compile/internal/loopvar
cmd/compile/internal/inline
cmd/compile/internal/ssa
cmd/compile/internal/importer
cmd/compile/internal/rangefunc
cmd/compile/internal/devirtualize
cmd/compile/internal/staticinit
cmd/distpack
cmd/compile/internal/inline/interleaved
cmd/vendor/golang.org/x/mod/semver
cmd/doc
internal/diff
cmd/fix
cmd/go/internal/str
cmd/go/internal/fsys
cmd/internal/par
cmd/internal/pathcache
internal/cfg
cmd/go/internal/cfg
os/signal
cmd/go/internal/cacheprog
cmd/go/internal/base
cmd/go/internal/lockedfile/internal/filelock
cmd/go/internal/mmap
cmd/go/internal/lockedfile
cmd/vendor/golang.org/x/mod/internal/lazyregexp
cmd/vendor/golang.org/x/mod/module
container/list
crypto/rand
cmd/vendor/golang.org/x/mod/modfile
crypto/aes
crypto/des
cmd/go/internal/cache
crypto/internal/fips140/nistec/fiat
crypto/internal/fips140/edwards25519/field
crypto/internal/boring/bbig
cmd/go/internal/gover
crypto/internal/fips140/bigmod
crypto/sha512
encoding/asn1
crypto/internal/fips140/nistec
vendor/golang.org/x/crypto/cryptobyte/asn1
crypto/internal/fips140/edwards25519
crypto/internal/fips140/ed25519
vendor/golang.org/x/crypto/cryptobyte
crypto/ed25519
crypto/internal/fips140/hkdf
crypto/internal/fips140/mlkem
crypto/internal/fips140/tls12
crypto/internal/fips140/tls13
vendor/golang.org/x/crypto/internal/alias
vendor/golang.org/x/crypto/chacha20
vendor/golang.org/x/crypto/internal/poly1305
vendor/golang.org/x/sys/cpu
crypto/md5
vendor/golang.org/x/crypto/chacha20poly1305
crypto/rc4
crypto/internal/fips140/rsa
crypto/internal/fips140/ecdh
crypto/elliptic
crypto/ecdh
crypto/internal/fips140/ecdsa
crypto/internal/hpke
crypto/rsa
crypto/sha1
crypto/ecdsa
crypto/tls/internal/fips140tls
crypto/dsa
crypto/x509/pkix
encoding/pem
vendor/golang.org/x/net/dns/dnsmessage
internal/nettrace
internal/singleflight
vendor/golang.org/x/text/transform
vendor/golang.org/x/text/unicode/bidi
vendor/golang.org/x/text/unicode/norm
net
vendor/golang.org/x/text/secure/bidirule
vendor/golang.org/x/net/http2/hpack
mime
vendor/golang.org/x/net/idna
mime/quotedprintable
net/http/internal
net/http/internal/ascii
encoding/xml
internal/trace/traceviewer/format
cmd/go/internal/trace
cmd/go/internal/search
cmd/internal/robustio
cmd/vendor/golang.org/x/mod/sumdb/note
cmd/vendor/golang.org/x/mod/sumdb/tlog
cmd/vendor/golang.org/x/mod/sumdb/dirhash
cmd/vendor/golang.org/x/mod/zip
cmd/go/internal/imports
crypto/x509
net/textproto
vendor/golang.org/x/net/http/httpproxy
cmd/go/internal/modindex
vendor/golang.org/x/net/http/httpguts
mime/multipart
cmd/go/internal/mvs
internal/lazytemplate
cmd/vendor/golang.org/x/sync/errgroup
cmd/vendor/golang.org/x/telemetry/internal/crashmonitor
cmd/vendor/golang.org/x/telemetry/internal/config
cmd/vendor/golang.org/x/telemetry/internal/configstore
cmd/go/internal/doc
cmd/go/internal/help
cmd/vendor/golang.org/x/sync/semaphore
cmd/vendor/golang.org/x/sys/unix
crypto/tls
cmd/go/internal/cmdflag
cmd/internal/test2json
debug/buildinfo
cmd/go/internal/version
cmd/go/internal/test/internal/genflags
internal/txtar
cmd/internal/script
internal/testenv
net/http/internal/testcert
cmd/gofmt
cmd/vendor/golang.org/x/arch/arm/armasm
cmd/vendor/golang.org/x/arch/arm64/arm64asm
cmd/vendor/golang.org/x/arch/loong64/loong64asm
cmd/vendor/golang.org/x/arch/ppc64/ppc64asm
net/http/httptrace
net/http
cmd/vendor/golang.org/x/arch/riscv64/riscv64asm
cmd/vendor/golang.org/x/arch/s390x/s390xasm
cmd/vendor/golang.org/x/arch/x86/x86asm
cmd/internal/osinfo
cmd/internal/disasm
cmd/internal/script/scripttest
cmd/link/internal/dwtest
cmd/nm
cmd/objdump
cmd/pack
embed
cmd/vendor/github.com/google/pprof/internal/elfexec
cmd/vendor/github.com/google/pprof/profile
cmd/vendor/github.com/ianlancetaylor/demangle
cmd/vendor/github.com/google/pprof/internal/measurement
cmd/vendor/github.com/google/pprof/internal/graph
cmd/vendor/github.com/google/pprof/third_party/svgpan
cmd/vendor/golang.org/x/term
cmd/test2json
internal/trace/event
internal/trace/event/go122
internal/trace/version
cmd/go/internal/web/intercept
cmd/vendor/golang.org/x/mod/sumdb
cmd/go/internal/auth
cmd/vendor/golang.org/x/telemetry/internal/upload
net/http/cgi
cmd/go/internal/web
cmd/vendor/golang.org/x/telemetry
cmd/go/internal/modfetch/codehost
cmd/go/internal/vcs
cmd/internal/telemetry
cmd/go/internal/telemetrycmd
net/http/httputil
net/http/httptest
cmd/go/internal/vcweb
cmd/vendor/github.com/google/pprof/internal/plugin
cmd/go/internal/modfetch
cmd/go/internal/modinfo
cmd/vendor/github.com/google/pprof/internal/binutils
cmd/go/internal/vcweb/vcstest
cmd/vendor/github.com/google/pprof/internal/report
cmd/go/internal/fips140
cmd/go/internal/modload
cmd/vendor/github.com/google/pprof/internal/symbolz
cmd/vendor/github.com/google/pprof/internal/symbolizer
cmd/vendor/github.com/google/pprof/internal/transport
internal/trace/internal/oldtrace
cmd/vendor/github.com/google/pprof/internal/driver
internal/trace
cmd/vendor/github.com/google/pprof/driver
cmd/pprof
cmd/go/internal/load
cmd/go/internal/telemetrystats
internal/trace/raw
internal/trace/traceviewer
net/http/pprof
cmd/trace
cmd/go/internal/work
cmd/go/internal/fmtcmd
cmd/vendor/golang.org/x/text/internal/tag
cmd/vendor/golang.org/x/text/internal/language
cmd/vendor/golang.org/x/text/internal/language/compact
cmd/vendor/golang.org/x/text/language
cmd/compile/internal/liveness
cmd/vendor/golang.org/x/text/internal
cmd/vendor/golang.org/x/text/transform
cmd/vendor/golang.org/x/text/unicode/norm
cmd/compile/internal/ssagen
cmd/go/internal/envcmd
cmd/go/internal/bug
cmd/go/internal/clean
cmd/go/internal/fix
cmd/go/internal/generate
cmd/go/internal/list
cmd/go/internal/run
cmd/go/internal/test
cmd/go/internal/toolchain
cmd/go/internal/tool
cmd/go/internal/modcmd
cmd/go/internal/modget
cmd/go/internal/vet
cmd/vendor/golang.org/x/text/cases
cmd/go/internal/workcmd
cmd/vendor/golang.org/x/telemetry/counter/countertest
go/types
cmd/go
cmd/vendor/rsc.io/markdown
cmd/compile/internal/amd64
cmd/compile/internal/arm
cmd/compile/internal/arm64
cmd/compile/internal/dwarfgen
cmd/compile/internal/walk
cmd/compile/internal/noder
cmd/compile/internal/loong64
cmd/compile/internal/mips
cmd/compile/internal/mips64
cmd/compile/internal/ppc64
cmd/compile/internal/riscv64
cmd/compile/internal/s390x
cmd/compile/internal/wasm
cmd/compile/internal/pkginit
cmd/compile/internal/x86
cmd/vendor/golang.org/x/build/relnote
cmd/vendor/golang.org/x/tools/go/analysis
cmd/compile/internal/gc
encoding/gob
cmd/vendor/golang.org/x/tools/go/ast/inspector
cmd/vendor/golang.org/x/tools/internal/analysisinternal
cmd/vendor/golang.org/x/tools/go/analysis/passes/inspect
cmd/vendor/golang.org/x/tools/internal/aliases
cmd/vendor/golang.org/x/tools/go/analysis/passes/internal/analysisutil
cmd/vendor/golang.org/x/tools/internal/typeparams
cmd/vendor/golang.org/x/tools/internal/versions
cmd/vendor/golang.org/x/tools/go/analysis/passes/asmdecl
cmd/vendor/golang.org/x/tools/go/analysis/passes/assign
cmd/vendor/golang.org/x/tools/go/types/typeutil
cmd/vendor/golang.org/x/tools/go/analysis/passes/bools
cmd/vendor/golang.org/x/tools/go/analysis/passes/buildtag
cmd/vendor/golang.org/x/tools/go/analysis/passes/cgocall
cmd/vendor/golang.org/x/tools/go/analysis/passes/composite
cmd/vendor/golang.org/x/tools/go/analysis/passes/appends
cmd/vendor/golang.org/x/tools/go/analysis/passes/atomic
cmd/vendor/golang.org/x/tools/go/analysis/passes/copylock
cmd/vendor/golang.org/x/tools/go/cfg
cmd/vendor/golang.org/x/tools/go/analysis/passes/defers
cmd/vendor/golang.org/x/tools/go/analysis/passes/directive
cmd/vendor/golang.org/x/tools/go/analysis/passes/errorsas
cmd/vendor/golang.org/x/tools/go/analysis/passes/ctrlflow
cmd/vendor/golang.org/x/tools/go/analysis/passes/framepointer
cmd/vendor/golang.org/x/tools/internal/stdlib
cmd/vendor/golang.org/x/tools/go/analysis/passes/ifaceassert
cmd/vendor/golang.org/x/tools/go/analysis/passes/lostcancel
cmd/vendor/golang.org/x/tools/go/analysis/internal/analysisflags
cmd/vendor/golang.org/x/tools/go/analysis/passes/nilfunc
cmd/vendor/golang.org/x/tools/go/analysis/passes/printf
cmd/vendor/golang.org/x/tools/go/analysis/passes/shift
cmd/vendor/golang.org/x/tools/go/analysis/passes/sigchanyzer
cmd/vendor/golang.org/x/tools/go/analysis/passes/stdmethods
cmd/vendor/golang.org/x/tools/go/analysis/passes/stringintconv
cmd/vendor/golang.org/x/tools/go/analysis/passes/structtag
cmd/vendor/golang.org/x/tools/go/analysis/passes/testinggoroutine
cmd/vendor/golang.org/x/tools/go/analysis/passes/tests
cmd/vendor/golang.org/x/tools/go/analysis/passes/timeformat
cmd/vendor/golang.org/x/tools/go/analysis/passes/unreachable
cmd/vendor/golang.org/x/tools/go/analysis/passes/unsafeptr
cmd/vendor/golang.org/x/tools/go/analysis/passes/unusedresult
go/internal/gccgoimporter
go/internal/gcimporter
go/internal/srcimporter
cmd/vendor/golang.org/x/tools/internal/bisect
go/importer
cmd/vendor/golang.org/x/tools/internal/typesinternal
cmd/vendor/golang.org/x/tools/go/analysis/passes/httpresponse
cmd/vendor/golang.org/x/tools/go/analysis/passes/slog
cmd/vendor/golang.org/x/tools/go/analysis/passes/loopclosure
cmd/vendor/golang.org/x/tools/go/analysis/passes/stdversion
cmd/vendor/golang.org/x/tools/go/analysis/passes/unmarshal
cmd/vendor/golang.org/x/tools/go/types/objectpath
cmd/vendor/golang.org/x/tools/internal/facts
cmd/vendor/golang.org/x/tools/go/analysis/unitchecker
cmd/vet
touch /mnt/build_wrt/build_dir/hostpkg/go-1.24.13/.built
rm -f "/mnt/build_wrt/staging_dir/hostpkg/bin/go-strip-helper"
rm -rf "/mnt/build_wrt/staging_dir/hostpkg/lib/go-bootstrap/openwrt"
rm -rf "/mnt/build_wrt/staging_dir/hostpkg/lib/go-bootstrap"
install -d -m0755 "/mnt/build_wrt/staging_dir/hostpkg/lib/go-bootstrap"
cp -fpR "/mnt/build_wrt/build_dir/hostpkg/go-1.24.13/api" "/mnt/build_wrt/staging_dir/hostpkg/lib/go-bootstrap/"
install -m0644 -p "/mnt/build_wrt/build_dir/hostpkg/go-1.24.13/go.env" "/mnt/build_wrt/staging_dir/hostpkg/lib/go-bootstrap/"
install -m0644 -p "/mnt/build_wrt/build_dir/hostpkg/go-1.24.13/VERSION" "/mnt/build_wrt/staging_dir/hostpkg/lib/go-bootstrap/"
for file in CONTRIBUTING.md LICENSE PATENTS README.md SECURITY.md; do if [ -f "/mnt/build_wrt/build_dir/hostpkg/go-1.24.13/$file" ]; then install -m0644 -p "/mnt/build_wrt/build_dir/hostpkg/go-1.24.13/$file" "/mnt/build_wrt/staging_dir/hostpkg/lib/go-bootstrap/" ; fi ; done
install -d -m0755 "/mnt/build_wrt/staging_dir/hostpkg/lib/go-bootstrap/bin"
install -m0755 -p "/mnt/build_wrt/build_dir/hostpkg/go-1.24.13/bin"/* "/mnt/build_wrt/staging_dir/hostpkg/lib/go-bootstrap/bin/"
if [ -d "/mnt/build_wrt/build_dir/hostpkg/go-1.24.13/pkg/linux_amd64" ]; then install -d -m0755 "/mnt/build_wrt/staging_dir/hostpkg/lib/go-bootstrap/pkg" ; cp -fpR "/mnt/build_wrt/build_dir/hostpkg/go-1.24.13/pkg/linux_amd64" "/mnt/build_wrt/staging_dir/hostpkg/lib/go-bootstrap/pkg/" ; fi
install -d -m0755 "/mnt/build_wrt/staging_dir/hostpkg/lib/go-bootstrap/pkg/tool/linux_amd64"
install -m0755 -p "/mnt/build_wrt/build_dir/hostpkg/go-1.24.13/pkg/tool/linux_amd64"/* "/mnt/build_wrt/staging_dir/hostpkg/lib/go-bootstrap/pkg/tool/linux_amd64/"
install -d -m0755 "/mnt/build_wrt/staging_dir/hostpkg/lib/go-bootstrap"
install -d -m0755 "/mnt/build_wrt/staging_dir/hostpkg/lib/go-bootstrap/src"; cd "/mnt/build_wrt/build_dir/hostpkg/go-1.24.13/src" && find . ! -type d -a \( ! -name '*.bat' -a ! -name '*.rc' \) -print0 | cpio --make-directories --null --pass-through --unconditional "/mnt/build_wrt/staging_dir/hostpkg/lib/go-bootstrap/src/"
220381 blocks
if [ -d "/mnt/build_wrt/build_dir/hostpkg/go-1.24.13/pkg/include" ]; then install -d -m0755 "/mnt/build_wrt/staging_dir/hostpkg/lib/go-bootstrap/pkg" ; cp -fpR "/mnt/build_wrt/build_dir/hostpkg/go-1.24.13/pkg/include" "/mnt/build_wrt/staging_dir/hostpkg/lib/go-bootstrap/pkg/" ; fi
rm -rf "/mnt/build_wrt/staging_dir/hostpkg/lib/go-bootstrap/pkg/linux/amd64"
install -d -m0755 "/mnt/build_wrt/staging_dir/hostpkg/bin"
install -m0755 ../go-strip-helper "/mnt/build_wrt/staging_dir/hostpkg/bin"
install -d -m0755 "/mnt/build_wrt/staging_dir/hostpkg/lib/go-bootstrap/openwrt"
install -m0755 ../go-gcc-helper "/mnt/build_wrt/staging_dir/hostpkg/lib/go-bootstrap/openwrt"
ln -sf go-gcc-helper "/mnt/build_wrt/staging_dir/hostpkg/lib/go-bootstrap/openwrt/gcc"
ln -sf go-gcc-helper "/mnt/build_wrt/staging_dir/hostpkg/lib/go-bootstrap/openwrt/g++"
mkdir -p /mnt/build_wrt/staging_dir/hostpkg/stamp
touch /mnt/build_wrt/build_dir/hostpkg/go-1.24.13/.built
touch /mnt/build_wrt/staging_dir/hostpkg/stamp/.golang-bootstrap_installed 
make[2]: Leaving directory '/mnt/build_wrt/feeds/packages/lang/golang/golang-bootstrap'
time: package/feeds/packages/golang-bootstrap/host-compile#1469.40#91.32#485.18
make[2]: Entering directory '/mnt/build_wrt/feeds/packages/lang/golang/golang1.26'
mkdir -p /mnt/build_wrt/dl
/mnt/build_wrt/scripts/download.pl "/mnt/build_wrt/dl" "go1.26.5.src.tar.gz" "495be4bc87176ac567392e5b4116abd98466d33d7b49d41e764ccc6976b2dc42" "" "https://go.dev/dl/" "https://golang.google.cn/dl/" "https://mirrors.nju.edu.cn/golang/" "https://mirrors.ustc.edu.cn/golang/"    
+ curl -f --connect-timeout 5 --retry 3 --location https://go.dev/dl/go1.26.5.src.tar.gz
  % Total    % Received % Xferd  Average Speed   Time    Time     Time  Current
                                 Dload  Upload   Total   Spent    Left  Speed
  0     0    0     0    0     0      0      0 --:--:-- --:--:-- --:--:--     0100    67  100    67    0     0    353      0 --:--:-- --:--:-- --:--:--   354
100 32.5M  100 32.5M    0     0  53.8M      0 --:--:-- --:--:-- --:--:-- 53.8M
tar -C "/mnt/build_wrt/build_dir/hostpkg/go-1.26.5" --strip-components=1 -xzf "/mnt/build_wrt/dl/go1.26.5.src.tar.gz"
[ ! -d ./src/ ] || cp -fpR ./src/* /mnt/build_wrt/build_dir/hostpkg/go-1.26.5
touch /mnt/build_wrt/build_dir/hostpkg/go-1.26.5/.preparedf474823edee18c6a5d3637e7297284ab_6664517399ebbbc92a37c5bb081b5c53
mkdir -p "/mnt/build_wrt/tmp/go-build"
touch /mnt/build_wrt/build_dir/hostpkg/go-1.26.5/.configured
cd "/mnt/build_wrt/build_dir/hostpkg/go-1.26.5/src" ;  GOROOT_BOOTSTRAP="/mnt/build_wrt/staging_dir/hostpkg/lib/go-bootstrap" GO_LDFLAGS="-buildmode pie" GOHOSTARCH="amd64" GOCACHE="/mnt/build_wrt/tmp/go-build" GOENV=off CC="/mnt/build_wrt/staging_dir/host/bin/gcc" CXX="/mnt/build_wrt/staging_dir/host/bin/g++"  bash make.bash -v --no-banner
Building Go cmd/dist using /mnt/build_wrt/staging_dir/hostpkg/lib/go-bootstrap. (go1.24.13 linux/amd64)
cmd/dist

Building Go toolchain1 using /mnt/build_wrt/staging_dir/hostpkg/lib/go-bootstrap.
internal/goarch
internal/unsafeheader
internal/byteorder
internal/cpu
internal/coverage/rtcov
internal/abi
internal/chacha8rand
internal/godebugs
internal/goexperiment
internal/goos
internal/bytealg
internal/profilerecord
internal/runtime/atomic
internal/runtime/math
internal/runtime/sys
internal/runtime/syscall
internal/runtime/exithook
internal/stringslite
sync/atomic
math/bits
unicode
unicode/utf8
cmp
internal/itoa
math
internal/race
runtime
internal/sync
internal/asan
internal/msan
log/internal
bootstrap/cmp
bootstrap/internal/goexperiment
bootstrap/internal/goarch
crypto/internal/fips140/alias
crypto/internal/fips140deps/byteorder
bootstrap/internal/abi
crypto/internal/fips140deps/cpu
crypto/internal/boring/sig
bootstrap/math/bits
encoding
bootstrap/internal/coverage
bootstrap/internal/platform
bootstrap/internal/unsafeheader
unicode/utf16
bootstrap/internal/goversion
bootstrap/internal/runtime/gc
bootstrap/internal/gover
internal/goversion
internal/platform
internal/syslist
bootstrap/internal/race
bootstrap/cmd/compile/internal/test
bootstrap/cmd/internal/telemetry
iter
internal/reflectlite
sync
crypto/internal/fips140/subtle
slices
crypto/subtle
maps
runtime/metrics
weak
internal/bisect
internal/testlog
bootstrap/internal/bisect
unique
errors
internal/godebug
io
strconv
internal/oserror
path
syscall
crypto/internal/fips140deps/godebug
bytes
strings
reflect
hash
bufio
crypto
crypto/internal/fips140
crypto/internal/fips140/sha256
crypto/internal/fips140/sha3
crypto/internal/fips140/sha512
math/rand/v2
crypto/internal/fips140/hmac
crypto/internal/fips140/check
crypto/internal/randutil
crypto/internal/fips140/aes
bootstrap/sort
time
internal/syscall/unix
internal/syscall/execenv
bootstrap/go/build/constraint
math/rand
hash/adler32
bootstrap/internal/saferio
sort
go/build/constraint
bootstrap/internal/types/errors
net/netip
regexp/syntax
io/fs
internal/filepathlite
internal/fmtsort
internal/poll
context
encoding/binary
regexp
os
bootstrap/container/heap
bootstrap/cmd/internal/sys
encoding/base64
hash/crc32
html
bootstrap/go/version
hash/fnv
crypto/sha3
crypto/internal/fips140hash
crypto/internal/sysrand
path/filepath
fmt
bootstrap/internal/lazyregexp
internal/lazyregexp
crypto/internal/entropy
crypto/internal/fips140/drbg
crypto/internal/fips140/aes/gcm
crypto/internal/fips140only
os/exec
crypto/cipher
crypto/internal/boring
internal/goroot
crypto/sha256
crypto/hmac
log
bootstrap/cmd/internal/src
bootstrap/internal/buildcfg
bootstrap/cmd/internal/hash
flag
bootstrap/cmd/internal/bio
text/scanner
bootstrap/cmd/internal/telemetry/counter
bootstrap/cmd/internal/edit
bootstrap/cmd/internal/dwarf
bootstrap/cmd/internal/goobj
bootstrap/cmd/internal/objabi
bootstrap/cmd/internal/par
bootstrap/cmd/internal/pkgpath
bootstrap/cmd/internal/quoted
bootstrap/debug/dwarf
bootstrap/compress/flate
bootstrap/internal/zstd
bootstrap/cmd/internal/obj
bootstrap/compress/zlib
go/token
go/doc/comment
go/scanner
bootstrap/debug/elf
bootstrap/debug/macho
bootstrap/debug/pe
bootstrap/internal/xcoff
go/ast
bootstrap/cmd/internal/obj/arm
bootstrap/cmd/internal/obj/arm64
bootstrap/cmd/internal/obj/loong64
bootstrap/cmd/internal/obj/mips
bootstrap/cmd/internal/obj/ppc64
bootstrap/cmd/internal/obj/riscv
bootstrap/cmd/internal/obj/s390x
bootstrap/cmd/internal/obj/wasm
bootstrap/cmd/internal/obj/x86
bootstrap/cmd/asm/internal/flags
bootstrap/cmd/asm/internal/lex
go/parser
text/tabwriter
go/printer
bootstrap/cmd/internal/cov/covcmd
encoding/json
runtime/debug
go/format
math/big
bootstrap/cmd/cgo
bootstrap/cmd/asm/internal/arch
bootstrap/cmd/asm/internal/asm
bootstrap/cmd/compile/internal/base
net/url
bootstrap/cmd/asm
bootstrap/cmd/compile/internal/logopt
bootstrap/go/constant
bootstrap/cmd/compile/internal/bitvec
bootstrap/cmd/compile/internal/abt
bootstrap/cmd/compile/internal/types
encoding/hex
compress/flate
bootstrap/cmd/compile/internal/syntax
compress/gzip
go/doc
bootstrap/internal/profile
bootstrap/cmd/compile/internal/ir
bootstrap/cmd/compile/internal/typebits
bootstrap/cmd/internal/pgo
internal/buildcfg
bootstrap/internal/pkgbits
go/build
bootstrap/cmd/internal/archive
runtime/pprof
bootstrap/cmd/compile/internal/types2
bootstrap/internal/exportdata
runtime/trace
bootstrap/cmd/internal/codesign
bootstrap/cmd/internal/gcprog
bootstrap/cmd/internal/macho
bootstrap/cmd/link/internal/benchmark
bootstrap/cmd/link/internal/sym
bootstrap/cmd/link/internal/dwtest
bootstrap/cmd/link/internal/loader
bootstrap/cmd/compile/internal/objw
bootstrap/cmd/compile/internal/abi
bootstrap/cmd/compile/internal/typecheck
bootstrap/cmd/compile/internal/rttype
bootstrap/cmd/compile/internal/staticdata
bootstrap/cmd/compile/internal/deadlocals
bootstrap/cmd/link/internal/loadelf
bootstrap/cmd/link/internal/loadmacho
bootstrap/cmd/link/internal/loadpe
bootstrap/cmd/link/internal/loadxcoff
bootstrap/cmd/link/internal/ld
bootstrap/cmd/compile/internal/pgoir
bootstrap/cmd/compile/internal/compare
bootstrap/cmd/compile/internal/inline/inlheur
bootstrap/cmd/compile/internal/reflectdata
bootstrap/cmd/compile/internal/ssa
bootstrap/cmd/compile/internal/inline
bootstrap/cmd/compile/internal/bloop
bootstrap/cmd/compile/internal/coverage
bootstrap/cmd/compile/internal/escape
bootstrap/cmd/compile/internal/devirtualize
bootstrap/cmd/compile/internal/inline/interleaved
bootstrap/cmd/compile/internal/loopvar
bootstrap/cmd/compile/internal/importer
bootstrap/cmd/compile/internal/rangefunc
bootstrap/cmd/compile/internal/staticinit
bootstrap/cmd/compile/internal/slice
bootstrap/cmd/link/internal/amd64
bootstrap/cmd/link/internal/arm
bootstrap/cmd/link/internal/arm64
bootstrap/cmd/link/internal/loong64
bootstrap/cmd/link/internal/mips
bootstrap/cmd/link/internal/mips64
bootstrap/cmd/link/internal/ppc64
bootstrap/cmd/link/internal/riscv64
bootstrap/cmd/link/internal/s390x
bootstrap/cmd/link/internal/wasm
bootstrap/cmd/link/internal/x86
bootstrap/cmd/link
bootstrap/cmd/compile/internal/liveness
bootstrap/cmd/compile/internal/ssagen
bootstrap/cmd/compile/internal/arm
bootstrap/cmd/compile/internal/arm64
bootstrap/cmd/compile/internal/amd64
bootstrap/cmd/compile/internal/dwarfgen
bootstrap/cmd/compile/internal/walk
bootstrap/cmd/compile/internal/noder
bootstrap/cmd/compile/internal/loong64
bootstrap/cmd/compile/internal/mips
bootstrap/cmd/compile/internal/mips64
bootstrap/cmd/compile/internal/ppc64
bootstrap/cmd/compile/internal/riscv64
bootstrap/cmd/compile/internal/s390x
bootstrap/cmd/compile/internal/wasm
bootstrap/cmd/compile/internal/x86
bootstrap/cmd/compile/internal/pkginit
bootstrap/cmd/compile/internal/gc
bootstrap/cmd/compile

Building Go bootstrap cmd/go (go_bootstrap) using Go toolchain1.
runtime
internal/trace/tracev2
internal/runtime/maps
internal/abi
math/bits
internal/goos
internal/runtime/pprof/label
internal/coverage/rtcov
internal/runtime/exithook
internal/race
internal/goexperiment
internal/byteorder
internal/runtime/math
internal/asan
internal/msan
internal/runtime/syscall/linux
internal/chacha8rand
internal/profilerecord
internal/cpu
internal/runtime/gc
internal/goarch
internal/runtime/sys
internal/runtime/atomic
internal/stringslite
internal/runtime/cgroup
internal/godebugs
internal/bytealg
internal/strconv
time/tzdata
syscall
errors
internal/reflectlite
internal/unsafeheader
internal/oserror
sync
slices
sync/atomic
iter
internal/synctest
internal/sync
cmp
cmd/go
cmd/go/internal/telemetrycmd
cmd/go/internal/workcmd
cmd/go/internal/toolchain
context
cmd/go/internal/list
path/filepath
cmd/go/internal/work
cmd/go/internal/bug
io
fmt
cmd/go/internal/tool
cmd/go/internal/modget
cmd/go/internal/modfetch
cmd/go/internal/vet
cmd/go/internal/generate
runtime/trace
os/signal
cmd/go/internal/search
io/fs
math
strconv
encoding/json
os
cmd/go/internal/clean
cmd/go/internal/run
cmd/go/internal/telemetrystats
cmd/go/internal/trace
flag
internal/buildcfg
cmd/go/internal/doc
cmd/go/internal/version
cmd/internal/telemetry
cmd/internal/telemetry/counter
log
strings
cmd/go/internal/cfg
cmd/go/internal/fmtcmd
cmd/internal/pkgpattern
cmd/go/internal/modcmd
cmd/go/internal/envcmd
os/exec
cmd/go/internal/web
bytes
net/url
regexp
cmd/go/internal/base
cmd/go/internal/test
cmd/go/internal/help
cmd/go/internal/imports
cmd/vendor/golang.org/x/mod/modfile
cmd/internal/par
cmd/vendor/golang.org/x/mod/module
unicode/utf8
cmd/go/internal/gover
cmd/go/internal/fsys
reflect
internal/fmtsort
sort
internal/platform
maps
path
cmd/go/internal/load
cmd/go/internal/modindex
cmd/go/internal/str
go/build
bufio
time
internal/trace/traceviewer/format
cmd/go/internal/cache
cmd/go/internal/lockedfile
encoding
internal/syslist
cmd/go/internal/modload
go/build/constraint
internal/gover
unicode
internal/goversion
cmd/vendor/golang.org/x/mod/semver
text/template
cmd/vendor/golang.org/x/mod/internal/lazyregexp
cmd/internal/quoted
internal/cfg
cmd/go/internal/cacheprog
encoding/hex
hash
cmd/go/internal/mmap
cmd/internal/pathcache
internal/godebug
crypto/sha256
encoding/base64
internal/bisect
internal/syscall/unix
cmd/go/internal/lockedfile/internal/filelock
go/token
go/ast
go/parser
go/scanner
go/format
go/doc
go/printer
math/rand
cmd/vendor/golang.org/x/sync/semaphore
container/list
cmd/go/internal/modinfo
go/internal/scannerhooks
cmd/go/internal/modfetch/codehost
archive/zip
hash/crc32
internal/lazyregexp
cmd/internal/sys
compress/flate
encoding/xml
encoding/binary
cmd/go/internal/cmdflag
go/doc/comment
text/tabwriter
log/internal
internal/goroot
internal/filepathlite
cmd/internal/test2json
internal/coverage
regexp/syntax
internal/syscall/execenv
text/template/parse
cmd/vendor/golang.org/x/mod/sumdb/dirhash
debug/buildinfo
internal/saferio
debug/macho
internal/xcoff
debug/pe
runtime/debug
debug/plan9obj
debug/elf
compress/zlib
hash/adler32
debug/dwarf
net/netip
unique
internal/zstd
crypto/internal/fips140/sha256
crypto/internal/fips140deps/byteorder
crypto/internal/fips140deps/cpu
crypto/internal/impl
crypto/internal/fips140
crypto
crypto/internal/boring
cmd/internal/cov/covcmd
unicode/utf16
crypto/sha1
cmd/go/internal/fips140
cmd/internal/pkgpath
container/heap
cmd/internal/robustio
cmd/internal/buildid
weak
internal/poll
crypto/internal/fips140deps/godebug
crypto/internal/boring/sig
crypto/cipher
cmd/internal/codesign
cmd/internal/hash
cmd/internal/macho
crypto/subtle
crypto/internal/fips140/subtle
crypto/internal/fips140/alias
cmd/vendor/golang.org/x/mod/zip
crypto/internal/fips140/aes
crypto/internal/fips140only
internal/testlog
crypto/internal/constanttime
cmd/go/internal/vcs
crypto/internal/fips140/aes/gcm
go/version
crypto/internal/fips140/drbg
crypto/internal/entropy/v1.0.0
crypto/internal/fips140deps/time
internal/lazytemplate
crypto/internal/fips140/check
crypto/internal/fips140/sha512
crypto/internal/fips140/hmac
crypto/internal/sysrand
crypto/fips140
crypto/internal/fips140/sha3
internal/diff
cmd/internal/objabi
cmd/go/internal/mvs
internal/singleflight


Building Go toolchain2 using go_bootstrap and Go toolchain1.
internal/goarch
internal/unsafeheader
internal/byteorder
internal/cpu
internal/abi
internal/coverage/rtcov
internal/godebugs
internal/goexperiment
internal/goos
internal/profilerecord
internal/runtime/atomic
internal/runtime/syscall/linux
internal/bytealg
internal/chacha8rand
math/bits
internal/runtime/exithook
internal/runtime/gc
internal/strconv
internal/runtime/sys
internal/asan
internal/msan
internal/runtime/gc/scan
internal/runtime/math
internal/runtime/pprof/label
internal/stringslite
internal/trace/tracev2
sync/atomic
internal/race
internal/runtime/maps
internal/synctest
unicode
internal/sync
internal/runtime/cgroup
unicode/utf8
cmp
log/internal
math
crypto/internal/fips140/alias
crypto/internal/fips140deps/byteorder
crypto/internal/fips140deps/cpu
crypto/internal/constanttime
crypto/internal/fips140/subtle
runtime
crypto/subtle
crypto/internal/boring/sig
encoding
internal/gover
internal/coverage
unicode/utf16
internal/platform
internal/goversion
internal/syslist
internal/reflectlite
iter
runtime/metrics
sync
slices
maps
weak
errors
sort
internal/bisect
internal/testlog
unique
io
strconv
internal/oserror
bytes
strings
reflect
path
internal/godebug
syscall
bufio
hash
crypto
crypto/internal/fips140deps/godebug
crypto/internal/impl
crypto/internal/fips140
encoding/base64
crypto/internal/fips140/sha256
crypto/internal/fips140/sha3
crypto/internal/fips140/sha512
go/build/constraint
crypto/internal/fips140/hmac
crypto/internal/fips140/check
go/version
math/rand
crypto/internal/fips140/aes
time
internal/syscall/unix
internal/syscall/execenv
crypto/fips140
hash/adler32
internal/saferio
regexp/syntax
internal/types/errors
net/netip
internal/fmtsort
encoding/binary
regexp
io/fs
internal/poll
context
internal/filepathlite
crypto/internal/fips140deps/time
crypto/internal/entropy/v1.0.0
cmd/internal/sys
container/heap
hash/crc32
html
hash/fnv
crypto/sha3
crypto/internal/fips140hash
os
crypto/internal/sysrand
internal/lazyregexp
fmt
path/filepath
crypto/internal/fips140/drbg
crypto/internal/fips140only
crypto/internal/fips140/aes/gcm
os/exec
crypto/cipher
internal/goroot
crypto/internal/boring
log
cmd/internal/src
internal/buildcfg
crypto/sha256
cmd/internal/hash
flag
cmd/internal/bio
text/scanner
cmd/internal/dwarf
cmd/internal/goobj
cmd/vendor/golang.org/x/telemetry/internal/mmap
cmd/internal/objabi
runtime/debug
cmd/internal/edit
cmd/internal/par
cmd/internal/pkgpath
cmd/vendor/golang.org/x/telemetry/internal/telemetry
cmd/internal/quoted
debug/dwarf
compress/flate
cmd/vendor/golang.org/x/telemetry/internal/counter
cmd/internal/obj
compress/zlib
cmd/vendor/golang.org/x/telemetry/counter
internal/zstd
cmd/internal/telemetry/counter
go/token
debug/macho
debug/elf
debug/pe
go/internal/scannerhooks
go/scanner
cmd/internal/obj/arm
cmd/internal/obj/arm64
cmd/internal/obj/loong64
cmd/internal/obj/mips
cmd/internal/obj/ppc64
cmd/internal/obj/riscv
cmd/internal/obj/s390x
cmd/internal/obj/wasm
cmd/internal/obj/x86
cmd/asm/internal/flags
cmd/asm/internal/lex
go/ast
go/doc/comment
text/tabwriter
internal/xcoff
cmd/internal/cov/covcmd
encoding/json
math/big
cmd/asm/internal/arch
go/parser
cmd/asm/internal/asm
cmd/asm
go/printer
cmd/compile/internal/base
go/constant
net/url
cmd/compile/internal/abt
go/format
cmd/compile/internal/types
cmd/cgo
cmd/compile/internal/logopt
cmd/compile/internal/bitvec
encoding/hex
compress/gzip
cmd/compile/internal/syntax
internal/profile
cmd/compile/internal/ir
cmd/compile/internal/typebits
cmd/internal/pgo
go/doc
cmd/compile/internal/types2
go/build
internal/pkgbits
internal/exportdata
cmd/internal/archive
runtime/pprof
runtime/trace
cmd/internal/codesign
cmd/internal/gcprog
cmd/internal/macho
cmd/link/internal/sym
cmd/link/internal/loader
cmd/compile/internal/objw
cmd/compile/internal/abi
cmd/compile/internal/typecheck
cmd/compile/internal/rttype
cmd/compile/internal/staticdata
cmd/compile/internal/deadlocals
cmd/link/internal/benchmark
crypto/hmac
cmd/preprofile
cmd/link/internal/loadelf
cmd/link/internal/loadmacho
cmd/link/internal/loadpe
cmd/link/internal/loadxcoff
cmd/compile/internal/compare
cmd/compile/internal/pgoir
cmd/compile/internal/coverage
cmd/compile/internal/escape
cmd/compile/internal/reflectdata
cmd/compile/internal/inline/inlheur
cmd/compile/internal/ssa
cmd/compile/internal/inline
cmd/compile/internal/bloop
cmd/compile/internal/loopvar
cmd/compile/internal/importer
cmd/compile/internal/devirtualize
cmd/compile/internal/rangefunc
cmd/compile/internal/staticinit
cmd/compile/internal/inline/interleaved
cmd/compile/internal/slice
cmd/link/internal/ld
cmd/link/internal/arm
cmd/link/internal/arm64
cmd/link/internal/amd64
cmd/link/internal/loong64
cmd/link/internal/mips
cmd/link/internal/mips64
cmd/link/internal/ppc64
cmd/link/internal/riscv64
cmd/link/internal/s390x
cmd/link/internal/x86
cmd/link/internal/wasm
cmd/link
cmd/compile/internal/liveness
cmd/compile/internal/ssagen
cmd/compile/internal/arm
cmd/compile/internal/arm64
cmd/compile/internal/amd64
cmd/compile/internal/dwarfgen
cmd/compile/internal/walk
cmd/compile/internal/noder
cmd/compile/internal/loong64
cmd/compile/internal/mips
cmd/compile/internal/mips64
cmd/compile/internal/ppc64
cmd/compile/internal/riscv64
cmd/compile/internal/s390x
cmd/compile/internal/wasm
cmd/compile/internal/x86
cmd/compile/internal/pkginit
cmd/compile/internal/gc
cmd/compile

Building Go toolchain3 using go_bootstrap and Go toolchain2.
internal/goarch
internal/unsafeheader
internal/byteorder
internal/cpu
internal/abi
internal/coverage/rtcov
internal/godebugs
internal/goexperiment
internal/goos
internal/profilerecord
internal/runtime/atomic
internal/runtime/syscall/linux
internal/bytealg
internal/chacha8rand
math/bits
internal/runtime/exithook
internal/strconv
internal/runtime/gc
internal/runtime/sys
internal/asan
internal/msan
internal/runtime/math
internal/runtime/gc/scan
internal/race
internal/runtime/pprof/label
internal/stringslite
internal/runtime/maps
internal/trace/tracev2
sync/atomic
internal/synctest
internal/runtime/cgroup
unicode
internal/sync
unicode/utf8
cmp
math
log/internal
crypto/internal/fips140/alias
runtime
crypto/internal/fips140deps/byteorder
crypto/internal/fips140deps/cpu
crypto/internal/constanttime
crypto/internal/boring/sig
crypto/internal/fips140/subtle
encoding
internal/gover
crypto/subtle
unicode/utf16
internal/platform
internal/goarch
internal/unsafeheader
internal/cpu
internal/abi
internal/byteorder
internal/coverage/rtcov
internal/godebugs
internal/bytealg
internal/chacha8rand
internal/goexperiment
internal/goos
internal/profilerecord
internal/runtime/atomic
internal/runtime/syscall/linux
math/bits
internal/runtime/gc
internal/strconv
internal/runtime/exithook
internal/runtime/sys
internal/asan
internal/msan
internal/runtime/gc/scan
internal/race
internal/runtime/math
internal/runtime/maps
internal/runtime/pprof/label
internal/stringslite
internal/runtime/cgroup
internal/trace/tracev2
sync/atomic
internal/synctest
unicode
internal/sync
unicode/utf8
runtime
crypto/internal/fips140/alias
crypto/internal/fips140deps/byteorder
crypto/internal/fips140deps/cpu
crypto/internal/constanttime
cmp
crypto/internal/fips140/subtle
math
crypto/subtle
crypto/internal/boring/sig
internal/coverage
log/internal
encoding
internal/gover
unicode/utf16
internal/platform
internal/goversion
internal/syslist
internal/reflectlite
sync
iter
slices
maps
errors
sort
strconv
io
internal/oserror
path
reflect
bytes
strings
internal/bisect
bufio
internal/godebug
syscall
internal/testlog
hash
crypto
crypto/internal/fips140deps/godebug
crypto/internal/fips140
crypto/internal/impl
crypto/internal/fips140/sha256
crypto/internal/fips140/sha3
crypto/internal/fips140/sha512
encoding/base64
go/build/constraint
crypto/internal/fips140/hmac
time
internal/syscall/unix
internal/syscall/execenv
crypto/internal/fips140/check
go/version
math/rand
crypto/internal/fips140/aes
crypto/fips140
hash/adler32
internal/saferio
regexp/syntax
internal/reflectlite
internal/fmtsort
encoding/binary
io/fs
internal/poll
context
internal/filepathlite
crypto/internal/fips140deps/time
cmd/internal/sys
regexp
crypto/internal/entropy/v1.0.0
errors
sync
iter
os
strconv
internal/oserror
slices
path
sort
io
internal/bisect
internal/godebug
bytes
hash
crypto
strings
crypto/internal/fips140deps/godebug
syscall
internal/testlog
reflect
fmt
path/filepath
os/exec
crypto/internal/sysrand
crypto/internal/fips140
log
cmd/internal/src
internal/buildcfg
cmd/internal/bio
crypto/internal/fips140/drbg
flag
cmd/internal/dwarf
cmd/internal/goobj
crypto/internal/fips140/aes/gcm
crypto/internal/fips140only
cmd/internal/objabi
text/scanner
crypto/cipher
cmd/vendor/golang.org/x/telemetry/internal/mmap
runtime/debug
crypto/internal/boring
cmd/internal/edit
cmd/internal/par
crypto/sha256
cmd/internal/hash
cmd/internal/pkgpath
cmd/internal/quoted
cmd/internal/obj
cmd/vendor/golang.org/x/telemetry/internal/telemetry
debug/dwarf
compress/flate
cmd/vendor/golang.org/x/telemetry/internal/counter
compress/zlib
cmd/vendor/golang.org/x/telemetry/counter
internal/zstd
cmd/internal/telemetry/counter
go/token
debug/macho
debug/pe
debug/elf
cmd/internal/obj/arm
cmd/internal/obj/arm64
cmd/internal/obj/loong64
cmd/internal/obj/mips
cmd/internal/obj/ppc64
cmd/internal/obj/riscv
cmd/internal/obj/s390x
cmd/internal/obj/wasm
cmd/internal/obj/x86
cmd/asm/internal/flags
cmd/asm/internal/lex
go/internal/scannerhooks
go/scanner
go/doc/comment
go/ast
text/tabwriter
internal/xcoff
crypto/internal/impl
crypto/internal/fips140/sha256
cmd/asm/internal/arch
crypto/internal/fips140/sha3
crypto/internal/fips140/sha512
time
crypto/internal/fips140/hmac
crypto/internal/fips140/check
cmd/asm/internal/asm
go/parser
go/printer
cmd/asm
crypto/internal/fips140/aes
go/format
crypto/internal/fips140deps/time
cmd/cgo
crypto/internal/entropy/v1.0.0
internal/syscall/unix
io/fs
internal/poll
internal/filepathlite
internal/syscall/execenv
crypto/fips140
internal/fmtsort
bufio
os
context
encoding/binary
encoding/base64
go/version
math/rand
cmd/internal/sys
internal/types/errors
runtime/metrics
regexp/syntax
weak
unique
container/heap
hash/crc32
net/netip
crypto/internal/sysrand
fmt
path/filepath
crypto/internal/fips140/drbg
crypto/internal/fips140/aes/gcm
crypto/internal/fips140only
os/exec
crypto/cipher
regexp
html
crypto/internal/boring
log
crypto/sha256
cmd/internal/cov/covcmd
cmd/internal/src
internal/buildcfg
cmd/internal/bio
cmd/internal/hash
flag
cmd/internal/dwarf
cmd/internal/goobj
cmd/vendor/golang.org/x/telemetry/internal/mmap
runtime/debug
encoding/json
cmd/vendor/golang.org/x/telemetry/internal/telemetry
go/token
cmd/internal/objabi
cmd/vendor/golang.org/x/telemetry/internal/counter
cmd/internal/obj
math/big
cmd/vendor/golang.org/x/telemetry/counter
cmd/internal/telemetry/counter
internal/lazyregexp
net/url
cmd/compile/internal/abt
encoding/hex
compress/flate
maps
go/build/constraint
go/internal/scannerhooks
go/scanner
compress/gzip
go/constant
go/ast
internal/profile
cmd/compile/internal/base
cmd/compile/internal/logopt
cmd/internal/obj/arm
cmd/internal/obj/arm64
cmd/compile/internal/types
cmd/compile/internal/bitvec
cmd/internal/obj/loong64
cmd/internal/obj/mips
cmd/internal/obj/ppc64
cmd/compile/internal/ir
cmd/compile/internal/typebits
cmd/internal/obj/riscv
cmd/internal/obj/s390x
cmd/internal/obj/wasm
cmd/internal/obj/x86
cmd/internal/pgo
cmd/compile/internal/objw
cmd/compile/internal/abi
cmd/compile/internal/typecheck
cmd/compile/internal/rttype
cmd/compile/internal/staticdata
cmd/compile/internal/deadlocals
cmd/compile/internal/syntax
go/doc/comment
go/parser
go/doc
internal/goroot
internal/saferio
internal/pkgbits
cmd/compile/internal/compare
cmd/compile/internal/reflectdata
cmd/compile/internal/pgoir
cmd/compile/internal/inline/inlheur
cmd/compile/internal/coverage
cmd/compile/internal/escape
cmd/compile/internal/loopvar
cmd/compile/internal/types2
cmd/compile/internal/ssa
cmd/compile/internal/inline
cmd/compile/internal/bloop
go/build
cmd/compile/internal/devirtualize
cmd/compile/internal/inline/interleaved
cmd/compile/internal/staticinit
internal/exportdata
cmd/compile/internal/slice
hash/fnv
cmd/internal/archive
text/tabwriter
runtime/trace
runtime/pprof
cmd/internal/codesign
cmd/internal/gcprog
cmd/internal/macho
hash/crc32
compress/gzip
runtime/pprof
cmd/link/internal/sym
cmd/link/internal/loader
cmd/link/internal/loadelf
cmd/link/internal/benchmark
cmd/link/internal/loadmacho
cmd/link/internal/loadpe
cmd/link/internal/loadxcoff
crypto/sha3
cmd/compile/internal/importer
cmd/compile/internal/rangefunc
crypto/internal/fips140hash
crypto/hmac
encoding/hex
encoding/json
internal/profile
cmd/internal/pgo
cmd/preprofile
cmd/link/internal/ld
cmd/link/internal/amd64
cmd/link/internal/arm64
cmd/link/internal/arm
cmd/link/internal/loong64
cmd/link/internal/mips
cmd/link/internal/mips64
cmd/link/internal/ppc64
cmd/link/internal/riscv64
cmd/link/internal/s390x
cmd/link/internal/wasm
cmd/link/internal/x86
cmd/link
cmd/compile/internal/liveness
cmd/compile/internal/ssagen
cmd/compile/internal/arm
cmd/compile/internal/arm64
cmd/compile/internal/amd64
cmd/compile/internal/dwarfgen
cmd/compile/internal/walk
cmd/compile/internal/loong64
cmd/compile/internal/noder
cmd/compile/internal/mips
cmd/compile/internal/mips64
cmd/compile/internal/ppc64
cmd/compile/internal/riscv64
cmd/compile/internal/s390x
cmd/compile/internal/wasm
cmd/compile/internal/x86
cmd/compile/internal/pkginit
cmd/compile/internal/gc
cmd/compile

Building packages and commands for linux/amd64.
internal/unsafeheader
internal/goarch
internal/byteorder
internal/cpu
internal/abi
internal/coverage/rtcov
internal/godebugs
internal/goexperiment
internal/goos
internal/profilerecord
internal/runtime/atomic
internal/runtime/syscall/linux
internal/bytealg
internal/chacha8rand
math/bits
internal/runtime/exithook
internal/strconv
internal/runtime/gc
internal/runtime/sys
internal/asan
internal/msan
internal/runtime/gc/scan
internal/runtime/math
internal/race
internal/runtime/pprof/label
internal/stringslite
internal/runtime/maps
internal/trace/tracev2
sync/atomic
internal/synctest
unicode
internal/runtime/cgroup
internal/sync
unicode/utf8
cmp
math
container/list
runtime
container/ring
crypto/internal/fips140/alias
crypto/internal/fips140deps/byteorder
crypto/internal/fips140deps/cpu
crypto/internal/constanttime
crypto/internal/boring/sig
crypto/internal/fips140/subtle
unicode/utf16
vendor/golang.org/x/crypto/cryptobyte/asn1
crypto/subtle
vendor/golang.org/x/crypto/internal/alias
crypto/internal/boring/bcache
encoding
internal/cfg
internal/platform
crypto/internal/fips140deps
internal/nettrace
log/internal
internal/goversion
internal/syslist
internal/gover
image/color
internal/coverage
internal/coverage/calloc
internal/coverage/uleb128
image/color/palette
internal/runtime/startlinetest
internal/trace/traceviewer/format
log/slog/internal
math/cmplx
reflect/internal/example1
reflect/internal/example2
runtime/race/internal/amd64v1
structs
runtime/race
internal/reflectlite
iter
sync
weak
runtime/metrics
slices
maps
sort
errors
strconv
io
internal/oserror
path
internal/bisect
reflect
syscall
bytes
internal/godebug
internal/testlog
strings
time
internal/syscall/unix
internal/syscall/execenv
internal/fmtsort
io/fs
internal/poll
bufio
internal/filepathlite
runtime/cgo
encoding/binary
hash
hash/crc32
os
compress/bzip2
hash/adler32
container/heap
context
crypto
crypto/internal/fips140deps/godebug
crypto/internal/impl
crypto/internal/fips140
crypto/internal/fips140deps/time
crypto/internal/fips140/sha256
crypto/internal/fips140/sha3
crypto/internal/fips140/sha512
crypto/internal/entropy/v1.0.0
math/rand/v2
math/rand
crypto/internal/fips140/hmac
crypto/internal/randutil
crypto/internal/fips140/check
crypto/fips140
crypto/internal/fips140/aes
crypto/internal/fips140/nistec/fiat
crypto/internal/fips140/edwards25519/field
crypto/internal/fips140/bigmod
fmt
path/filepath
crypto/internal/sysrand
crypto/internal/fips140cache
crypto/sha3
crypto/internal/fips140/drbg
crypto/internal/fips140hash
internal/saferio
compress/flate
compress/lzw
crypto/internal/fips140/aes/gcm
crypto/internal/fips140only
math/big
compress/gzip
archive/zip
compress/zlib
crypto/cipher
crypto/internal/boring
crypto/aes
crypto/des
os/user
crypto/internal/rand
crypto/internal/fips140/nistec
crypto/sha512
crypto/internal/fips140/edwards25519
archive/tar
crypto/internal/fips140/ed25519
crypto/dsa
crypto/internal/boring/bbig
encoding/asn1
crypto/rand
crypto/ed25519
vendor/golang.org/x/crypto/cryptobyte
crypto/internal/fips140/hkdf
crypto/hmac
crypto/internal/fips140/mlkem
crypto/hkdf
crypto/sha256
crypto/internal/fips140/ecdh
crypto/elliptic
crypto/internal/fips140/ecdsa
crypto/ecdh
crypto/mlkem
vendor/golang.org/x/crypto/chacha20
vendor/golang.org/x/crypto/internal/poly1305
vendor/golang.org/x/sys/cpu
crypto/ecdsa
encoding/base64
flag
vendor/golang.org/x/crypto/chacha20poly1305
encoding/json
os/exec
crypto/hpke
internal/sysinfo
runtime/debug
runtime/trace
crypto/internal/entropy
testing
crypto/internal/fips140/check/checktest
crypto/internal/fips140/mldsa
crypto/internal/fips140/pbkdf2
crypto/internal/fips140/rsa
crypto/internal/fips140/ssh
crypto/internal/fips140/tls12
crypto/internal/fips140/tls13
crypto/md5
crypto/mlkem/mlkemtest
crypto/pbkdf2
crypto/rc4
crypto/rsa
crypto/sha1
crypto/tls/internal/fips140tls
encoding/hex
encoding/pem
crypto/internal/sysrand/internal/seccomp
crypto/x509/pkix
vendor/golang.org/x/net/dns/dnsmessage
internal/singleflight
unique
database/sql/driver
internal/testenv
internal/testhash
net/netip
database/sql
debug/dwarf
crypto/internal/cryptotest
internal/zstd
net/url
debug/plan9obj
debug/elf
debug/macho
debug/pe
internal/xcoff
debug/gosym
embed
debug/buildinfo
encoding/ascii85
encoding/base32
encoding/csv
net
encoding/gob
encoding/xml
log
vendor/golang.org/x/text/transform
vendor/golang.org/x/text/unicode/bidi
vendor/golang.org/x/text/secure/bidirule
vendor/golang.org/x/text/unicode/norm
vendor/golang.org/x/net/http2/hpack
mime
vendor/golang.org/x/net/idna
mime/quotedprintable
net/http/internal
net/http/internal/ascii
go/token
go/build/constraint
go/doc/comment
go/internal/scannerhooks
go/scanner
regexp/syntax
go/ast
internal/buildcfg
crypto/x509
net/textproto
vendor/golang.org/x/net/http/httpproxy
regexp
vendor/golang.org/x/net/http/httpguts
mime/multipart
internal/goroot
go/parser
go/constant
internal/lazyregexp
go/doc
text/tabwriter
go/printer
crypto/tls
go/version
go/build
internal/types/errors
go/types
go/format
text/scanner
internal/pkgbits
internal/exportdata
hash/crc64
hash/fnv
hash/maphash
html
text/template/parse
image
image/internal/imageutil
image/draw
text/template
image/gif
image/jpeg
html/template
image/png
index/suffixarray
internal/cgrouptest
net/http/httptrace
internal/coverage/cmerge
internal/coverage/slicereader
net/http/internal/httpcommon
internal/coverage/cformat
internal/coverage/stringtab
internal/coverage/decodecounter
internal/coverage/decodemeta
net/http
internal/coverage/slicewriter
internal/coverage/encodemeta
internal/coverage/encodecounter
internal/coverage/pods
internal/dag
internal/coverage/cfile
internal/diff
internal/fuzz
internal/lazytemplate
internal/obscuretestdata
go/internal/gccgoimporter
go/internal/gcimporter
go/internal/srcimporter
internal/profile
go/importer
internal/runtime/gc/internal/gen
internal/runtime/cgobench
internal/trace/version
internal/trace/internal/tracev1
internal/trace/raw
internal/txtar
io/ioutil
internal/trace
log/slog/internal/buffer
log/slog
internal/testpty
log/syslog
math/big/internal/asmgen
net/http/internal/testcert
runtime/pprof
log/slog/internal/benchmarks
net/internal/socktest
net/mail
net/smtp
os/exec/internal/fdtest
internal/trace/internal/testgen
internal/trace/testtrace
os/signal
runtime/coverage
testing/cryptotest
testing/iotest
testing/internal/testdeps
testing/fstest
testing/quick
expvar
internal/trace/traceviewer
net/http/cgi
net/http/cookiejar
net/http/fcgi
net/http/httptest
net/http/httputil
net/http/pprof
net/rpc
testing/slogtest
testing/synctest
time/tzdata
plugin
vendor/golang.org/x/net/nettest
net/rpc/jsonrpc
internal/cfg
container/list
vendor/golang.org/x/crypto/cryptobyte/asn1
cmd/go/internal/str
cmd/internal/pathcache
os/signal
cmd/go/internal/cacheprog
cmd/go/internal/lockedfile/internal/filelock
cmd/go/internal/fsys
cmd/go/internal/lockedfile
cmd/go/internal/mmap
archive/zip
cmd/vendor/golang.org/x/mod/internal/lazyregexp
cmd/vendor/golang.org/x/mod/semver
math/rand/v2
cmd/vendor/golang.org/x/mod/module
cmd/go/internal/cfg
crypto/internal/randutil
crypto/internal/rand
cmd/go/internal/base
cmd/vendor/golang.org/x/mod/modfile
crypto/rand
crypto/aes
crypto/des
crypto/internal/fips140/nistec/fiat
cmd/go/internal/cache
crypto/internal/fips140/edwards25519/field
cmd/go/internal/gover
crypto/internal/boring/bbig
crypto/internal/fips140/bigmod
crypto/internal/fips140cache
crypto/sha512
encoding/asn1
crypto/internal/fips140/edwards25519
crypto/internal/fips140/hkdf
crypto/internal/fips140/ed25519
crypto/hkdf
crypto/internal/fips140/mlkem
crypto/internal/fips140/nistec
vendor/golang.org/x/crypto/cryptobyte
crypto/ed25519
crypto/mlkem
vendor/golang.org/x/crypto/internal/alias
vendor/golang.org/x/crypto/internal/poly1305
vendor/golang.org/x/crypto/chacha20
vendor/golang.org/x/sys/cpu
crypto/internal/fips140/tls12
crypto/internal/fips140/tls13
crypto/md5
vendor/golang.org/x/crypto/chacha20poly1305
crypto/rc4
crypto/internal/fips140/rsa
crypto/sha1
crypto/tls/internal/fips140tls
crypto/dsa
crypto/x509/pkix
encoding/pem
crypto/rsa
vendor/golang.org/x/net/dns/dnsmessage
internal/nettrace
internal/singleflight
vendor/golang.org/x/text/transform
vendor/golang.org/x/text/unicode/bidi
vendor/golang.org/x/text/unicode/norm
crypto/internal/fips140/ecdh
crypto/ecdh
crypto/elliptic
crypto/internal/fips140/ecdsa
crypto/hpke
crypto/ecdsa
net
vendor/golang.org/x/text/secure/bidirule
vendor/golang.org/x/net/http2/hpack
mime
vendor/golang.org/x/net/idna
mime/quotedprintable
net/http/internal
net/http/internal/ascii
cmd/internal/browser
encoding/xml
internal/trace/traceviewer/format
cmd/go/internal/trace
cmd/internal/pkgpattern
cmd/go/internal/search
cmd/internal/robustio
cmd/vendor/golang.org/x/mod/sumdb/note
cmd/vendor/golang.org/x/mod/sumdb/tlog
cmd/vendor/golang.org/x/mod/sumdb/dirhash
cmd/vendor/golang.org/x/mod/zip
cmd/go/internal/imports
cmd/go/internal/modindex
cmd/go/internal/mvs
internal/diff
text/template/parse
cmd/internal/buildid
crypto/x509
net/textproto
vendor/golang.org/x/net/http/httpproxy
cmd/vendor/golang.org/x/sync/errgroup
text/template
cmd/vendor/golang.org/x/telemetry/internal/crashmonitor
vendor/golang.org/x/net/http/httpguts
mime/multipart
cmd/vendor/golang.org/x/telemetry/internal/config
cmd/vendor/golang.org/x/telemetry/internal/configstore
cmd/go/internal/doc
cmd/vendor/golang.org/x/sync/semaphore
cmd/vendor/golang.org/x/sys/unix
cmd/go/internal/cmdflag
cmd/internal/test2json
internal/lazytemplate
cmd/go/internal/help
debug/plan9obj
cmd/gofmt
crypto/tls
debug/buildinfo
cmd/go/internal/version
cmd/vendor/golang.org/x/tools/cover
html/template
internal/coverage/slicereader
internal/coverage/uleb128
internal/coverage/stringtab
internal/coverage/encodemeta
internal/coverage/slicewriter
go/types
cmd/vendor/golang.org/x/tools/internal/packagepath
cmd/cover
cmd/vendor/golang.org/x/tools/internal/stdlib
cmd/vendor/golang.org/x/tools/go/ast/edge
cmd/vendor/golang.org/x/tools/go/ast/inspector
hash/maphash
embed
cmd/vendor/golang.org/x/tools/internal/moreiters
encoding/gob
cmd/vendor/golang.org/x/tools/go/ast/astutil
net/http/httptrace
net/http/internal/httpcommon
net/http
cmd/vendor/golang.org/x/tools/internal/astutil/free
cmd/vendor/golang.org/x/tools/internal/diff/lcs
cmd/vendor/golang.org/x/tools/internal/diff
cmd/vendor/golang.org/x/tools/internal/cfginternal
cmd/vendor/golang.org/x/tools/go/cfg
cmd/vendor/golang.org/x/tools/internal/fmtstr
cmd/vendor/golang.org/x/tools/go/analysis
cmd/vendor/golang.org/x/tools/internal/versions
cmd/vendor/golang.org/x/tools/internal/aliases
go/internal/gccgoimporter
cmd/vendor/golang.org/x/tools/internal/typeparams
cmd/vendor/golang.org/x/tools/internal/analysis/analyzerutil
cmd/vendor/golang.org/x/tools/go/analysis/passes/buildtag
cmd/vendor/golang.org/x/tools/go/analysis/passes/inspect
cmd/vendor/golang.org/x/tools/go/types/typeutil
cmd/vendor/golang.org/x/tools/internal/astutil
cmd/vendor/golang.org/x/tools/internal/goplsexport
go/internal/gcimporter
cmd/vendor/golang.org/x/tools/internal/typesinternal
cmd/vendor/golang.org/x/tools/go/analysis/passes/internal/gofixdirective
cmd/vendor/golang.org/x/tools/internal/typesinternal/typeindex
go/internal/srcimporter
cmd/vendor/golang.org/x/tools/go/analysis/internal/analysisflags
go/importer
cmd/vendor/golang.org/x/tools/internal/analysis/typeindex
cmd/vendor/golang.org/x/tools/internal/refactor
cmd/vendor/golang.org/x/tools/go/analysis/passes/hostport
cmd/vendor/golang.org/x/tools/internal/analysis/driverutil
cmd/vendor/golang.org/x/tools/go/types/objectpath
cmd/vendor/golang.org/x/tools/go/analysis/passes/appends
cmd/vendor/golang.org/x/tools/internal/refactor/inline
cmd/vendor/golang.org/x/tools/go/analysis/passes/modernize
cmd/vendor/golang.org/x/tools/internal/facts
cmd/vendor/golang.org/x/tools/go/analysis/unitchecker
cmd/vendor/golang.org/x/tools/go/analysis/passes/asmdecl
cmd/vendor/golang.org/x/tools/go/analysis/passes/inline
cmd/vendor/golang.org/x/tools/go/analysis/passes/assign
cmd/vendor/golang.org/x/tools/go/analysis/passes/atomic
cmd/vendor/golang.org/x/tools/go/analysis/passes/bools
cmd/vendor/golang.org/x/tools/go/analysis/passes/cgocall
cmd/vendor/golang.org/x/tools/go/analysis/passes/composite
cmd/vendor/golang.org/x/tools/go/analysis/passes/copylock
cmd/go/internal/web/intercept
cmd/go/internal/auth
cmd/vendor/golang.org/x/mod/sumdb
cmd/vendor/golang.org/x/telemetry/internal/upload
cmd/fix
cmd/go/internal/web
cmd/vendor/golang.org/x/telemetry
cmd/vendor/golang.org/x/tools/go/analysis/passes/defers
cmd/go/internal/modfetch/codehost
cmd/go/internal/vcs
cmd/internal/telemetry
cmd/go/internal/telemetrycmd
cmd/vendor/golang.org/x/tools/go/analysis/passes/directive
cmd/vendor/golang.org/x/tools/go/analysis/passes/errorsas
cmd/vendor/golang.org/x/tools/go/analysis/passes/framepointer
cmd/vendor/golang.org/x/tools/go/analysis/passes/httpresponse
cmd/vendor/golang.org/x/tools/go/analysis/passes/ifaceassert
cmd/vendor/golang.org/x/tools/go/analysis/passes/loopclosure
cmd/vendor/golang.org/x/tools/go/analysis/passes/internal/ctrlflowinternal
cmd/vendor/golang.org/x/tools/go/analysis/passes/nilfunc
cmd/vendor/golang.org/x/tools/go/analysis/passes/ctrlflow
cmd/vendor/golang.org/x/tools/refactor/satisfy
cmd/go/internal/modfetch
cmd/go/internal/modinfo
cmd/vendor/golang.org/x/tools/go/analysis/passes/lostcancel
cmd/vendor/golang.org/x/tools/go/analysis/passes/printf
cmd/vendor/golang.org/x/tools/go/analysis/passes/shift
cmd/vendor/golang.org/x/tools/go/analysis/passes/sigchanyzer
cmd/vendor/golang.org/x/tools/go/analysis/passes/slog
cmd/vendor/golang.org/x/tools/go/analysis/passes/stdmethods
cmd/vendor/golang.org/x/tools/go/analysis/passes/stdversion
cmd/vendor/golang.org/x/tools/go/analysis/passes/stringintconv
cmd/vendor/golang.org/x/tools/go/analysis/passes/structtag
cmd/vendor/golang.org/x/tools/go/analysis/passes/testinggoroutine
cmd/vendor/golang.org/x/tools/go/analysis/passes/tests
cmd/vendor/golang.org/x/tools/go/analysis/passes/timeformat
cmd/vendor/golang.org/x/tools/go/analysis/passes/unmarshal
cmd/vendor/golang.org/x/tools/go/analysis/passes/unreachable
cmd/vendor/golang.org/x/tools/go/analysis/passes/unsafeptr
cmd/vendor/golang.org/x/tools/go/analysis/passes/unusedresult
cmd/vendor/golang.org/x/tools/go/analysis/passes/waitgroup
cmd/vet
cmd/go/internal/fips140
cmd/go/internal/modload
cmd/go/internal/telemetrystats
cmd/go/internal/load
cmd/go/internal/fmtcmd
cmd/go/internal/work
cmd/go/internal/clean
cmd/go/internal/generate
cmd/go/internal/list
cmd/go/internal/envcmd
cmd/go/internal/run
cmd/go/internal/test
cmd/go/internal/tool
cmd/go/internal/bug
cmd/go/internal/toolchain
cmd/go/internal/vet
cmd/go/internal/modget
cmd/go/internal/modcmd
cmd/go/internal/workcmd
cmd/go
touch /mnt/build_wrt/build_dir/hostpkg/go-1.26.5/.built
rm -rf "/mnt/build_wrt/staging_dir/hostpkg/lib/go-1.26/openwrt"
rm -f "/mnt/build_wrt/staging_dir/hostpkg/bin/go1.26"
rm -f "/mnt/build_wrt/staging_dir/hostpkg/bin/gofmt1.26"
rm -rf "/mnt/build_wrt/staging_dir/hostpkg/lib/go-1.26"
install -d -m0755 "/mnt/build_wrt/staging_dir/hostpkg/lib/go-1.26"
cp -fpR "/mnt/build_wrt/build_dir/hostpkg/go-1.26.5/api" "/mnt/build_wrt/staging_dir/hostpkg/lib/go-1.26/"
install -m0644 -p "/mnt/build_wrt/build_dir/hostpkg/go-1.26.5/go.env" "/mnt/build_wrt/staging_dir/hostpkg/lib/go-1.26/"
install -m0644 -p "/mnt/build_wrt/build_dir/hostpkg/go-1.26.5/VERSION" "/mnt/build_wrt/staging_dir/hostpkg/lib/go-1.26/"
for file in CONTRIBUTING.md LICENSE PATENTS README.md SECURITY.md; do if [ -f "/mnt/build_wrt/build_dir/hostpkg/go-1.26.5/$file" ]; then install -m0644 -p "/mnt/build_wrt/build_dir/hostpkg/go-1.26.5/$file" "/mnt/build_wrt/staging_dir/hostpkg/lib/go-1.26/" ; fi ; done
install -d -m0755 "/mnt/build_wrt/staging_dir/hostpkg/lib/go-1.26/bin"
install -m0755 -p "/mnt/build_wrt/build_dir/hostpkg/go-1.26.5/bin"/* "/mnt/build_wrt/staging_dir/hostpkg/lib/go-1.26/bin/"
if [ -d "/mnt/build_wrt/build_dir/hostpkg/go-1.26.5/pkg/linux_amd64" ]; then install -d -m0755 "/mnt/build_wrt/staging_dir/hostpkg/lib/go-1.26/pkg" ; cp -fpR "/mnt/build_wrt/build_dir/hostpkg/go-1.26.5/pkg/linux_amd64" "/mnt/build_wrt/staging_dir/hostpkg/lib/go-1.26/pkg/" ; fi
install -d -m0755 "/mnt/build_wrt/staging_dir/hostpkg/lib/go-1.26/pkg/tool/linux_amd64"
install -m0755 -p "/mnt/build_wrt/build_dir/hostpkg/go-1.26.5/pkg/tool/linux_amd64"/* "/mnt/build_wrt/staging_dir/hostpkg/lib/go-1.26/pkg/tool/linux_amd64/"
install -d -m0755 "/mnt/build_wrt/staging_dir/hostpkg/lib/go-1.26"
install -d -m0755 "/mnt/build_wrt/staging_dir/hostpkg/lib/go-1.26/src"; cd "/mnt/build_wrt/build_dir/hostpkg/go-1.26.5/src" && find . ! -type d -a \( ! -name '*.bat' -a ! -name '*.rc' \) -print0 | cpio --make-directories --null --pass-through --unconditional "/mnt/build_wrt/staging_dir/hostpkg/lib/go-1.26/src/"
248983 blocks
if [ -d "/mnt/build_wrt/build_dir/hostpkg/go-1.26.5/pkg/include" ]; then install -d -m0755 "/mnt/build_wrt/staging_dir/hostpkg/lib/go-1.26/pkg" ; cp -fpR "/mnt/build_wrt/build_dir/hostpkg/go-1.26.5/pkg/include" "/mnt/build_wrt/staging_dir/hostpkg/lib/go-1.26/pkg/" ; fi
install -d -m0755 "/mnt/build_wrt/staging_dir/hostpkg/bin"
ln -sf "../lib/go-1.26/bin/go" "/mnt/build_wrt/staging_dir/hostpkg/bin/go1.26"
ln -sf "../lib/go-1.26/bin/gofmt" "/mnt/build_wrt/staging_dir/hostpkg/bin/gofmt1.26"
rm -rf "/mnt/build_wrt/staging_dir/hostpkg/lib/go-1.26/pkg/linux/amd64"
install -d -m0755 "/mnt/build_wrt/staging_dir/hostpkg/lib/go-1.26/openwrt"
install -m0755 ../go-gcc-helper "/mnt/build_wrt/staging_dir/hostpkg/lib/go-1.26/openwrt"
ln -sf go-gcc-helper "/mnt/build_wrt/staging_dir/hostpkg/lib/go-1.26/openwrt/gcc"
ln -sf go-gcc-helper "/mnt/build_wrt/staging_dir/hostpkg/lib/go-1.26/openwrt/g++"
mkdir -p /mnt/build_wrt/staging_dir/hostpkg/stamp
touch /mnt/build_wrt/build_dir/hostpkg/go-1.26.5/.built
touch /mnt/build_wrt/staging_dir/hostpkg/stamp/.golang1.26_installed 
make[2]: Leaving directory '/mnt/build_wrt/feeds/packages/lang/golang/golang1.26'
time: package/feeds/packages/golang1.26/host-compile#469.52#28.88#147.97
make[2]: Entering directory '/mnt/build_wrt/feeds/packages/lang/golang/golang'
[ ! -d ./src/ ] || cp -fpR ./src/* /mnt/build_wrt/build_dir/hostpkg/golang-1.26
touch /mnt/build_wrt/build_dir/hostpkg/golang-1.26/.preparedfee40b5e7bd3f636ef8d17e16b3adade_6664517399ebbbc92a37c5bb081b5c53
(cd /mnt/build_wrt/build_dir/hostpkg/golang-1.26/; if [ -x configure ]; then cp -fpR /mnt/build_wrt/scripts/config.{guess,sub} /mnt/build_wrt/build_dir/hostpkg/golang-1.26// && CC="ccache /mnt/build_wrt/staging_dir/host/bin/gcc" CFLAGS="-O2 -I/mnt/build_wrt/staging_dir/host/include -I/mnt/build_wrt/staging_dir/hostpkg/include -I/mnt/build_wrt/staging_dir/target-aarch64_cortex-a53_musl/host/include" CXX="ccache /mnt/build_wrt/staging_dir/host/bin/g++" CPPFLAGS="-I/mnt/build_wrt/staging_dir/host/include -I/mnt/build_wrt/staging_dir/hostpkg/include -I/mnt/build_wrt/staging_dir/target-aarch64_cortex-a53_musl/host/include" CXXFLAGS="-O2 -I/mnt/build_wrt/staging_dir/host/include -I/mnt/build_wrt/staging_dir/hostpkg/include -I/mnt/build_wrt/staging_dir/target-aarch64_cortex-a53_musl/host/include" LDFLAGS="-L/mnt/build_wrt/staging_dir/host/lib -L/mnt/build_wrt/staging_dir/hostpkg/lib -L/mnt/build_wrt/staging_dir/target-aarch64_cortex-a53_musl/host/lib" CONFIG_SHELL="/usr/bin/env bash"  bash ./configure --target=x86_64-pc-linux-gnu --host=x86_64-pc-linux-gnu --build=x86_64-pc-linux-gnu --disable-dependency-tracking --program-prefix="" --program-suffix="" --prefix=/mnt/build_wrt/staging_dir/hostpkg --exec-prefix=/mnt/build_wrt/staging_dir/hostpkg --sysconfdir=/mnt/build_wrt/staging_dir/hostpkg/etc --localstatedir=/mnt/build_wrt/staging_dir/hostpkg/var --sbindir=/mnt/build_wrt/staging_dir/hostpkg/bin --disable-year2038 ; fi )
touch /mnt/build_wrt/build_dir/hostpkg/golang-1.26/.configured
touch /mnt/build_wrt/build_dir/hostpkg/golang-1.26/.built
mkdir -p /mnt/build_wrt/staging_dir/hostpkg/stamp
touch /mnt/build_wrt/build_dir/hostpkg/golang-1.26/.built
touch /mnt/build_wrt/staging_dir/hostpkg/stamp/.golang_installed 
make[2]: Leaving directory '/mnt/build_wrt/feeds/packages/lang/golang/golang'
time: package/feeds/packages/golang/host-compile#0.06#0.06#0.12
+ mkdir -p /mnt/build_wrt/staging_dir/target-aarch64_cortex-a53_musl
+ cd /mnt/build_wrt/staging_dir/target-aarch64_cortex-a53_musl
+ mkdir -p bin lib stamp usr/include usr/lib
mkdir -p /mnt/build_wrt/build_dir/target-aarch64_cortex-a53_musl/stamp
touch /mnt/build_wrt/staging_dir/target-aarch64_cortex-a53_musl/.prepared
mkdir -p /mnt/build_wrt/bin/targets/qualcommax/ipq60xx
make[2]: Entering directory '/mnt/build_wrt/package/utils/lua'
mkdir -p /mnt/build_wrt/dl
/mnt/build_wrt/scripts/download.pl "/mnt/build_wrt/dl" "lua-5.1.5.tar.gz" "2640fc56a795f29d28ef15e13c34a47e223960b0240e8cb0a82d9b0738695333" "" "https://www.lua.org/ftp/" "https://www.tecgraf.puc-rio.br/lua/ftp/"    
+ curl -f --connect-timeout 5 --retry 3 --location https://www.lua.org/ftp/lua-5.1.5.tar.gz
  % Total    % Received % Xferd  Average Speed   Time    Time     Time  Current
                                 Dload  Upload   Total   Spent    Left  Speed
  0     0    0     0    0     0      0      0 --:--:-- --:--:-- --:--:--     0  0     0    0     0    0     0      0      0 --:--:-- --:--:-- --:--:--     0100  216k  100  216k    0     0   141k      0  0:00:01  0:00:01 --:--:--  141k
. /mnt/build_wrt/include/shell.sh; /mnt/build_wrt/staging_dir/host/bin/libdeflate-gzip -dc /mnt/build_wrt/dl/lua-5.1.5.tar.gz | tar -C /mnt/build_wrt/build_dir/hostpkg/lua-5.1.5/.. -xf -
bash: line 1: /mnt/build_wrt/staging_dir/host/bin/libdeflate-gzip: No such file or directory
tar: This does not look like a tar archive
tar: Exiting with failure status due to previous errors
make[2]: *** [Makefile:191: /mnt/build_wrt/build_dir/hostpkg/lua-5.1.5/.prepared03840ba91e271911317098bf65144e15_6664517399ebbbc92a37c5bb081b5c53] Error 2
make[2]: Leaving directory '/mnt/build_wrt/package/utils/lua'
time: package/utils/lua/host-compile#0.14#0.15#1.75
    ERROR: package/utils/lua [host] failed to build.
make[1]: *** [package/Makefile:196: package/utils/lua/host/compile] Error 1
make[1]: Leaving directory '/mnt/build_wrt'
make: *** [/mnt/build_wrt/include/toplevel.mk:233: package/luci-app-dae/dae/compile] Error 2
