=== DAE BUILD FAILURE LOG ===
Timestamp: 2026-07-25_11-48-02
Commit: 118e064676a3e83083eef5c5aec74b9d9220a931
=============================

WARNING: Makefile 'package/netspeedtest/luci-app-netspeedtest/Makefile' has a dependency on 'python3-pkg-resources', which does not exist
WARNING: Makefile 'package/netspeedtest/luci-app-netspeedtest/Makefile' has a dependency on 'python3-email', which does not exist
WARNING: Makefile 'package/helloworld/luci-app-ssr-plus/Makefile' has a dependency on 'kcptun-client', which does not exist
WARNING: Makefile 'package/feeds/packages/perl-www/Makefile' has a dependency on 'perl-http-daemon', which does not exist
WARNING: Makefile 'package/feeds/packages/perl-www-mechanize/Makefile' has a dependency on 'perl-http-daemon', which does not exist
WARNING: Makefile 'package/QModem/application/qmodem/Makefile' has a dependency on 'kmod-mhi-wwan', which does not exist
WARNING: Makefile 'package/QModem/application/qmodem/Makefile' has a dependency on 'quectel-CM-5G', which does not exist
WARNING: Makefile 'package/feeds/video/sdl3/Makefile' has a build dependency on 'libwayland', which does not exist
make[2]: Entering directory '/mnt/build_wrt/scripts/config'
make[2]: 'conf' is up to date.
make[2]: Leaving directory '/mnt/build_wrt/scripts/config'
make[1]: Entering directory '/mnt/build_wrt'
make[2]: Entering directory '/mnt/build_wrt/feeds/packages/lang/golang/golang-bootstrap'
mkdir -p /mnt/build_wrt/dl
SHELL= flock /mnt/build_wrt/tmp/.go1.4-bootstrap-20171003.tar.gz.flock -c '  	/mnt/build_wrt/scripts/download.pl "/mnt/build_wrt/dl" "go1.4-bootstrap-20171003.tar.gz" "f4ff5b5eb3a3cae1c993723f3eab519c5bae18866b5e5f96fe1102f0cb5c3e52" "" "https://go.dev/dl/" "https://golang.google.cn/dl/" "https://mirrors.nju.edu.cn/golang/" "https://mirrors.ustc.edu.cn/golang/"    '
+ curl -f --connect-timeout 5 --retry 3 --location https://go.dev/dl/go1.4-bootstrap-20171003.tar.gz
  % Total    % Received % Xferd  Average Speed   Time    Time     Time  Current
                                 Dload  Upload   Total   Spent    Left  Speed
  0     0    0     0    0     0      0      0 --:--:-- --:--:-- --:--:--     0100    79  100    79    0     0    642      0 --:--:-- --:--:-- --:--:--   647
100 10.4M  100 10.4M    0     0  29.8M      0 --:--:-- --:--:-- --:--:-- 29.8M
mkdir -p /mnt/build_wrt/dl
SHELL= flock /mnt/build_wrt/tmp/.go1.17.13.src.tar.gz.flock -c '  	/mnt/build_wrt/scripts/download.pl "/mnt/build_wrt/dl" "go1.17.13.src.tar.gz" "a1a48b23afb206f95e7bbaa9b898d965f90826f6f1d1fc0c1d784ada0cd300fd" "" "https://go.dev/dl/" "https://golang.google.cn/dl/" "https://mirrors.nju.edu.cn/golang/" "https://mirrors.ustc.edu.cn/golang/"    '
+ curl -f --connect-timeout 5 --retry 3 --location https://go.dev/dl/go1.17.13.src.tar.gz
  % Total    % Received % Xferd  Average Speed   Time    Time     Time  Current
                                 Dload  Upload   Total   Spent    Left  Speed
  0     0    0     0    0     0      0      0 --:--:-- --:--:-- --:--:--     0100    68  100    68    0     0    518      0 --:--:-- --:--:-- --:--:--   515100    68  100    68    0     0    517      0 --:--:-- --:--:-- --:--:--   515
100 21.1M  100 21.1M    0     0  51.6M      0 --:--:-- --:--:-- --:--:-- 51.6M
mkdir -p /mnt/build_wrt/dl
SHELL= flock /mnt/build_wrt/tmp/.go1.20.14.src.tar.gz.flock -c '  	/mnt/build_wrt/scripts/download.pl "/mnt/build_wrt/dl" "go1.20.14.src.tar.gz" "1aef321a0e3e38b7e91d2d7eb64040666cabdcc77d383de3c9522d0d69b67f4e" "" "https://go.dev/dl/" "https://golang.google.cn/dl/" "https://mirrors.nju.edu.cn/golang/" "https://mirrors.ustc.edu.cn/golang/"    '
+ curl -f --connect-timeout 5 --retry 3 --location https://go.dev/dl/go1.20.14.src.tar.gz
  % Total    % Received % Xferd  Average Speed   Time    Time     Time  Current
                                 Dload  Upload   Total   Spent    Left  Speed
  0     0    0     0    0     0      0      0 --:--:-- --:--:-- --:--:--     0100    68  100    68    0     0   1486      0 --:--:-- --:--:-- --:--:--  1511
100 24.9M  100 24.9M    0     0  67.2M      0 --:--:-- --:--:-- --:--:-- 67.2M
mkdir -p /mnt/build_wrt/dl
SHELL= flock /mnt/build_wrt/tmp/.go1.22.12.src.tar.gz.flock -c '  	/mnt/build_wrt/scripts/download.pl "/mnt/build_wrt/dl" "go1.22.12.src.tar.gz" "012a7e1f37f362c0918c1dfa3334458ac2da1628c4b9cf4d9ca02db986e17d71" "" "https://go.dev/dl/" "https://golang.google.cn/dl/" "https://mirrors.nju.edu.cn/golang/" "https://mirrors.ustc.edu.cn/golang/"    '
+ curl -f --connect-timeout 5 --retry 3 --location https://go.dev/dl/go1.22.12.src.tar.gz
  % Total    % Received % Xferd  Average Speed   Time    Time     Time  Current
                                 Dload  Upload   Total   Spent    Left  Speed
  0     0    0     0    0     0      0      0 --:--:-- --:--:-- --:--:--     0100    68  100    68    0     0   1537      0 --:--:-- --:--:-- --:--:--  1545
 51 26.2M   51 13.5M    0     0  46.7M      0 --:--:-- --:--:-- --:--:-- 46.7M100 26.2M  100 26.2M    0     0  64.2M      0 --:--:-- --:--:-- --:--:--  107M
mkdir -p /mnt/build_wrt/dl
SHELL= flock /mnt/build_wrt/tmp/.go1.24.13.src.tar.gz.flock -c '  	/mnt/build_wrt/scripts/download.pl "/mnt/build_wrt/dl" "go1.24.13.src.tar.gz" "639a6204c2486b137df1eb6e78ee3ed038f9877d0e4b5a465e796a2153f858d7" "" "https://go.dev/dl/" "https://golang.google.cn/dl/" "https://mirrors.nju.edu.cn/golang/" "https://mirrors.ustc.edu.cn/golang/"    '
+ curl -f --connect-timeout 5 --retry 3 --location https://go.dev/dl/go1.24.13.src.tar.gz
  % Total    % Received % Xferd  Average Speed   Time    Time     Time  Current
                                 Dload  Upload   Total   Spent    Left  Speed
  0     0    0     0    0     0      0      0 --:--:-- --:--:-- --:--:--     0100    68  100    68    0     0   1375      0 --:--:-- --:--:-- --:--:--  1387
100 29.3M  100 29.3M    0     0  75.6M      0 --:--:-- --:--:-- --:--:-- 75.6M
tar -C "/mnt/build_wrt/build_dir/hostpkg/go-1.24.13" --strip-components=1 -xzf "/mnt/build_wrt/dl/go1.24.13.src.tar.gz"
[ ! -d ./src/ ] || cp -fpR ./src/* /mnt/build_wrt/build_dir/hostpkg/go-1.24.13
mkdir -p "/mnt/build_wrt/build_dir/hostpkg/go-1.24.13/.go_bootstrap" && tar -C "/mnt/build_wrt/build_dir/hostpkg/go-1.24.13/.go_bootstrap" --strip-components=1 -xzf "/mnt/build_wrt/dl/go1.4-bootstrap-20171003.tar.gz" ; 	mkdir -p "/mnt/build_wrt/build_dir/hostpkg/go-1.24.13/.go_bootstrap_1.17" && tar -C "/mnt/build_wrt/build_dir/hostpkg/go-1.24.13/.go_bootstrap_1.17" --strip-components=1 -xzf "/mnt/build_wrt/dl/go1.17.13.src.tar.gz" ; 	mkdir -p "/mnt/build_wrt/build_dir/hostpkg/go-1.24.13/.go_bootstrap_1.20" && tar -C "/mnt/build_wrt/build_dir/hostpkg/go-1.24.13/.go_bootstrap_1.20" --strip-components=1 -xzf "/mnt/build_wrt/dl/go1.20.14.src.tar.gz" ; 	mkdir -p "/mnt/build_wrt/build_dir/hostpkg/go-1.24.13/.go_bootstrap_1.22" && tar -C "/mnt/build_wrt/build_dir/hostpkg/go-1.24.13/.go_bootstrap_1.22" --strip-components=1 -xzf "/mnt/build_wrt/dl/go1.22.12.src.tar.gz" ;
touch /mnt/build_wrt/build_dir/hostpkg/go-1.24.13/.preparedcec8d83ee668680ae69fcd4e57934bc3_6664517399ebbbc92a37c5bb081b5c53
mkdir -p "/mnt/build_wrt/tmp/go-build"
touch /mnt/build_wrt/build_dir/hostpkg/go-1.24.13/.configured
cd "/mnt/build_wrt/build_dir/hostpkg/go-1.24.13/.go_bootstrap/src" ;  GOHOSTARCH="amd64" GOCACHE="/mnt/build_wrt/tmp/go-build" GOENV=off CC="/mnt/build_wrt/staging_dir/host/bin/gcc" CXX="/mnt/build_wrt/staging_dir/host/bin/g++" CC="/mnt/build_wrt/staging_dir/host/bin/gcc -std=gnu17"  bash make.bash -v --no-banner
# Building C bootstrap tool.
cmd/dist

# Building compilers and Go bootstrap tool for host, linux/amd64.
lib9
In file included from /mnt/build_wrt/build_dir/hostpkg/go-1.24.13/.go_bootstrap/src/lib9/_exits.c:28:
/mnt/build_wrt/build_dir/hostpkg/go-1.24.13/.go_bootstrap/include/u.h:86:42: warning: expression does not compute the number of elements in this array; element type is 'struct __jmp_buf_tag', not 'long int' [-Wsizeof-array-div]
   86 | typedef long p9jmp_buf[sizeof(sigjmp_buf)/sizeof(long)];
      |                                          ^
/mnt/build_wrt/build_dir/hostpkg/go-1.24.13/.go_bootstrap/include/u.h:86:42: note: add parentheses around the second 'sizeof' to silence this warning
In file included from /mnt/build_wrt/build_dir/hostpkg/go-1.24.13/.go_bootstrap/src/lib9/atoi.c:28:
/mnt/build_wrt/build_dir/hostpkg/go-1.24.13/.go_bootstrap/include/u.h:86:42: warning: expression does not compute the number of elements in this array; element type is 'struct __jmp_buf_tag', not 'long int' [-Wsizeof-array-div]
   86 | typedef long p9jmp_buf[sizeof(sigjmp_buf)/sizeof(long)];
      |                                          ^
/mnt/build_wrt/build_dir/hostpkg/go-1.24.13/.go_bootstrap/include/u.h:86:42: note: add parentheses around the second 'sizeof' to silence this warning
In file included from /mnt/build_wrt/build_dir/hostpkg/go-1.24.13/.go_bootstrap/src/lib9/await.c:31:
/mnt/build_wrt/build_dir/hostpkg/go-1.24.13/.go_bootstrap/include/u.h:86:42: warning: expression does not compute the number of elements in this array; element type is 'struct __jmp_buf_tag', not 'long int' [-Wsizeof-array-div]
   86 | typedef long p9jmp_buf[sizeof(sigjmp_buf)/sizeof(long)];
      |                                          ^
/mnt/build_wrt/build_dir/hostpkg/go-1.24.13/.go_bootstrap/include/u.h:86:42: note: add parentheses around the second 'sizeof' to silence this warning
In file included from /mnt/build_wrt/build_dir/hostpkg/go-1.24.13/.go_bootstrap/src/lib9/_p9dir.c:28:
/mnt/build_wrt/build_dir/hostpkg/go-1.24.13/.go_bootstrap/include/u.h:86:42: warning: expression does not compute the number of elements in this array; element type is 'struct __jmp_buf_tag', not 'long int' [-Wsizeof-array-div]
   86 | typedef long p9jmp_buf[sizeof(sigjmp_buf)/sizeof(long)];
      |                                          ^
/mnt/build_wrt/build_dir/hostpkg/go-1.24.13/.go_bootstrap/include/u.h:86:42: note: add parentheses around the second 'sizeof' to silence this warning
In file included from /mnt/build_wrt/build_dir/hostpkg/go-1.24.13/.go_bootstrap/src/lib9/cleanname.c:29:
/mnt/build_wrt/build_dir/hostpkg/go-1.24.13/.go_bootstrap/include/u.h:86:42: warning: expression does not compute the number of elements in this array; element type is 'struct __jmp_buf_tag', not 'long int' [-Wsizeof-array-div]
   86 | typedef long p9jmp_buf[sizeof(sigjmp_buf)/sizeof(long)];
      |                                          ^
/mnt/build_wrt/build_dir/hostpkg/go-1.24.13/.go_bootstrap/include/u.h:86:42: note: add parentheses around the second 'sizeof' to silence this warning
In file included from /mnt/build_wrt/build_dir/hostpkg/go-1.24.13/.go_bootstrap/src/lib9/create.c:28:
/mnt/build_wrt/build_dir/hostpkg/go-1.24.13/.go_bootstrap/include/u.h:86:42: warning: expression does not compute the number of elements in this array; element type is 'struct __jmp_buf_tag', not 'long int' [-Wsizeof-array-div]
   86 | typedef long p9jmp_buf[sizeof(sigjmp_buf)/sizeof(long)];
      |                                          ^
/mnt/build_wrt/build_dir/hostpkg/go-1.24.13/.go_bootstrap/include/u.h:86:42: note: add parentheses around the second 'sizeof' to silence this warning
In file included from /mnt/build_wrt/build_dir/hostpkg/go-1.24.13/.go_bootstrap/src/lib9/ctime.c:8:
/mnt/build_wrt/build_dir/hostpkg/go-1.24.13/.go_bootstrap/include/u.h:86:42: warning: expression does not compute the number of elements in this array; element type is 'struct __jmp_buf_tag', not 'long int' [-Wsizeof-array-div]
   86 | typedef long p9jmp_buf[sizeof(sigjmp_buf)/sizeof(long)];
      |                                          ^
/mnt/build_wrt/build_dir/hostpkg/go-1.24.13/.go_bootstrap/include/u.h:86:42: note: add parentheses around the second 'sizeof' to silence this warning
In file included from /mnt/build_wrt/build_dir/hostpkg/go-1.24.13/.go_bootstrap/src/lib9/dirfstat.c:27:
/mnt/build_wrt/build_dir/hostpkg/go-1.24.13/.go_bootstrap/include/u.h:86:42: warning: expression does not compute the number of elements in this array; element type is 'struct __jmp_buf_tag', not 'long int' [-Wsizeof-array-div]
   86 | typedef long p9jmp_buf[sizeof(sigjmp_buf)/sizeof(long)];
      |                                          ^
/mnt/build_wrt/build_dir/hostpkg/go-1.24.13/.go_bootstrap/include/u.h:86:42: note: add parentheses around the second 'sizeof' to silence this warning
In file included from /mnt/build_wrt/build_dir/hostpkg/go-1.24.13/.go_bootstrap/src/lib9/dirfwstat.c:29:
/mnt/build_wrt/build_dir/hostpkg/go-1.24.13/.go_bootstrap/include/u.h:86:42: warning: expression does not compute the number of elements in this array; element type is 'struct __jmp_buf_tag', not 'long int' [-Wsizeof-array-div]
   86 | typedef long p9jmp_buf[sizeof(sigjmp_buf)/sizeof(long)];
      |                                          ^
/mnt/build_wrt/build_dir/hostpkg/go-1.24.13/.go_bootstrap/include/u.h:86:42: note: add parentheses around the second 'sizeof' to silence this warning
In file included from /mnt/build_wrt/build_dir/hostpkg/go-1.24.13/.go_bootstrap/src/lib9/dirstat.c:27:
/mnt/build_wrt/build_dir/hostpkg/go-1.24.13/.go_bootstrap/include/u.h:86:42: warning: expression does not compute the number of elements in this array; element type is 'struct __jmp_buf_tag', not 'long int' [-Wsizeof-array-div]
   86 | typedef long p9jmp_buf[sizeof(sigjmp_buf)/sizeof(long)];
      |                                          ^
/mnt/build_wrt/build_dir/hostpkg/go-1.24.13/.go_bootstrap/include/u.h:86:42: note: add parentheses around the second 'sizeof' to silence this warning
In file included from /mnt/build_wrt/build_dir/hostpkg/go-1.24.13/.go_bootstrap/src/lib9/dirwstat.c:27:
/mnt/build_wrt/build_dir/hostpkg/go-1.24.13/.go_bootstrap/include/u.h:86:42: warning: expression does not compute the number of elements in this array; element type is 'struct __jmp_buf_tag', not 'long int' [-Wsizeof-array-div]
   86 | typedef long p9jmp_buf[sizeof(sigjmp_buf)/sizeof(long)];
      |                                          ^
/mnt/build_wrt/build_dir/hostpkg/go-1.24.13/.go_bootstrap/include/u.h:86:42: note: add parentheses around the second 'sizeof' to silence this warning
In file included from /mnt/build_wrt/build_dir/hostpkg/go-1.24.13/.go_bootstrap/src/lib9/dup.c:27:
/mnt/build_wrt/build_dir/hostpkg/go-1.24.13/.go_bootstrap/include/u.h:86:42: warning: expression does not compute the number of elements in this array; element type is 'struct __jmp_buf_tag', not 'long int' [-Wsizeof-array-div]
   86 | typedef long p9jmp_buf[sizeof(sigjmp_buf)/sizeof(long)];
      |                                          ^
/mnt/build_wrt/build_dir/hostpkg/go-1.24.13/.go_bootstrap/include/u.h:86:42: note: add parentheses around the second 'sizeof' to silence this warning
In file included from /mnt/build_wrt/build_dir/hostpkg/go-1.24.13/.go_bootstrap/src/lib9/errstr.c:35:
/mnt/build_wrt/build_dir/hostpkg/go-1.24.13/.go_bootstrap/include/u.h:86:42: warning: expression does not compute the number of elements in this array; element type is 'struct __jmp_buf_tag', not 'long int' [-Wsizeof-array-div]
   86 | typedef long p9jmp_buf[sizeof(sigjmp_buf)/sizeof(long)];
      |                                          ^
/mnt/build_wrt/build_dir/hostpkg/go-1.24.13/.go_bootstrap/include/u.h:86:42: note: add parentheses around the second 'sizeof' to silence this warning
In file included from /mnt/build_wrt/build_dir/hostpkg/go-1.24.13/.go_bootstrap/src/lib9/exec.c:27:
/mnt/build_wrt/build_dir/hostpkg/go-1.24.13/.go_bootstrap/include/u.h:86:42: warning: expression does not compute the number of elements in this array; element type is 'struct __jmp_buf_tag', not 'long int' [-Wsizeof-array-div]
   86 | typedef long p9jmp_buf[sizeof(sigjmp_buf)/sizeof(long)];
      |                                          ^
/mnt/build_wrt/build_dir/hostpkg/go-1.24.13/.go_bootstrap/include/u.h:86:42: note: add parentheses around the second 'sizeof' to silence this warning
In file included from /mnt/build_wrt/build_dir/hostpkg/go-1.24.13/.go_bootstrap/src/lib9/execl.c:27:
/mnt/build_wrt/build_dir/hostpkg/go-1.24.13/.go_bootstrap/include/u.h:86:42: warning: expression does not compute the number of elements in this array; element type is 'struct __jmp_buf_tag', not 'long int' [-Wsizeof-array-div]
   86 | typedef long p9jmp_buf[sizeof(sigjmp_buf)/sizeof(long)];
      |                                          ^
/mnt/build_wrt/build_dir/hostpkg/go-1.24.13/.go_bootstrap/include/u.h:86:42: note: add parentheses around the second 'sizeof' to silence this warning
In file included from /mnt/build_wrt/build_dir/hostpkg/go-1.24.13/.go_bootstrap/src/lib9/exitcode.c:28:
/mnt/build_wrt/build_dir/hostpkg/go-1.24.13/.go_bootstrap/include/u.h:86:42: warning: expression does not compute the number of elements in this array; element type is 'struct __jmp_buf_tag', not 'long int' [-Wsizeof-array-div]
   86 | typedef long p9jmp_buf[sizeof(sigjmp_buf)/sizeof(long)];
      |                                          ^
/mnt/build_wrt/build_dir/hostpkg/go-1.24.13/.go_bootstrap/include/u.h:86:42: note: add parentheses around the second 'sizeof' to silence this warning
In file included from /mnt/build_wrt/build_dir/hostpkg/go-1.24.13/.go_bootstrap/src/lib9/exits.c:27:
/mnt/build_wrt/build_dir/hostpkg/go-1.24.13/.go_bootstrap/include/u.h:86:42: warning: expression does not compute the number of elements in this array; element type is 'struct __jmp_buf_tag', not 'long int' [-Wsizeof-array-div]
   86 | typedef long p9jmp_buf[sizeof(sigjmp_buf)/sizeof(long)];
      |                                          ^
/mnt/build_wrt/build_dir/hostpkg/go-1.24.13/.go_bootstrap/include/u.h:86:42: note: add parentheses around the second 'sizeof' to silence this warning
In file included from /mnt/build_wrt/build_dir/hostpkg/go-1.24.13/.go_bootstrap/src/lib9/flag.c:5:
/mnt/build_wrt/build_dir/hostpkg/go-1.24.13/.go_bootstrap/include/u.h:86:42: warning: expression does not compute the number of elements in this array; element type is 'struct __jmp_buf_tag', not 'long int' [-Wsizeof-array-div]
   86 | typedef long p9jmp_buf[sizeof(sigjmp_buf)/sizeof(long)];
      |                                          ^
/mnt/build_wrt/build_dir/hostpkg/go-1.24.13/.go_bootstrap/include/u.h:86:42: note: add parentheses around the second 'sizeof' to silence this warning
In file included from /mnt/build_wrt/build_dir/hostpkg/go-1.24.13/.go_bootstrap/src/lib9/fmt/dofmt.c:19:
/mnt/build_wrt/build_dir/hostpkg/go-1.24.13/.go_bootstrap/include/u.h:86:42: warning: expression does not compute the number of elements in this array; element type is 'struct __jmp_buf_tag', not 'long int' [-Wsizeof-array-div]
   86 | typedef long p9jmp_buf[sizeof(sigjmp_buf)/sizeof(long)];
      |                                          ^
/mnt/build_wrt/build_dir/hostpkg/go-1.24.13/.go_bootstrap/include/u.h:86:42: note: add parentheses around the second 'sizeof' to silence this warning
In file included from /mnt/build_wrt/build_dir/hostpkg/go-1.24.13/.go_bootstrap/src/lib9/fmt/charstod.c:19:
/mnt/build_wrt/build_dir/hostpkg/go-1.24.13/.go_bootstrap/include/u.h:86:42: warning: expression does not compute the number of elements in this array; element type is 'struct __jmp_buf_tag', not 'long int' [-Wsizeof-array-div]
   86 | typedef long p9jmp_buf[sizeof(sigjmp_buf)/sizeof(long)];
      |                                          ^
/mnt/build_wrt/build_dir/hostpkg/go-1.24.13/.go_bootstrap/include/u.h:86:42: note: add parentheses around the second 'sizeof' to silence this warning
In file included from /mnt/build_wrt/build_dir/hostpkg/go-1.24.13/.go_bootstrap/src/lib9/fmt/dorfmt.c:19:
/mnt/build_wrt/build_dir/hostpkg/go-1.24.13/.go_bootstrap/include/u.h:86:42: warning: expression does not compute the number of elements in this array; element type is 'struct __jmp_buf_tag', not 'long int' [-Wsizeof-array-div]
   86 | typedef long p9jmp_buf[sizeof(sigjmp_buf)/sizeof(long)];
      |                                          ^
/mnt/build_wrt/build_dir/hostpkg/go-1.24.13/.go_bootstrap/include/u.h:86:42: note: add parentheses around the second 'sizeof' to silence this warning
In file included from /mnt/build_wrt/build_dir/hostpkg/go-1.24.13/.go_bootstrap/src/lib9/fmt/fltfmt.c:20:
/mnt/build_wrt/build_dir/hostpkg/go-1.24.13/.go_bootstrap/include/u.h:86:42: warning: expression does not compute the number of elements in this array; element type is 'struct __jmp_buf_tag', not 'long int' [-Wsizeof-array-div]
   86 | typedef long p9jmp_buf[sizeof(sigjmp_buf)/sizeof(long)];
      |                                          ^
/mnt/build_wrt/build_dir/hostpkg/go-1.24.13/.go_bootstrap/include/u.h:86:42: note: add parentheses around the second 'sizeof' to silence this warning
/mnt/build_wrt/build_dir/hostpkg/go-1.24.13/.go_bootstrap/src/lib9/fmt/fltfmt.c: In function '__efgfmt':
/mnt/build_wrt/build_dir/hostpkg/go-1.24.13/.go_bootstrap/src/lib9/fmt/fltfmt.c:437:19: warning: this statement may fall through [-Wimplicit-fallthrough=]
  437 |                 if(ndigits > prec) {
      |                   ^
/mnt/build_wrt/build_dir/hostpkg/go-1.24.13/.go_bootstrap/src/lib9/fmt/fltfmt.c:451:9: note: here
  451 |         default:
      |         ^~~~~~~
In file included from /mnt/build_wrt/build_dir/hostpkg/go-1.24.13/.go_bootstrap/src/lib9/fmt/fmt.c:19:
/mnt/build_wrt/build_dir/hostpkg/go-1.24.13/.go_bootstrap/include/u.h:86:42: warning: expression does not compute the number of elements in this array; element type is 'struct __jmp_buf_tag', not 'long int' [-Wsizeof-array-div]
   86 | typedef long p9jmp_buf[sizeof(sigjmp_buf)/sizeof(long)];
      |                                          ^
/mnt/build_wrt/build_dir/hostpkg/go-1.24.13/.go_bootstrap/include/u.h:86:42: note: add parentheses around the second 'sizeof' to silence this warning
In file included from /mnt/build_wrt/build_dir/hostpkg/go-1.24.13/.go_bootstrap/src/lib9/fmt/fmtfd.c:19:
/mnt/build_wrt/build_dir/hostpkg/go-1.24.13/.go_bootstrap/include/u.h:86:42: warning: expression does not compute the number of elements in this array; element type is 'struct __jmp_buf_tag', not 'long int' [-Wsizeof-array-div]
   86 | typedef long p9jmp_buf[sizeof(sigjmp_buf)/sizeof(long)];
      |                                          ^
/mnt/build_wrt/build_dir/hostpkg/go-1.24.13/.go_bootstrap/include/u.h:86:42: note: add parentheses around the second 'sizeof' to silence this warning
In file included from /mnt/build_wrt/build_dir/hostpkg/go-1.24.13/.go_bootstrap/src/lib9/fmt/fmtfdflush.c:19:
/mnt/build_wrt/build_dir/hostpkg/go-1.24.13/.go_bootstrap/include/u.h:86:42: warning: expression does not compute the number of elements in this array; element type is 'struct __jmp_buf_tag', not 'long int' [-Wsizeof-array-div]
   86 | typedef long p9jmp_buf[sizeof(sigjmp_buf)/sizeof(long)];
      |                                          ^
/mnt/build_wrt/build_dir/hostpkg/go-1.24.13/.go_bootstrap/include/u.h:86:42: note: add parentheses around the second 'sizeof' to silence this warning
In file included from /mnt/build_wrt/build_dir/hostpkg/go-1.24.13/.go_bootstrap/src/lib9/fmt/fmtlocale.c:19:
/mnt/build_wrt/build_dir/hostpkg/go-1.24.13/.go_bootstrap/include/u.h:86:42: warning: expression does not compute the number of elements in this array; element type is 'struct __jmp_buf_tag', not 'long int' [-Wsizeof-array-div]
   86 | typedef long p9jmp_buf[sizeof(sigjmp_buf)/sizeof(long)];
      |                                          ^
/mnt/build_wrt/build_dir/hostpkg/go-1.24.13/.go_bootstrap/include/u.h:86:42: note: add parentheses around the second 'sizeof' to silence this warning
In file included from /mnt/build_wrt/build_dir/hostpkg/go-1.24.13/.go_bootstrap/src/lib9/fmt/fmtlock.c:19:
/mnt/build_wrt/build_dir/hostpkg/go-1.24.13/.go_bootstrap/include/u.h:86:42: warning: expression does not compute the number of elements in this array; element type is 'struct __jmp_buf_tag', not 'long int' [-Wsizeof-array-div]
   86 | typedef long p9jmp_buf[sizeof(sigjmp_buf)/sizeof(long)];
      |                                          ^
/mnt/build_wrt/build_dir/hostpkg/go-1.24.13/.go_bootstrap/include/u.h:86:42: note: add parentheses around the second 'sizeof' to silence this warning
In file included from /mnt/build_wrt/build_dir/hostpkg/go-1.24.13/.go_bootstrap/src/lib9/fmt/fmtnull.c:19:
/mnt/build_wrt/build_dir/hostpkg/go-1.24.13/.go_bootstrap/include/u.h:86:42: warning: expression does not compute the number of elements in this array; element type is 'struct __jmp_buf_tag', not 'long int' [-Wsizeof-array-div]
   86 | typedef long p9jmp_buf[sizeof(sigjmp_buf)/sizeof(long)];
      |                                          ^
/mnt/build_wrt/build_dir/hostpkg/go-1.24.13/.go_bootstrap/include/u.h:86:42: note: add parentheses around the second 'sizeof' to silence this warning
In file included from /mnt/build_wrt/build_dir/hostpkg/go-1.24.13/.go_bootstrap/src/lib9/fmt/fmtprint.c:19:
/mnt/build_wrt/build_dir/hostpkg/go-1.24.13/.go_bootstrap/include/u.h:86:42: warning: expression does not compute the number of elements in this array; element type is 'struct __jmp_buf_tag', not 'long int' [-Wsizeof-array-div]
   86 | typedef long p9jmp_buf[sizeof(sigjmp_buf)/sizeof(long)];
      |                                          ^
/mnt/build_wrt/build_dir/hostpkg/go-1.24.13/.go_bootstrap/include/u.h:86:42: note: add parentheses around the second 'sizeof' to silence this warning
In file included from /mnt/build_wrt/build_dir/hostpkg/go-1.24.13/.go_bootstrap/src/lib9/fmt/fmtquote.c:19:
/mnt/build_wrt/build_dir/hostpkg/go-1.24.13/.go_bootstrap/include/u.h:86:42: warning: expression does not compute the number of elements in this array; element type is 'struct __jmp_buf_tag', not 'long int' [-Wsizeof-array-div]
   86 | typedef long p9jmp_buf[sizeof(sigjmp_buf)/sizeof(long)];
      |                                          ^
/mnt/build_wrt/build_dir/hostpkg/go-1.24.13/.go_bootstrap/include/u.h:86:42: note: add parentheses around the second 'sizeof' to silence this warning
In file included from /mnt/build_wrt/build_dir/hostpkg/go-1.24.13/.go_bootstrap/src/lib9/fmt/fmtrune.c:19:
/mnt/build_wrt/build_dir/hostpkg/go-1.24.13/.go_bootstrap/include/u.h:86:42: warning: expression does not compute the number of elements in this array; element type is 'struct __jmp_buf_tag', not 'long int' [-Wsizeof-array-div]
   86 | typedef long p9jmp_buf[sizeof(sigjmp_buf)/sizeof(long)];
      |                                          ^
/mnt/build_wrt/build_dir/hostpkg/go-1.24.13/.go_bootstrap/include/u.h:86:42: note: add parentheses around the second 'sizeof' to silence this warning
In file included from /mnt/build_wrt/build_dir/hostpkg/go-1.24.13/.go_bootstrap/src/lib9/fmt/fmtstr.c:19:
/mnt/build_wrt/build_dir/hostpkg/go-1.24.13/.go_bootstrap/include/u.h:86:42: warning: expression does not compute the number of elements in this array; element type is 'struct __jmp_buf_tag', not 'long int' [-Wsizeof-array-div]
   86 | typedef long p9jmp_buf[sizeof(sigjmp_buf)/sizeof(long)];
      |                                          ^
/mnt/build_wrt/build_dir/hostpkg/go-1.24.13/.go_bootstrap/include/u.h:86:42: note: add parentheses around the second 'sizeof' to silence this warning
In file included from /mnt/build_wrt/build_dir/hostpkg/go-1.24.13/.go_bootstrap/src/lib9/fmt/fmtvprint.c:19:
/mnt/build_wrt/build_dir/hostpkg/go-1.24.13/.go_bootstrap/include/u.h:86:42: warning: expression does not compute the number of elements in this array; element type is 'struct __jmp_buf_tag', not 'long int' [-Wsizeof-array-div]
   86 | typedef long p9jmp_buf[sizeof(sigjmp_buf)/sizeof(long)];
      |                                          ^
/mnt/build_wrt/build_dir/hostpkg/go-1.24.13/.go_bootstrap/include/u.h:86:42: note: add parentheses around the second 'sizeof' to silence this warning
In file included from /mnt/build_wrt/build_dir/hostpkg/go-1.24.13/.go_bootstrap/src/lib9/fmt/fprint.c:19:
/mnt/build_wrt/build_dir/hostpkg/go-1.24.13/.go_bootstrap/include/u.h:86:42: warning: expression does not compute the number of elements in this array; element type is 'struct __jmp_buf_tag', not 'long int' [-Wsizeof-array-div]
   86 | typedef long p9jmp_buf[sizeof(sigjmp_buf)/sizeof(long)];
      |                                          ^
/mnt/build_wrt/build_dir/hostpkg/go-1.24.13/.go_bootstrap/include/u.h:86:42: note: add parentheses around the second 'sizeof' to silence this warning
In file included from /mnt/build_wrt/build_dir/hostpkg/go-1.24.13/.go_bootstrap/src/lib9/fmt/nan64.c:26:
/mnt/build_wrt/build_dir/hostpkg/go-1.24.13/.go_bootstrap/include/u.h:86:42: warning: expression does not compute the number of elements in this array; element type is 'struct __jmp_buf_tag', not 'long int' [-Wsizeof-array-div]
   86 | typedef long p9jmp_buf[sizeof(sigjmp_buf)/sizeof(long)];
      |                                          ^
/mnt/build_wrt/build_dir/hostpkg/go-1.24.13/.go_bootstrap/include/u.h:86:42: note: add parentheses around the second 'sizeof' to silence this warning
In file included from /mnt/build_wrt/build_dir/hostpkg/go-1.24.13/.go_bootstrap/src/lib9/fmt/pow10.c:19:
/mnt/build_wrt/build_dir/hostpkg/go-1.24.13/.go_bootstrap/include/u.h:86:42: warning: expression does not compute the number of elements in this array; element type is 'struct __jmp_buf_tag', not 'long int' [-Wsizeof-array-div]
   86 | typedef long p9jmp_buf[sizeof(sigjmp_buf)/sizeof(long)];
      |                                          ^
/mnt/build_wrt/build_dir/hostpkg/go-1.24.13/.go_bootstrap/include/u.h:86:42: note: add parentheses around the second 'sizeof' to silence this warning
In file included from /mnt/build_wrt/build_dir/hostpkg/go-1.24.13/.go_bootstrap/src/lib9/fmt/print.c:19:
/mnt/build_wrt/build_dir/hostpkg/go-1.24.13/.go_bootstrap/include/u.h:86:42: warning: expression does not compute the number of elements in this array; element type is 'struct __jmp_buf_tag', not 'long int' [-Wsizeof-array-div]
   86 | typedef long p9jmp_buf[sizeof(sigjmp_buf)/sizeof(long)];
      |                                          ^
/mnt/build_wrt/build_dir/hostpkg/go-1.24.13/.go_bootstrap/include/u.h:86:42: note: add parentheses around the second 'sizeof' to silence this warning
In file included from /mnt/build_wrt/build_dir/hostpkg/go-1.24.13/.go_bootstrap/src/lib9/fmt/seprint.c:19:
/mnt/build_wrt/build_dir/hostpkg/go-1.24.13/.go_bootstrap/include/u.h:86:42: warning: expression does not compute the number of elements in this array; element type is 'struct __jmp_buf_tag', not 'long int' [-Wsizeof-array-div]
   86 | typedef long p9jmp_buf[sizeof(sigjmp_buf)/sizeof(long)];
      |                                          ^
/mnt/build_wrt/build_dir/hostpkg/go-1.24.13/.go_bootstrap/include/u.h:86:42: note: add parentheses around the second 'sizeof' to silence this warning
In file included from /mnt/build_wrt/build_dir/hostpkg/go-1.24.13/.go_bootstrap/src/lib9/fmt/smprint.c:19:
/mnt/build_wrt/build_dir/hostpkg/go-1.24.13/.go_bootstrap/include/u.h:86:42: warning: expression does not compute the number of elements in this array; element type is 'struct __jmp_buf_tag', not 'long int' [-Wsizeof-array-div]
   86 | typedef long p9jmp_buf[sizeof(sigjmp_buf)/sizeof(long)];
      |                                          ^
/mnt/build_wrt/build_dir/hostpkg/go-1.24.13/.go_bootstrap/include/u.h:86:42: note: add parentheses around the second 'sizeof' to silence this warning
In file included from /mnt/build_wrt/build_dir/hostpkg/go-1.24.13/.go_bootstrap/src/lib9/fmt/snprint.c:19:
/mnt/build_wrt/build_dir/hostpkg/go-1.24.13/.go_bootstrap/include/u.h:86:42: warning: expression does not compute the number of elements in this array; element type is 'struct __jmp_buf_tag', not 'long int' [-Wsizeof-array-div]
   86 | typedef long p9jmp_buf[sizeof(sigjmp_buf)/sizeof(long)];
      |                                          ^
/mnt/build_wrt/build_dir/hostpkg/go-1.24.13/.go_bootstrap/include/u.h:86:42: note: add parentheses around the second 'sizeof' to silence this warning
In file included from /mnt/build_wrt/build_dir/hostpkg/go-1.24.13/.go_bootstrap/src/lib9/fmt/sprint.c:19:
/mnt/build_wrt/build_dir/hostpkg/go-1.24.13/.go_bootstrap/include/u.h:86:42: warning: expression does not compute the number of elements in this array; element type is 'struct __jmp_buf_tag', not 'long int' [-Wsizeof-array-div]
   86 | typedef long p9jmp_buf[sizeof(sigjmp_buf)/sizeof(long)];
      |                                          ^
/mnt/build_wrt/build_dir/hostpkg/go-1.24.13/.go_bootstrap/include/u.h:86:42: note: add parentheses around the second 'sizeof' to silence this warning
In file included from /mnt/build_wrt/build_dir/hostpkg/go-1.24.13/.go_bootstrap/src/lib9/fmt/strtod.c:19:
/mnt/build_wrt/build_dir/hostpkg/go-1.24.13/.go_bootstrap/include/u.h:86:42: warning: expression does not compute the number of elements in this array; element type is 'struct __jmp_buf_tag', not 'long int' [-Wsizeof-array-div]
   86 | typedef long p9jmp_buf[sizeof(sigjmp_buf)/sizeof(long)];
      |                                          ^
/mnt/build_wrt/build_dir/hostpkg/go-1.24.13/.go_bootstrap/include/u.h:86:42: note: add parentheses around the second 'sizeof' to silence this warning
/mnt/build_wrt/build_dir/hostpkg/go-1.24.13/.go_bootstrap/src/lib9/fmt/strtod.c: In function 'fmtstrtod':
/mnt/build_wrt/build_dir/hostpkg/go-1.24.13/.go_bootstrap/src/lib9/fmt/strtod.c:141:27: warning: this statement may fall through [-Wimplicit-fallthrough=]
  141 |                         if(state == S0)
      |                           ^
/mnt/build_wrt/build_dir/hostpkg/go-1.24.13/.go_bootstrap/src/lib9/fmt/strtod.c:145:17: note: here
  145 |                 case '+':
      |                 ^~~~
/mnt/build_wrt/build_dir/hostpkg/go-1.24.13/.go_bootstrap/src/lib9/fmt/strtod.c:182:19: warning: this statement may fall through [-Wimplicit-fallthrough=]
  182 |                 if(xcmp(s, "nan") == 0) {
      |                   ^
/mnt/build_wrt/build_dir/hostpkg/go-1.24.13/.go_bootstrap/src/lib9/fmt/strtod.c:187:9: note: here
  187 |         case S1:
      |         ^~~~
/mnt/build_wrt/build_dir/hostpkg/go-1.24.13/.go_bootstrap/src/lib9/fmt/strtod.c:193:19: warning: this statement may fall through [-Wimplicit-fallthrough=]
  193 |                 if(xcmp(s, "inf") == 0) {
      |                   ^
/mnt/build_wrt/build_dir/hostpkg/go-1.24.13/.go_bootstrap/src/lib9/fmt/strtod.c:198:9: note: here
  198 |         case S3:
      |         ^~~~
/mnt/build_wrt/build_dir/hostpkg/go-1.24.13/.go_bootstrap/src/lib9/fmt/strtod.c:203:18: warning: this statement may fall through [-Wimplicit-fallthrough=]
  203 |                 s--;            /* back over +- */
      |                 ~^~
/mnt/build_wrt/build_dir/hostpkg/go-1.24.13/.go_bootstrap/src/lib9/fmt/strtod.c:204:9: note: here
  204 |         case S5:
      |         ^~~~
In file included from /mnt/build_wrt/build_dir/hostpkg/go-1.24.13/.go_bootstrap/src/lib9/fmt/vfprint.c:19:
/mnt/build_wrt/build_dir/hostpkg/go-1.24.13/.go_bootstrap/include/u.h:86:42: warning: expression does not compute the number of elements in this array; element type is 'struct __jmp_buf_tag', not 'long int' [-Wsizeof-array-div]
   86 | typedef long p9jmp_buf[sizeof(sigjmp_buf)/sizeof(long)];
      |                                          ^
/mnt/build_wrt/build_dir/hostpkg/go-1.24.13/.go_bootstrap/include/u.h:86:42: note: add parentheses around the second 'sizeof' to silence this warning
In file included from /mnt/build_wrt/build_dir/hostpkg/go-1.24.13/.go_bootstrap/src/lib9/fmt/vseprint.c:19:
/mnt/build_wrt/build_dir/hostpkg/go-1.24.13/.go_bootstrap/include/u.h:86:42: warning: expression does not compute the number of elements in this array; element type is 'struct __jmp_buf_tag', not 'long int' [-Wsizeof-array-div]
   86 | typedef long p9jmp_buf[sizeof(sigjmp_buf)/sizeof(long)];
      |                                          ^
/mnt/build_wrt/build_dir/hostpkg/go-1.24.13/.go_bootstrap/include/u.h:86:42: note: add parentheses around the second 'sizeof' to silence this warning
In file included from /mnt/build_wrt/build_dir/hostpkg/go-1.24.13/.go_bootstrap/src/lib9/fmt/vsmprint.c:19:
/mnt/build_wrt/build_dir/hostpkg/go-1.24.13/.go_bootstrap/include/u.h:86:42: warning: expression does not compute the number of elements in this array; element type is 'struct __jmp_buf_tag', not 'long int' [-Wsizeof-array-div]
   86 | typedef long p9jmp_buf[sizeof(sigjmp_buf)/sizeof(long)];
      |                                          ^
/mnt/build_wrt/build_dir/hostpkg/go-1.24.13/.go_bootstrap/include/u.h:86:42: note: add parentheses around the second 'sizeof' to silence this warning
/mnt/build_wrt/build_dir/hostpkg/go-1.24.13/.go_bootstrap/src/lib9/fmt/vsmprint.c: In function 'fmtStrFlush':
/mnt/build_wrt/build_dir/hostpkg/go-1.24.13/.go_bootstrap/src/lib9/fmt/vsmprint.c:39:17: warning: pointer 's' may be used after 'realloc' [-Wuse-after-free]
   39 |                 free(s);
      |                 ^~~~~~~
/mnt/build_wrt/build_dir/hostpkg/go-1.24.13/.go_bootstrap/src/lib9/fmt/vsmprint.c:34:20: note: call to 'realloc' here
   34 |         f->start = realloc(s, (size_t)n);
      |                    ^~~~~~~~~~~~~~~~~~~~~
/mnt/build_wrt/build_dir/hostpkg/go-1.24.13/.go_bootstrap/src/lib9/fmt/vsmprint.c:43:49: warning: pointer 's' may be used after 'realloc' [-Wuse-after-free]
   43 |         f->to = (char*)f->start + ((char*)f->to - s);
      |                                   ~~~~~~~~~~~~~~^~~~
/mnt/build_wrt/build_dir/hostpkg/go-1.24.13/.go_bootstrap/src/lib9/fmt/vsmprint.c:34:20: note: call to 'realloc' here
   34 |         f->start = realloc(s, (size_t)n);
      |                    ^~~~~~~~~~~~~~~~~~~~~
In file included from /mnt/build_wrt/build_dir/hostpkg/go-1.24.13/.go_bootstrap/src/lib9/fmt/vsnprint.c:19:
/mnt/build_wrt/build_dir/hostpkg/go-1.24.13/.go_bootstrap/include/u.h:86:42: warning: expression does not compute the number of elements in this array; element type is 'struct __jmp_buf_tag', not 'long int' [-Wsizeof-array-div]
   86 | typedef long p9jmp_buf[sizeof(sigjmp_buf)/sizeof(long)];
      |                                          ^
/mnt/build_wrt/build_dir/hostpkg/go-1.24.13/.go_bootstrap/include/u.h:86:42: note: add parentheses around the second 'sizeof' to silence this warning
In file included from /mnt/build_wrt/build_dir/hostpkg/go-1.24.13/.go_bootstrap/src/lib9/fmtlock2.c:29:
/mnt/build_wrt/build_dir/hostpkg/go-1.24.13/.go_bootstrap/include/u.h:86:42: warning: expression does not compute the number of elements in this array; element type is 'struct __jmp_buf_tag', not 'long int' [-Wsizeof-array-div]
   86 | typedef long p9jmp_buf[sizeof(sigjmp_buf)/sizeof(long)];
      |                                          ^
/mnt/build_wrt/build_dir/hostpkg/go-1.24.13/.go_bootstrap/include/u.h:86:42: note: add parentheses around the second 'sizeof' to silence this warning
In file included from /mnt/build_wrt/build_dir/hostpkg/go-1.24.13/.go_bootstrap/src/lib9/getenv.c:27:
/mnt/build_wrt/build_dir/hostpkg/go-1.24.13/.go_bootstrap/include/u.h:86:42: warning: expression does not compute the number of elements in this array; element type is 'struct __jmp_buf_tag', not 'long int' [-Wsizeof-array-div]
   86 | typedef long p9jmp_buf[sizeof(sigjmp_buf)/sizeof(long)];
      |                                          ^
/mnt/build_wrt/build_dir/hostpkg/go-1.24.13/.go_bootstrap/include/u.h:86:42: note: add parentheses around the second 'sizeof' to silence this warning
In file included from /mnt/build_wrt/build_dir/hostpkg/go-1.24.13/.go_bootstrap/src/lib9/getfields.c:27:
/mnt/build_wrt/build_dir/hostpkg/go-1.24.13/.go_bootstrap/include/u.h:86:42: warning: expression does not compute the number of elements in this array; element type is 'struct __jmp_buf_tag', not 'long int' [-Wsizeof-array-div]
   86 | typedef long p9jmp_buf[sizeof(sigjmp_buf)/sizeof(long)];
      |                                          ^
/mnt/build_wrt/build_dir/hostpkg/go-1.24.13/.go_bootstrap/include/u.h:86:42: note: add parentheses around the second 'sizeof' to silence this warning
In file included from /mnt/build_wrt/build_dir/hostpkg/go-1.24.13/.go_bootstrap/src/lib9/getwd.c:28:
/mnt/build_wrt/build_dir/hostpkg/go-1.24.13/.go_bootstrap/include/u.h:86:42: warning: expression does not compute the number of elements in this array; element type is 'struct __jmp_buf_tag', not 'long int' [-Wsizeof-array-div]
   86 | typedef long p9jmp_buf[sizeof(sigjmp_buf)/sizeof(long)];
      |                                          ^
/mnt/build_wrt/build_dir/hostpkg/go-1.24.13/.go_bootstrap/include/u.h:86:42: note: add parentheses around the second 'sizeof' to silence this warning
In file included from /mnt/build_wrt/build_dir/hostpkg/go-1.24.13/.go_bootstrap/src/lib9/goos.c:5:
/mnt/build_wrt/build_dir/hostpkg/go-1.24.13/.go_bootstrap/include/u.h:86:42: warning: expression does not compute the number of elements in this array; element type is 'struct __jmp_buf_tag', not 'long int' [-Wsizeof-array-div]
   86 | typedef long p9jmp_buf[sizeof(sigjmp_buf)/sizeof(long)];
      |                                          ^
/mnt/build_wrt/build_dir/hostpkg/go-1.24.13/.go_bootstrap/include/u.h:86:42: note: add parentheses around the second 'sizeof' to silence this warning
In file included from /mnt/build_wrt/build_dir/hostpkg/go-1.24.13/.go_bootstrap/src/lib9/jmp.c:29:
/mnt/build_wrt/build_dir/hostpkg/go-1.24.13/.go_bootstrap/include/u.h:86:42: warning: expression does not compute the number of elements in this array; element type is 'struct __jmp_buf_tag', not 'long int' [-Wsizeof-array-div]
   86 | typedef long p9jmp_buf[sizeof(sigjmp_buf)/sizeof(long)];
      |                                          ^
/mnt/build_wrt/build_dir/hostpkg/go-1.24.13/.go_bootstrap/include/u.h:86:42: note: add parentheses around the second 'sizeof' to silence this warning
In file included from /mnt/build_wrt/build_dir/hostpkg/go-1.24.13/.go_bootstrap/src/lib9/main.c:28:
/mnt/build_wrt/build_dir/hostpkg/go-1.24.13/.go_bootstrap/include/u.h:86:42: warning: expression does not compute the number of elements in this array; element type is 'struct __jmp_buf_tag', not 'long int' [-Wsizeof-array-div]
   86 | typedef long p9jmp_buf[sizeof(sigjmp_buf)/sizeof(long)];
      |                                          ^
/mnt/build_wrt/build_dir/hostpkg/go-1.24.13/.go_bootstrap/include/u.h:86:42: note: add parentheses around the second 'sizeof' to silence this warning
In file included from /mnt/build_wrt/build_dir/hostpkg/go-1.24.13/.go_bootstrap/src/lib9/nan.c:28:
/mnt/build_wrt/build_dir/hostpkg/go-1.24.13/.go_bootstrap/include/u.h:86:42: warning: expression does not compute the number of elements in this array; element type is 'struct __jmp_buf_tag', not 'long int' [-Wsizeof-array-div]
   86 | typedef long p9jmp_buf[sizeof(sigjmp_buf)/sizeof(long)];
      |                                          ^
/mnt/build_wrt/build_dir/hostpkg/go-1.24.13/.go_bootstrap/include/u.h:86:42: note: add parentheses around the second 'sizeof' to silence this warning
In file included from /mnt/build_wrt/build_dir/hostpkg/go-1.24.13/.go_bootstrap/src/lib9/notify.c:50:
/mnt/build_wrt/build_dir/hostpkg/go-1.24.13/.go_bootstrap/include/u.h:86:42: warning: expression does not compute the number of elements in this array; element type is 'struct __jmp_buf_tag', not 'long int' [-Wsizeof-array-div]
   86 | typedef long p9jmp_buf[sizeof(sigjmp_buf)/sizeof(long)];
      |                                          ^
/mnt/build_wrt/build_dir/hostpkg/go-1.24.13/.go_bootstrap/include/u.h:86:42: note: add parentheses around the second 'sizeof' to silence this warning
In file included from /mnt/build_wrt/build_dir/hostpkg/go-1.24.13/.go_bootstrap/src/lib9/nulldir.c:29:
/mnt/build_wrt/build_dir/hostpkg/go-1.24.13/.go_bootstrap/include/u.h:86:42: warning: expression does not compute the number of elements in this array; element type is 'struct __jmp_buf_tag', not 'long int' [-Wsizeof-array-div]
   86 | typedef long p9jmp_buf[sizeof(sigjmp_buf)/sizeof(long)];
      |                                          ^
/mnt/build_wrt/build_dir/hostpkg/go-1.24.13/.go_bootstrap/include/u.h:86:42: note: add parentheses around the second 'sizeof' to silence this warning
In file included from /mnt/build_wrt/build_dir/hostpkg/go-1.24.13/.go_bootstrap/src/lib9/open.c:29:
/mnt/build_wrt/build_dir/hostpkg/go-1.24.13/.go_bootstrap/include/u.h:86:42: warning: expression does not compute the number of elements in this array; element type is 'struct __jmp_buf_tag', not 'long int' [-Wsizeof-array-div]
   86 | typedef long p9jmp_buf[sizeof(sigjmp_buf)/sizeof(long)];
      |                                          ^
/mnt/build_wrt/build_dir/hostpkg/go-1.24.13/.go_bootstrap/include/u.h:86:42: note: add parentheses around the second 'sizeof' to silence this warning
In file included from /mnt/build_wrt/build_dir/hostpkg/go-1.24.13/.go_bootstrap/src/lib9/readn.c:29:
/mnt/build_wrt/build_dir/hostpkg/go-1.24.13/.go_bootstrap/include/u.h:86:42: warning: expression does not compute the number of elements in this array; element type is 'struct __jmp_buf_tag', not 'long int' [-Wsizeof-array-div]
   86 | typedef long p9jmp_buf[sizeof(sigjmp_buf)/sizeof(long)];
      |                                          ^
/mnt/build_wrt/build_dir/hostpkg/go-1.24.13/.go_bootstrap/include/u.h:86:42: note: add parentheses around the second 'sizeof' to silence this warning
In file included from /mnt/build_wrt/build_dir/hostpkg/go-1.24.13/.go_bootstrap/src/lib9/rfork.c:29:
/mnt/build_wrt/build_dir/hostpkg/go-1.24.13/.go_bootstrap/include/u.h:86:42: warning: expression does not compute the number of elements in this array; element type is 'struct __jmp_buf_tag', not 'long int' [-Wsizeof-array-div]
   86 | typedef long p9jmp_buf[sizeof(sigjmp_buf)/sizeof(long)];
      |                                          ^
/mnt/build_wrt/build_dir/hostpkg/go-1.24.13/.go_bootstrap/include/u.h:86:42: note: add parentheses around the second 'sizeof' to silence this warning
In file included from /mnt/build_wrt/build_dir/hostpkg/go-1.24.13/.go_bootstrap/src/lib9/run_unix.c:7:
/mnt/build_wrt/build_dir/hostpkg/go-1.24.13/.go_bootstrap/include/u.h:86:42: warning: expression does not compute the number of elements in this array; element type is 'struct __jmp_buf_tag', not 'long int' [-Wsizeof-array-div]
   86 | typedef long p9jmp_buf[sizeof(sigjmp_buf)/sizeof(long)];
      |                                          ^
/mnt/build_wrt/build_dir/hostpkg/go-1.24.13/.go_bootstrap/include/u.h:86:42: note: add parentheses around the second 'sizeof' to silence this warning
In file included from /mnt/build_wrt/build_dir/hostpkg/go-1.24.13/.go_bootstrap/src/lib9/seek.c:28:
/mnt/build_wrt/build_dir/hostpkg/go-1.24.13/.go_bootstrap/include/u.h:86:42: warning: expression does not compute the number of elements in this array; element type is 'struct __jmp_buf_tag', not 'long int' [-Wsizeof-array-div]
   86 | typedef long p9jmp_buf[sizeof(sigjmp_buf)/sizeof(long)];
      |                                          ^
/mnt/build_wrt/build_dir/hostpkg/go-1.24.13/.go_bootstrap/include/u.h:86:42: note: add parentheses around the second 'sizeof' to silence this warning
In file included from /mnt/build_wrt/build_dir/hostpkg/go-1.24.13/.go_bootstrap/src/lib9/strecpy.c:29:
/mnt/build_wrt/build_dir/hostpkg/go-1.24.13/.go_bootstrap/include/u.h:86:42: warning: expression does not compute the number of elements in this array; element type is 'struct __jmp_buf_tag', not 'long int' [-Wsizeof-array-div]
   86 | typedef long p9jmp_buf[sizeof(sigjmp_buf)/sizeof(long)];
      |                                          ^
/mnt/build_wrt/build_dir/hostpkg/go-1.24.13/.go_bootstrap/include/u.h:86:42: note: add parentheses around the second 'sizeof' to silence this warning
In file included from /mnt/build_wrt/build_dir/hostpkg/go-1.24.13/.go_bootstrap/src/lib9/sysfatal.c:28:
/mnt/build_wrt/build_dir/hostpkg/go-1.24.13/.go_bootstrap/include/u.h:86:42: warning: expression does not compute the number of elements in this array; element type is 'struct __jmp_buf_tag', not 'long int' [-Wsizeof-array-div]
   86 | typedef long p9jmp_buf[sizeof(sigjmp_buf)/sizeof(long)];
      |                                          ^
/mnt/build_wrt/build_dir/hostpkg/go-1.24.13/.go_bootstrap/include/u.h:86:42: note: add parentheses around the second 'sizeof' to silence this warning
In file included from /mnt/build_wrt/build_dir/hostpkg/go-1.24.13/.go_bootstrap/src/lib9/tempdir_unix.c:7:
/mnt/build_wrt/build_dir/hostpkg/go-1.24.13/.go_bootstrap/include/u.h:86:42: warning: expression does not compute the number of elements in this array; element type is 'struct __jmp_buf_tag', not 'long int' [-Wsizeof-array-div]
   86 | typedef long p9jmp_buf[sizeof(sigjmp_buf)/sizeof(long)];
      |                                          ^
/mnt/build_wrt/build_dir/hostpkg/go-1.24.13/.go_bootstrap/include/u.h:86:42: note: add parentheses around the second 'sizeof' to silence this warning
In file included from /mnt/build_wrt/build_dir/hostpkg/go-1.24.13/.go_bootstrap/src/lib9/time.c:27:
/mnt/build_wrt/build_dir/hostpkg/go-1.24.13/.go_bootstrap/include/u.h:86:42: warning: expression does not compute the number of elements in this array; element type is 'struct __jmp_buf_tag', not 'long int' [-Wsizeof-array-div]
   86 | typedef long p9jmp_buf[sizeof(sigjmp_buf)/sizeof(long)];
      |                                          ^
/mnt/build_wrt/build_dir/hostpkg/go-1.24.13/.go_bootstrap/include/u.h:86:42: note: add parentheses around the second 'sizeof' to silence this warning
In file included from /mnt/build_wrt/build_dir/hostpkg/go-1.24.13/.go_bootstrap/src/lib9/tokenize.c:29:
/mnt/build_wrt/build_dir/hostpkg/go-1.24.13/.go_bootstrap/include/u.h:86:42: warning: expression does not compute the number of elements in this array; element type is 'struct __jmp_buf_tag', not 'long int' [-Wsizeof-array-div]
   86 | typedef long p9jmp_buf[sizeof(sigjmp_buf)/sizeof(long)];
      |                                          ^
/mnt/build_wrt/build_dir/hostpkg/go-1.24.13/.go_bootstrap/include/u.h:86:42: note: add parentheses around the second 'sizeof' to silence this warning
In file included from /mnt/build_wrt/build_dir/hostpkg/go-1.24.13/.go_bootstrap/src/lib9/utf/utfecpy.c:14:
/mnt/build_wrt/build_dir/hostpkg/go-1.24.13/.go_bootstrap/include/u.h:86:42: warning: expression does not compute the number of elements in this array; element type is 'struct __jmp_buf_tag', not 'long int' [-Wsizeof-array-div]
   86 | typedef long p9jmp_buf[sizeof(sigjmp_buf)/sizeof(long)];
      |                                          ^
/mnt/build_wrt/build_dir/hostpkg/go-1.24.13/.go_bootstrap/include/u.h:86:42: note: add parentheses around the second 'sizeof' to silence this warning
In file included from /mnt/build_wrt/build_dir/hostpkg/go-1.24.13/.go_bootstrap/src/lib9/utf/utfutf.c:14:
/mnt/build_wrt/build_dir/hostpkg/go-1.24.13/.go_bootstrap/include/u.h:86:42: warning: expression does not compute the number of elements in this array; element type is 'struct __jmp_buf_tag', not 'long int' [-Wsizeof-array-div]
   86 | typedef long p9jmp_buf[sizeof(sigjmp_buf)/sizeof(long)];
      |                                          ^
/mnt/build_wrt/build_dir/hostpkg/go-1.24.13/.go_bootstrap/include/u.h:86:42: note: add parentheses around the second 'sizeof' to silence this warning
In file included from /mnt/build_wrt/build_dir/hostpkg/go-1.24.13/.go_bootstrap/src/lib9/utf/utfrrune.c:14:
/mnt/build_wrt/build_dir/hostpkg/go-1.24.13/.go_bootstrap/include/u.h:86:42: warning: expression does not compute the number of elements in this array; element type is 'struct __jmp_buf_tag', not 'long int' [-Wsizeof-array-div]
   86 | typedef long p9jmp_buf[sizeof(sigjmp_buf)/sizeof(long)];
      |                                          ^
/mnt/build_wrt/build_dir/hostpkg/go-1.24.13/.go_bootstrap/include/u.h:86:42: note: add parentheses around the second 'sizeof' to silence this warning
In file included from /mnt/build_wrt/build_dir/hostpkg/go-1.24.13/.go_bootstrap/src/lib9/utf/utfrune.c:14:
/mnt/build_wrt/build_dir/hostpkg/go-1.24.13/.go_bootstrap/include/u.h:86:42: warning: expression does not compute the number of elements in this array; element type is 'struct __jmp_buf_tag', not 'long int' [-Wsizeof-array-div]
   86 | typedef long p9jmp_buf[sizeof(sigjmp_buf)/sizeof(long)];
      |                                          ^
/mnt/build_wrt/build_dir/hostpkg/go-1.24.13/.go_bootstrap/include/u.h:86:42: note: add parentheses around the second 'sizeof' to silence this warning
libbio
In file included from /mnt/build_wrt/build_dir/hostpkg/go-1.24.13/.go_bootstrap/src/libbio/bbuffered.c:26:
/mnt/build_wrt/build_dir/hostpkg/go-1.24.13/.go_bootstrap/include/u.h:86:42: warning: expression does not compute the number of elements in this array; element type is 'struct __jmp_buf_tag', not 'long int' [-Wsizeof-array-div]
   86 | typedef long p9jmp_buf[sizeof(sigjmp_buf)/sizeof(long)];
      |                                          ^
In file included from /mnt/build_wrt/build_dir/hostpkg/go-1.24.13/.go_bootstrap/src/libbio/bfildes.c:26:
/mnt/build_wrt/build_dir/hostpkg/go-1.24.13/.go_bootstrap/include/u.h:86:42: warning: expression does not compute the number of elements in this array; element type is 'struct __jmp_buf_tag', not 'long int' [-Wsizeof-array-div]
   86 | typedef long p9jmp_buf[sizeof(sigjmp_buf)/sizeof(long)];
      |                                          ^
In file included from /mnt/build_wrt/build_dir/hostpkg/go-1.24.13/.go_bootstrap/src/libbio/bflush.c:26:
/mnt/build_wrt/build_dir/hostpkg/go-1.24.13/.go_bootstrap/include/u.h:86:42: warning: expression does not compute the number of elements in this array; element type is 'struct __jmp_buf_tag', not 'long int' [-Wsizeof-array-div]
   86 | typedef long p9jmp_buf[sizeof(sigjmp_buf)/sizeof(long)];
      |                                          ^
In file included from /mnt/build_wrt/build_dir/hostpkg/go-1.24.13/.go_bootstrap/src/libbio/bgetc.c:26:
/mnt/build_wrt/build_dir/hostpkg/go-1.24.13/.go_bootstrap/include/u.h:86:42: warning: expression does not compute the number of elements in this array; element type is 'struct __jmp_buf_tag', not 'long int' [-Wsizeof-array-div]
   86 | typedef long p9jmp_buf[sizeof(sigjmp_buf)/sizeof(long)];
      |                                          ^
/mnt/build_wrt/build_dir/hostpkg/go-1.24.13/.go_bootstrap/include/u.h:86:42: note: add parentheses around the second 'sizeof' to silence this warning
/mnt/build_wrt/build_dir/hostpkg/go-1.24.13/.go_bootstrap/include/u.h:86:42: note: add parentheses around the second 'sizeof' to silence this warning
/mnt/build_wrt/build_dir/hostpkg/go-1.24.13/.go_bootstrap/include/u.h:86:42: note: add parentheses around the second 'sizeof' to silence this warning
/mnt/build_wrt/build_dir/hostpkg/go-1.24.13/.go_bootstrap/include/u.h:86:42: note: add parentheses around the second 'sizeof' to silence this warning
/mnt/build_wrt/build_dir/hostpkg/go-1.24.13/.go_bootstrap/src/libbio/bflush.c: In function 'Bflush':
/mnt/build_wrt/build_dir/hostpkg/go-1.24.13/.go_bootstrap/src/libbio/bflush.c:51:27: warning: this statement may fall through [-Wimplicit-fallthrough=]
   51 |                 bp->state = Bractive;
      |                 ~~~~~~~~~~^~~~~~~~~~
/mnt/build_wrt/build_dir/hostpkg/go-1.24.13/.go_bootstrap/src/libbio/bflush.c:53:9: note: here
   53 |         case Bractive:
      |         ^~~~
In file included from /mnt/build_wrt/build_dir/hostpkg/go-1.24.13/.go_bootstrap/src/libbio/bgetd.c:26:
/mnt/build_wrt/build_dir/hostpkg/go-1.24.13/.go_bootstrap/include/u.h:86:42: warning: expression does not compute the number of elements in this array; element type is 'struct __jmp_buf_tag', not 'long int' [-Wsizeof-array-div]
   86 | typedef long p9jmp_buf[sizeof(sigjmp_buf)/sizeof(long)];
      |                                          ^
/mnt/build_wrt/build_dir/hostpkg/go-1.24.13/.go_bootstrap/include/u.h:86:42: note: add parentheses around the second 'sizeof' to silence this warning
In file included from /mnt/build_wrt/build_dir/hostpkg/go-1.24.13/.go_bootstrap/src/libbio/binit.c:26:
/mnt/build_wrt/build_dir/hostpkg/go-1.24.13/.go_bootstrap/include/u.h:86:42: warning: expression does not compute the number of elements in this array; element type is 'struct __jmp_buf_tag', not 'long int' [-Wsizeof-array-div]
   86 | typedef long p9jmp_buf[sizeof(sigjmp_buf)/sizeof(long)];
      |                                          ^
In file included from /mnt/build_wrt/build_dir/hostpkg/go-1.24.13/.go_bootstrap/src/libbio/bgetrune.c:26:
/mnt/build_wrt/build_dir/hostpkg/go-1.24.13/.go_bootstrap/include/u.h:86:42: warning: expression does not compute the number of elements in this array; element type is 'struct __jmp_buf_tag', not 'long int' [-Wsizeof-array-div]
   86 | typedef long p9jmp_buf[sizeof(sigjmp_buf)/sizeof(long)];
      |                                          ^
/mnt/build_wrt/build_dir/hostpkg/go-1.24.13/.go_bootstrap/include/u.h:86:42: note: add parentheses around the second 'sizeof' to silence this warning
/mnt/build_wrt/build_dir/hostpkg/go-1.24.13/.go_bootstrap/include/u.h:86:42: note: add parentheses around the second 'sizeof' to silence this warning
In file included from /mnt/build_wrt/build_dir/hostpkg/go-1.24.13/.go_bootstrap/src/libbio/boffset.c:26:
/mnt/build_wrt/build_dir/hostpkg/go-1.24.13/.go_bootstrap/include/u.h:86:42: warning: expression does not compute the number of elements in this array; element type is 'struct __jmp_buf_tag', not 'long int' [-Wsizeof-array-div]
   86 | typedef long p9jmp_buf[sizeof(sigjmp_buf)/sizeof(long)];
      |                                          ^
/mnt/build_wrt/build_dir/hostpkg/go-1.24.13/.go_bootstrap/include/u.h:86:42: note: add parentheses around the second 'sizeof' to silence this warning
In file included from /mnt/build_wrt/build_dir/hostpkg/go-1.24.13/.go_bootstrap/src/libbio/bprint.c:27:
/mnt/build_wrt/build_dir/hostpkg/go-1.24.13/.go_bootstrap/include/u.h:86:42: warning: expression does not compute the number of elements in this array; element type is 'struct __jmp_buf_tag', not 'long int' [-Wsizeof-array-div]
   86 | typedef long p9jmp_buf[sizeof(sigjmp_buf)/sizeof(long)];
      |                                          ^
/mnt/build_wrt/build_dir/hostpkg/go-1.24.13/.go_bootstrap/include/u.h:86:42: note: add parentheses around the second 'sizeof' to silence this warning
In file included from /mnt/build_wrt/build_dir/hostpkg/go-1.24.13/.go_bootstrap/src/libbio/bputc.c:26:
/mnt/build_wrt/build_dir/hostpkg/go-1.24.13/.go_bootstrap/include/u.h:86:42: warning: expression does not compute the number of elements in this array; element type is 'struct __jmp_buf_tag', not 'long int' [-Wsizeof-array-div]
   86 | typedef long p9jmp_buf[sizeof(sigjmp_buf)/sizeof(long)];
      |                                          ^
/mnt/build_wrt/build_dir/hostpkg/go-1.24.13/.go_bootstrap/include/u.h:86:42: note: add parentheses around the second 'sizeof' to silence this warning
In file included from /mnt/build_wrt/build_dir/hostpkg/go-1.24.13/.go_bootstrap/src/libbio/bputrune.c:26:
/mnt/build_wrt/build_dir/hostpkg/go-1.24.13/.go_bootstrap/include/u.h:86:42: warning: expression does not compute the number of elements in this array; element type is 'struct __jmp_buf_tag', not 'long int' [-Wsizeof-array-div]
   86 | typedef long p9jmp_buf[sizeof(sigjmp_buf)/sizeof(long)];
      |                                          ^
/mnt/build_wrt/build_dir/hostpkg/go-1.24.13/.go_bootstrap/include/u.h:86:42: note: add parentheses around the second 'sizeof' to silence this warning
In file included from /mnt/build_wrt/build_dir/hostpkg/go-1.24.13/.go_bootstrap/src/libbio/brdline.c:26:
/mnt/build_wrt/build_dir/hostpkg/go-1.24.13/.go_bootstrap/include/u.h:86:42: warning: expression does not compute the number of elements in this array; element type is 'struct __jmp_buf_tag', not 'long int' [-Wsizeof-array-div]
   86 | typedef long p9jmp_buf[sizeof(sigjmp_buf)/sizeof(long)];
      |                                          ^
/mnt/build_wrt/build_dir/hostpkg/go-1.24.13/.go_bootstrap/include/u.h:86:42: note: add parentheses around the second 'sizeof' to silence this warning
In file included from /mnt/build_wrt/build_dir/hostpkg/go-1.24.13/.go_bootstrap/src/libbio/brdstr.c:23:
/mnt/build_wrt/build_dir/hostpkg/go-1.24.13/.go_bootstrap/include/u.h:86:42: warning: expression does not compute the number of elements in this array; element type is 'struct __jmp_buf_tag', not 'long int' [-Wsizeof-array-div]
   86 | typedef long p9jmp_buf[sizeof(sigjmp_buf)/sizeof(long)];
      |                                          ^
/mnt/build_wrt/build_dir/hostpkg/go-1.24.13/.go_bootstrap/include/u.h:86:42: note: add parentheses around the second 'sizeof' to silence this warning
In file included from /mnt/build_wrt/build_dir/hostpkg/go-1.24.13/.go_bootstrap/src/libbio/bread.c:26:
/mnt/build_wrt/build_dir/hostpkg/go-1.24.13/.go_bootstrap/include/u.h:86:42: warning: expression does not compute the number of elements in this array; element type is 'struct __jmp_buf_tag', not 'long int' [-Wsizeof-array-div]
   86 | typedef long p9jmp_buf[sizeof(sigjmp_buf)/sizeof(long)];
      |                                          ^
/mnt/build_wrt/build_dir/hostpkg/go-1.24.13/.go_bootstrap/include/u.h:86:42: note: add parentheses around the second 'sizeof' to silence this warning
In file included from /mnt/build_wrt/build_dir/hostpkg/go-1.24.13/.go_bootstrap/src/libbio/bseek.c:26:
/mnt/build_wrt/build_dir/hostpkg/go-1.24.13/.go_bootstrap/include/u.h:86:42: warning: expression does not compute the number of elements in this array; element type is 'struct __jmp_buf_tag', not 'long int' [-Wsizeof-array-div]
   86 | typedef long p9jmp_buf[sizeof(sigjmp_buf)/sizeof(long)];
      |                                          ^
/mnt/build_wrt/build_dir/hostpkg/go-1.24.13/.go_bootstrap/include/u.h:86:42: note: add parentheses around the second 'sizeof' to silence this warning
/mnt/build_wrt/build_dir/hostpkg/go-1.24.13/.go_bootstrap/src/libbio/bseek.c: In function 'Bseek':
/mnt/build_wrt/build_dir/hostpkg/go-1.24.13/.go_bootstrap/src/libbio/bseek.c:51:26: warning: this statement may fall through [-Wimplicit-fallthrough=]
   51 |                 bp->gbuf = bp->ebuf;
      |                 ~~~~~~~~~^~~~~~~~~~
/mnt/build_wrt/build_dir/hostpkg/go-1.24.13/.go_bootstrap/src/libbio/bseek.c:53:9: note: here
   53 |         case Bractive:
      |         ^~~~
In file included from /mnt/build_wrt/build_dir/hostpkg/go-1.24.13/.go_bootstrap/src/libbio/bwrite.c:26:
/mnt/build_wrt/build_dir/hostpkg/go-1.24.13/.go_bootstrap/include/u.h:86:42: warning: expression does not compute the number of elements in this array; element type is 'struct __jmp_buf_tag', not 'long int' [-Wsizeof-array-div]
   86 | typedef long p9jmp_buf[sizeof(sigjmp_buf)/sizeof(long)];
      |                                          ^
/mnt/build_wrt/build_dir/hostpkg/go-1.24.13/.go_bootstrap/include/u.h:86:42: note: add parentheses around the second 'sizeof' to silence this warning
liblink
In file included from /mnt/build_wrt/build_dir/hostpkg/go-1.24.13/.go_bootstrap/src/liblink/anames5.c:1:
/mnt/build_wrt/build_dir/hostpkg/go-1.24.13/.go_bootstrap/include/u.h:86:42: warning: expression does not compute the number of elements in this array; element type is 'struct __jmp_buf_tag', not 'long int' [-Wsizeof-array-div]
   86 | typedef long p9jmp_buf[sizeof(sigjmp_buf)/sizeof(long)];
      |                                          ^
In file included from /mnt/build_wrt/build_dir/hostpkg/go-1.24.13/.go_bootstrap/src/liblink/anames8.c:1:
/mnt/build_wrt/build_dir/hostpkg/go-1.24.13/.go_bootstrap/include/u.h:86:42: warning: expression does not compute the number of elements in this array; element type is 'struct __jmp_buf_tag', not 'long int' [-Wsizeof-array-div]
   86 | typedef long p9jmp_buf[sizeof(sigjmp_buf)/sizeof(long)];
      |                                          ^
In file included from /mnt/build_wrt/build_dir/hostpkg/go-1.24.13/.go_bootstrap/src/liblink/asm5.c:33:
/mnt/build_wrt/build_dir/hostpkg/go-1.24.13/.go_bootstrap/include/u.h:86:42: warning: expression does not compute the number of elements in this array; element type is 'struct __jmp_buf_tag', not 'long int' [-Wsizeof-array-div]
   86 | typedef long p9jmp_buf[sizeof(sigjmp_buf)/sizeof(long)];
      |                                          ^
In file included from /mnt/build_wrt/build_dir/hostpkg/go-1.24.13/.go_bootstrap/src/liblink/anames6.c:1:
/mnt/build_wrt/build_dir/hostpkg/go-1.24.13/.go_bootstrap/include/u.h:86:42: warning: expression does not compute the number of elements in this array; element type is 'struct __jmp_buf_tag', not 'long int' [-Wsizeof-array-div]
   86 | typedef long p9jmp_buf[sizeof(sigjmp_buf)/sizeof(long)];
      |                                          ^
/mnt/build_wrt/build_dir/hostpkg/go-1.24.13/.go_bootstrap/include/u.h:86:42: note: add parentheses around the second 'sizeof' to silence this warning
/mnt/build_wrt/build_dir/hostpkg/go-1.24.13/.go_bootstrap/include/u.h:86:42: note: add parentheses around the second 'sizeof' to silence this warning
/mnt/build_wrt/build_dir/hostpkg/go-1.24.13/.go_bootstrap/include/u.h:86:42: note: add parentheses around the second 'sizeof' to silence this warning
/mnt/build_wrt/build_dir/hostpkg/go-1.24.13/.go_bootstrap/include/u.h:86:42: note: add parentheses around the second 'sizeof' to silence this warning
/mnt/build_wrt/build_dir/hostpkg/go-1.24.13/.go_bootstrap/src/liblink/asm5.c: In function 'buildop':
/mnt/build_wrt/build_dir/hostpkg/go-1.24.13/.go_bootstrap/src/liblink/asm5.c:1352:25: warning: this statement may fall through [-Wimplicit-fallthrough=]
 1352 |                         sysfatal("bad code");
      |                         ^~~~~~~~~~~~~~~~~~~~
/mnt/build_wrt/build_dir/hostpkg/go-1.24.13/.go_bootstrap/src/liblink/asm5.c:1353:17: note: here
 1353 |                 case AADD:
      |                 ^~~~
/mnt/build_wrt/build_dir/hostpkg/go-1.24.13/.go_bootstrap/src/liblink/asm5.c: In function 'ofsr':
/mnt/build_wrt/build_dir/hostpkg/go-1.24.13/.go_bootstrap/src/liblink/asm5.c:2617:17: warning: this statement may fall through [-Wimplicit-fallthrough=]
 2617 |                 ctxt->diag("bad fst %A", a);
      |                 ^~~~~~~~~~~~~~~~~~~~~~~~~~~
/mnt/build_wrt/build_dir/hostpkg/go-1.24.13/.go_bootstrap/src/liblink/asm5.c:2618:9: note: here
 2618 |         case AMOVD:
      |         ^~~~
In file included from /mnt/build_wrt/build_dir/hostpkg/go-1.24.13/.go_bootstrap/src/liblink/asm8.c:33:
/mnt/build_wrt/build_dir/hostpkg/go-1.24.13/.go_bootstrap/include/u.h:86:42: warning: expression does not compute the number of elements in this array; element type is 'struct __jmp_buf_tag', not 'long int' [-Wsizeof-array-div]
   86 | typedef long p9jmp_buf[sizeof(sigjmp_buf)/sizeof(long)];
      |                                          ^
/mnt/build_wrt/build_dir/hostpkg/go-1.24.13/.go_bootstrap/include/u.h:86:42: note: add parentheses around the second 'sizeof' to silence this warning
In file included from /mnt/build_wrt/build_dir/hostpkg/go-1.24.13/.go_bootstrap/src/liblink/data.c:32:
/mnt/build_wrt/build_dir/hostpkg/go-1.24.13/.go_bootstrap/include/u.h:86:42: warning: expression does not compute the number of elements in this array; element type is 'struct __jmp_buf_tag', not 'long int' [-Wsizeof-array-div]
   86 | typedef long p9jmp_buf[sizeof(sigjmp_buf)/sizeof(long)];
      |                                          ^
/mnt/build_wrt/build_dir/hostpkg/go-1.24.13/.go_bootstrap/include/u.h:86:42: note: add parentheses around the second 'sizeof' to silence this warning
In file included from /mnt/build_wrt/build_dir/hostpkg/go-1.24.13/.go_bootstrap/src/liblink/asm6.c:33:
/mnt/build_wrt/build_dir/hostpkg/go-1.24.13/.go_bootstrap/include/u.h:86:42: warning: expression does not compute the number of elements in this array; element type is 'struct __jmp_buf_tag', not 'long int' [-Wsizeof-array-div]
   86 | typedef long p9jmp_buf[sizeof(sigjmp_buf)/sizeof(long)];
      |                                          ^
/mnt/build_wrt/build_dir/hostpkg/go-1.24.13/.go_bootstrap/include/u.h:86:42: note: add parentheses around the second 'sizeof' to silence this warning
/mnt/build_wrt/build_dir/hostpkg/go-1.24.13/.go_bootstrap/src/liblink/asm8.c: In function 'doasm':
/mnt/build_wrt/build_dir/hostpkg/go-1.24.13/.go_bootstrap/src/liblink/asm8.c:2694:25: warning: this statement may fall through [-Wimplicit-fallthrough=]
 2694 |                         sysfatal("unknown TLS base location for %s", headstr(ctxt->headtype));
      |                         ^~~~~~~~~~~~~~~~~~~~~~~~~~~~~~~~~~~~~~~~~~~~~~~~~~~~~~~~~~~~~~~~~~~~~
/mnt/build_wrt/build_dir/hostpkg/go-1.24.13/.go_bootstrap/src/liblink/asm8.c:2696:17: note: here
 2696 |                 case Hlinux:
      |                 ^~~~
/mnt/build_wrt/build_dir/hostpkg/go-1.24.13/.go_bootstrap/src/liblink/asm8.c: In function 'prefixof':
/mnt/build_wrt/build_dir/hostpkg/go-1.24.13/.go_bootstrap/src/liblink/asm8.c:1466:25: warning: this statement may fall through [-Wimplicit-fallthrough=]
 1466 |                         sysfatal("unknown TLS base register for %s", headstr(ctxt->headtype));
      |                         ^~~~~~~~~~~~~~~~~~~~~~~~~~~~~~~~~~~~~~~~~~~~~~~~~~~~~~~~~~~~~~~~~~~~~
/mnt/build_wrt/build_dir/hostpkg/go-1.24.13/.go_bootstrap/src/liblink/asm8.c:1467:17: note: here
 1467 |                 case Hdarwin:
      |                 ^~~~
/mnt/build_wrt/build_dir/hostpkg/go-1.24.13/.go_bootstrap/src/liblink/asm8.c: In function 'mediaop':
/mnt/build_wrt/build_dir/hostpkg/go-1.24.13/.go_bootstrap/src/liblink/asm8.c:2131:19: warning: this statement may fall through [-Wimplicit-fallthrough=]
 2131 |                 if(osize != 1){
      |                   ^
/mnt/build_wrt/build_dir/hostpkg/go-1.24.13/.go_bootstrap/src/liblink/asm8.c:2138:9: note: here
 2138 |         default:
      |         ^~~~~~~
/mnt/build_wrt/build_dir/hostpkg/go-1.24.13/.go_bootstrap/src/liblink/asm6.c: In function 'doasm':
/mnt/build_wrt/build_dir/hostpkg/go-1.24.13/.go_bootstrap/src/liblink/asm6.c:3378:25: warning: this statement may fall through [-Wimplicit-fallthrough=]
 3378 |                         sysfatal("unknown TLS base location for %s", headstr(ctxt->headtype));
      |                         ^~~~~~~~~~~~~~~~~~~~~~~~~~~~~~~~~~~~~~~~~~~~~~~~~~~~~~~~~~~~~~~~~~~~~
/mnt/build_wrt/build_dir/hostpkg/go-1.24.13/.go_bootstrap/src/liblink/asm6.c:3380:17: note: here
 3380 |                 case Hplan9:
      |                 ^~~~
/mnt/build_wrt/build_dir/hostpkg/go-1.24.13/.go_bootstrap/src/liblink/asm6.c: In function 'prefixof':
/mnt/build_wrt/build_dir/hostpkg/go-1.24.13/.go_bootstrap/src/liblink/asm6.c:1909:25: warning: this statement may fall through [-Wimplicit-fallthrough=]
 1909 |                         sysfatal("unknown TLS base register for %s", headstr(ctxt->headtype));
      |                         ^~~~~~~~~~~~~~~~~~~~~~~~~~~~~~~~~~~~~~~~~~~~~~~~~~~~~~~~~~~~~~~~~~~~~
/mnt/build_wrt/build_dir/hostpkg/go-1.24.13/.go_bootstrap/src/liblink/asm6.c:1910:17: note: here
 1910 |                 case Hdragonfly:
      |                 ^~~~
/mnt/build_wrt/build_dir/hostpkg/go-1.24.13/.go_bootstrap/src/liblink/asm6.c: In function 'oclass':
/mnt/build_wrt/build_dir/hostpkg/go-1.24.13/.go_bootstrap/src/liblink/asm6.c:1983:19: warning: this statement may fall through [-Wimplicit-fallthrough=]
 1983 |                 if(ctxt->asmode != 64)
      |                   ^
/mnt/build_wrt/build_dir/hostpkg/go-1.24.13/.go_bootstrap/src/liblink/asm6.c:1985:9: note: here
 1985 |         case D_DL:
      |         ^~~~
/mnt/build_wrt/build_dir/hostpkg/go-1.24.13/.go_bootstrap/src/liblink/asm6.c:2011:19: warning: this statement may fall through [-Wimplicit-fallthrough=]
 2011 |                 if(ctxt->asmode != 64)
      |                   ^
/mnt/build_wrt/build_dir/hostpkg/go-1.24.13/.go_bootstrap/src/liblink/asm6.c:2013:9: note: here
 2013 |         case D_SP:
      |         ^~~~
/mnt/build_wrt/build_dir/hostpkg/go-1.24.13/.go_bootstrap/src/liblink/asm6.c: In function 'mediaop':
/mnt/build_wrt/build_dir/hostpkg/go-1.24.13/.go_bootstrap/src/liblink/asm6.c:2695:19: warning: this statement may fall through [-Wimplicit-fallthrough=]
 2695 |                 if(osize != 1){
      |                   ^
/mnt/build_wrt/build_dir/hostpkg/go-1.24.13/.go_bootstrap/src/liblink/asm6.c:2702:9: note: here
 2702 |         default:
      |         ^~~~~~~
/mnt/build_wrt/build_dir/hostpkg/go-1.24.13/.go_bootstrap/src/liblink/asm6.c: In function 'asmidx':
/mnt/build_wrt/build_dir/hostpkg/go-1.24.13/.go_bootstrap/src/liblink/asm6.c:2156:19: warning: this statement may fall through [-Wimplicit-fallthrough=]
 2156 |                 if(ctxt->asmode != 64)
      |                   ^
/mnt/build_wrt/build_dir/hostpkg/go-1.24.13/.go_bootstrap/src/liblink/asm6.c:2158:9: note: here
 2158 |         case D_AX:
      |         ^~~~
/mnt/build_wrt/build_dir/hostpkg/go-1.24.13/.go_bootstrap/src/liblink/asm6.c:2198:19: warning: this statement may fall through [-Wimplicit-fallthrough=]
 2198 |                 if(ctxt->asmode != 64)
      |                   ^
/mnt/build_wrt/build_dir/hostpkg/go-1.24.13/.go_bootstrap/src/liblink/asm6.c:2200:9: note: here
 2200 |         case D_AX:
      |         ^~~~
In file included from /mnt/build_wrt/build_dir/hostpkg/go-1.24.13/.go_bootstrap/src/liblink/go.c:7:
/mnt/build_wrt/build_dir/hostpkg/go-1.24.13/.go_bootstrap/include/u.h:86:42: warning: expression does not compute the number of elements in this array; element type is 'struct __jmp_buf_tag', not 'long int' [-Wsizeof-array-div]
   86 | typedef long p9jmp_buf[sizeof(sigjmp_buf)/sizeof(long)];
      |                                          ^
/mnt/build_wrt/build_dir/hostpkg/go-1.24.13/.go_bootstrap/include/u.h:86:42: note: add parentheses around the second 'sizeof' to silence this warning
In file included from /mnt/build_wrt/build_dir/hostpkg/go-1.24.13/.go_bootstrap/src/liblink/ld.c:32:
/mnt/build_wrt/build_dir/hostpkg/go-1.24.13/.go_bootstrap/include/u.h:86:42: warning: expression does not compute the number of elements in this array; element type is 'struct __jmp_buf_tag', not 'long int' [-Wsizeof-array-div]
   86 | typedef long p9jmp_buf[sizeof(sigjmp_buf)/sizeof(long)];
      |                                          ^
/mnt/build_wrt/build_dir/hostpkg/go-1.24.13/.go_bootstrap/include/u.h:86:42: note: add parentheses around the second 'sizeof' to silence this warning
In file included from /mnt/build_wrt/build_dir/hostpkg/go-1.24.13/.go_bootstrap/src/liblink/list5.c:31:
/mnt/build_wrt/build_dir/hostpkg/go-1.24.13/.go_bootstrap/include/u.h:86:42: warning: expression does not compute the number of elements in this array; element type is 'struct __jmp_buf_tag', not 'long int' [-Wsizeof-array-div]
   86 | typedef long p9jmp_buf[sizeof(sigjmp_buf)/sizeof(long)];
      |                                          ^
/mnt/build_wrt/build_dir/hostpkg/go-1.24.13/.go_bootstrap/include/u.h:86:42: note: add parentheses around the second 'sizeof' to silence this warning
In file included from /mnt/build_wrt/build_dir/hostpkg/go-1.24.13/.go_bootstrap/src/liblink/list6.c:31:
/mnt/build_wrt/build_dir/hostpkg/go-1.24.13/.go_bootstrap/include/u.h:86:42: warning: expression does not compute the number of elements in this array; element type is 'struct __jmp_buf_tag', not 'long int' [-Wsizeof-array-div]
   86 | typedef long p9jmp_buf[sizeof(sigjmp_buf)/sizeof(long)];
      |                                          ^
/mnt/build_wrt/build_dir/hostpkg/go-1.24.13/.go_bootstrap/include/u.h:86:42: note: add parentheses around the second 'sizeof' to silence this warning
In file included from /mnt/build_wrt/build_dir/hostpkg/go-1.24.13/.go_bootstrap/src/liblink/list8.c:31:
/mnt/build_wrt/build_dir/hostpkg/go-1.24.13/.go_bootstrap/include/u.h:86:42: warning: expression does not compute the number of elements in this array; element type is 'struct __jmp_buf_tag', not 'long int' [-Wsizeof-array-div]
   86 | typedef long p9jmp_buf[sizeof(sigjmp_buf)/sizeof(long)];
      |                                          ^
/mnt/build_wrt/build_dir/hostpkg/go-1.24.13/.go_bootstrap/include/u.h:86:42: note: add parentheses around the second 'sizeof' to silence this warning
In file included from /mnt/build_wrt/build_dir/hostpkg/go-1.24.13/.go_bootstrap/src/liblink/obj.c:5:
/mnt/build_wrt/build_dir/hostpkg/go-1.24.13/.go_bootstrap/include/u.h:86:42: warning: expression does not compute the number of elements in this array; element type is 'struct __jmp_buf_tag', not 'long int' [-Wsizeof-array-div]
   86 | typedef long p9jmp_buf[sizeof(sigjmp_buf)/sizeof(long)];
      |                                          ^
/mnt/build_wrt/build_dir/hostpkg/go-1.24.13/.go_bootstrap/include/u.h:86:42: note: add parentheses around the second 'sizeof' to silence this warning
In file included from /mnt/build_wrt/build_dir/hostpkg/go-1.24.13/.go_bootstrap/src/liblink/obj5.c:31:
/mnt/build_wrt/build_dir/hostpkg/go-1.24.13/.go_bootstrap/include/u.h:86:42: warning: expression does not compute the number of elements in this array; element type is 'struct __jmp_buf_tag', not 'long int' [-Wsizeof-array-div]
   86 | typedef long p9jmp_buf[sizeof(sigjmp_buf)/sizeof(long)];
      |                                          ^
/mnt/build_wrt/build_dir/hostpkg/go-1.24.13/.go_bootstrap/include/u.h:86:42: note: add parentheses around the second 'sizeof' to silence this warning
In file included from /mnt/build_wrt/build_dir/hostpkg/go-1.24.13/.go_bootstrap/src/liblink/obj6.c:31:
/mnt/build_wrt/build_dir/hostpkg/go-1.24.13/.go_bootstrap/include/u.h:86:42: warning: expression does not compute the number of elements in this array; element type is 'struct __jmp_buf_tag', not 'long int' [-Wsizeof-array-div]
   86 | typedef long p9jmp_buf[sizeof(sigjmp_buf)/sizeof(long)];
      |                                          ^
/mnt/build_wrt/build_dir/hostpkg/go-1.24.13/.go_bootstrap/include/u.h:86:42: note: add parentheses around the second 'sizeof' to silence this warning
/mnt/build_wrt/build_dir/hostpkg/go-1.24.13/.go_bootstrap/src/liblink/obj5.c: In function 'addstacksplit':
/mnt/build_wrt/build_dir/hostpkg/go-1.24.13/.go_bootstrap/src/liblink/obj5.c:383:44: warning: this statement may fall through [-Wimplicit-fallthrough=]
  383 |                         cursym->text->mark &= ~LEAF;
      |                         ~~~~~~~~~~~~~~~~~~~^~~~~~~~
/mnt/build_wrt/build_dir/hostpkg/go-1.24.13/.go_bootstrap/src/liblink/obj5.c:385:17: note: here
  385 |                 case ABCASE:
      |                 ^~~~
In file included from /mnt/build_wrt/build_dir/hostpkg/go-1.24.13/.go_bootstrap/src/liblink/obj8.c:31:
/mnt/build_wrt/build_dir/hostpkg/go-1.24.13/.go_bootstrap/include/u.h:86:42: warning: expression does not compute the number of elements in this array; element type is 'struct __jmp_buf_tag', not 'long int' [-Wsizeof-array-div]
   86 | typedef long p9jmp_buf[sizeof(sigjmp_buf)/sizeof(long)];
      |                                          ^
/mnt/build_wrt/build_dir/hostpkg/go-1.24.13/.go_bootstrap/include/u.h:86:42: note: add parentheses around the second 'sizeof' to silence this warning
In file included from /mnt/build_wrt/build_dir/hostpkg/go-1.24.13/.go_bootstrap/src/liblink/objfile.c:101:
/mnt/build_wrt/build_dir/hostpkg/go-1.24.13/.go_bootstrap/include/u.h:86:42: warning: expression does not compute the number of elements in this array; element type is 'struct __jmp_buf_tag', not 'long int' [-Wsizeof-array-div]
   86 | typedef long p9jmp_buf[sizeof(sigjmp_buf)/sizeof(long)];
      |                                          ^
/mnt/build_wrt/build_dir/hostpkg/go-1.24.13/.go_bootstrap/include/u.h:86:42: note: add parentheses around the second 'sizeof' to silence this warning
In file included from /mnt/build_wrt/build_dir/hostpkg/go-1.24.13/.go_bootstrap/src/liblink/pass.c:33:
/mnt/build_wrt/build_dir/hostpkg/go-1.24.13/.go_bootstrap/include/u.h:86:42: warning: expression does not compute the number of elements in this array; element type is 'struct __jmp_buf_tag', not 'long int' [-Wsizeof-array-div]
   86 | typedef long p9jmp_buf[sizeof(sigjmp_buf)/sizeof(long)];
      |                                          ^
/mnt/build_wrt/build_dir/hostpkg/go-1.24.13/.go_bootstrap/include/u.h:86:42: note: add parentheses around the second 'sizeof' to silence this warning
In file included from /mnt/build_wrt/build_dir/hostpkg/go-1.24.13/.go_bootstrap/src/liblink/sym.c:32:
/mnt/build_wrt/build_dir/hostpkg/go-1.24.13/.go_bootstrap/include/u.h:86:42: warning: expression does not compute the number of elements in this array; element type is 'struct __jmp_buf_tag', not 'long int' [-Wsizeof-array-div]
   86 | typedef long p9jmp_buf[sizeof(sigjmp_buf)/sizeof(long)];
      |                                          ^
/mnt/build_wrt/build_dir/hostpkg/go-1.24.13/.go_bootstrap/include/u.h:86:42: note: add parentheses around the second 'sizeof' to silence this warning
In file included from /mnt/build_wrt/build_dir/hostpkg/go-1.24.13/.go_bootstrap/src/liblink/pcln.c:5:
/mnt/build_wrt/build_dir/hostpkg/go-1.24.13/.go_bootstrap/include/u.h:86:42: warning: expression does not compute the number of elements in this array; element type is 'struct __jmp_buf_tag', not 'long int' [-Wsizeof-array-div]
   86 | typedef long p9jmp_buf[sizeof(sigjmp_buf)/sizeof(long)];
      |                                          ^
/mnt/build_wrt/build_dir/hostpkg/go-1.24.13/.go_bootstrap/include/u.h:86:42: note: add parentheses around the second 'sizeof' to silence this warning
/mnt/build_wrt/build_dir/hostpkg/go-1.24.13/.go_bootstrap/src/liblink/sym.c: In function 'linknew':
/mnt/build_wrt/build_dir/hostpkg/go-1.24.13/.go_bootstrap/src/liblink/sym.c:150:25: warning: this statement may fall through [-Wimplicit-fallthrough=]
  150 |                         sysfatal("unknown thread-local storage offset for nacl/%s", ctxt->arch->name);
      |                         ^~~~~~~~~~~~~~~~~~~~~~~~~~~~~~~~~~~~~~~~~~~~~~~~~~~~~~~~~~~~~~~~~~~~~~~~~~~~~
/mnt/build_wrt/build_dir/hostpkg/go-1.24.13/.go_bootstrap/src/liblink/sym.c:151:17: note: here
  151 |                 case '6':
      |                 ^~~~
/mnt/build_wrt/build_dir/hostpkg/go-1.24.13/.go_bootstrap/src/liblink/sym.c:170:25: warning: this statement may fall through [-Wimplicit-fallthrough=]
  170 |                         sysfatal("unknown thread-local storage offset for darwin/%s", ctxt->arch->name);
      |                         ^~~~~~~~~~~~~~~~~~~~~~~~~~~~~~~~~~~~~~~~~~~~~~~~~~~~~~~~~~~~~~~~~~~~~~~~~~~~~~~
/mnt/build_wrt/build_dir/hostpkg/go-1.24.13/.go_bootstrap/src/liblink/sym.c:171:17: note: here
  171 |                 case '6':
      |                 ^~~~
cmd/cc
In file included from /mnt/build_wrt/build_dir/hostpkg/go-1.24.13/.go_bootstrap/src/cmd/cc/com.c:31:
/mnt/build_wrt/build_dir/hostpkg/go-1.24.13/.go_bootstrap/include/u.h:86:42: warning: expression does not compute the number of elements in this array; element type is 'struct __jmp_buf_tag', not 'long int' [-Wsizeof-array-div]
   86 | typedef long p9jmp_buf[sizeof(sigjmp_buf)/sizeof(long)];
      |                                          ^
In file included from /mnt/build_wrt/build_dir/hostpkg/go-1.24.13/.go_bootstrap/src/cmd/cc/acid.c:31:
/mnt/build_wrt/build_dir/hostpkg/go-1.24.13/.go_bootstrap/include/u.h:86:42: warning: expression does not compute the number of elements in this array; element type is 'struct __jmp_buf_tag', not 'long int' [-Wsizeof-array-div]
   86 | typedef long p9jmp_buf[sizeof(sigjmp_buf)/sizeof(long)];
      |                                          ^
In file included from /mnt/build_wrt/build_dir/hostpkg/go-1.24.13/.go_bootstrap/src/cmd/cc/com64.c:31:
/mnt/build_wrt/build_dir/hostpkg/go-1.24.13/.go_bootstrap/include/u.h:86:42: warning: expression does not compute the number of elements in this array; element type is 'struct __jmp_buf_tag', not 'long int' [-Wsizeof-array-div]
   86 | typedef long p9jmp_buf[sizeof(sigjmp_buf)/sizeof(long)];
      |                                          ^
/mnt/build_wrt/build_dir/hostpkg/go-1.24.13/.go_bootstrap/include/u.h:86:42: note: add parentheses around the second 'sizeof' to silence this warning
/mnt/build_wrt/build_dir/hostpkg/go-1.24.13/.go_bootstrap/include/u.h:86:42: note: add parentheses around the second 'sizeof' to silence this warning
/mnt/build_wrt/build_dir/hostpkg/go-1.24.13/.go_bootstrap/include/u.h:86:42: note: add parentheses around the second 'sizeof' to silence this warning
In file included from /mnt/build_wrt/build_dir/hostpkg/go-1.24.13/.go_bootstrap/src/cmd/cc/bits.c:31:
/mnt/build_wrt/build_dir/hostpkg/go-1.24.13/.go_bootstrap/include/u.h:86:42: warning: expression does not compute the number of elements in this array; element type is 'struct __jmp_buf_tag', not 'long int' [-Wsizeof-array-div]
   86 | typedef long p9jmp_buf[sizeof(sigjmp_buf)/sizeof(long)];
      |                                          ^
/mnt/build_wrt/build_dir/hostpkg/go-1.24.13/.go_bootstrap/include/u.h:86:42: note: add parentheses around the second 'sizeof' to silence this warning
/mnt/build_wrt/build_dir/hostpkg/go-1.24.13/.go_bootstrap/src/cmd/cc/acid.c: In function 'acidmember':
/mnt/build_wrt/build_dir/hostpkg/go-1.24.13/.go_bootstrap/src/cmd/cc/acid.c:150:19: warning: this statement may fall through [-Wimplicit-fallthrough=]
  150 |                 if(flag) {
      |                   ^
/mnt/build_wrt/build_dir/hostpkg/go-1.24.13/.go_bootstrap/src/cmd/cc/acid.c:177:9: note: here
  177 |         case TINT:
      |         ^~~~
/mnt/build_wrt/build_dir/hostpkg/go-1.24.13/.go_bootstrap/src/cmd/cc/com64.c: In function 'com64':
/mnt/build_wrt/build_dir/hostpkg/go-1.24.13/.go_bootstrap/src/cmd/cc/com64.c:257:27: warning: this statement may fall through [-Wimplicit-fallthrough=]
  257 |                         if(rv) {
      |                           ^
/mnt/build_wrt/build_dir/hostpkg/go-1.24.13/.go_bootstrap/src/cmd/cc/com64.c:265:17: note: here
  265 |                 case OCOND:
      |                 ^~~~
/mnt/build_wrt/build_dir/hostpkg/go-1.24.13/.go_bootstrap/src/cmd/cc/com64.c:300:25: warning: this statement may fall through [-Wimplicit-fallthrough=]
  300 |                         diag(n, "unknown vlong %O", n->op);
      |                         ^~~~~~~~~~~~~~~~~~~~~~~~~~~~~~~~~~
/mnt/build_wrt/build_dir/hostpkg/go-1.24.13/.go_bootstrap/src/cmd/cc/com64.c:301:17: note: here
  301 |                 case OFUNC:
      |                 ^~~~
/mnt/build_wrt/build_dir/hostpkg/go-1.24.13/.go_bootstrap/src/cmd/cc/com64.c:302:36: warning: this statement may fall through [-Wimplicit-fallthrough=]
  302 |                         n->complex = FNX;
      |                                    ^
/mnt/build_wrt/build_dir/hostpkg/go-1.24.13/.go_bootstrap/src/cmd/cc/com64.c:303:17: note: here
  303 |                 case ORETURN:
      |                 ^~~~
In file included from /mnt/build_wrt/build_dir/hostpkg/go-1.24.13/.go_bootstrap/src/cmd/cc/dcl.c:31:
/mnt/build_wrt/build_dir/hostpkg/go-1.24.13/.go_bootstrap/include/u.h:86:42: warning: expression does not compute the number of elements in this array; element type is 'struct __jmp_buf_tag', not 'long int' [-Wsizeof-array-div]
   86 | typedef long p9jmp_buf[sizeof(sigjmp_buf)/sizeof(long)];
      |                                          ^
/mnt/build_wrt/build_dir/hostpkg/go-1.24.13/.go_bootstrap/include/u.h:86:42: note: add parentheses around the second 'sizeof' to silence this warning
/mnt/build_wrt/build_dir/hostpkg/go-1.24.13/.go_bootstrap/src/cmd/cc/dcl.c: In function 'isstruct':
/mnt/build_wrt/build_dir/hostpkg/go-1.24.13/.go_bootstrap/src/cmd/cc/dcl.c:295:19: warning: this statement may fall through [-Wimplicit-fallthrough=]
  295 |                 if(n && n->type && sametype(n->type, t))
      |                   ^
/mnt/build_wrt/build_dir/hostpkg/go-1.24.13/.go_bootstrap/src/cmd/cc/dcl.c:297:9: note: here
  297 |         case OSTRING:
      |         ^~~~
In file included from /mnt/build_wrt/build_dir/hostpkg/go-1.24.13/.go_bootstrap/src/cmd/cc/dpchk.c:31:
/mnt/build_wrt/build_dir/hostpkg/go-1.24.13/.go_bootstrap/include/u.h:86:42: warning: expression does not compute the number of elements in this array; element type is 'struct __jmp_buf_tag', not 'long int' [-Wsizeof-array-div]
   86 | typedef long p9jmp_buf[sizeof(sigjmp_buf)/sizeof(long)];
      |                                          ^
/mnt/build_wrt/build_dir/hostpkg/go-1.24.13/.go_bootstrap/include/u.h:86:42: note: add parentheses around the second 'sizeof' to silence this warning
In file included from /mnt/build_wrt/build_dir/hostpkg/go-1.24.13/.go_bootstrap/src/cmd/cc/funct.c:31:
/mnt/build_wrt/build_dir/hostpkg/go-1.24.13/.go_bootstrap/include/u.h:86:42: warning: expression does not compute the number of elements in this array; element type is 'struct __jmp_buf_tag', not 'long int' [-Wsizeof-array-div]
   86 | typedef long p9jmp_buf[sizeof(sigjmp_buf)/sizeof(long)];
      |                                          ^
/mnt/build_wrt/build_dir/hostpkg/go-1.24.13/.go_bootstrap/include/u.h:86:42: note: add parentheses around the second 'sizeof' to silence this warning
In file included from /mnt/build_wrt/build_dir/hostpkg/go-1.24.13/.go_bootstrap/src/cmd/cc/godefs.c:32:
/mnt/build_wrt/build_dir/hostpkg/go-1.24.13/.go_bootstrap/include/u.h:86:42: warning: expression does not compute the number of elements in this array; element type is 'struct __jmp_buf_tag', not 'long int' [-Wsizeof-array-div]
   86 | typedef long p9jmp_buf[sizeof(sigjmp_buf)/sizeof(long)];
      |                                          ^
/mnt/build_wrt/build_dir/hostpkg/go-1.24.13/.go_bootstrap/include/u.h:86:42: note: add parentheses around the second 'sizeof' to silence this warning
In file included from /mnt/build_wrt/build_dir/hostpkg/go-1.24.13/.go_bootstrap/src/cmd/cc/lex.c:31:
/mnt/build_wrt/build_dir/hostpkg/go-1.24.13/.go_bootstrap/include/u.h:86:42: warning: expression does not compute the number of elements in this array; element type is 'struct __jmp_buf_tag', not 'long int' [-Wsizeof-array-div]
   86 | typedef long p9jmp_buf[sizeof(sigjmp_buf)/sizeof(long)];
      |                                          ^
/mnt/build_wrt/build_dir/hostpkg/go-1.24.13/.go_bootstrap/include/u.h:86:42: note: add parentheses around the second 'sizeof' to silence this warning
/mnt/build_wrt/build_dir/hostpkg/go-1.24.13/.go_bootstrap/src/cmd/cc/lex.c: In function 'compile':
/mnt/build_wrt/build_dir/hostpkg/go-1.24.13/.go_bootstrap/src/cmd/cc/lex.c:308:25: warning: this statement may fall through [-Wimplicit-fallthrough=]
  308 |                         errorexit();
      |                         ^~~~~~~~~~~
/mnt/build_wrt/build_dir/hostpkg/go-1.24.13/.go_bootstrap/src/cmd/cc/lex.c:309:17: note: here
  309 |                 case 0:
      |                 ^~~~
/mnt/build_wrt/build_dir/hostpkg/go-1.24.13/.go_bootstrap/src/cmd/cc/lex.c:338:25: warning: this statement may fall through [-Wimplicit-fallthrough=]
  338 |                         errorexit();
      |                         ^~~~~~~~~~~
/mnt/build_wrt/build_dir/hostpkg/go-1.24.13/.go_bootstrap/src/cmd/cc/lex.c:339:17: note: here
  339 |                 default:
      |                 ^~~~~~~
In file included from /mnt/build_wrt/build_dir/hostpkg/go-1.24.13/.go_bootstrap/src/cmd/cc/mac.c:31:
/mnt/build_wrt/build_dir/hostpkg/go-1.24.13/.go_bootstrap/include/u.h:86:42: warning: expression does not compute the number of elements in this array; element type is 'struct __jmp_buf_tag', not 'long int' [-Wsizeof-array-div]
   86 | typedef long p9jmp_buf[sizeof(sigjmp_buf)/sizeof(long)];
      |                                          ^
/mnt/build_wrt/build_dir/hostpkg/go-1.24.13/.go_bootstrap/include/u.h:86:42: note: add parentheses around the second 'sizeof' to silence this warning
In file included from /mnt/build_wrt/build_dir/hostpkg/go-1.24.13/.go_bootstrap/src/cmd/cc/omachcap.c:31:
/mnt/build_wrt/build_dir/hostpkg/go-1.24.13/.go_bootstrap/include/u.h:86:42: warning: expression does not compute the number of elements in this array; element type is 'struct __jmp_buf_tag', not 'long int' [-Wsizeof-array-div]
   86 | typedef long p9jmp_buf[sizeof(sigjmp_buf)/sizeof(long)];
      |                                          ^
/mnt/build_wrt/build_dir/hostpkg/go-1.24.13/.go_bootstrap/include/u.h:86:42: note: add parentheses around the second 'sizeof' to silence this warning
In file included from /mnt/build_wrt/build_dir/hostpkg/go-1.24.13/.go_bootstrap/src/cmd/cc/scon.c:31:
/mnt/build_wrt/build_dir/hostpkg/go-1.24.13/.go_bootstrap/include/u.h:86:42: warning: expression does not compute the number of elements in this array; element type is 'struct __jmp_buf_tag', not 'long int' [-Wsizeof-array-div]
   86 | typedef long p9jmp_buf[sizeof(sigjmp_buf)/sizeof(long)];
      |                                          ^
/mnt/build_wrt/build_dir/hostpkg/go-1.24.13/.go_bootstrap/include/u.h:86:42: note: add parentheses around the second 'sizeof' to silence this warning
/mnt/build_wrt/build_dir/hostpkg/go-1.24.13/.go_bootstrap/src/cmd/cc/scon.c: In function 'acom2':
/mnt/build_wrt/build_dir/hostpkg/go-1.24.13/.go_bootstrap/src/cmd/cc/scon.c:424:12: warning: 'trm[0].mult' may be used uninitialized [-Wmaybe-uninitialized]
  424 |         c1 = trm[0].mult;
      |         ~~~^~~~~~~~~~~~~
/mnt/build_wrt/build_dir/hostpkg/go-1.24.13/.go_bootstrap/src/cmd/cc/scon.c:399:14: note: 'trm' declared here
  399 |         Term trm[NTERM];
      |              ^~~
In file included from /mnt/build_wrt/build_dir/hostpkg/go-1.24.13/.go_bootstrap/src/cmd/cc/sub.c:31:
/mnt/build_wrt/build_dir/hostpkg/go-1.24.13/.go_bootstrap/include/u.h:86:42: warning: expression does not compute the number of elements in this array; element type is 'struct __jmp_buf_tag', not 'long int' [-Wsizeof-array-div]
   86 | typedef long p9jmp_buf[sizeof(sigjmp_buf)/sizeof(long)];
      |                                          ^
/mnt/build_wrt/build_dir/hostpkg/go-1.24.13/.go_bootstrap/include/u.h:86:42: note: add parentheses around the second 'sizeof' to silence this warning
/mnt/build_wrt/build_dir/hostpkg/go-1.24.13/.go_bootstrap/src/cmd/cc/sub.c: In function 'allfloat':
/mnt/build_wrt/build_dir/hostpkg/go-1.24.13/.go_bootstrap/src/cmd/cc/sub.c:528:27: warning: this statement may fall through [-Wimplicit-fallthrough=]
  528 |                         if(!allfloat(n->right, flag))
      |                           ^
/mnt/build_wrt/build_dir/hostpkg/go-1.24.13/.go_bootstrap/src/cmd/cc/sub.c:530:17: note: here
  530 |                 case OCAST:
      |                 ^~~~
/mnt/build_wrt/build_dir/hostpkg/go-1.24.13/.go_bootstrap/src/cmd/cc/sub.c: In function 'simplifyshift':
/mnt/build_wrt/build_dir/hostpkg/go-1.24.13/.go_bootstrap/src/cmd/cc/sub.c:863:19: warning: this statement may fall through [-Wimplicit-fallthrough=]
  863 |                 if(topbit(c3) >= (32-c2))
      |                   ^
/mnt/build_wrt/build_dir/hostpkg/go-1.24.13/.go_bootstrap/src/cmd/cc/sub.c:865:9: note: here
  865 |         case 001:       /* (((e >>u c2) & c3) <<u c1) */
      |         ^~~~
/mnt/build_wrt/build_dir/hostpkg/go-1.24.13/.go_bootstrap/src/cmd/cc/sub.c:880:19: warning: this statement may fall through [-Wimplicit-fallthrough=]
  880 |                 if(c2 <= 0)
      |                   ^
/mnt/build_wrt/build_dir/hostpkg/go-1.24.13/.go_bootstrap/src/cmd/cc/sub.c:882:9: note: here
  882 |         case 012:       /* (((e >>s c2) & c3) >>u c1) */
      |         ^~~~
/mnt/build_wrt/build_dir/hostpkg/go-1.24.13/.go_bootstrap/src/cmd/cc/sub.c:900:19: warning: this statement may fall through [-Wimplicit-fallthrough=]
  900 |                 if(topbit(c3) >= 31)
      |                   ^
/mnt/build_wrt/build_dir/hostpkg/go-1.24.13/.go_bootstrap/src/cmd/cc/sub.c:902:9: note: here
  902 |         case 010:       /* (((e <<u c2) & c3) >>u c1) */
      |         ^~~~
/mnt/build_wrt/build_dir/hostpkg/go-1.24.13/.go_bootstrap/src/cmd/cc/sub.c: In function 'side':
/mnt/build_wrt/build_dir/hostpkg/go-1.24.13/.go_bootstrap/src/cmd/cc/sub.c:954:19: warning: this statement may fall through [-Wimplicit-fallthrough=]
  954 |                 n = n->right;
      |                 ~~^~~~~~~~~~
/mnt/build_wrt/build_dir/hostpkg/go-1.24.13/.go_bootstrap/src/cmd/cc/sub.c:956:9: note: here
  956 |         case OEQ:
      |         ^~~~
/mnt/build_wrt/build_dir/hostpkg/go-1.24.13/.go_bootstrap/src/cmd/cc/sub.c: In function 'relindex':
/mnt/build_wrt/build_dir/hostpkg/go-1.24.13/.go_bootstrap/src/cmd/cc/sub.c:1130:17: warning: this statement may fall through [-Wimplicit-fallthrough=]
 1130 |                 diag(Z, "bad in relindex: %O", o);
      |                 ^~~~~~~~~~~~~~~~~~~~~~~~~~~~~~~~~
/mnt/build_wrt/build_dir/hostpkg/go-1.24.13/.go_bootstrap/src/cmd/cc/sub.c:1131:9: note: here
 1131 |         case OEQ: return 0;
      |         ^~~~
In file included from cc.y:32:
/mnt/build_wrt/build_dir/hostpkg/go-1.24.13/.go_bootstrap/include/u.h:86:42: warning: expression does not compute the number of elements in this array; element type is 'struct __jmp_buf_tag', not 'long int' [-Wsizeof-array-div]
   86 | typedef long p9jmp_buf[sizeof(sigjmp_buf)/sizeof(long)];
      |                                          ^
/mnt/build_wrt/build_dir/hostpkg/go-1.24.13/.go_bootstrap/include/u.h:86:42: note: add parentheses around the second 'sizeof' to silence this warning
cmd/gc
In file included from /mnt/build_wrt/build_dir/hostpkg/go-1.24.13/.go_bootstrap/src/cmd/gc/bits.c:31:
/mnt/build_wrt/build_dir/hostpkg/go-1.24.13/.go_bootstrap/include/u.h:86:42: warning: expression does not compute the number of elements in this array; element type is 'struct __jmp_buf_tag', not 'long int' [-Wsizeof-array-div]
   86 | typedef long p9jmp_buf[sizeof(sigjmp_buf)/sizeof(long)];
      |                                          ^
In file included from /mnt/build_wrt/build_dir/hostpkg/go-1.24.13/.go_bootstrap/src/cmd/gc/align.c:5:
/mnt/build_wrt/build_dir/hostpkg/go-1.24.13/.go_bootstrap/include/u.h:86:42: warning: expression does not compute the number of elements in this array; element type is 'struct __jmp_buf_tag', not 'long int' [-Wsizeof-array-div]
   86 | typedef long p9jmp_buf[sizeof(sigjmp_buf)/sizeof(long)];
      |                                          ^
/mnt/build_wrt/build_dir/hostpkg/go-1.24.13/.go_bootstrap/include/u.h:86:42: note: add parentheses around the second 'sizeof' to silence this warning
/mnt/build_wrt/build_dir/hostpkg/go-1.24.13/.go_bootstrap/include/u.h:86:42: note: add parentheses around the second 'sizeof' to silence this warning
In file included from /mnt/build_wrt/build_dir/hostpkg/go-1.24.13/.go_bootstrap/src/cmd/gc/array.c:5:
/mnt/build_wrt/build_dir/hostpkg/go-1.24.13/.go_bootstrap/include/u.h:86:42: warning: expression does not compute the number of elements in this array; element type is 'struct __jmp_buf_tag', not 'long int' [-Wsizeof-array-div]
   86 | typedef long p9jmp_buf[sizeof(sigjmp_buf)/sizeof(long)];
      |                                          ^
/mnt/build_wrt/build_dir/hostpkg/go-1.24.13/.go_bootstrap/include/u.h:86:42: note: add parentheses around the second 'sizeof' to silence this warning
In file included from /mnt/build_wrt/build_dir/hostpkg/go-1.24.13/.go_bootstrap/src/cmd/gc/bv.c:5:
/mnt/build_wrt/build_dir/hostpkg/go-1.24.13/.go_bootstrap/include/u.h:86:42: warning: expression does not compute the number of elements in this array; element type is 'struct __jmp_buf_tag', not 'long int' [-Wsizeof-array-div]
   86 | typedef long p9jmp_buf[sizeof(sigjmp_buf)/sizeof(long)];
      |                                          ^
/mnt/build_wrt/build_dir/hostpkg/go-1.24.13/.go_bootstrap/include/u.h:86:42: note: add parentheses around the second 'sizeof' to silence this warning
In file included from /mnt/build_wrt/build_dir/hostpkg/go-1.24.13/.go_bootstrap/src/cmd/gc/closure.c:9:
/mnt/build_wrt/build_dir/hostpkg/go-1.24.13/.go_bootstrap/include/u.h:86:42: warning: expression does not compute the number of elements in this array; element type is 'struct __jmp_buf_tag', not 'long int' [-Wsizeof-array-div]
   86 | typedef long p9jmp_buf[sizeof(sigjmp_buf)/sizeof(long)];
      |                                          ^
/mnt/build_wrt/build_dir/hostpkg/go-1.24.13/.go_bootstrap/include/u.h:86:42: note: add parentheses around the second 'sizeof' to silence this warning
In file included from /mnt/build_wrt/build_dir/hostpkg/go-1.24.13/.go_bootstrap/src/cmd/gc/const.c:5:
/mnt/build_wrt/build_dir/hostpkg/go-1.24.13/.go_bootstrap/include/u.h:86:42: warning: expression does not compute the number of elements in this array; element type is 'struct __jmp_buf_tag', not 'long int' [-Wsizeof-array-div]
   86 | typedef long p9jmp_buf[sizeof(sigjmp_buf)/sizeof(long)];
      |                                          ^
/mnt/build_wrt/build_dir/hostpkg/go-1.24.13/.go_bootstrap/include/u.h:86:42: note: add parentheses around the second 'sizeof' to silence this warning
/mnt/build_wrt/build_dir/hostpkg/go-1.24.13/.go_bootstrap/src/cmd/gc/const.c: In function 'convlit1':
/mnt/build_wrt/build_dir/hostpkg/go-1.24.13/.go_bootstrap/src/cmd/gc/const.c:224:42: warning: this statement may fall through [-Wimplicit-fallthrough=]
  224 |                                 n->val = toint(n->val);
      |                                          ^~~~~~~~~~~~~
/mnt/build_wrt/build_dir/hostpkg/go-1.24.13/.go_bootstrap/src/cmd/gc/const.c:226:25: note: here
  226 |                         case CTINT:
      |                         ^~~~
/mnt/build_wrt/build_dir/hostpkg/go-1.24.13/.go_bootstrap/src/cmd/gc/const.c:238:42: warning: this statement may fall through [-Wimplicit-fallthrough=]
  238 |                                 n->val = toflt(n->val);
      |                                          ^~~~~~~~~~~~~
/mnt/build_wrt/build_dir/hostpkg/go-1.24.13/.go_bootstrap/src/cmd/gc/const.c:240:25: note: here
  240 |                         case CTFLT:
      |                         ^~~~
/mnt/build_wrt/build_dir/hostpkg/go-1.24.13/.go_bootstrap/src/cmd/gc/const.c: In function 'tostr':
/mnt/build_wrt/build_dir/hostpkg/go-1.24.13/.go_bootstrap/src/cmd/gc/const.c:470:17: warning: this statement may fall through [-Wimplicit-fallthrough=]
  470 |                 yyerror("no float -> string");
      |                 ^~~~~~~~~~~~~~~~~~~~~~~~~~~~~
/mnt/build_wrt/build_dir/hostpkg/go-1.24.13/.go_bootstrap/src/cmd/gc/const.c:472:9: note: here
  472 |         case CTNIL:
      |         ^~~~
/mnt/build_wrt/build_dir/hostpkg/go-1.24.13/.go_bootstrap/src/cmd/gc/const.c: In function 'nodlit':
/mnt/build_wrt/build_dir/hostpkg/go-1.24.13/.go_bootstrap/src/cmd/gc/const.c:1050:17: warning: this statement may fall through [-Wimplicit-fallthrough=]
 1050 |                 fatal("nodlit ctype %d", v.ctype);
      |                 ^~~~~~~~~~~~~~~~~~~~~~~~~~~~~~~~~
/mnt/build_wrt/build_dir/hostpkg/go-1.24.13/.go_bootstrap/src/cmd/gc/const.c:1051:9: note: here
 1051 |         case CTSTR:
      |         ^~~~
/mnt/build_wrt/build_dir/hostpkg/go-1.24.13/.go_bootstrap/src/cmd/gc/const.c: In function 'convconst':
/mnt/build_wrt/build_dir/hostpkg/go-1.24.13/.go_bootstrap/src/cmd/gc/const.c:1427:25: warning: this statement may fall through [-Wimplicit-fallthrough=]
 1427 |                         fatal("convconst ctype=%d %lT", val->ctype, t);
      |                         ^~~~~~~~~~~~~~~~~~~~~~~~~~~~~~~~~~~~~~~~~~~~~~
/mnt/build_wrt/build_dir/hostpkg/go-1.24.13/.go_bootstrap/src/cmd/gc/const.c:1428:17: note: here
 1428 |                 case CTINT:
      |                 ^~~~
In file included from /mnt/build_wrt/build_dir/hostpkg/go-1.24.13/.go_bootstrap/src/cmd/gc/dcl.c:5:
/mnt/build_wrt/build_dir/hostpkg/go-1.24.13/.go_bootstrap/include/u.h:86:42: warning: expression does not compute the number of elements in this array; element type is 'struct __jmp_buf_tag', not 'long int' [-Wsizeof-array-div]
   86 | typedef long p9jmp_buf[sizeof(sigjmp_buf)/sizeof(long)];
      |                                          ^
/mnt/build_wrt/build_dir/hostpkg/go-1.24.13/.go_bootstrap/include/u.h:86:42: note: add parentheses around the second 'sizeof' to silence this warning
In file included from /mnt/build_wrt/build_dir/hostpkg/go-1.24.13/.go_bootstrap/src/cmd/gc/esc.c:7:
/mnt/build_wrt/build_dir/hostpkg/go-1.24.13/.go_bootstrap/include/u.h:86:42: warning: expression does not compute the number of elements in this array; element type is 'struct __jmp_buf_tag', not 'long int' [-Wsizeof-array-div]
   86 | typedef long p9jmp_buf[sizeof(sigjmp_buf)/sizeof(long)];
      |                                          ^
/mnt/build_wrt/build_dir/hostpkg/go-1.24.13/.go_bootstrap/include/u.h:86:42: note: add parentheses around the second 'sizeof' to silence this warning
/mnt/build_wrt/build_dir/hostpkg/go-1.24.13/.go_bootstrap/src/cmd/gc/esc.c: In function 'esccall':
/mnt/build_wrt/build_dir/hostpkg/go-1.24.13/.go_bootstrap/src/cmd/gc/esc.c:898:17: warning: this statement may fall through [-Wimplicit-fallthrough=]
  898 |                 fatal("esccall");
      |                 ^~~~~~~~~~~~~~~~
/mnt/build_wrt/build_dir/hostpkg/go-1.24.13/.go_bootstrap/src/cmd/gc/esc.c:900:9: note: here
  900 |         case OCALLFUNC:
      |         ^~~~
In file included from /mnt/build_wrt/build_dir/hostpkg/go-1.24.13/.go_bootstrap/src/cmd/gc/export.c:5:
/mnt/build_wrt/build_dir/hostpkg/go-1.24.13/.go_bootstrap/include/u.h:86:42: warning: expression does not compute the number of elements in this array; element type is 'struct __jmp_buf_tag', not 'long int' [-Wsizeof-array-div]
   86 | typedef long p9jmp_buf[sizeof(sigjmp_buf)/sizeof(long)];
      |                                          ^
/mnt/build_wrt/build_dir/hostpkg/go-1.24.13/.go_bootstrap/include/u.h:86:42: note: add parentheses around the second 'sizeof' to silence this warning
In file included from /mnt/build_wrt/build_dir/hostpkg/go-1.24.13/.go_bootstrap/src/cmd/gc/fmt.c:5:
/mnt/build_wrt/build_dir/hostpkg/go-1.24.13/.go_bootstrap/include/u.h:86:42: warning: expression does not compute the number of elements in this array; element type is 'struct __jmp_buf_tag', not 'long int' [-Wsizeof-array-div]
   86 | typedef long p9jmp_buf[sizeof(sigjmp_buf)/sizeof(long)];
      |                                          ^
/mnt/build_wrt/build_dir/hostpkg/go-1.24.13/.go_bootstrap/include/u.h:86:42: note: add parentheses around the second 'sizeof' to silence this warning
/mnt/build_wrt/build_dir/hostpkg/go-1.24.13/.go_bootstrap/src/cmd/gc/fmt.c: In function 'typefmt':
/mnt/build_wrt/build_dir/hostpkg/go-1.24.13/.go_bootstrap/src/cmd/gc/fmt.c:624:27: warning: this statement may fall through [-Wimplicit-fallthrough=]
  624 |                         if(fmtmode != FExp) {
      |                           ^
/mnt/build_wrt/build_dir/hostpkg/go-1.24.13/.go_bootstrap/src/cmd/gc/fmt.c:628:17: note: here
  628 |                 default:
      |                 ^~~~~~~
In file included from /mnt/build_wrt/build_dir/hostpkg/go-1.24.13/.go_bootstrap/src/cmd/gc/gen.c:10:
/mnt/build_wrt/build_dir/hostpkg/go-1.24.13/.go_bootstrap/include/u.h:86:42: warning: expression does not compute the number of elements in this array; element type is 'struct __jmp_buf_tag', not 'long int' [-Wsizeof-array-div]
   86 | typedef long p9jmp_buf[sizeof(sigjmp_buf)/sizeof(long)];
      |                                          ^
/mnt/build_wrt/build_dir/hostpkg/go-1.24.13/.go_bootstrap/include/u.h:86:42: note: add parentheses around the second 'sizeof' to silence this warning
/mnt/build_wrt/build_dir/hostpkg/go-1.24.13/.go_bootstrap/src/cmd/gc/gen.c: In function 'cgen_proc':
/mnt/build_wrt/build_dir/hostpkg/go-1.24.13/.go_bootstrap/src/cmd/gc/gen.c:550:17: warning: this statement may fall through [-Wimplicit-fallthrough=]
  550 |                 fatal("cgen_proc: unknown call %O", n->left->op);
      |                 ^~~~~~~~~~~~~~~~~~~~~~~~~~~~~~~~~~~~~~~~~~~~~~~~
/mnt/build_wrt/build_dir/hostpkg/go-1.24.13/.go_bootstrap/src/cmd/gc/gen.c:552:9: note: here
  552 |         case OCALLMETH:
      |         ^~~~
In file included from /mnt/build_wrt/build_dir/hostpkg/go-1.24.13/.go_bootstrap/src/cmd/gc/init.c:5:
/mnt/build_wrt/build_dir/hostpkg/go-1.24.13/.go_bootstrap/include/u.h:86:42: warning: expression does not compute the number of elements in this array; element type is 'struct __jmp_buf_tag', not 'long int' [-Wsizeof-array-div]
   86 | typedef long p9jmp_buf[sizeof(sigjmp_buf)/sizeof(long)];
      |                                          ^
/mnt/build_wrt/build_dir/hostpkg/go-1.24.13/.go_bootstrap/include/u.h:86:42: note: add parentheses around the second 'sizeof' to silence this warning
In file included from /mnt/build_wrt/build_dir/hostpkg/go-1.24.13/.go_bootstrap/src/cmd/gc/inl.c:29:
/mnt/build_wrt/build_dir/hostpkg/go-1.24.13/.go_bootstrap/include/u.h:86:42: warning: expression does not compute the number of elements in this array; element type is 'struct __jmp_buf_tag', not 'long int' [-Wsizeof-array-div]
   86 | typedef long p9jmp_buf[sizeof(sigjmp_buf)/sizeof(long)];
      |                                          ^
/mnt/build_wrt/build_dir/hostpkg/go-1.24.13/.go_bootstrap/include/u.h:86:42: note: add parentheses around the second 'sizeof' to silence this warning
In file included from /mnt/build_wrt/build_dir/hostpkg/go-1.24.13/.go_bootstrap/src/cmd/gc/lex.c:5:
/mnt/build_wrt/build_dir/hostpkg/go-1.24.13/.go_bootstrap/include/u.h:86:42: warning: expression does not compute the number of elements in this array; element type is 'struct __jmp_buf_tag', not 'long int' [-Wsizeof-array-div]
   86 | typedef long p9jmp_buf[sizeof(sigjmp_buf)/sizeof(long)];
      |                                          ^
/mnt/build_wrt/build_dir/hostpkg/go-1.24.13/.go_bootstrap/include/u.h:86:42: note: add parentheses around the second 'sizeof' to silence this warning
/mnt/build_wrt/build_dir/hostpkg/go-1.24.13/.go_bootstrap/src/cmd/gc/lex.c: In function 'ccgetc':
/mnt/build_wrt/build_dir/hostpkg/go-1.24.13/.go_bootstrap/src/cmd/gc/lex.c:1679:19: warning: this statement may fall through [-Wimplicit-fallthrough=]
 1679 |                 if(curio.bin != nil) {
      |                   ^
/mnt/build_wrt/build_dir/hostpkg/go-1.24.13/.go_bootstrap/src/cmd/gc/lex.c:1683:9: note: here
 1683 |         case EOF:
      |         ^~~~
/mnt/build_wrt/build_dir/hostpkg/go-1.24.13/.go_bootstrap/src/cmd/gc/lex.c:1688:19: warning: this statement may fall through [-Wimplicit-fallthrough=]
 1688 |                 c = '\n';
      |                 ~~^~~~~~
/mnt/build_wrt/build_dir/hostpkg/go-1.24.13/.go_bootstrap/src/cmd/gc/lex.c:1689:9: note: here
 1689 |         case '\n':
      |         ^~~~
In file included from /mnt/build_wrt/build_dir/hostpkg/go-1.24.13/.go_bootstrap/src/cmd/gc/md5.c:8:
/mnt/build_wrt/build_dir/hostpkg/go-1.24.13/.go_bootstrap/include/u.h:86:42: warning: expression does not compute the number of elements in this array; element type is 'struct __jmp_buf_tag', not 'long int' [-Wsizeof-array-div]
   86 | typedef long p9jmp_buf[sizeof(sigjmp_buf)/sizeof(long)];
      |                                          ^
/mnt/build_wrt/build_dir/hostpkg/go-1.24.13/.go_bootstrap/include/u.h:86:42: note: add parentheses around the second 'sizeof' to silence this warning
In file included from /mnt/build_wrt/build_dir/hostpkg/go-1.24.13/.go_bootstrap/src/cmd/gc/mparith1.c:5:
/mnt/build_wrt/build_dir/hostpkg/go-1.24.13/.go_bootstrap/include/u.h:86:42: warning: expression does not compute the number of elements in this array; element type is 'struct __jmp_buf_tag', not 'long int' [-Wsizeof-array-div]
   86 | typedef long p9jmp_buf[sizeof(sigjmp_buf)/sizeof(long)];
      |                                          ^
/mnt/build_wrt/build_dir/hostpkg/go-1.24.13/.go_bootstrap/include/u.h:86:42: note: add parentheses around the second 'sizeof' to silence this warning
In file included from /mnt/build_wrt/build_dir/hostpkg/go-1.24.13/.go_bootstrap/src/cmd/gc/mparith2.c:5:
/mnt/build_wrt/build_dir/hostpkg/go-1.24.13/.go_bootstrap/include/u.h:86:42: warning: expression does not compute the number of elements in this array; element type is 'struct __jmp_buf_tag', not 'long int' [-Wsizeof-array-div]
   86 | typedef long p9jmp_buf[sizeof(sigjmp_buf)/sizeof(long)];
      |                                          ^
/mnt/build_wrt/build_dir/hostpkg/go-1.24.13/.go_bootstrap/include/u.h:86:42: note: add parentheses around the second 'sizeof' to silence this warning
/mnt/build_wrt/build_dir/hostpkg/go-1.24.13/.go_bootstrap/src/cmd/gc/mparith1.c: In function 'mpatoflt':
/mnt/build_wrt/build_dir/hostpkg/go-1.24.13/.go_bootstrap/src/cmd/gc/mparith1.c:383:28: warning: this statement may fall through [-Wimplicit-fallthrough=]
  383 |                         eb = 1;
      |                         ~~~^~~
/mnt/build_wrt/build_dir/hostpkg/go-1.24.13/.go_bootstrap/src/cmd/gc/mparith1.c:385:17: note: here
  385 |                 case 'E':
      |                 ^~~~
/mnt/build_wrt/build_dir/hostpkg/go-1.24.13/.go_bootstrap/src/cmd/gc/mparith1.c: In function 'mpatofix':
/mnt/build_wrt/build_dir/hostpkg/go-1.24.13/.go_bootstrap/src/cmd/gc/mparith1.c:468:19: warning: this statement may fall through [-Wimplicit-fallthrough=]
  468 |                 f = 1;
      |                 ~~^~~
/mnt/build_wrt/build_dir/hostpkg/go-1.24.13/.go_bootstrap/src/cmd/gc/mparith1.c:470:9: note: here
  470 |         case '+':
      |         ^~~~
In file included from /mnt/build_wrt/build_dir/hostpkg/go-1.24.13/.go_bootstrap/src/cmd/gc/mparith3.c:5:
/mnt/build_wrt/build_dir/hostpkg/go-1.24.13/.go_bootstrap/include/u.h:86:42: warning: expression does not compute the number of elements in this array; element type is 'struct __jmp_buf_tag', not 'long int' [-Wsizeof-array-div]
   86 | typedef long p9jmp_buf[sizeof(sigjmp_buf)/sizeof(long)];
      |                                          ^
/mnt/build_wrt/build_dir/hostpkg/go-1.24.13/.go_bootstrap/include/u.h:86:42: note: add parentheses around the second 'sizeof' to silence this warning
In file included from /mnt/build_wrt/build_dir/hostpkg/go-1.24.13/.go_bootstrap/src/cmd/gc/obj.c:5:
/mnt/build_wrt/build_dir/hostpkg/go-1.24.13/.go_bootstrap/include/u.h:86:42: warning: expression does not compute the number of elements in this array; element type is 'struct __jmp_buf_tag', not 'long int' [-Wsizeof-array-div]
   86 | typedef long p9jmp_buf[sizeof(sigjmp_buf)/sizeof(long)];
      |                                          ^
/mnt/build_wrt/build_dir/hostpkg/go-1.24.13/.go_bootstrap/include/u.h:86:42: note: add parentheses around the second 'sizeof' to silence this warning
In file included from /mnt/build_wrt/build_dir/hostpkg/go-1.24.13/.go_bootstrap/src/cmd/gc/order.c:35:
/mnt/build_wrt/build_dir/hostpkg/go-1.24.13/.go_bootstrap/include/u.h:86:42: warning: expression does not compute the number of elements in this array; element type is 'struct __jmp_buf_tag', not 'long int' [-Wsizeof-array-div]
   86 | typedef long p9jmp_buf[sizeof(sigjmp_buf)/sizeof(long)];
      |                                          ^
/mnt/build_wrt/build_dir/hostpkg/go-1.24.13/.go_bootstrap/include/u.h:86:42: note: add parentheses around the second 'sizeof' to silence this warning
/mnt/build_wrt/build_dir/hostpkg/go-1.24.13/.go_bootstrap/src/cmd/gc/order.c: In function 'orderstmt':
/mnt/build_wrt/build_dir/hostpkg/go-1.24.13/.go_bootstrap/src/cmd/gc/order.c:732:25: warning: this statement may fall through [-Wimplicit-fallthrough=]
  732 |                         fatal("orderstmt range %T", n->type);
      |                         ^~~~~~~~~~~~~~~~~~~~~~~~~~~~~~~~~~~~
/mnt/build_wrt/build_dir/hostpkg/go-1.24.13/.go_bootstrap/src/cmd/gc/order.c:733:17: note: here
  733 |                 case TARRAY:
      |                 ^~~~
/mnt/build_wrt/build_dir/hostpkg/go-1.24.13/.go_bootstrap/src/cmd/gc/order.c:511:17: warning: this statement may fall through [-Wimplicit-fallthrough=]
  511 |                 fatal("orderstmt %O", n->op);
      |                 ^~~~~~~~~~~~~~~~~~~~~~~~~~~~
/mnt/build_wrt/build_dir/hostpkg/go-1.24.13/.go_bootstrap/src/cmd/gc/order.c:513:9: note: here
  513 |         case OVARKILL:
      |         ^~~~
/mnt/build_wrt/build_dir/hostpkg/go-1.24.13/.go_bootstrap/src/cmd/gc/order.c: In function 'ordersafeexpr':
/mnt/build_wrt/build_dir/hostpkg/go-1.24.13/.go_bootstrap/src/cmd/gc/order.c:141:17: warning: this statement may fall through [-Wimplicit-fallthrough=]
  141 |                 fatal("ordersafeexpr %O", n->op);
      |                 ^~~~~~~~~~~~~~~~~~~~~~~~~~~~~~~~
/mnt/build_wrt/build_dir/hostpkg/go-1.24.13/.go_bootstrap/src/cmd/gc/order.c:143:9: note: here
  143 |         case ONAME:
      |         ^~~~
/mnt/build_wrt/build_dir/hostpkg/go-1.24.13/.go_bootstrap/src/cmd/gc/order.c: In function 'ordermapassign':
/mnt/build_wrt/build_dir/hostpkg/go-1.24.13/.go_bootstrap/src/cmd/gc/order.c:453:17: warning: this statement may fall through [-Wimplicit-fallthrough=]
  453 |                 fatal("ordermapassign %O", n->op);
      |                 ^~~~~~~~~~~~~~~~~~~~~~~~~~~~~~~~~
/mnt/build_wrt/build_dir/hostpkg/go-1.24.13/.go_bootstrap/src/cmd/gc/order.c:455:9: note: here
  455 |         case OAS:
      |         ^~~~
In file included from /mnt/build_wrt/build_dir/hostpkg/go-1.24.13/.go_bootstrap/src/cmd/gc/racewalk.c:15:
/mnt/build_wrt/build_dir/hostpkg/go-1.24.13/.go_bootstrap/include/u.h:86:42: warning: expression does not compute the number of elements in this array; element type is 'struct __jmp_buf_tag', not 'long int' [-Wsizeof-array-div]
   86 | typedef long p9jmp_buf[sizeof(sigjmp_buf)/sizeof(long)];
      |                                          ^
/mnt/build_wrt/build_dir/hostpkg/go-1.24.13/.go_bootstrap/include/u.h:86:42: note: add parentheses around the second 'sizeof' to silence this warning
/mnt/build_wrt/build_dir/hostpkg/go-1.24.13/.go_bootstrap/src/cmd/gc/racewalk.c: In function 'racewalknode':
/mnt/build_wrt/build_dir/hostpkg/go-1.24.13/.go_bootstrap/src/cmd/gc/racewalk.c:156:17: warning: this statement may fall through [-Wimplicit-fallthrough=]
  156 |                 fatal("racewalk: unknown node type %O", n->op);
      |                 ^~~~~~~~~~~~~~~~~~~~~~~~~~~~~~~~~~~~~~~~~~~~~~
/mnt/build_wrt/build_dir/hostpkg/go-1.24.13/.go_bootstrap/src/cmd/gc/racewalk.c:158:9: note: here
  158 |         case OASOP:
      |         ^~~~
In file included from /mnt/build_wrt/build_dir/hostpkg/go-1.24.13/.go_bootstrap/src/cmd/gc/range.c:9:
/mnt/build_wrt/build_dir/hostpkg/go-1.24.13/.go_bootstrap/include/u.h:86:42: warning: expression does not compute the number of elements in this array; element type is 'struct __jmp_buf_tag', not 'long int' [-Wsizeof-array-div]
   86 | typedef long p9jmp_buf[sizeof(sigjmp_buf)/sizeof(long)];
      |                                          ^
/mnt/build_wrt/build_dir/hostpkg/go-1.24.13/.go_bootstrap/include/u.h:86:42: note: add parentheses around the second 'sizeof' to silence this warning
/mnt/build_wrt/build_dir/hostpkg/go-1.24.13/.go_bootstrap/src/cmd/gc/range.c: In function 'walkrange':
/mnt/build_wrt/build_dir/hostpkg/go-1.24.13/.go_bootstrap/src/cmd/gc/range.c:144:17: warning: this statement may fall through [-Wimplicit-fallthrough=]
  144 |                 fatal("walkrange");
      |                 ^~~~~~~~~~~~~~~~~~
/mnt/build_wrt/build_dir/hostpkg/go-1.24.13/.go_bootstrap/src/cmd/gc/range.c:146:9: note: here
  146 |         case TARRAY:
      |         ^~~~
In file included from /mnt/build_wrt/build_dir/hostpkg/go-1.24.13/.go_bootstrap/src/cmd/gc/reflect.c:5:
/mnt/build_wrt/build_dir/hostpkg/go-1.24.13/.go_bootstrap/include/u.h:86:42: warning: expression does not compute the number of elements in this array; element type is 'struct __jmp_buf_tag', not 'long int' [-Wsizeof-array-div]
   86 | typedef long p9jmp_buf[sizeof(sigjmp_buf)/sizeof(long)];
      |                                          ^
/mnt/build_wrt/build_dir/hostpkg/go-1.24.13/.go_bootstrap/include/u.h:86:42: note: add parentheses around the second 'sizeof' to silence this warning
In file included from /mnt/build_wrt/build_dir/hostpkg/go-1.24.13/.go_bootstrap/src/cmd/gc/select.c:9:
/mnt/build_wrt/build_dir/hostpkg/go-1.24.13/.go_bootstrap/include/u.h:86:42: warning: expression does not compute the number of elements in this array; element type is 'struct __jmp_buf_tag', not 'long int' [-Wsizeof-array-div]
   86 | typedef long p9jmp_buf[sizeof(sigjmp_buf)/sizeof(long)];
      |                                          ^
/mnt/build_wrt/build_dir/hostpkg/go-1.24.13/.go_bootstrap/include/u.h:86:42: note: add parentheses around the second 'sizeof' to silence this warning
/mnt/build_wrt/build_dir/hostpkg/go-1.24.13/.go_bootstrap/src/cmd/gc/select.c: In function 'walkselect':
/mnt/build_wrt/build_dir/hostpkg/go-1.24.13/.go_bootstrap/src/cmd/gc/select.c:128:33: warning: this statement may fall through [-Wimplicit-fallthrough=]
  128 |                                 fatal("select %O", n->op);
      |                                 ^~~~~~~~~~~~~~~~~~~~~~~~~
/mnt/build_wrt/build_dir/hostpkg/go-1.24.13/.go_bootstrap/src/cmd/gc/select.c:130:25: note: here
  130 |                         case OSEND:
      |                         ^~~~
/mnt/build_wrt/build_dir/hostpkg/go-1.24.13/.go_bootstrap/src/cmd/gc/select.c:223:25: warning: this statement may fall through [-Wimplicit-fallthrough=]
  223 |                         fatal("select %O", n->op);
      |                         ^~~~~~~~~~~~~~~~~~~~~~~~~
/mnt/build_wrt/build_dir/hostpkg/go-1.24.13/.go_bootstrap/src/cmd/gc/select.c:225:17: note: here
  225 |                 case OSEND:
      |                 ^~~~
/mnt/build_wrt/build_dir/hostpkg/go-1.24.13/.go_bootstrap/src/cmd/gc/select.c:289:33: warning: this statement may fall through [-Wimplicit-fallthrough=]
  289 |                                 fatal("select %O", n->op);
      |                                 ^~~~~~~~~~~~~~~~~~~~~~~~~
/mnt/build_wrt/build_dir/hostpkg/go-1.24.13/.go_bootstrap/src/cmd/gc/select.c:291:25: note: here
  291 |                         case OSEND:
      |                         ^~~~
In file included from /mnt/build_wrt/build_dir/hostpkg/go-1.24.13/.go_bootstrap/src/cmd/gc/sinit.c:9:
/mnt/build_wrt/build_dir/hostpkg/go-1.24.13/.go_bootstrap/include/u.h:86:42: warning: expression does not compute the number of elements in this array; element type is 'struct __jmp_buf_tag', not 'long int' [-Wsizeof-array-div]
   86 | typedef long p9jmp_buf[sizeof(sigjmp_buf)/sizeof(long)];
      |                                          ^
/mnt/build_wrt/build_dir/hostpkg/go-1.24.13/.go_bootstrap/include/u.h:86:42: note: add parentheses around the second 'sizeof' to silence this warning
/mnt/build_wrt/build_dir/hostpkg/go-1.24.13/.go_bootstrap/src/cmd/gc/sinit.c: In function 'staticassign':
/mnt/build_wrt/build_dir/hostpkg/go-1.24.13/.go_bootstrap/src/cmd/gc/sinit.c:401:17: warning: this statement may fall through [-Wimplicit-fallthrough=]
  401 |                 switch(r->left->op) {
      |                 ^~~~~~
/mnt/build_wrt/build_dir/hostpkg/go-1.24.13/.go_bootstrap/src/cmd/gc/sinit.c:411:9: note: here
  411 |         case OPTRLIT:
      |         ^~~~
/mnt/build_wrt/build_dir/hostpkg/go-1.24.13/.go_bootstrap/src/cmd/gc/sinit.c: In function 'initplan':
/mnt/build_wrt/build_dir/hostpkg/go-1.24.13/.go_bootstrap/src/cmd/gc/sinit.c:1375:17: warning: this statement may fall through [-Wimplicit-fallthrough=]
 1375 |                 fatal("initplan");
      |                 ^~~~~~~~~~~~~~~~~
/mnt/build_wrt/build_dir/hostpkg/go-1.24.13/.go_bootstrap/src/cmd/gc/sinit.c:1376:9: note: here
 1376 |         case OARRAYLIT:
      |         ^~~~
/mnt/build_wrt/build_dir/hostpkg/go-1.24.13/.go_bootstrap/src/cmd/gc/sinit.c: In function 'anylit':
/mnt/build_wrt/build_dir/hostpkg/go-1.24.13/.go_bootstrap/src/cmd/gc/sinit.c:1040:17: warning: this statement may fall through [-Wimplicit-fallthrough=]
 1040 |                 fatal("anylit: not lit");
      |                 ^~~~~~~~~~~~~~~~~~~~~~~~
/mnt/build_wrt/build_dir/hostpkg/go-1.24.13/.go_bootstrap/src/cmd/gc/sinit.c:1042:9: note: here
 1042 |         case OPTRLIT:
      |         ^~~~
/mnt/build_wrt/build_dir/hostpkg/go-1.24.13/.go_bootstrap/src/cmd/gc/sinit.c: In function 'iszero':
/mnt/build_wrt/build_dir/hostpkg/go-1.24.13/.go_bootstrap/src/cmd/gc/sinit.c:1451:25: warning: this statement may fall through [-Wimplicit-fallthrough=]
 1451 |                         fatal("iszero");
      |                         ^~~~~~~~~~~~~~~
/mnt/build_wrt/build_dir/hostpkg/go-1.24.13/.go_bootstrap/src/cmd/gc/sinit.c:1453:17: note: here
 1453 |                 case CTNIL:
      |                 ^~~~
In file included from /mnt/build_wrt/build_dir/hostpkg/go-1.24.13/.go_bootstrap/src/cmd/gc/swt.c:5:
/mnt/build_wrt/build_dir/hostpkg/go-1.24.13/.go_bootstrap/include/u.h:86:42: warning: expression does not compute the number of elements in this array; element type is 'struct __jmp_buf_tag', not 'long int' [-Wsizeof-array-div]
   86 | typedef long p9jmp_buf[sizeof(sigjmp_buf)/sizeof(long)];
      |                                          ^
/mnt/build_wrt/build_dir/hostpkg/go-1.24.13/.go_bootstrap/include/u.h:86:42: note: add parentheses around the second 'sizeof' to silence this warning
In file included from /mnt/build_wrt/build_dir/hostpkg/go-1.24.13/.go_bootstrap/src/cmd/gc/subr.c:5:
/mnt/build_wrt/build_dir/hostpkg/go-1.24.13/.go_bootstrap/include/u.h:86:42: warning: expression does not compute the number of elements in this array; element type is 'struct __jmp_buf_tag', not 'long int' [-Wsizeof-array-div]
   86 | typedef long p9jmp_buf[sizeof(sigjmp_buf)/sizeof(long)];
      |                                          ^
/mnt/build_wrt/build_dir/hostpkg/go-1.24.13/.go_bootstrap/include/u.h:86:42: note: add parentheses around the second 'sizeof' to silence this warning
/mnt/build_wrt/build_dir/hostpkg/go-1.24.13/.go_bootstrap/src/cmd/gc/subr.c: In function 'assignop':
/mnt/build_wrt/build_dir/hostpkg/go-1.24.13/.go_bootstrap/src/cmd/gc/subr.c:1291:27: warning: this statement may fall through [-Wimplicit-fallthrough=]
 1291 |                         if(dst->bound != -100)  // not slice
      |                           ^
/mnt/build_wrt/build_dir/hostpkg/go-1.24.13/.go_bootstrap/src/cmd/gc/subr.c:1293:17: note: here
 1293 |                 case TPTR32:
      |                 ^~~~
/mnt/build_wrt/build_dir/hostpkg/go-1.24.13/.go_bootstrap/src/cmd/gc/subr.c: In function 'genhash':
/mnt/build_wrt/build_dir/hostpkg/go-1.24.13/.go_bootstrap/src/cmd/gc/subr.c:2745:17: warning: this statement may fall through [-Wimplicit-fallthrough=]
 2745 |                 fatal("genhash %T", t);
      |                 ^~~~~~~~~~~~~~~~~~~~~~
/mnt/build_wrt/build_dir/hostpkg/go-1.24.13/.go_bootstrap/src/cmd/gc/subr.c:2746:9: note: here
 2746 |         case TARRAY:
      |         ^~~~
/mnt/build_wrt/build_dir/hostpkg/go-1.24.13/.go_bootstrap/src/cmd/gc/subr.c: In function 'geneq':
/mnt/build_wrt/build_dir/hostpkg/go-1.24.13/.go_bootstrap/src/cmd/gc/subr.c:2985:17: warning: this statement may fall through [-Wimplicit-fallthrough=]
 2985 |                 fatal("geneq %T", t);
      |                 ^~~~~~~~~~~~~~~~~~~~
/mnt/build_wrt/build_dir/hostpkg/go-1.24.13/.go_bootstrap/src/cmd/gc/subr.c:2986:9: note: here
 2986 |         case TARRAY:
      |         ^~~~
In file included from /mnt/build_wrt/build_dir/hostpkg/go-1.24.13/.go_bootstrap/src/cmd/gc/typecheck.c:13:
/mnt/build_wrt/build_dir/hostpkg/go-1.24.13/.go_bootstrap/include/u.h:86:42: warning: expression does not compute the number of elements in this array; element type is 'struct __jmp_buf_tag', not 'long int' [-Wsizeof-array-div]
   86 | typedef long p9jmp_buf[sizeof(sigjmp_buf)/sizeof(long)];
      |                                          ^
/mnt/build_wrt/build_dir/hostpkg/go-1.24.13/.go_bootstrap/include/u.h:86:42: note: add parentheses around the second 'sizeof' to silence this warning
In file included from /mnt/build_wrt/build_dir/hostpkg/go-1.24.13/.go_bootstrap/src/cmd/gc/unsafe.c:5:
/mnt/build_wrt/build_dir/hostpkg/go-1.24.13/.go_bootstrap/include/u.h:86:42: warning: expression does not compute the number of elements in this array; element type is 'struct __jmp_buf_tag', not 'long int' [-Wsizeof-array-div]
   86 | typedef long p9jmp_buf[sizeof(sigjmp_buf)/sizeof(long)];
      |                                          ^
/mnt/build_wrt/build_dir/hostpkg/go-1.24.13/.go_bootstrap/include/u.h:86:42: note: add parentheses around the second 'sizeof' to silence this warning
/mnt/build_wrt/build_dir/hostpkg/go-1.24.13/.go_bootstrap/src/cmd/gc/typecheck.c: In function 'typecheck1':
/mnt/build_wrt/build_dir/hostpkg/go-1.24.13/.go_bootstrap/src/cmd/gc/typecheck.c:336:17: warning: this statement may fall through [-Wimplicit-fallthrough=]
  336 |                 fatal("typecheck %O", n->op);
      |                 ^~~~~~~~~~~~~~~~~~~~~~~~~~~~
/mnt/build_wrt/build_dir/hostpkg/go-1.24.13/.go_bootstrap/src/cmd/gc/typecheck.c:341:9: note: here
  341 |         case OLITERAL:
      |         ^~~~
In file included from /mnt/build_wrt/build_dir/hostpkg/go-1.24.13/.go_bootstrap/src/cmd/gc/walk.c:5:
/mnt/build_wrt/build_dir/hostpkg/go-1.24.13/.go_bootstrap/include/u.h:86:42: warning: expression does not compute the number of elements in this array; element type is 'struct __jmp_buf_tag', not 'long int' [-Wsizeof-array-div]
   86 | typedef long p9jmp_buf[sizeof(sigjmp_buf)/sizeof(long)];
      |                                          ^
/mnt/build_wrt/build_dir/hostpkg/go-1.24.13/.go_bootstrap/include/u.h:86:42: note: add parentheses around the second 'sizeof' to silence this warning
/mnt/build_wrt/build_dir/hostpkg/go-1.24.13/.go_bootstrap/src/cmd/gc/walk.c: In function 'walkstmt':
/mnt/build_wrt/build_dir/hostpkg/go-1.24.13/.go_bootstrap/src/cmd/gc/walk.c:220:23: warning: this statement may fall through [-Wimplicit-fallthrough=]
  220 |                 n->op = OCASE;
      |                 ~~~~~~^~~~~~~
/mnt/build_wrt/build_dir/hostpkg/go-1.24.13/.go_bootstrap/src/cmd/gc/walk.c:221:9: note: here
  221 |         case OCASE:
      |         ^~~~
/mnt/build_wrt/build_dir/hostpkg/go-1.24.13/.go_bootstrap/src/cmd/gc/walk.c: In function 'walkexpr':
/mnt/build_wrt/build_dir/hostpkg/go-1.24.13/.go_bootstrap/src/cmd/gc/walk.c:1128:17: warning: this statement may fall through [-Wimplicit-fallthrough=]
 1128 |                 fatal("walkexpr ORECV"); // should see inside OAS only
      |                 ^~~~~~~~~~~~~~~~~~~~~~~
/mnt/build_wrt/build_dir/hostpkg/go-1.24.13/.go_bootstrap/src/cmd/gc/walk.c:1130:9: note: here
 1130 |         case OSLICE:
      |         ^~~~
In file included from go.y:21:
/mnt/build_wrt/build_dir/hostpkg/go-1.24.13/.go_bootstrap/include/u.h:86:42: warning: expression does not compute the number of elements in this array; element type is 'struct __jmp_buf_tag', not 'long int' [-Wsizeof-array-div]
   86 | typedef long p9jmp_buf[sizeof(sigjmp_buf)/sizeof(long)];
      |                                          ^
/mnt/build_wrt/build_dir/hostpkg/go-1.24.13/.go_bootstrap/include/u.h:86:42: note: add parentheses around the second 'sizeof' to silence this warning
cmd/6l
In file included from /mnt/build_wrt/build_dir/hostpkg/go-1.24.13/.go_bootstrap/src/cmd/6l/l.h:31,
                 from /mnt/build_wrt/build_dir/hostpkg/go-1.24.13/.go_bootstrap/src/cmd/6l/../ld/decodesym.c:5:
/mnt/build_wrt/build_dir/hostpkg/go-1.24.13/.go_bootstrap/include/u.h:86:42: warning: expression does not compute the number of elements in this array; element type is 'struct __jmp_buf_tag', not 'long int' [-Wsizeof-array-div]
   86 | typedef long p9jmp_buf[sizeof(sigjmp_buf)/sizeof(long)];
      |                                          ^
In file included from /mnt/build_wrt/build_dir/hostpkg/go-1.24.13/.go_bootstrap/src/cmd/6l/l.h:31,
                 from /mnt/build_wrt/build_dir/hostpkg/go-1.24.13/.go_bootstrap/src/cmd/6l/../ld/elf.c:5:
/mnt/build_wrt/build_dir/hostpkg/go-1.24.13/.go_bootstrap/include/u.h:86:42: warning: expression does not compute the number of elements in this array; element type is 'struct __jmp_buf_tag', not 'long int' [-Wsizeof-array-div]
   86 | typedef long p9jmp_buf[sizeof(sigjmp_buf)/sizeof(long)];
      |                                          ^
/mnt/build_wrt/build_dir/hostpkg/go-1.24.13/.go_bootstrap/include/u.h:86:42: note: add parentheses around the second 'sizeof' to silence this warning
/mnt/build_wrt/build_dir/hostpkg/go-1.24.13/.go_bootstrap/include/u.h:86:42: note: add parentheses around the second 'sizeof' to silence this warning
In file included from /mnt/build_wrt/build_dir/hostpkg/go-1.24.13/.go_bootstrap/src/cmd/6l/l.h:31,
                 from /mnt/build_wrt/build_dir/hostpkg/go-1.24.13/.go_bootstrap/src/cmd/6l/../ld/data.c:33:
/mnt/build_wrt/build_dir/hostpkg/go-1.24.13/.go_bootstrap/include/u.h:86:42: warning: expression does not compute the number of elements in this array; element type is 'struct __jmp_buf_tag', not 'long int' [-Wsizeof-array-div]
   86 | typedef long p9jmp_buf[sizeof(sigjmp_buf)/sizeof(long)];
      |                                          ^
In file included from /mnt/build_wrt/build_dir/hostpkg/go-1.24.13/.go_bootstrap/src/cmd/6l/l.h:31,
                 from /mnt/build_wrt/build_dir/hostpkg/go-1.24.13/.go_bootstrap/src/cmd/6l/../ld/dwarf.c:15:
/mnt/build_wrt/build_dir/hostpkg/go-1.24.13/.go_bootstrap/include/u.h:86:42: warning: expression does not compute the number of elements in this array; element type is 'struct __jmp_buf_tag', not 'long int' [-Wsizeof-array-div]
   86 | typedef long p9jmp_buf[sizeof(sigjmp_buf)/sizeof(long)];
      |                                          ^
/mnt/build_wrt/build_dir/hostpkg/go-1.24.13/.go_bootstrap/include/u.h:86:42: note: add parentheses around the second 'sizeof' to silence this warning
/mnt/build_wrt/build_dir/hostpkg/go-1.24.13/.go_bootstrap/include/u.h:86:42: note: add parentheses around the second 'sizeof' to silence this warning
/mnt/build_wrt/build_dir/hostpkg/go-1.24.13/.go_bootstrap/src/cmd/6l/../ld/data.c: In function 'relocsym':
/mnt/build_wrt/build_dir/hostpkg/go-1.24.13/.go_bootstrap/src/cmd/6l/../ld/data.c:315:25: warning: this statement may fall through [-Wimplicit-fallthrough=]
  315 |                         diag("bad reloc size %#ux for %s", siz, r->sym->name);
      |                         ^~~~~~~~~~~~~~~~~~~~~~~~~~~~~~~~~~~~~~~~~~~~~~~~~~~~~
/mnt/build_wrt/build_dir/hostpkg/go-1.24.13/.go_bootstrap/src/cmd/6l/../ld/data.c:316:17: note: here
  316 |                 case 1:
      |                 ^~~~
/mnt/build_wrt/build_dir/hostpkg/go-1.24.13/.go_bootstrap/src/cmd/6l/../ld/elf.c: In function 'asmbelf':
/mnt/build_wrt/build_dir/hostpkg/go-1.24.13/.go_bootstrap/src/cmd/6l/../ld/elf.c:1141:17: warning: this statement may fall through [-Wimplicit-fallthrough=]
 1141 |                 errorexit();
      |                 ^~~~~~~~~~~
/mnt/build_wrt/build_dir/hostpkg/go-1.24.13/.go_bootstrap/src/cmd/6l/../ld/elf.c:1142:9: note: here
 1142 |         case '5':
      |         ^~~~
In file included from /mnt/build_wrt/build_dir/hostpkg/go-1.24.13/.go_bootstrap/src/cmd/6l/l.h:31,
                 from /mnt/build_wrt/build_dir/hostpkg/go-1.24.13/.go_bootstrap/src/cmd/6l/../ld/go.c:7:
/mnt/build_wrt/build_dir/hostpkg/go-1.24.13/.go_bootstrap/include/u.h:86:42: warning: expression does not compute the number of elements in this array; element type is 'struct __jmp_buf_tag', not 'long int' [-Wsizeof-array-div]
   86 | typedef long p9jmp_buf[sizeof(sigjmp_buf)/sizeof(long)];
      |                                          ^
/mnt/build_wrt/build_dir/hostpkg/go-1.24.13/.go_bootstrap/include/u.h:86:42: note: add parentheses around the second 'sizeof' to silence this warning
In file included from /mnt/build_wrt/build_dir/hostpkg/go-1.24.13/.go_bootstrap/src/cmd/6l/l.h:31,
                 from /mnt/build_wrt/build_dir/hostpkg/go-1.24.13/.go_bootstrap/src/cmd/6l/../ld/ldelf.c:28:
/mnt/build_wrt/build_dir/hostpkg/go-1.24.13/.go_bootstrap/include/u.h:86:42: warning: expression does not compute the number of elements in this array; element type is 'struct __jmp_buf_tag', not 'long int' [-Wsizeof-array-div]
   86 | typedef long p9jmp_buf[sizeof(sigjmp_buf)/sizeof(long)];
      |                                          ^
/mnt/build_wrt/build_dir/hostpkg/go-1.24.13/.go_bootstrap/include/u.h:86:42: note: add parentheses around the second 'sizeof' to silence this warning
In file included from /mnt/build_wrt/build_dir/hostpkg/go-1.24.13/.go_bootstrap/src/cmd/6l/l.h:31,
                 from /mnt/build_wrt/build_dir/hostpkg/go-1.24.13/.go_bootstrap/src/cmd/6l/../ld/ldmacho.c:28:
/mnt/build_wrt/build_dir/hostpkg/go-1.24.13/.go_bootstrap/include/u.h:86:42: warning: expression does not compute the number of elements in this array; element type is 'struct __jmp_buf_tag', not 'long int' [-Wsizeof-array-div]
   86 | typedef long p9jmp_buf[sizeof(sigjmp_buf)/sizeof(long)];
      |                                          ^
/mnt/build_wrt/build_dir/hostpkg/go-1.24.13/.go_bootstrap/include/u.h:86:42: note: add parentheses around the second 'sizeof' to silence this warning
/mnt/build_wrt/build_dir/hostpkg/go-1.24.13/.go_bootstrap/src/cmd/6l/../ld/ldelf.c: In function 'reltype':
/mnt/build_wrt/build_dir/hostpkg/go-1.24.13/.go_bootstrap/src/cmd/6l/../ld/ldelf.c:875:17: warning: this statement may fall through [-Wimplicit-fallthrough=]
  875 |                 diag("%s: unknown relocation type %d; compiled without -fpic?", pn, elftype);
      |                 ^~~~~~~~~~~~~~~~~~~~~~~~~~~~~~~~~~~~~~~~~~~~~~~~~~~~~~~~~~~~~~~~~~~~~~~~~~~~
/mnt/build_wrt/build_dir/hostpkg/go-1.24.13/.go_bootstrap/src/cmd/6l/../ld/ldelf.c:876:9: note: here
  876 |         case R('5', R_ARM_ABS32):
      |         ^~~~
In file included from /mnt/build_wrt/build_dir/hostpkg/go-1.24.13/.go_bootstrap/src/cmd/6l/l.h:31,
                 from /mnt/build_wrt/build_dir/hostpkg/go-1.24.13/.go_bootstrap/src/cmd/6l/../ld/ldpe.c:5:
/mnt/build_wrt/build_dir/hostpkg/go-1.24.13/.go_bootstrap/include/u.h:86:42: warning: expression does not compute the number of elements in this array; element type is 'struct __jmp_buf_tag', not 'long int' [-Wsizeof-array-div]
   86 | typedef long p9jmp_buf[sizeof(sigjmp_buf)/sizeof(long)];
      |                                          ^
/mnt/build_wrt/build_dir/hostpkg/go-1.24.13/.go_bootstrap/include/u.h:86:42: note: add parentheses around the second 'sizeof' to silence this warning
/mnt/build_wrt/build_dir/hostpkg/go-1.24.13/.go_bootstrap/src/cmd/6l/../ld/ldpe.c: In function 'ldpe':
/mnt/build_wrt/build_dir/hostpkg/go-1.24.13/.go_bootstrap/src/cmd/6l/../ld/ldpe.c:298:41: warning: this statement may fall through [-Wimplicit-fallthrough=]
  298 |                                         diag("%s: unknown relocation type %d;", pn, type);
      |                                         ^~~~~~~~~~~~~~~~~~~~~~~~~~~~~~~~~~~~~~~~~~~~~~~~~
/mnt/build_wrt/build_dir/hostpkg/go-1.24.13/.go_bootstrap/src/cmd/6l/../ld/ldpe.c:299:33: note: here
  299 |                                 case IMAGE_REL_I386_REL32:
      |                                 ^~~~
/mnt/build_wrt/build_dir/hostpkg/go-1.24.13/.go_bootstrap/src/cmd/6l/../ld/ldpe.c:207:25: warning: '__builtin_strncpy' output may be truncated copying 8 bytes from a string of length 17 [-Wstringop-truncation]
  207 |                         strncpy(obj->pesym[i].name, (char*)symbuf, 8);
      |                         ^
In file included from /mnt/build_wrt/build_dir/hostpkg/go-1.24.13/.go_bootstrap/src/cmd/6l/l.h:31,
                 from /mnt/build_wrt/build_dir/hostpkg/go-1.24.13/.go_bootstrap/src/cmd/6l/../ld/lib.c:32:
/mnt/build_wrt/build_dir/hostpkg/go-1.24.13/.go_bootstrap/include/u.h:86:42: warning: expression does not compute the number of elements in this array; element type is 'struct __jmp_buf_tag', not 'long int' [-Wsizeof-array-div]
   86 | typedef long p9jmp_buf[sizeof(sigjmp_buf)/sizeof(long)];
      |                                          ^
/mnt/build_wrt/build_dir/hostpkg/go-1.24.13/.go_bootstrap/include/u.h:86:42: note: add parentheses around the second 'sizeof' to silence this warning
In file included from /mnt/build_wrt/build_dir/hostpkg/go-1.24.13/.go_bootstrap/src/cmd/6l/l.h:31,
                 from /mnt/build_wrt/build_dir/hostpkg/go-1.24.13/.go_bootstrap/src/cmd/6l/../ld/macho.c:8:
/mnt/build_wrt/build_dir/hostpkg/go-1.24.13/.go_bootstrap/include/u.h:86:42: warning: expression does not compute the number of elements in this array; element type is 'struct __jmp_buf_tag', not 'long int' [-Wsizeof-array-div]
   86 | typedef long p9jmp_buf[sizeof(sigjmp_buf)/sizeof(long)];
      |                                          ^
/mnt/build_wrt/build_dir/hostpkg/go-1.24.13/.go_bootstrap/include/u.h:86:42: note: add parentheses around the second 'sizeof' to silence this warning
/mnt/build_wrt/build_dir/hostpkg/go-1.24.13/.go_bootstrap/src/cmd/6l/../ld/macho.c: In function 'asmbmacho':
/mnt/build_wrt/build_dir/hostpkg/go-1.24.13/.go_bootstrap/src/cmd/6l/../ld/macho.c:358:17: warning: this statement may fall through [-Wimplicit-fallthrough=]
  358 |                 errorexit();
      |                 ^~~~~~~~~~~
/mnt/build_wrt/build_dir/hostpkg/go-1.24.13/.go_bootstrap/src/cmd/6l/../ld/macho.c:359:9: note: here
  359 |         case '6':
      |         ^~~~
/mnt/build_wrt/build_dir/hostpkg/go-1.24.13/.go_bootstrap/src/cmd/6l/../ld/macho.c:417:25: warning: this statement may fall through [-Wimplicit-fallthrough=]
  417 |                         errorexit();
      |                         ^~~~~~~~~~~
/mnt/build_wrt/build_dir/hostpkg/go-1.24.13/.go_bootstrap/src/cmd/6l/../ld/macho.c:418:17: note: here
  418 |                 case '6':
      |                 ^~~~
In file included from /mnt/build_wrt/build_dir/hostpkg/go-1.24.13/.go_bootstrap/src/cmd/6l/l.h:31,
                 from /mnt/build_wrt/build_dir/hostpkg/go-1.24.13/.go_bootstrap/src/cmd/6l/../ld/pcln.c:5:
/mnt/build_wrt/build_dir/hostpkg/go-1.24.13/.go_bootstrap/include/u.h:86:42: warning: expression does not compute the number of elements in this array; element type is 'struct __jmp_buf_tag', not 'long int' [-Wsizeof-array-div]
   86 | typedef long p9jmp_buf[sizeof(sigjmp_buf)/sizeof(long)];
      |                                          ^
/mnt/build_wrt/build_dir/hostpkg/go-1.24.13/.go_bootstrap/include/u.h:86:42: note: add parentheses around the second 'sizeof' to silence this warning
In file included from /mnt/build_wrt/build_dir/hostpkg/go-1.24.13/.go_bootstrap/src/cmd/6l/l.h:31,
                 from /mnt/build_wrt/build_dir/hostpkg/go-1.24.13/.go_bootstrap/src/cmd/6l/../ld/pe.c:8:
/mnt/build_wrt/build_dir/hostpkg/go-1.24.13/.go_bootstrap/include/u.h:86:42: warning: expression does not compute the number of elements in this array; element type is 'struct __jmp_buf_tag', not 'long int' [-Wsizeof-array-div]
   86 | typedef long p9jmp_buf[sizeof(sigjmp_buf)/sizeof(long)];
      |                                          ^
/mnt/build_wrt/build_dir/hostpkg/go-1.24.13/.go_bootstrap/include/u.h:86:42: note: add parentheses around the second 'sizeof' to silence this warning
/mnt/build_wrt/build_dir/hostpkg/go-1.24.13/.go_bootstrap/src/cmd/6l/../ld/pe.c: In function 'asmbpe':
/mnt/build_wrt/build_dir/hostpkg/go-1.24.13/.go_bootstrap/src/cmd/6l/../ld/pe.c:617:17: warning: this statement may fall through [-Wimplicit-fallthrough=]
  617 |                 errorexit();
      |                 ^~~~~~~~~~~
/mnt/build_wrt/build_dir/hostpkg/go-1.24.13/.go_bootstrap/src/cmd/6l/../ld/pe.c:618:9: note: here
  618 |         case '6':
      |         ^~~~
In file included from /mnt/build_wrt/build_dir/hostpkg/go-1.24.13/.go_bootstrap/src/cmd/6l/l.h:31,
                 from /mnt/build_wrt/build_dir/hostpkg/go-1.24.13/.go_bootstrap/src/cmd/6l/../ld/pobj.c:34:
/mnt/build_wrt/build_dir/hostpkg/go-1.24.13/.go_bootstrap/include/u.h:86:42: warning: expression does not compute the number of elements in this array; element type is 'struct __jmp_buf_tag', not 'long int' [-Wsizeof-array-div]
   86 | typedef long p9jmp_buf[sizeof(sigjmp_buf)/sizeof(long)];
      |                                          ^
/mnt/build_wrt/build_dir/hostpkg/go-1.24.13/.go_bootstrap/include/u.h:86:42: note: add parentheses around the second 'sizeof' to silence this warning
In file included from /mnt/build_wrt/build_dir/hostpkg/go-1.24.13/.go_bootstrap/src/cmd/6l/l.h:31,
                 from /mnt/build_wrt/build_dir/hostpkg/go-1.24.13/.go_bootstrap/src/cmd/6l/../ld/symtab.c:33:
/mnt/build_wrt/build_dir/hostpkg/go-1.24.13/.go_bootstrap/include/u.h:86:42: warning: expression does not compute the number of elements in this array; element type is 'struct __jmp_buf_tag', not 'long int' [-Wsizeof-array-div]
   86 | typedef long p9jmp_buf[sizeof(sigjmp_buf)/sizeof(long)];
      |                                          ^
/mnt/build_wrt/build_dir/hostpkg/go-1.24.13/.go_bootstrap/include/u.h:86:42: note: add parentheses around the second 'sizeof' to silence this warning
/mnt/build_wrt/build_dir/hostpkg/go-1.24.13/.go_bootstrap/src/cmd/6l/../ld/symtab.c: In function 'putplan9sym':
/mnt/build_wrt/build_dir/hostpkg/go-1.24.13/.go_bootstrap/src/cmd/6l/../ld/symtab.c:246:19: warning: this statement may fall through [-Wimplicit-fallthrough=]
  246 |                 if(ver)
      |                   ^
/mnt/build_wrt/build_dir/hostpkg/go-1.24.13/.go_bootstrap/src/cmd/6l/../ld/symtab.c:248:9: note: here
  248 |         case 'a':
      |         ^~~~
In file included from /mnt/build_wrt/build_dir/hostpkg/go-1.24.13/.go_bootstrap/src/cmd/6l/l.h:31,
                 from /mnt/build_wrt/build_dir/hostpkg/go-1.24.13/.go_bootstrap/src/cmd/6l/asm.c:33:
/mnt/build_wrt/build_dir/hostpkg/go-1.24.13/.go_bootstrap/include/u.h:86:42: warning: expression does not compute the number of elements in this array; element type is 'struct __jmp_buf_tag', not 'long int' [-Wsizeof-array-div]
   86 | typedef long p9jmp_buf[sizeof(sigjmp_buf)/sizeof(long)];
      |                                          ^
/mnt/build_wrt/build_dir/hostpkg/go-1.24.13/.go_bootstrap/include/u.h:86:42: note: add parentheses around the second 'sizeof' to silence this warning
In file included from /mnt/build_wrt/build_dir/hostpkg/go-1.24.13/.go_bootstrap/src/cmd/6l/l.h:31,
                 from /mnt/build_wrt/build_dir/hostpkg/go-1.24.13/.go_bootstrap/src/cmd/6l/list.c:33:
/mnt/build_wrt/build_dir/hostpkg/go-1.24.13/.go_bootstrap/include/u.h:86:42: warning: expression does not compute the number of elements in this array; element type is 'struct __jmp_buf_tag', not 'long int' [-Wsizeof-array-div]
   86 | typedef long p9jmp_buf[sizeof(sigjmp_buf)/sizeof(long)];
      |                                          ^
In file included from /mnt/build_wrt/build_dir/hostpkg/go-1.24.13/.go_bootstrap/src/cmd/6l/l.h:31,
                 from /mnt/build_wrt/build_dir/hostpkg/go-1.24.13/.go_bootstrap/src/cmd/6l/obj.c:33:
/mnt/build_wrt/build_dir/hostpkg/go-1.24.13/.go_bootstrap/include/u.h:86:42: warning: expression does not compute the number of elements in this array; element type is 'struct __jmp_buf_tag', not 'long int' [-Wsizeof-array-div]
   86 | typedef long p9jmp_buf[sizeof(sigjmp_buf)/sizeof(long)];
      |                                          ^
/mnt/build_wrt/build_dir/hostpkg/go-1.24.13/.go_bootstrap/include/u.h:86:42: note: add parentheses around the second 'sizeof' to silence this warning
/mnt/build_wrt/build_dir/hostpkg/go-1.24.13/.go_bootstrap/include/u.h:86:42: note: add parentheses around the second 'sizeof' to silence this warning
/mnt/build_wrt/build_dir/hostpkg/go-1.24.13/.go_bootstrap/src/cmd/6l/obj.c: In function 'archinit':
/mnt/build_wrt/build_dir/hostpkg/go-1.24.13/.go_bootstrap/src/cmd/6l/obj.c:86:17: warning: this statement may fall through [-Wimplicit-fallthrough=]
   86 |                 errorexit();
      |                 ^~~~~~~~~~~
/mnt/build_wrt/build_dir/hostpkg/go-1.24.13/.go_bootstrap/src/cmd/6l/obj.c:87:9: note: here
   87 |         case Hplan9:            /* plan 9 */
      |         ^~~~
cmd/6a
In file included from /mnt/build_wrt/build_dir/hostpkg/go-1.24.13/.go_bootstrap/src/cmd/6a/lex.c:32:
/mnt/build_wrt/build_dir/hostpkg/go-1.24.13/.go_bootstrap/include/u.h:86:42: warning: expression does not compute the number of elements in this array; element type is 'struct __jmp_buf_tag', not 'long int' [-Wsizeof-array-div]
   86 | typedef long p9jmp_buf[sizeof(sigjmp_buf)/sizeof(long)];
      |                                          ^
In file included from a.y:32:
/mnt/build_wrt/build_dir/hostpkg/go-1.24.13/.go_bootstrap/include/u.h:86:42: warning: expression does not compute the number of elements in this array; element type is 'struct __jmp_buf_tag', not 'long int' [-Wsizeof-array-div]
   86 | typedef long p9jmp_buf[sizeof(sigjmp_buf)/sizeof(long)];
      |                                          ^
/mnt/build_wrt/build_dir/hostpkg/go-1.24.13/.go_bootstrap/include/u.h:86:42: note: add parentheses around the second 'sizeof' to silence this warning
/mnt/build_wrt/build_dir/hostpkg/go-1.24.13/.go_bootstrap/include/u.h:86:42: note: add parentheses around the second 'sizeof' to silence this warning
cmd/6c
In file included from /mnt/build_wrt/build_dir/hostpkg/go-1.24.13/.go_bootstrap/src/cmd/6c/gc.h:31,
                 from /mnt/build_wrt/build_dir/hostpkg/go-1.24.13/.go_bootstrap/src/cmd/6c/div.c:31:
/mnt/build_wrt/build_dir/hostpkg/go-1.24.13/.go_bootstrap/include/u.h:86:42: warning: expression does not compute the number of elements in this array; element type is 'struct __jmp_buf_tag', not 'long int' [-Wsizeof-array-div]
   86 | typedef long p9jmp_buf[sizeof(sigjmp_buf)/sizeof(long)];
      |                                          ^
In file included from /mnt/build_wrt/build_dir/hostpkg/go-1.24.13/.go_bootstrap/src/cmd/6c/gc.h:31,
                 from /mnt/build_wrt/build_dir/hostpkg/go-1.24.13/.go_bootstrap/src/cmd/6c/cgen.c:31:
/mnt/build_wrt/build_dir/hostpkg/go-1.24.13/.go_bootstrap/include/u.h:86:42: warning: expression does not compute the number of elements in this array; element type is 'struct __jmp_buf_tag', not 'long int' [-Wsizeof-array-div]
   86 | typedef long p9jmp_buf[sizeof(sigjmp_buf)/sizeof(long)];
      |                                          ^
In file included from /mnt/build_wrt/build_dir/hostpkg/go-1.24.13/.go_bootstrap/src/cmd/6c/gc.h:31,
                 from /mnt/build_wrt/build_dir/hostpkg/go-1.24.13/.go_bootstrap/src/cmd/6c/../cc/pgen.c:31:
/mnt/build_wrt/build_dir/hostpkg/go-1.24.13/.go_bootstrap/include/u.h:86:42: warning: expression does not compute the number of elements in this array; element type is 'struct __jmp_buf_tag', not 'long int' [-Wsizeof-array-div]
   86 | typedef long p9jmp_buf[sizeof(sigjmp_buf)/sizeof(long)];
      |                                          ^
In file included from /mnt/build_wrt/build_dir/hostpkg/go-1.24.13/.go_bootstrap/src/cmd/6c/gc.h:31,
                 from /mnt/build_wrt/build_dir/hostpkg/go-1.24.13/.go_bootstrap/src/cmd/6c/../cc/pswt.c:31:
/mnt/build_wrt/build_dir/hostpkg/go-1.24.13/.go_bootstrap/include/u.h:86:42: warning: expression does not compute the number of elements in this array; element type is 'struct __jmp_buf_tag', not 'long int' [-Wsizeof-array-div]
   86 | typedef long p9jmp_buf[sizeof(sigjmp_buf)/sizeof(long)];
      |                                          ^
/mnt/build_wrt/build_dir/hostpkg/go-1.24.13/.go_bootstrap/include/u.h:86:42: note: add parentheses around the second 'sizeof' to silence this warning
/mnt/build_wrt/build_dir/hostpkg/go-1.24.13/.go_bootstrap/include/u.h:86:42: note: add parentheses around the second 'sizeof' to silence this warning
/mnt/build_wrt/build_dir/hostpkg/go-1.24.13/.go_bootstrap/include/u.h:86:42: note: add parentheses around the second 'sizeof' to silence this warning
/mnt/build_wrt/build_dir/hostpkg/go-1.24.13/.go_bootstrap/include/u.h:86:42: note: add parentheses around the second 'sizeof' to silence this warning
In file included from /mnt/build_wrt/build_dir/hostpkg/go-1.24.13/.go_bootstrap/src/cmd/6c/gc.h:31,
                 from /mnt/build_wrt/build_dir/hostpkg/go-1.24.13/.go_bootstrap/src/cmd/6c/list.c:32:
/mnt/build_wrt/build_dir/hostpkg/go-1.24.13/.go_bootstrap/include/u.h:86:42: warning: expression does not compute the number of elements in this array; element type is 'struct __jmp_buf_tag', not 'long int' [-Wsizeof-array-div]
   86 | typedef long p9jmp_buf[sizeof(sigjmp_buf)/sizeof(long)];
      |                                          ^
/mnt/build_wrt/build_dir/hostpkg/go-1.24.13/.go_bootstrap/include/u.h:86:42: note: add parentheses around the second 'sizeof' to silence this warning
In file included from /mnt/build_wrt/build_dir/hostpkg/go-1.24.13/.go_bootstrap/src/cmd/6c/gc.h:31,
                 from /mnt/build_wrt/build_dir/hostpkg/go-1.24.13/.go_bootstrap/src/cmd/6c/machcap.c:31:
/mnt/build_wrt/build_dir/hostpkg/go-1.24.13/.go_bootstrap/include/u.h:86:42: warning: expression does not compute the number of elements in this array; element type is 'struct __jmp_buf_tag', not 'long int' [-Wsizeof-array-div]
   86 | typedef long p9jmp_buf[sizeof(sigjmp_buf)/sizeof(long)];
      |                                          ^
/mnt/build_wrt/build_dir/hostpkg/go-1.24.13/.go_bootstrap/include/u.h:86:42: note: add parentheses around the second 'sizeof' to silence this warning
In file included from /mnt/build_wrt/build_dir/hostpkg/go-1.24.13/.go_bootstrap/src/cmd/6c/gc.h:31,
                 from /mnt/build_wrt/build_dir/hostpkg/go-1.24.13/.go_bootstrap/src/cmd/6c/mul.c:31:
/mnt/build_wrt/build_dir/hostpkg/go-1.24.13/.go_bootstrap/include/u.h:86:42: warning: expression does not compute the number of elements in this array; element type is 'struct __jmp_buf_tag', not 'long int' [-Wsizeof-array-div]
   86 | typedef long p9jmp_buf[sizeof(sigjmp_buf)/sizeof(long)];
      |                                          ^
/mnt/build_wrt/build_dir/hostpkg/go-1.24.13/.go_bootstrap/include/u.h:86:42: note: add parentheses around the second 'sizeof' to silence this warning
In file included from /mnt/build_wrt/build_dir/hostpkg/go-1.24.13/.go_bootstrap/src/cmd/6c/gc.h:31,
                 from /mnt/build_wrt/build_dir/hostpkg/go-1.24.13/.go_bootstrap/src/cmd/6c/peep.c:31:
/mnt/build_wrt/build_dir/hostpkg/go-1.24.13/.go_bootstrap/include/u.h:86:42: warning: expression does not compute the number of elements in this array; element type is 'struct __jmp_buf_tag', not 'long int' [-Wsizeof-array-div]
   86 | typedef long p9jmp_buf[sizeof(sigjmp_buf)/sizeof(long)];
      |                                          ^
/mnt/build_wrt/build_dir/hostpkg/go-1.24.13/.go_bootstrap/include/u.h:86:42: note: add parentheses around the second 'sizeof' to silence this warning
/mnt/build_wrt/build_dir/hostpkg/go-1.24.13/.go_bootstrap/src/cmd/6c/peep.c: In function 'peep':
/mnt/build_wrt/build_dir/hostpkg/go-1.24.13/.go_bootstrap/src/cmd/6c/peep.c:111:26: warning: this statement may fall through [-Wimplicit-fallthrough=]
  111 |                         t++;
      |                         ~^~
/mnt/build_wrt/build_dir/hostpkg/go-1.24.13/.go_bootstrap/src/cmd/6c/peep.c:113:17: note: here
  113 |                 case ADATA:
      |                 ^~~~
In file included from /mnt/build_wrt/build_dir/hostpkg/go-1.24.13/.go_bootstrap/src/cmd/6c/gc.h:31,
                 from /mnt/build_wrt/build_dir/hostpkg/go-1.24.13/.go_bootstrap/src/cmd/6c/reg.c:31:
/mnt/build_wrt/build_dir/hostpkg/go-1.24.13/.go_bootstrap/include/u.h:86:42: warning: expression does not compute the number of elements in this array; element type is 'struct __jmp_buf_tag', not 'long int' [-Wsizeof-array-div]
   86 | typedef long p9jmp_buf[sizeof(sigjmp_buf)/sizeof(long)];
      |                                          ^
/mnt/build_wrt/build_dir/hostpkg/go-1.24.13/.go_bootstrap/include/u.h:86:42: note: add parentheses around the second 'sizeof' to silence this warning
/mnt/build_wrt/build_dir/hostpkg/go-1.24.13/.go_bootstrap/src/cmd/6c/peep.c: In function 'copyu':
/mnt/build_wrt/build_dir/hostpkg/go-1.24.13/.go_bootstrap/src/cmd/6c/peep.c:573:19: warning: this statement may fall through [-Wimplicit-fallthrough=]
  573 |                 if(copyas(&p->from, v))
      |                   ^
/mnt/build_wrt/build_dir/hostpkg/go-1.24.13/.go_bootstrap/src/cmd/6c/peep.c:577:9: note: here
  577 |         case ANOP:      /* rhs store */
      |         ^~~~
/mnt/build_wrt/build_dir/hostpkg/go-1.24.13/.go_bootstrap/src/cmd/6c/peep.c:747:19: warning: this statement may fall through [-Wimplicit-fallthrough=]
  747 |                 if(p->to.type != D_NONE) {
      |                   ^
/mnt/build_wrt/build_dir/hostpkg/go-1.24.13/.go_bootstrap/src/cmd/6c/peep.c:753:9: note: here
  753 |         case ADIVB:
      |         ^~~~
/mnt/build_wrt/build_dir/hostpkg/go-1.24.13/.go_bootstrap/src/cmd/6c/reg.c: In function 'regopt':
/mnt/build_wrt/build_dir/hostpkg/go-1.24.13/.go_bootstrap/src/cmd/6c/reg.c:340:27: warning: this statement may fall through [-Wimplicit-fallthrough=]
  340 |                         if(p->to.type != D_NONE)
      |                           ^
/mnt/build_wrt/build_dir/hostpkg/go-1.24.13/.go_bootstrap/src/cmd/6c/reg.c:343:17: note: here
  343 |                 case AIDIVB:
      |                 ^~~~
In file included from /mnt/build_wrt/build_dir/hostpkg/go-1.24.13/.go_bootstrap/src/cmd/6c/gc.h:31,
                 from /mnt/build_wrt/build_dir/hostpkg/go-1.24.13/.go_bootstrap/src/cmd/6c/sgen.c:31:
/mnt/build_wrt/build_dir/hostpkg/go-1.24.13/.go_bootstrap/include/u.h:86:42: warning: expression does not compute the number of elements in this array; element type is 'struct __jmp_buf_tag', not 'long int' [-Wsizeof-array-div]
   86 | typedef long p9jmp_buf[sizeof(sigjmp_buf)/sizeof(long)];
      |                                          ^
/mnt/build_wrt/build_dir/hostpkg/go-1.24.13/.go_bootstrap/include/u.h:86:42: note: add parentheses around the second 'sizeof' to silence this warning
In file included from /mnt/build_wrt/build_dir/hostpkg/go-1.24.13/.go_bootstrap/src/cmd/6c/gc.h:31,
                 from /mnt/build_wrt/build_dir/hostpkg/go-1.24.13/.go_bootstrap/src/cmd/6c/swt.c:31:
/mnt/build_wrt/build_dir/hostpkg/go-1.24.13/.go_bootstrap/include/u.h:86:42: warning: expression does not compute the number of elements in this array; element type is 'struct __jmp_buf_tag', not 'long int' [-Wsizeof-array-div]
   86 | typedef long p9jmp_buf[sizeof(sigjmp_buf)/sizeof(long)];
      |                                          ^
/mnt/build_wrt/build_dir/hostpkg/go-1.24.13/.go_bootstrap/include/u.h:86:42: note: add parentheses around the second 'sizeof' to silence this warning
In file included from /mnt/build_wrt/build_dir/hostpkg/go-1.24.13/.go_bootstrap/src/cmd/6c/gc.h:31,
                 from /mnt/build_wrt/build_dir/hostpkg/go-1.24.13/.go_bootstrap/src/cmd/6c/txt.c:31:
/mnt/build_wrt/build_dir/hostpkg/go-1.24.13/.go_bootstrap/include/u.h:86:42: warning: expression does not compute the number of elements in this array; element type is 'struct __jmp_buf_tag', not 'long int' [-Wsizeof-array-div]
   86 | typedef long p9jmp_buf[sizeof(sigjmp_buf)/sizeof(long)];
      |                                          ^
/mnt/build_wrt/build_dir/hostpkg/go-1.24.13/.go_bootstrap/include/u.h:86:42: note: add parentheses around the second 'sizeof' to silence this warning
/mnt/build_wrt/build_dir/hostpkg/go-1.24.13/.go_bootstrap/src/cmd/6c/txt.c: In function 'gmove':
/mnt/build_wrt/build_dir/hostpkg/go-1.24.13/.go_bootstrap/src/cmd/6c/txt.c:995:56: warning: left shift of negative value [-Wshift-negative-value]
  995 |                                 f->vconst |= (vlong)~0 << 32;
      |                                                        ^~
/mnt/build_wrt/build_dir/hostpkg/go-1.24.13/.go_bootstrap/src/cmd/6c/txt.c:1045:56: warning: left shift of negative value [-Wshift-negative-value]
 1045 |                                 f->vconst |= (vlong)~0 << 32;
      |                                                        ^~
/mnt/build_wrt/build_dir/hostpkg/go-1.24.13/.go_bootstrap/src/cmd/6c/txt.c:762:19: warning: this statement may fall through [-Wimplicit-fallthrough=]
  762 |                 if(typefd[tt]) {
      |                   ^
/mnt/build_wrt/build_dir/hostpkg/go-1.24.13/.go_bootstrap/src/cmd/6c/txt.c:773:9: note: here
  773 |         case TUVLONG:
      |         ^~~~
cmd/6g
In file included from /mnt/build_wrt/build_dir/hostpkg/go-1.24.13/.go_bootstrap/src/cmd/6g/../gc/cplx.c:5:
/mnt/build_wrt/build_dir/hostpkg/go-1.24.13/.go_bootstrap/include/u.h:86:42: warning: expression does not compute the number of elements in this array; element type is 'struct __jmp_buf_tag', not 'long int' [-Wsizeof-array-div]
   86 | typedef long p9jmp_buf[sizeof(sigjmp_buf)/sizeof(long)];
      |                                          ^
In file included from /mnt/build_wrt/build_dir/hostpkg/go-1.24.13/.go_bootstrap/src/cmd/6g/../gc/plive.c:16:
/mnt/build_wrt/build_dir/hostpkg/go-1.24.13/.go_bootstrap/include/u.h:86:42: warning: expression does not compute the number of elements in this array; element type is 'struct __jmp_buf_tag', not 'long int' [-Wsizeof-array-div]
   86 | typedef long p9jmp_buf[sizeof(sigjmp_buf)/sizeof(long)];
      |                                          ^
/mnt/build_wrt/build_dir/hostpkg/go-1.24.13/.go_bootstrap/include/u.h:86:42: note: add parentheses around the second 'sizeof' to silence this warning
/mnt/build_wrt/build_dir/hostpkg/go-1.24.13/.go_bootstrap/include/u.h:86:42: note: add parentheses around the second 'sizeof' to silence this warning
In file included from /mnt/build_wrt/build_dir/hostpkg/go-1.24.13/.go_bootstrap/src/cmd/6g/../gc/popt.c:35:
/mnt/build_wrt/build_dir/hostpkg/go-1.24.13/.go_bootstrap/include/u.h:86:42: warning: expression does not compute the number of elements in this array; element type is 'struct __jmp_buf_tag', not 'long int' [-Wsizeof-array-div]
   86 | typedef long p9jmp_buf[sizeof(sigjmp_buf)/sizeof(long)];
      |                                          ^
In file included from /mnt/build_wrt/build_dir/hostpkg/go-1.24.13/.go_bootstrap/src/cmd/6g/../gc/pgen.c:9:
/mnt/build_wrt/build_dir/hostpkg/go-1.24.13/.go_bootstrap/include/u.h:86:42: warning: expression does not compute the number of elements in this array; element type is 'struct __jmp_buf_tag', not 'long int' [-Wsizeof-array-div]
   86 | typedef long p9jmp_buf[sizeof(sigjmp_buf)/sizeof(long)];
      |                                          ^
/mnt/build_wrt/build_dir/hostpkg/go-1.24.13/.go_bootstrap/include/u.h:86:42: note: add parentheses around the second 'sizeof' to silence this warning
/mnt/build_wrt/build_dir/hostpkg/go-1.24.13/.go_bootstrap/include/u.h:86:42: note: add parentheses around the second 'sizeof' to silence this warning
/mnt/build_wrt/build_dir/hostpkg/go-1.24.13/.go_bootstrap/src/cmd/6g/../gc/cplx.c: In function 'complexmove':
/mnt/build_wrt/build_dir/hostpkg/go-1.24.13/.go_bootstrap/src/cmd/6g/../gc/cplx.c:54:17: warning: this statement may fall through [-Wimplicit-fallthrough=]
   54 |                 fatal("complexmove: unknown conversion: %T -> %T\n",
      |                 ^~~~~~~~~~~~~~~~~~~~~~~~~~~~~~~~~~~~~~~~~~~~~~~~~~~~
   55 |                         f->type, t->type);
      |                         ~~~~~~~~~~~~~~~~~
/mnt/build_wrt/build_dir/hostpkg/go-1.24.13/.go_bootstrap/src/cmd/6g/../gc/cplx.c:57:9: note: here
   57 |         case CASE(TCOMPLEX64,TCOMPLEX64):
      |         ^~~~
/mnt/build_wrt/build_dir/hostpkg/go-1.24.13/.go_bootstrap/src/cmd/6g/../gc/cplx.c: In function 'complexgen':
/mnt/build_wrt/build_dir/hostpkg/go-1.24.13/.go_bootstrap/src/cmd/6g/../gc/cplx.c:199:17: warning: this statement may fall through [-Wimplicit-fallthrough=]
  199 |                 fatal("complexgen: unknown op %O", n->op);
      |                 ^~~~~~~~~~~~~~~~~~~~~~~~~~~~~~~~~~~~~~~~~
/mnt/build_wrt/build_dir/hostpkg/go-1.24.13/.go_bootstrap/src/cmd/6g/../gc/cplx.c:201:9: note: here
  201 |         case ODOT:
      |         ^~~~
In file included from /mnt/build_wrt/build_dir/hostpkg/go-1.24.13/.go_bootstrap/src/cmd/6g/cgen.c:5:
/mnt/build_wrt/build_dir/hostpkg/go-1.24.13/.go_bootstrap/include/u.h:86:42: warning: expression does not compute the number of elements in this array; element type is 'struct __jmp_buf_tag', not 'long int' [-Wsizeof-array-div]
   86 | typedef long p9jmp_buf[sizeof(sigjmp_buf)/sizeof(long)];
      |                                          ^
/mnt/build_wrt/build_dir/hostpkg/go-1.24.13/.go_bootstrap/include/u.h:86:42: note: add parentheses around the second 'sizeof' to silence this warning
/mnt/build_wrt/build_dir/hostpkg/go-1.24.13/.go_bootstrap/src/cmd/6g/cgen.c: In function 'bgen':
/mnt/build_wrt/build_dir/hostpkg/go-1.24.13/.go_bootstrap/src/cmd/6g/cgen.c:1127:28: warning: this statement may fall through [-Wimplicit-fallthrough=]
 1127 |                 if(nr == N || nr->type == T)
/mnt/build_wrt/build_dir/hostpkg/go-1.24.13/.go_bootstrap/src/cmd/6g/cgen.c:1130:9: note: here
 1130 |         case ONOT:      // unary
      |         ^~~~
In file included from /mnt/build_wrt/build_dir/hostpkg/go-1.24.13/.go_bootstrap/src/cmd/6g/galign.c:5:
/mnt/build_wrt/build_dir/hostpkg/go-1.24.13/.go_bootstrap/include/u.h:86:42: warning: expression does not compute the number of elements in this array; element type is 'struct __jmp_buf_tag', not 'long int' [-Wsizeof-array-div]
   86 | typedef long p9jmp_buf[sizeof(sigjmp_buf)/sizeof(long)];
      |                                          ^
/mnt/build_wrt/build_dir/hostpkg/go-1.24.13/.go_bootstrap/include/u.h:86:42: note: add parentheses around the second 'sizeof' to silence this warning
In file included from /mnt/build_wrt/build_dir/hostpkg/go-1.24.13/.go_bootstrap/src/cmd/6g/ggen.c:7:
/mnt/build_wrt/build_dir/hostpkg/go-1.24.13/.go_bootstrap/include/u.h:86:42: warning: expression does not compute the number of elements in this array; element type is 'struct __jmp_buf_tag', not 'long int' [-Wsizeof-array-div]
   86 | typedef long p9jmp_buf[sizeof(sigjmp_buf)/sizeof(long)];
      |                                          ^
/mnt/build_wrt/build_dir/hostpkg/go-1.24.13/.go_bootstrap/include/u.h:86:42: note: add parentheses around the second 'sizeof' to silence this warning
In file included from /mnt/build_wrt/build_dir/hostpkg/go-1.24.13/.go_bootstrap/src/cmd/6g/gobj.c:31:
/mnt/build_wrt/build_dir/hostpkg/go-1.24.13/.go_bootstrap/include/u.h:86:42: warning: expression does not compute the number of elements in this array; element type is 'struct __jmp_buf_tag', not 'long int' [-Wsizeof-array-div]
   86 | typedef long p9jmp_buf[sizeof(sigjmp_buf)/sizeof(long)];
      |                                          ^
/mnt/build_wrt/build_dir/hostpkg/go-1.24.13/.go_bootstrap/include/u.h:86:42: note: add parentheses around the second 'sizeof' to silence this warning
In file included from /mnt/build_wrt/build_dir/hostpkg/go-1.24.13/.go_bootstrap/src/cmd/6g/gsubr.c:31:
/mnt/build_wrt/build_dir/hostpkg/go-1.24.13/.go_bootstrap/include/u.h:86:42: warning: expression does not compute the number of elements in this array; element type is 'struct __jmp_buf_tag', not 'long int' [-Wsizeof-array-div]
   86 | typedef long p9jmp_buf[sizeof(sigjmp_buf)/sizeof(long)];
      |                                          ^
/mnt/build_wrt/build_dir/hostpkg/go-1.24.13/.go_bootstrap/include/u.h:86:42: note: add parentheses around the second 'sizeof' to silence this warning
/mnt/build_wrt/build_dir/hostpkg/go-1.24.13/.go_bootstrap/src/cmd/6g/gsubr.c: In function 'regalloc':
/mnt/build_wrt/build_dir/hostpkg/go-1.24.13/.go_bootstrap/src/cmd/6g/gsubr.c:373:17: warning: this statement may fall through [-Wimplicit-fallthrough=]
  373 |                 fatal("out of fixed registers");
      |                 ^~~~~~~~~~~~~~~~~~~~~~~~~~~~~~~
/mnt/build_wrt/build_dir/hostpkg/go-1.24.13/.go_bootstrap/src/cmd/6g/gsubr.c:375:9: note: here
  375 |         case TFLOAT32:
      |         ^~~~
/mnt/build_wrt/build_dir/hostpkg/go-1.24.13/.go_bootstrap/src/cmd/6g/gsubr.c:385:17: warning: this statement may fall through [-Wimplicit-fallthrough=]
  385 |                 fatal("out of floating registers");
      |                 ^~~~~~~~~~~~~~~~~~~~~~~~~~~~~~~~~~
/mnt/build_wrt/build_dir/hostpkg/go-1.24.13/.go_bootstrap/src/cmd/6g/gsubr.c:387:9: note: here
  387 |         case TCOMPLEX64:
      |         ^~~~
/mnt/build_wrt/build_dir/hostpkg/go-1.24.13/.go_bootstrap/src/cmd/6g/gsubr.c: In function 'gmove':
/mnt/build_wrt/build_dir/hostpkg/go-1.24.13/.go_bootstrap/src/cmd/6g/gsubr.c:684:17: warning: this statement may fall through [-Wimplicit-fallthrough=]
  684 |                 fatal("gmove %lT -> %lT", f->type, t->type);
      |                 ^~~~~~~~~~~~~~~~~~~~~~~~~~~~~~~~~~~~~~~~~~~
/mnt/build_wrt/build_dir/hostpkg/go-1.24.13/.go_bootstrap/src/cmd/6g/gsubr.c:689:9: note: here
  689 |         case CASE(TINT8, TINT8):        // same size
      |         ^~~~
/mnt/build_wrt/build_dir/hostpkg/go-1.24.13/.go_bootstrap/src/cmd/6g/gsubr.c: In function 'naddr':
/mnt/build_wrt/build_dir/hostpkg/go-1.24.13/.go_bootstrap/src/cmd/6g/gsubr.c:1215:25: warning: this statement may fall through [-Wimplicit-fallthrough=]
 1215 |                         fatal("naddr: ONAME class %S %d\n", n->sym, n->class);
      |                         ^~~~~~~~~~~~~~~~~~~~~~~~~~~~~~~~~~~~~~~~~~~~~~~~~~~~~
/mnt/build_wrt/build_dir/hostpkg/go-1.24.13/.go_bootstrap/src/cmd/6g/gsubr.c:1216:17: note: here
 1216 |                 case PEXTERN:
      |                 ^~~~
/mnt/build_wrt/build_dir/hostpkg/go-1.24.13/.go_bootstrap/src/cmd/6g/gsubr.c:1281:17: warning: this statement may fall through [-Wimplicit-fallthrough=]
 1281 |                 fatal("naddr: OADDR\n");
      |                 ^~~~~~~~~~~~~~~~~~~~~~~
/mnt/build_wrt/build_dir/hostpkg/go-1.24.13/.go_bootstrap/src/cmd/6g/gsubr.c:1283:9: note: here
 1283 |         case OITAB:
      |         ^~~~
In file included from /mnt/build_wrt/build_dir/hostpkg/go-1.24.13/.go_bootstrap/src/cmd/6g/peep.c:31:
/mnt/build_wrt/build_dir/hostpkg/go-1.24.13/.go_bootstrap/include/u.h:86:42: warning: expression does not compute the number of elements in this array; element type is 'struct __jmp_buf_tag', not 'long int' [-Wsizeof-array-div]
   86 | typedef long p9jmp_buf[sizeof(sigjmp_buf)/sizeof(long)];
      |                                          ^
/mnt/build_wrt/build_dir/hostpkg/go-1.24.13/.go_bootstrap/include/u.h:86:42: note: add parentheses around the second 'sizeof' to silence this warning
In file included from /mnt/build_wrt/build_dir/hostpkg/go-1.24.13/.go_bootstrap/src/cmd/6g/prog.c:5:
/mnt/build_wrt/build_dir/hostpkg/go-1.24.13/.go_bootstrap/include/u.h:86:42: warning: expression does not compute the number of elements in this array; element type is 'struct __jmp_buf_tag', not 'long int' [-Wsizeof-array-div]
   86 | typedef long p9jmp_buf[sizeof(sigjmp_buf)/sizeof(long)];
      |                                          ^
/mnt/build_wrt/build_dir/hostpkg/go-1.24.13/.go_bootstrap/include/u.h:86:42: note: add parentheses around the second 'sizeof' to silence this warning
In file included from /mnt/build_wrt/build_dir/hostpkg/go-1.24.13/.go_bootstrap/src/cmd/6g/reg.c:31:
/mnt/build_wrt/build_dir/hostpkg/go-1.24.13/.go_bootstrap/include/u.h:86:42: warning: expression does not compute the number of elements in this array; element type is 'struct __jmp_buf_tag', not 'long int' [-Wsizeof-array-div]
   86 | typedef long p9jmp_buf[sizeof(sigjmp_buf)/sizeof(long)];
      |                                          ^
/mnt/build_wrt/build_dir/hostpkg/go-1.24.13/.go_bootstrap/include/u.h:86:42: note: add parentheses around the second 'sizeof' to silence this warning
/mnt/build_wrt/build_dir/hostpkg/go-1.24.13/.go_bootstrap/src/cmd/6g/reg.c: In function 'addmove':
/mnt/build_wrt/build_dir/hostpkg/go-1.24.13/.go_bootstrap/src/cmd/6g/reg.c:525:17: warning: this statement may fall through [-Wimplicit-fallthrough=]
  525 |                 fatal("unknown type %E", v->etype);
      |                 ^~~~~~~~~~~~~~~~~~~~~~~~~~~~~~~~~~
/mnt/build_wrt/build_dir/hostpkg/go-1.24.13/.go_bootstrap/src/cmd/6g/reg.c:526:9: note: here
  526 |         case TINT8:
      |         ^~~~
runtime
errors
sync/atomic
sync
io
unicode
unicode/utf8
unicode/utf16
bytes
math
strings
strconv
bufio
sort
container/heap
encoding/base64
syscall
time
os
reflect
fmt
encoding
encoding/json
flag
path/filepath
path
io/ioutil
log
regexp/syntax
regexp
go/token
go/scanner
go/ast
go/parser
os/exec
os/signal
net/url
text/template/parse
text/template
go/doc
go/build
cmd/go

# Building packages and commands for linux/amd64.
runtime
errors
sync/atomic
unicode
unicode/utf8
math
sync
sort
io
syscall
hash
container/heap
encoding
unicode/utf16
hash/crc32
container/list
crypto/subtle
crypto/cipher
bytes
strings
bufio
time
text/tabwriter
path
crypto/hmac
internal/syscall
html
compress/bzip2
strconv
math/rand
hash/adler32
container/ring
hash/crc64
hash/fnv
os
image/color
image/color/palette
reflect
regexp/syntax
crypto
path/filepath
crypto/md5
encoding/base64
io/ioutil
os/exec
net/url
regexp
crypto/aes
crypto/rc4
fmt
encoding/binary
crypto/sha1
crypto/sha256
crypto/sha512
encoding/pem
crypto/des
net
os/signal
cmd/pprof/internal/svg
encoding/ascii85
encoding/base32
image
index/suffixarray
cmd/internal/goobj
cmd/internal/rsc.io/arm/armasm
cmd/internal/rsc.io/x86/x86asm
debug/dwarf
debug/elf
debug/gosym
debug/macho
debug/pe
debug/plan9obj
flag
log
cmd/internal/objfile
go/token
encoding/json
go/scanner
go/ast
encoding/xml
cmd/addr2line
text/template/parse
go/parser
go/printer
text/template
compress/flate
math/big
cmd/cgo
go/format
go/doc
cmd/fix
compress/gzip
crypto/elliptic
go/build
encoding/asn1
crypto/rand
crypto/rsa
crypto/ecdsa
crypto/dsa
crypto/x509/pkix
encoding/hex
mime
crypto/x509
net/textproto
net/http/internal
runtime/pprof
mime/multipart
cmd/gofmt
cmd/nm
crypto/tls
cmd/objdump
cmd/pack
cmd/pprof/internal/profile
net/http
html/template
cmd/pprof/internal/tempfile
cmd/yacc
cmd/pprof/internal/plugin
cmd/pprof/internal/symbolizer
cmd/pprof/internal/symbolz
archive/tar
cmd/pprof/internal/report
archive/zip
cmd/go
cmd/pprof/internal/fetch
cmd/pprof/internal/commands
compress/lzw
compress/zlib
cmd/pprof/internal/driver
database/sql/driver
encoding/csv
database/sql
encoding/gob
cmd/pprof
expvar
image/draw
image/gif
image/jpeg
image/png
log/syslog
math/cmplx
net/http/cgi
net/http/cookiejar
net/http/httptest
net/http/fcgi
net/http/httputil
net/http/pprof
net/mail
net/rpc
net/smtp
os/user
net/rpc/jsonrpc
runtime/debug
runtime/race
testing
testing/iotest
testing/quick
text/scanner


---
Installed Go for linux/amd64 in /mnt/build_wrt/build_dir/hostpkg/go-1.24.13/.go_bootstrap
Installed commands in /mnt/build_wrt/build_dir/hostpkg/go-1.24.13/.go_bootstrap/bin
cd "/mnt/build_wrt/build_dir/hostpkg/go-1.24.13/.go_bootstrap_1.17/src" ;  GOROOT_BOOTSTRAP="/mnt/build_wrt/build_dir/hostpkg/go-1.24.13/.go_bootstrap" GOHOSTARCH="amd64" GOCACHE="/mnt/build_wrt/tmp/go-build" GOENV=off CC="/mnt/build_wrt/staging_dir/host/bin/gcc" CXX="/mnt/build_wrt/staging_dir/host/bin/g++"  bash make.bash -v --no-banner
Building Go cmd/dist using /mnt/build_wrt/build_dir/hostpkg/go-1.24.13/.go_bootstrap. (go1.4-bootstrap-20170531 linux/amd64)
cmd/dist

Building Go toolchain1 using /mnt/build_wrt/build_dir/hostpkg/go-1.24.13/.go_bootstrap.
bootstrap/cmd/internal/bio
bootstrap/internal/goexperiment
bootstrap/math/bits
bootstrap/sort
bootstrap/internal/buildcfg
bootstrap/strconv
bootstrap/internal/unsafeheader
bootstrap/cmd/internal/src
bootstrap/cmd/internal/sys
bootstrap/cmd/internal/edit
bootstrap/cmd/internal/pkgpath
bootstrap/internal/goversion
bootstrap/cmd/internal/gcprog
bootstrap/container/heap
bootstrap/internal/race
bootstrap/cmd/compile/internal/test
bootstrap/cmd/link/internal/benchmark
bootstrap/cmd/internal/objabi
bootstrap/debug/dwarf
bootstrap/compress/flate
bootstrap/math/big
bootstrap/cmd/internal/dwarf
bootstrap/cmd/internal/goobj
bootstrap/cmd/asm/internal/flags
bootstrap/cmd/asm/internal/lex
bootstrap/cmd/internal/obj
bootstrap/compress/zlib
bootstrap/internal/xcoff
bootstrap/debug/elf
bootstrap/debug/macho
bootstrap/debug/pe
bootstrap/go/constant
bootstrap/cmd/compile/internal/syntax
bootstrap/cmd/cgo
bootstrap/cmd/internal/archive
bootstrap/cmd/internal/obj/arm
bootstrap/cmd/internal/obj/arm64
bootstrap/cmd/internal/obj/mips
bootstrap/cmd/internal/obj/ppc64
bootstrap/cmd/internal/obj/riscv
bootstrap/cmd/internal/obj/s390x
bootstrap/cmd/internal/obj/wasm
bootstrap/cmd/internal/obj/x86
bootstrap/cmd/compile/internal/base
bootstrap/cmd/compile/internal/logopt
bootstrap/cmd/compile/internal/types
bootstrap/cmd/compile/internal/bitvec
bootstrap/cmd/compile/internal/types2
bootstrap/cmd/internal/codesign
bootstrap/cmd/link/internal/sym
bootstrap/cmd/link/internal/loader
bootstrap/cmd/compile/internal/ir
bootstrap/cmd/asm/internal/arch
bootstrap/cmd/compile/internal/typebits
bootstrap/cmd/link/internal/loadelf
bootstrap/cmd/asm/internal/asm
bootstrap/cmd/link/internal/loadmacho
bootstrap/cmd/asm
bootstrap/cmd/link/internal/loadpe
bootstrap/cmd/link/internal/loadxcoff
bootstrap/cmd/link/internal/ld
bootstrap/cmd/compile/internal/objw
bootstrap/cmd/compile/internal/abi
bootstrap/cmd/compile/internal/typecheck
bootstrap/cmd/compile/internal/deadcode
bootstrap/cmd/compile/internal/importer
bootstrap/cmd/compile/internal/escape
bootstrap/cmd/compile/internal/inline
bootstrap/cmd/compile/internal/staticdata
bootstrap/cmd/compile/internal/devirtualize
bootstrap/cmd/link/internal/amd64
bootstrap/cmd/link/internal/arm
bootstrap/cmd/link/internal/arm64
bootstrap/cmd/link/internal/mips
bootstrap/cmd/link/internal/mips64
bootstrap/cmd/compile/internal/reflectdata
bootstrap/cmd/link/internal/ppc64
bootstrap/cmd/link/internal/riscv64
bootstrap/cmd/link/internal/s390x
bootstrap/cmd/link/internal/wasm
bootstrap/cmd/link/internal/x86
bootstrap/cmd/link
bootstrap/cmd/compile/internal/ssa
bootstrap/cmd/compile/internal/staticinit
bootstrap/cmd/compile/internal/pkginit
bootstrap/cmd/compile/internal/liveness
bootstrap/cmd/compile/internal/ssagen
bootstrap/cmd/compile/internal/amd64
bootstrap/cmd/compile/internal/arm
bootstrap/cmd/compile/internal/arm64
bootstrap/cmd/compile/internal/dwarfgen
bootstrap/cmd/compile/internal/noder
bootstrap/cmd/compile/internal/walk
bootstrap/cmd/compile/internal/mips
bootstrap/cmd/compile/internal/mips64
bootstrap/cmd/compile/internal/ppc64
bootstrap/cmd/compile/internal/riscv64
bootstrap/cmd/compile/internal/s390x
bootstrap/cmd/compile/internal/wasm
bootstrap/cmd/compile/internal/x86
bootstrap/cmd/compile/internal/gc
bootstrap/cmd/compile

Building Go bootstrap cmd/go (go_bootstrap) using Go toolchain1.
runtime
internal/abi
internal/goexperiment
internal/cpu
runtime/internal/sys
runtime/internal/atomic
runtime/internal/math
internal/bytealg
cmd/go
cmd/go/internal/tool
cmd/go/internal/vet
path/filepath
cmd/go/internal/base
cmd/go/internal/list
cmd/go/internal/modcmd
cmd/go/internal/test
os
cmd/go/internal/fix
cmd/go/internal/modfetch
cmd/go/internal/version
cmd/go/internal/fmtcmd
cmd/go/internal/modget
internal/buildcfg
log
cmd/go/internal/envcmd
fmt
cmd/go/internal/generate
cmd/go/internal/get
flag
cmd/go/internal/bug
cmd/go/internal/work
context
cmd/go/internal/modload
cmd/go/internal/doc
cmd/go/internal/help
cmd/go/internal/run
cmd/go/internal/trace
strings
cmd/go/internal/cfg
cmd/go/internal/clean
internal/execabs
os/signal
sort
bytes
cmd/go/internal/load
errors
cmd/go/internal/cmdflag
encoding/json
unicode/utf8
io/fs
syscall
go/build
sync
cmd/go/internal/str
cmd/go/internal/fsys
cmd/go/internal/cache
cmd/go/internal/modinfo
io
text/template
bufio
cmd/go/internal/imports
cmd/go/internal/lockedfile
cmd/vendor/golang.org/x/mod/sumdb/dirhash
cmd/vendor/golang.org/x/mod/modfile
cmd/vendor/golang.org/x/mod/module
cmd/vendor/golang.org/x/mod/semver
path
strconv
cmd/go/internal/search
crypto/sha256
regexp
time
cmd/internal/test2json
internal/itoa
internal/unsafeheader
internal/syscall/unix
internal/testlog
internal/poll
internal/oserror
sync/atomic
internal/syscall/execenv
net/url
cmd/go/internal/modfetch/codehost
cmd/go/internal/robustio
cmd/vendor/golang.org/x/mod/zip
math/rand
archive/zip
cmd/go/internal/web
cmd/go/internal/vcs
cmd/go/internal/par
encoding/base64
debug/elf
debug/pe
debug/macho
internal/xcoff
encoding/binary
reflect
math
internal/fmtsort
go/token
go/parser
cmd/internal/sys
cmd/internal/pkgpath
crypto/sha1
cmd/internal/objabi
cmd/internal/buildid
container/heap
internal/lazyregexp
internal/reflectlite
runtime/debug
cmd/go/internal/modconv
cmd/go/internal/mvs
unicode
encoding/hex
internal/goroot
cmd/internal/traceviewer
internal/cfg
os/exec
go/doc
go/ast
internal/lazytemplate
go/scanner
unicode/utf16
encoding
internal/race
go/build/constraint
io/ioutil
internal/goversion
hash
text/template/parse
cmd/go/internal/lockedfile/internal/filelock
cmd/vendor/golang.org/x/mod/internal/lazyregexp
cmd/vendor/golang.org/x/xerrors
math/bits
crypto
regexp/syntax
encoding/xml
compress/flate
hash/crc32
internal/singleflight
compress/zlib
debug/dwarf
go/internal/typeparams
cmd/internal/codesign
cmd/vendor/golang.org/x/xerrors/internal
hash/adler32


Building Go toolchain2 using go_bootstrap and Go toolchain1.
internal/goexperiment
internal/unsafeheader
internal/cpu
internal/abi
runtime/internal/atomic
runtime/internal/sys
internal/race
runtime/internal/math
sync/atomic
unicode
internal/bytealg
unicode/utf8
internal/itoa
math/bits
encoding
unicode/utf16
runtime
math
internal/goversion
internal/reflectlite
sync
internal/testlog
math/rand
errors
sort
internal/oserror
io
strconv
syscall
path
bytes
strings
hash
hash/adler32
reflect
crypto
bufio
go/build/constraint
text/tabwriter
regexp/syntax
container/heap
hash/crc32
html
internal/syscall/unix
time
internal/syscall/execenv
regexp
io/fs
internal/poll
context
internal/fmtsort
encoding/binary
os
cmd/internal/sys
crypto/md5
crypto/sha1
encoding/base64
crypto/sha256
io/ioutil
path/filepath
runtime/debug
fmt
internal/lazyregexp
os/exec
log
internal/execabs
flag
internal/buildcfg
cmd/internal/src
text/scanner
cmd/internal/bio
cmd/internal/edit
cmd/internal/objabi
cmd/internal/pkgpath
debug/dwarf
compress/flate
go/token
cmd/internal/dwarf
cmd/internal/goobj
cmd/asm/internal/flags
cmd/asm/internal/lex
compress/zlib
go/scanner
cmd/internal/obj
encoding/json
go/ast
debug/elf
debug/macho
debug/pe
go/internal/typeparams
go/parser
cmd/internal/obj/arm
cmd/internal/obj/arm64
cmd/internal/obj/mips
cmd/internal/obj/ppc64
cmd/internal/obj/riscv
cmd/internal/obj/s390x
cmd/internal/obj/wasm
cmd/internal/obj/x86
go/printer
internal/xcoff
cmd/compile/internal/base
math/big
cmd/cgo
net/url
cmd/compile/internal/logopt
cmd/asm/internal/arch
cmd/compile/internal/bitvec
cmd/internal/gcprog
encoding/hex
cmd/compile/internal/syntax
cmd/asm/internal/asm
cmd/asm
go/constant
cmd/compile/internal/types
text/template/parse
cmd/compile/internal/types2
cmd/compile/internal/ir
cmd/compile/internal/typebits
internal/goroot
cmd/internal/archive
compress/gzip
text/template
runtime/pprof
runtime/trace
cmd/internal/codesign
cmd/link/internal/benchmark
cmd/link/internal/sym
go/doc
cmd/link/internal/loader
go/build
cmd/link/internal/loadelf
cmd/link/internal/loadmacho
cmd/link/internal/loadpe
cmd/link/internal/loadxcoff
cmd/link/internal/ld
cmd/compile/internal/objw
cmd/compile/internal/abi
cmd/compile/internal/typecheck
cmd/compile/internal/deadcode
cmd/compile/internal/importer
cmd/compile/internal/escape
cmd/compile/internal/inline
cmd/compile/internal/staticdata
cmd/compile/internal/devirtualize
cmd/compile/internal/reflectdata
cmd/link/internal/amd64
cmd/link/internal/arm
cmd/link/internal/arm64
cmd/link/internal/mips
cmd/link/internal/mips64
cmd/link/internal/ppc64
cmd/link/internal/riscv64
cmd/link/internal/s390x
cmd/link/internal/wasm
cmd/link/internal/x86
cmd/link
cmd/compile/internal/staticinit
cmd/compile/internal/ssa
cmd/compile/internal/pkginit
cmd/compile/internal/liveness
cmd/compile/internal/ssagen
cmd/compile/internal/arm
cmd/compile/internal/arm64
cmd/compile/internal/amd64
cmd/compile/internal/dwarfgen
cmd/compile/internal/mips
cmd/compile/internal/walk
cmd/compile/internal/noder
cmd/compile/internal/mips64
cmd/compile/internal/ppc64
cmd/compile/internal/riscv64
cmd/compile/internal/s390x
cmd/compile/internal/wasm
cmd/compile/internal/x86
cmd/compile/internal/gc
cmd/compile

Building Go toolchain3 using go_bootstrap and Go toolchain2.
internal/goexperiment
internal/unsafeheader
internal/cpu
internal/abi
runtime/internal/atomic
runtime/internal/sys
internal/race
runtime/internal/math
sync/atomic
unicode
internal/bytealg
unicode/utf8
internal/itoa
math/bits
encoding
unicode/utf16
runtime
math
internal/goversion
internal/reflectlite
sync
internal/testlog
math/rand
errors
sort
io
internal/oserror
strconv
syscall
path
bytes
strings
reflect
hash
crypto
hash/adler32
text/tabwriter
bufio
go/build/constraint
regexp/syntax
internal/syscall/unix
time
internal/syscall/execenv
container/heap
hash/crc32
html
regexp
io/fs
internal/poll
context
os
internal/fmtsort
encoding/binary
crypto/sha1
cmd/internal/sys
crypto/md5
fmt
path/filepath
io/ioutil
encoding/base64
runtime/debug
crypto/sha256
os/exec
internal/lazyregexp
log
internal/buildcfg
flag
internal/execabs
cmd/internal/src
cmd/internal/bio
text/scanner
cmd/internal/objabi
cmd/internal/edit
cmd/internal/pkgpath
debug/dwarf
compress/flate
go/token
cmd/internal/dwarf
cmd/internal/goobj
cmd/asm/internal/flags
cmd/asm/internal/lex
compress/zlib
cmd/internal/obj
go/scanner
encoding/json
debug/elf
debug/macho
debug/pe
go/ast
cmd/internal/obj/arm
cmd/internal/obj/arm64
cmd/internal/obj/mips
cmd/internal/obj/ppc64
cmd/internal/obj/riscv
cmd/internal/obj/s390x
cmd/internal/obj/wasm
cmd/internal/obj/x86
go/internal/typeparams
go/parser
go/printer
internal/xcoff
cmd/compile/internal/base
math/big
cmd/asm/internal/arch
cmd/cgo
net/url
cmd/asm/internal/asm
cmd/compile/internal/logopt
cmd/compile/internal/bitvec
cmd/internal/gcprog
cmd/asm
encoding/hex
cmd/compile/internal/syntax
go/constant
cmd/compile/internal/types
text/template/parse
cmd/compile/internal/ir
cmd/compile/internal/typebits
internal/goroot
cmd/internal/archive
compress/gzip
cmd/compile/internal/types2
text/template
runtime/pprof
runtime/trace
cmd/internal/codesign
cmd/link/internal/benchmark
go/doc
cmd/link/internal/sym
cmd/link/internal/loader
go/build
cmd/link/internal/loadelf
cmd/link/internal/loadmacho
cmd/compile/internal/objw
cmd/compile/internal/abi
cmd/compile/internal/typecheck
cmd/compile/internal/deadcode
cmd/link/internal/loadpe
cmd/link/internal/loadxcoff
cmd/link/internal/ld
cmd/compile/internal/importer
cmd/compile/internal/staticdata
cmd/compile/internal/inline
cmd/compile/internal/escape
cmd/compile/internal/devirtualize
cmd/compile/internal/reflectdata
cmd/link/internal/arm64
cmd/link/internal/arm
cmd/link/internal/amd64
cmd/link/internal/mips
cmd/link/internal/mips64
cmd/link/internal/ppc64
cmd/link/internal/riscv64
cmd/link/internal/s390x
cmd/compile/internal/ssa
cmd/compile/internal/staticinit
cmd/link/internal/wasm
cmd/link/internal/x86
cmd/compile/internal/pkginit
cmd/link
cmd/compile/internal/liveness
cmd/compile/internal/ssagen
cmd/compile/internal/arm
cmd/compile/internal/arm64
cmd/compile/internal/amd64
cmd/compile/internal/dwarfgen
cmd/compile/internal/walk
cmd/compile/internal/noder
cmd/compile/internal/mips
cmd/compile/internal/mips64
cmd/compile/internal/ppc64
cmd/compile/internal/riscv64
cmd/compile/internal/s390x
cmd/compile/internal/wasm
cmd/compile/internal/x86
cmd/compile/internal/gc
cmd/compile

Building packages and commands for linux/amd64.
container/list
container/ring
crypto/internal/subtle
debug/plan9obj
cmd/vendor/golang.org/x/arch/arm/armasm
debug/gosym
cmd/vendor/golang.org/x/arch/arm64/arm64asm
cmd/vendor/golang.org/x/arch/ppc64/ppc64asm
cmd/vendor/golang.org/x/arch/x86/x86asm
runtime/cgo
archive/zip
compress/bzip2
compress/lzw
crypto/subtle
cmd/internal/objfile
crypto/cipher
crypto/internal/randutil
crypto/dsa
crypto/elliptic/internal/fiat
crypto/aes
cmd/addr2line
crypto/des
crypto/elliptic
crypto/sha512
encoding/asn1
vendor/golang.org/x/crypto/cryptobyte/asn1
crypto/ed25519/internal/edwards25519/field
crypto/rand
os/user
vendor/golang.org/x/crypto/cryptobyte
crypto/hmac
crypto/ed25519/internal/edwards25519
crypto/rc4
crypto/rsa
crypto/ed25519
crypto/ecdsa
crypto/x509/pkix
encoding/pem
vendor/golang.org/x/net/dns/dnsmessage
internal/nettrace
internal/singleflight
vendor/golang.org/x/crypto/internal/subtle
vendor/golang.org/x/crypto/chacha20
vendor/golang.org/x/crypto/poly1305
vendor/golang.org/x/sys/cpu
vendor/golang.org/x/crypto/curve25519
vendor/golang.org/x/crypto/chacha20poly1305
vendor/golang.org/x/crypto/hkdf
database/sql/driver
net
embed
database/sql
encoding/ascii85
encoding/base32
encoding/csv
encoding/gob
archive/tar
encoding/xml
vendor/golang.org/x/text/transform
vendor/golang.org/x/text/unicode/bidi
vendor/golang.org/x/text/unicode/norm
vendor/golang.org/x/net/http2/hpack
vendor/golang.org/x/text/secure/bidirule
mime
mime/quotedprintable
net/http/internal
net/http/internal/ascii
go/format
vendor/golang.org/x/net/idna
go/types
hash/crc64
hash/fnv
hash/maphash
html/template
image/color
image
image/color/palette
image/internal/imageutil
image/png
image/draw
image/gif
image/jpeg
crypto/x509
net/textproto
vendor/golang.org/x/net/http/httpproxy
index/suffixarray
vendor/golang.org/x/net/http/httpguts
mime/multipart
internal/cfg
internal/lazytemplate
internal/obscuretestdata
internal/profile
internal/sysinfo
testing
crypto/tls
internal/trace
internal/testenv
log/syslog
math/cmplx
net/http/internal/testcert
net/internal/socktest
net/mail
os/signal
os/signal/internal/pty
go/internal/gccgoimporter
go/internal/gcimporter
go/internal/srcimporter
plugin
go/importer
net/http/httptrace
net/smtp
net/http
reflect/internal/example1
reflect/internal/example2
runtime/metrics
runtime/race
testing/iotest
testing/internal/testdeps
testing/quick
testing/fstest
time/tzdata
vendor/golang.org/x/net/nettest
cmd/api
cmd/internal/buildid
cmd/buildid
cmd/compile/internal/test
cmd/internal/browser
cmd/vendor/golang.org/x/tools/cover
cmd/dist
cmd/cover
cmd/vendor/golang.org/x/mod/semver
cmd/doc
cmd/internal/diff
cmd/fix
cmd/go/internal/fsys
cmd/go/internal/str
cmd/go/internal/lockedfile/internal/filelock
cmd/go/internal/cfg
cmd/go/internal/lockedfile
expvar
net/http/cgi
net/http/cookiejar
net/http/httptest
net/http/httputil
net/http/pprof
net/http/fcgi
net/rpc
cmd/go/internal/base
cmd/go/internal/imports
cmd/go/internal/cache
cmd/go/internal/par
cmd/go/internal/auth
cmd/go/internal/robustio
net/rpc/jsonrpc
cmd/internal/traceviewer
cmd/go/internal/web
cmd/go/internal/trace
cmd/go/internal/search
cmd/vendor/golang.org/x/mod/internal/lazyregexp
cmd/vendor/golang.org/x/xerrors/internal
cmd/vendor/golang.org/x/xerrors
cmd/vendor/golang.org/x/crypto/ed25519
cmd/vendor/golang.org/x/mod/sumdb/note
cmd/go/internal/modfetch/codehost
cmd/vendor/golang.org/x/mod/sumdb/tlog
cmd/vendor/golang.org/x/mod/module
cmd/vendor/golang.org/x/mod/sumdb/dirhash
cmd/go/internal/modinfo
cmd/go/internal/doc
cmd/go/internal/cmdflag
cmd/internal/test2json
cmd/go/internal/vcs
cmd/vendor/golang.org/x/mod/modfile
cmd/vendor/golang.org/x/mod/sumdb
cmd/vendor/golang.org/x/mod/zip
cmd/go/internal/mvs
cmd/go/internal/tool
cmd/go/internal/version
cmd/go/internal/txtar
cmd/gofmt
cmd/nm
cmd/objdump
cmd/go/internal/modfetch
cmd/go/internal/modconv
cmd/pack
cmd/vendor/github.com/google/pprof/internal/elfexec
cmd/go/internal/modload
cmd/vendor/github.com/google/pprof/profile
cmd/vendor/github.com/ianlancetaylor/demangle
cmd/vendor/github.com/google/pprof/third_party/d3
cmd/vendor/github.com/google/pprof/third_party/d3flamegraph
cmd/vendor/github.com/google/pprof/third_party/svgpan
cmd/vendor/golang.org/x/sys/internal/unsafeheader
cmd/vendor/golang.org/x/sys/unix
cmd/vendor/github.com/google/pprof/internal/plugin
cmd/vendor/github.com/google/pprof/internal/measurement
cmd/vendor/github.com/google/pprof/internal/graph
cmd/vendor/github.com/google/pprof/internal/binutils
cmd/go/internal/load
cmd/go/internal/help
cmd/vendor/github.com/google/pprof/internal/symbolz
cmd/vendor/github.com/google/pprof/internal/report
cmd/vendor/github.com/google/pprof/internal/transport
cmd/vendor/github.com/google/pprof/internal/symbolizer
cmd/vendor/golang.org/x/term
cmd/test2json
cmd/trace
cmd/vendor/github.com/google/pprof/internal/driver
cmd/go/internal/work
cmd/go/internal/fix
cmd/go/internal/fmtcmd
cmd/go/internal/modcmd
cmd/vendor/golang.org/x/crypto/ed25519/internal/edwards25519
cmd/vendor/github.com/google/pprof/driver
cmd/pprof
cmd/vendor/golang.org/x/tools/go/ast/astutil
cmd/go/internal/envcmd
cmd/go/internal/bug
cmd/go/internal/clean
cmd/go/internal/generate
cmd/go/internal/get
cmd/go/internal/list
cmd/go/internal/modget
cmd/go/internal/run
cmd/go/internal/test
cmd/go/internal/vet
cmd/vendor/golang.org/x/tools/internal/lsp/fuzzy
cmd/vendor/golang.org/x/tools/go/types/objectpath
cmd/vendor/golang.org/x/tools/internal/analysisinternal
cmd/vendor/golang.org/x/tools/go/analysis/passes/internal/analysisutil
cmd/go
cmd/vendor/golang.org/x/tools/go/analysis
cmd/vendor/golang.org/x/tools/go/ast/inspector
cmd/vendor/golang.org/x/tools/go/cfg
cmd/vendor/golang.org/x/tools/go/analysis/internal/analysisflags
cmd/vendor/golang.org/x/tools/go/analysis/internal/facts
cmd/vendor/golang.org/x/tools/go/analysis/passes/asmdecl
cmd/vendor/golang.org/x/tools/go/analysis/passes/inspect
cmd/vendor/golang.org/x/tools/go/analysis/passes/assign
cmd/vendor/golang.org/x/tools/go/analysis/passes/atomic
cmd/vendor/golang.org/x/tools/go/analysis/passes/bools
cmd/vendor/golang.org/x/tools/go/analysis/passes/buildtag
cmd/vendor/golang.org/x/tools/go/analysis/passes/cgocall
cmd/vendor/golang.org/x/tools/go/analysis/passes/composite
cmd/vendor/golang.org/x/tools/go/analysis/passes/copylock
cmd/vendor/golang.org/x/tools/go/types/typeutil
cmd/vendor/golang.org/x/tools/go/analysis/passes/framepointer
cmd/vendor/golang.org/x/tools/go/analysis/passes/httpresponse
cmd/vendor/golang.org/x/tools/go/analysis/passes/ifaceassert
cmd/vendor/golang.org/x/tools/go/analysis/passes/ctrlflow
cmd/vendor/golang.org/x/tools/go/analysis/passes/errorsas
cmd/vendor/golang.org/x/tools/go/analysis/passes/loopclosure
cmd/vendor/golang.org/x/tools/go/analysis/passes/nilfunc
cmd/vendor/golang.org/x/tools/go/analysis/passes/lostcancel
cmd/vendor/golang.org/x/tools/go/analysis/passes/printf
cmd/vendor/golang.org/x/tools/go/analysis/passes/shift
cmd/vendor/golang.org/x/tools/go/analysis/passes/sigchanyzer
cmd/vendor/golang.org/x/tools/go/analysis/passes/stdmethods
cmd/vendor/golang.org/x/tools/go/analysis/passes/stringintconv
cmd/vendor/golang.org/x/tools/go/analysis/passes/structtag
cmd/vendor/golang.org/x/tools/go/analysis/passes/testinggoroutine
cmd/vendor/golang.org/x/tools/go/analysis/passes/tests
cmd/vendor/golang.org/x/tools/go/analysis/passes/unmarshal
cmd/vendor/golang.org/x/tools/go/analysis/passes/unreachable
cmd/vendor/golang.org/x/tools/go/analysis/passes/unsafeptr
cmd/vendor/golang.org/x/tools/go/analysis/passes/unusedresult
cmd/vendor/golang.org/x/tools/go/analysis/unitchecker
cmd/vet
cd "/mnt/build_wrt/build_dir/hostpkg/go-1.24.13/.go_bootstrap_1.20/src" ;  GOROOT_BOOTSTRAP="/mnt/build_wrt/build_dir/hostpkg/go-1.24.13/.go_bootstrap_1.17" GOHOSTARCH="amd64" GOCACHE="/mnt/build_wrt/tmp/go-build" GOENV=off CC="/mnt/build_wrt/staging_dir/host/bin/gcc" CXX="/mnt/build_wrt/staging_dir/host/bin/g++"  bash make.bash -v --no-banner
Building Go cmd/dist using /mnt/build_wrt/build_dir/hostpkg/go-1.24.13/.go_bootstrap_1.17. (go1.17.13 linux/amd64)
cmd/dist

Building Go toolchain1 using /mnt/build_wrt/build_dir/hostpkg/go-1.24.13/.go_bootstrap_1.17.
internal/unsafeheader
internal/goexperiment
internal/cpu
internal/abi
runtime/internal/atomic
runtime/internal/sys
internal/race
runtime/internal/math
sync/atomic
unicode
unicode/utf8
internal/bytealg
internal/itoa
math/bits
bootstrap/internal/goexperiment
bootstrap/math/bits
math
runtime
bootstrap/internal/unsafeheader
bootstrap/internal/coverage
bootstrap/internal/platform
encoding
unicode/utf16
bootstrap/internal/goversion
bootstrap/internal/types/errors
internal/goversion
bootstrap/internal/race
bootstrap/cmd/compile/internal/test
internal/reflectlite
runtime/metrics
sync
math/rand
internal/testlog
errors
sort
bootstrap/sort
io
strconv
internal/oserror
path
syscall
bootstrap/strconv
bytes
strings
reflect
hash
hash/adler32
bufio
go/build/constraint
text/tabwriter
internal/syscall/unix
time
internal/syscall/execenv
regexp/syntax
hash/crc32
bootstrap/container/heap
html
crypto
hash/fnv
regexp
io/fs
internal/poll
context
os
bootstrap/internal/saferio
encoding/binary
internal/fmtsort
bootstrap/cmd/internal/notsha256
bootstrap/cmd/internal/sys
encoding/base64
crypto/md5
path/filepath
fmt
runtime/debug
internal/lazyregexp
io/ioutil
os/exec
log
bootstrap/internal/buildcfg
bootstrap/cmd/internal/src
flag
bootstrap/cmd/internal/bio
text/scanner
bootstrap/cmd/internal/edit
bootstrap/cmd/internal/pkgpath
bootstrap/cmd/internal/objabi
bootstrap/cmd/internal/quoted
bootstrap/debug/dwarf
bootstrap/compress/flate
go/token
bootstrap/cmd/internal/dwarf
bootstrap/cmd/internal/goobj
bootstrap/compress/zlib
go/scanner
encoding/json
bootstrap/cmd/internal/obj
go/ast
bootstrap/debug/elf
bootstrap/debug/macho
bootstrap/debug/pe
bootstrap/internal/xcoff
bootstrap/cmd/internal/obj/arm
bootstrap/cmd/internal/obj/arm64
bootstrap/cmd/internal/obj/loong64
bootstrap/cmd/internal/obj/mips
bootstrap/cmd/internal/obj/ppc64
bootstrap/cmd/internal/obj/riscv
bootstrap/cmd/internal/obj/s390x
bootstrap/cmd/internal/obj/wasm
bootstrap/cmd/internal/obj/x86
bootstrap/cmd/asm/internal/flags
bootstrap/cmd/asm/internal/lex
go/internal/typeparams
go/printer
go/parser
bootstrap/cmd/compile/internal/base
bootstrap/math/big
net/url
bootstrap/cmd/cgo
bootstrap/cmd/compile/internal/logopt
bootstrap/cmd/compile/internal/bitvec
bootstrap/cmd/compile/internal/abt
compress/flate
bootstrap/cmd/asm/internal/arch
bootstrap/go/constant
bootstrap/cmd/asm/internal/asm
compress/gzip
bootstrap/cmd/compile/internal/types
bootstrap/internal/profile
bootstrap/cmd/asm
bootstrap/cmd/internal/gcprog
bootstrap/cmd/compile/internal/ir
bootstrap/cmd/compile/internal/typebits
encoding/hex
bootstrap/cmd/compile/internal/syntax
bootstrap/internal/pkgbits
text/template/parse
internal/buildcfg
internal/execabs
internal/goroot
bootstrap/cmd/internal/archive
text/template
runtime/pprof
runtime/trace
bootstrap/cmd/compile/internal/types2
bootstrap/cmd/internal/codesign
bootstrap/cmd/link/internal/benchmark
go/doc
bootstrap/cmd/link/internal/sym
bootstrap/cmd/link/internal/loader
bootstrap/cmd/compile/internal/objw
bootstrap/cmd/compile/internal/abi
bootstrap/cmd/compile/internal/typecheck
bootstrap/cmd/compile/internal/deadcode
go/build
bootstrap/cmd/link/internal/loadelf
bootstrap/cmd/link/internal/loadmacho
bootstrap/cmd/link/internal/loadpe
bootstrap/cmd/link/internal/loadxcoff
bootstrap/cmd/link/internal/dwtest
bootstrap/cmd/link/internal/ld
bootstrap/cmd/compile/internal/compare
bootstrap/cmd/compile/internal/escape
bootstrap/cmd/compile/internal/pgo
bootstrap/cmd/compile/internal/staticdata
bootstrap/cmd/compile/internal/coverage
bootstrap/cmd/compile/internal/inline
bootstrap/cmd/compile/internal/devirtualize
bootstrap/cmd/compile/internal/importer
bootstrap/cmd/compile/internal/reflectdata
bootstrap/cmd/link/internal/amd64
bootstrap/cmd/link/internal/arm
bootstrap/cmd/link/internal/arm64
bootstrap/cmd/compile/internal/ssa
bootstrap/cmd/compile/internal/staticinit
bootstrap/cmd/link/internal/loong64
bootstrap/cmd/link/internal/mips
bootstrap/cmd/link/internal/mips64
bootstrap/cmd/link/internal/ppc64
bootstrap/cmd/link/internal/riscv64
bootstrap/cmd/link/internal/s390x
bootstrap/cmd/link/internal/wasm
bootstrap/cmd/link/internal/x86
bootstrap/cmd/link
bootstrap/cmd/compile/internal/liveness
bootstrap/cmd/compile/internal/ssagen
bootstrap/cmd/compile/internal/arm
bootstrap/cmd/compile/internal/arm64
bootstrap/cmd/compile/internal/amd64
bootstrap/cmd/compile/internal/dwarfgen
bootstrap/cmd/compile/internal/noder
bootstrap/cmd/compile/internal/walk
bootstrap/cmd/compile/internal/loong64
bootstrap/cmd/compile/internal/mips
bootstrap/cmd/compile/internal/mips64
bootstrap/cmd/compile/internal/ppc64
bootstrap/cmd/compile/internal/riscv64
bootstrap/cmd/compile/internal/s390x
bootstrap/cmd/compile/internal/wasm
bootstrap/cmd/compile/internal/x86
bootstrap/cmd/compile/internal/pkginit
bootstrap/cmd/compile/internal/gc
bootstrap/cmd/compile

Building Go bootstrap cmd/go (go_bootstrap) using Go toolchain1.
runtime
runtime/internal/sys
internal/goarch
internal/bytealg
internal/abi
internal/coverage/rtcov
internal/goos
runtime/internal/atomic
runtime/internal/math
internal/goexperiment
internal/cpu
runtime/internal/syscall
cmd/go
cmd/go/internal/modcmd
cmd/go/internal/modload
cmd/go/internal/modget
cmd/go/internal/trace
cmd/internal/traceviewer
cmd/go/internal/fmtcmd
regexp
cmd/internal/sys
io/fs
encoding/binary
reflect
unicode/utf8
internal/oserror
cmd/go/internal/test
log
cmd/go/internal/modinfo
cmd/go/internal/run
cmd/go/internal/modindex
fmt
cmd/go/internal/cache
cmd/go/internal/mvs
syscall
internal/lazyregexp
encoding/hex
cmd/go/internal/clean
context
cmd/go/internal/modconv
runtime/debug
internal/buildcfg
cmd/go/internal/cfg
cmd/go/internal/help
cmd/go/internal/workcmd
cmd/go/internal/envcmd
internal/cfg
os
internal/fmtsort
cmd/go/internal/doc
sync/atomic
cmd/go/internal/work
cmd/go/internal/bug
cmd/go/internal/list
cmd/go/internal/tool
cmd/go/internal/generate
encoding/json
errors
math
time
cmd/go/internal/load
path
cmd/internal/pkgpattern
cmd/go/internal/vet
cmd/go/internal/imports
cmd/go/internal/modfetch
cmd/vendor/golang.org/x/mod/modfile
cmd/go/internal/version
cmd/vendor/golang.org/x/mod/semver
flag
sync
path/filepath
cmd/go/internal/search
cmd/go/internal/fix
sort
cmd/go/internal/get
cmd/go/internal/par
cmd/go/internal/str
cmd/vendor/golang.org/x/mod/module
cmd/vendor/golang.org/x/mod/sumdb/dirhash
regexp/syntax
bufio
strconv
bytes
go/build
cmd/go/internal/fsys
cmd/go/internal/lockedfile
io
cmd/go/internal/modfetch/codehost
unicode
internal/platform
cmd/go/internal/mmap
cmd/internal/test2json
cmd/go/internal/cmdflag
crypto/sha256
hash
os/exec
text/template
strings
cmd/go/internal/base
internal/goroot
go/doc
go/doc/comment
go/scanner
go/ast
go/build/constraint
go/token
internal/godebug
internal/reflectlite
os/signal
cmd/go/internal/web
net/url
go/parser
cmd/internal/quoted
cmd/go/internal/lockedfile/internal/filelock
go/internal/typeparams
debug/buildinfo
cmd/vendor/golang.org/x/mod/internal/lazyregexp
math/rand
debug/plan9obj
internal/saferio
crypto/internal/boring
internal/xcoff
debug/macho
debug/pe
debug/elf
math/bits
crypto
debug/dwarf
compress/zlib
hash/adler32
compress/flate
encoding/base64
cmd/go/internal/vcs
archive/zip
cmd/go/internal/robustio
cmd/vendor/golang.org/x/mod/zip
internal/unsafeheader
io/ioutil
internal/itoa
encoding/xml
internal/poll
internal/safefilepath
internal/testlog
internal/syscall/execenv
internal/race
internal/syscall/unix
cmd/internal/objabi
cmd/internal/pkgpath
container/heap
cmd/internal/buildid
internal/coverage
crypto/sha1
cmd/internal/codesign
cmd/internal/notsha256
encoding
internal/singleflight
crypto/internal/boring/sig
crypto/cipher
internal/lazytemplate
crypto/subtle
internal/goversion
crypto/internal/alias
text/template/parse
hash/crc32
unicode/utf16


Building Go toolchain2 using go_bootstrap and Go toolchain1.
internal/goarch
internal/coverage/rtcov
internal/unsafeheader
internal/cpu
internal/abi
internal/goos
internal/goexperiment
runtime/internal/atomic
runtime/internal/math
runtime/internal/sys
runtime/internal/syscall
internal/race
internal/bytealg
sync/atomic
unicode
unicode/utf8
internal/itoa
math/bits
encoding
runtime
unicode/utf16
math
internal/coverage
internal/platform
internal/goversion
internal/types/errors
internal/reflectlite
runtime/metrics
sync
internal/testlog
internal/godebug
math/rand
errors
sort
internal/oserror
io
strconv
syscall
internal/safefilepath
path
bytes
strings
reflect
hash
hash/adler32
text/tabwriter
bufio
go/build/constraint
regexp/syntax
hash/crc32
container/heap
html
internal/syscall/unix
time
internal/syscall/execenv
crypto
hash/fnv
regexp
io/fs
internal/poll
context
internal/fmtsort
internal/saferio
encoding/binary
os
cmd/internal/sys
cmd/internal/notsha256
encoding/base64
crypto/md5
internal/lazyregexp
path/filepath
fmt
os/exec
log
internal/buildcfg
cmd/internal/src
flag
cmd/internal/bio
text/scanner
cmd/internal/edit
cmd/internal/pkgpath
cmd/internal/objabi
cmd/internal/quoted
debug/dwarf
compress/flate
go/token
cmd/internal/dwarf
cmd/internal/goobj
compress/zlib
go/scanner
go/doc/comment
cmd/internal/obj
go/ast
debug/elf
debug/macho
debug/pe
go/internal/typeparams
go/parser
go/printer
internal/xcoff
cmd/internal/obj/arm
cmd/internal/obj/arm64
cmd/internal/obj/loong64
cmd/internal/obj/mips
cmd/internal/obj/ppc64
cmd/internal/obj/riscv
cmd/internal/obj/s390x
cmd/internal/obj/wasm
cmd/internal/obj/x86
cmd/asm/internal/flags
cmd/asm/internal/lex
cmd/cgo
encoding/json
runtime/debug
math/big
cmd/compile/internal/base
cmd/asm/internal/arch
cmd/asm/internal/asm
net/url
go/constant
cmd/compile/internal/logopt
cmd/compile/internal/bitvec
cmd/asm
cmd/compile/internal/abt
cmd/compile/internal/types
compress/gzip
cmd/internal/gcprog
encoding/hex
internal/profile
cmd/compile/internal/syntax
go/doc
cmd/compile/internal/ir
cmd/compile/internal/typebits
internal/goroot
internal/pkgbits
go/build
cmd/internal/archive
runtime/pprof
runtime/trace
cmd/compile/internal/types2
cmd/internal/codesign
cmd/link/internal/sym
cmd/link/internal/benchmark
cmd/link/internal/loader
cmd/link/internal/loadmacho
cmd/link/internal/loadelf
cmd/link/internal/loadpe
cmd/link/internal/loadxcoff
cmd/link/internal/ld
cmd/compile/internal/objw
cmd/compile/internal/abi
cmd/compile/internal/typecheck
cmd/compile/internal/deadcode
cmd/compile/internal/pgo
cmd/compile/internal/compare
cmd/compile/internal/escape
cmd/compile/internal/staticdata
cmd/compile/internal/inline
cmd/compile/internal/coverage
cmd/compile/internal/devirtualize
cmd/compile/internal/importer
cmd/compile/internal/reflectdata
cmd/compile/internal/staticinit
cmd/link/internal/amd64
cmd/link/internal/arm
cmd/compile/internal/ssa
cmd/link/internal/arm64
cmd/link/internal/loong64
cmd/link/internal/mips
cmd/link/internal/mips64
cmd/link/internal/ppc64
cmd/link/internal/riscv64
cmd/link/internal/s390x
cmd/link/internal/wasm
cmd/link/internal/x86
cmd/link
cmd/compile/internal/liveness
cmd/compile/internal/ssagen
cmd/compile/internal/arm
cmd/compile/internal/arm64
cmd/compile/internal/amd64
cmd/compile/internal/dwarfgen
cmd/compile/internal/loong64
cmd/compile/internal/walk
cmd/compile/internal/mips
cmd/compile/internal/noder
cmd/compile/internal/mips64
cmd/compile/internal/ppc64
cmd/compile/internal/riscv64
cmd/compile/internal/s390x
cmd/compile/internal/wasm
cmd/compile/internal/x86
cmd/compile/internal/pkginit
cmd/compile/internal/gc
cmd/compile

Building Go toolchain3 using go_bootstrap and Go toolchain2.
internal/goarch
internal/unsafeheader
internal/coverage/rtcov
internal/cpu
internal/goexperiment
internal/abi
internal/goos
runtime/internal/atomic
runtime/internal/math
runtime/internal/sys
runtime/internal/syscall
internal/race
internal/bytealg
sync/atomic
unicode
unicode/utf8
internal/itoa
math/bits
encoding
runtime
unicode/utf16
internal/coverage
math
internal/platform
internal/goversion
internal/types/errors
internal/reflectlite
runtime/metrics
sync
internal/testlog
internal/godebug
math/rand
errors
sort
internal/oserror
io
strconv
syscall
internal/safefilepath
path
bytes
strings
hash
hash/adler32
reflect
bufio
go/build/constraint
text/tabwriter
regexp/syntax
hash/crc32
container/heap
html
internal/syscall/unix
time
internal/syscall/execenv
crypto
hash/fnv
regexp
context
internal/poll
io/fs
os
internal/fmtsort
encoding/binary
internal/saferio
internal/lazyregexp
path/filepath
fmt
cmd/internal/notsha256
cmd/internal/sys
encoding/base64
os/exec
crypto/md5
log
internal/buildcfg
flag
cmd/internal/src
cmd/internal/bio
text/scanner
cmd/internal/edit
cmd/internal/pkgpath
cmd/internal/objabi
cmd/internal/quoted
debug/dwarf
compress/flate
go/token
cmd/internal/dwarf
cmd/internal/goobj
go/scanner
compress/zlib
go/doc/comment
cmd/internal/obj
go/ast
debug/elf
debug/macho
debug/pe
go/internal/typeparams
go/printer
go/parser
cmd/internal/obj/arm
cmd/internal/obj/arm64
cmd/internal/obj/loong64
cmd/internal/obj/mips
cmd/internal/obj/ppc64
cmd/internal/obj/riscv
cmd/internal/obj/s390x
cmd/internal/obj/wasm
cmd/internal/obj/x86
cmd/asm/internal/flags
cmd/asm/internal/lex
internal/xcoff
encoding/json
runtime/debug
cmd/cgo
math/big
cmd/compile/internal/base
cmd/asm/internal/arch
net/url
cmd/asm/internal/asm
cmd/compile/internal/logopt
cmd/compile/internal/bitvec
go/constant
cmd/compile/internal/abt
compress/gzip
cmd/compile/internal/types
cmd/asm
internal/profile
cmd/internal/gcprog
encoding/hex
cmd/compile/internal/syntax
go/doc
cmd/compile/internal/ir
cmd/compile/internal/typebits
internal/goroot
internal/pkgbits
go/build
cmd/internal/archive
runtime/pprof
runtime/trace
cmd/internal/codesign
cmd/link/internal/benchmark
cmd/compile/internal/types2
cmd/link/internal/sym
cmd/link/internal/loader
cmd/link/internal/loadelf
cmd/link/internal/loadmacho
cmd/link/internal/loadpe
cmd/compile/internal/objw
cmd/compile/internal/abi
cmd/compile/internal/typecheck
cmd/compile/internal/deadcode
cmd/link/internal/loadxcoff
cmd/link/internal/ld
cmd/compile/internal/compare
cmd/compile/internal/pgo
cmd/compile/internal/escape
cmd/compile/internal/staticdata
cmd/compile/internal/inline
cmd/compile/internal/coverage
cmd/compile/internal/devirtualize
cmd/compile/internal/importer
cmd/compile/internal/reflectdata
cmd/compile/internal/staticinit
cmd/compile/internal/ssa
cmd/link/internal/amd64
cmd/link/internal/arm
cmd/link/internal/arm64
cmd/link/internal/loong64
cmd/link/internal/mips
cmd/link/internal/mips64
cmd/link/internal/ppc64
cmd/link/internal/riscv64
cmd/link/internal/s390x
cmd/link/internal/wasm
cmd/link/internal/x86
cmd/link
cmd/compile/internal/liveness
cmd/compile/internal/ssagen
cmd/compile/internal/arm
cmd/compile/internal/arm64
cmd/compile/internal/amd64
cmd/compile/internal/dwarfgen
cmd/compile/internal/noder
cmd/compile/internal/walk
cmd/compile/internal/loong64
cmd/compile/internal/mips
cmd/compile/internal/mips64
cmd/compile/internal/ppc64
cmd/compile/internal/riscv64
cmd/compile/internal/s390x
cmd/compile/internal/wasm
cmd/compile/internal/x86
cmd/compile/internal/pkginit
cmd/compile/internal/gc
cmd/compile

Building packages and commands for linux/amd64.
container/list
container/ring
crypto/internal/alias
runtime/cgo
debug/plan9obj
debug/gosym
cmd/vendor/golang.org/x/arch/arm/armasm
cmd/vendor/golang.org/x/arch/arm64/arm64asm
cmd/vendor/golang.org/x/arch/ppc64/ppc64asm
cmd/vendor/golang.org/x/arch/x86/x86asm
archive/zip
compress/bzip2
compress/lzw
crypto/subtle
crypto/internal/boring/sig
crypto/cipher
crypto/internal/randutil
crypto/dsa
crypto/internal/edwards25519/field
crypto/internal/boring
crypto/aes
cmd/internal/objfile
crypto/des
crypto/internal/nistec/fiat
embed
crypto/internal/bigmod
os/user
cmd/addr2line
crypto/internal/boring/bbig
crypto/sha512
encoding/asn1
vendor/golang.org/x/crypto/cryptobyte/asn1
crypto/internal/edwards25519
crypto/internal/nistec
vendor/golang.org/x/crypto/cryptobyte
crypto/rand
crypto/ed25519
crypto/hmac
crypto/internal/boring/bcache
crypto/rc4
crypto/rsa
crypto/sha1
crypto/ecdh
crypto/elliptic
archive/tar
crypto/sha256
crypto/x509/pkix
encoding/pem
vendor/golang.org/x/net/dns/dnsmessage
crypto/ecdsa
internal/nettrace
internal/singleflight
internal/intern
net/netip
vendor/golang.org/x/crypto/internal/alias
vendor/golang.org/x/crypto/chacha20
vendor/golang.org/x/crypto/internal/poly1305
io/ioutil
vendor/golang.org/x/crypto/hkdf
database/sql/driver
vendor/golang.org/x/sys/cpu
debug/buildinfo
net
encoding/ascii85
vendor/golang.org/x/crypto/chacha20poly1305
database/sql
encoding/base32
encoding/csv
encoding/gob
encoding/xml
vendor/golang.org/x/text/transform
vendor/golang.org/x/text/unicode/bidi
vendor/golang.org/x/text/unicode/norm
vendor/golang.org/x/net/http2/hpack
mime
vendor/golang.org/x/text/secure/bidirule
mime/quotedprintable
net/http/internal
net/http/internal/ascii
go/format
go/types
hash/crc64
hash/maphash
vendor/golang.org/x/net/idna
text/template/parse
image/color
text/template
image
image/color/palette
image/internal/imageutil
image/draw
html/template
image/gif
image/jpeg
image/png
index/suffixarray
internal/cfg
internal/coverage/calloc
internal/coverage/cmerge
internal/coverage/cformat
internal/coverage/slicereader
internal/coverage/uleb128
internal/coverage/slicewriter
internal/coverage/stringtab
internal/coverage/pods
internal/coverage/decodecounter
internal/coverage/decodemeta
crypto/x509
net/textproto
vendor/golang.org/x/net/http/httpproxy
vendor/golang.org/x/net/http/httpguts
mime/multipart
internal/coverage/encodecounter
internal/coverage/encodemeta
internal/dag
internal/diff
internal/fuzz
internal/lazytemplate
internal/obscuretestdata
internal/sysinfo
go/internal/gccgoimporter
go/internal/gcimporter
crypto/tls
go/internal/srcimporter
testing
internal/testpty
go/importer
internal/trace
internal/txtar
log/syslog
math/cmplx
internal/testenv
net/http/internal/testcert
net/internal/socktest
net/mail
os/exec/internal/fdtest
os/signal
plugin
reflect/internal/example1
reflect/internal/example2
runtime/coverage
runtime/internal/startlinetest
runtime/race/internal/amd64v1
runtime/race
testing/iotest
testing/internal/testdeps
testing/fstest
testing/quick
time/tzdata
vendor/golang.org/x/net/nettest
net/http/httptrace
net/smtp
net/http
cmd/internal/buildid
cmd/compile/internal/test
cmd/internal/cov
cmd/internal/pkgpattern
cmd/internal/browser
cmd/buildid
cmd/covdata
cmd/vendor/golang.org/x/tools/cover
cmd/cover
cmd/dist
cmd/vendor/golang.org/x/mod/semver
cmd/doc
cmd/fix
cmd/go/internal/fsys
cmd/go/internal/str
cmd/go/internal/lockedfile/internal/filelock
cmd/go/internal/lockedfile
cmd/go/internal/cfg
cmd/go/internal/base
cmd/go/internal/mmap
cmd/go/internal/imports
cmd/go/internal/par
cmd/go/internal/cache
cmd/vendor/golang.org/x/mod/internal/lazyregexp
cmd/vendor/golang.org/x/mod/module
cmd/go/internal/robustio
cmd/internal/traceviewer
cmd/go/internal/trace
cmd/go/internal/search
cmd/vendor/golang.org/x/mod/modfile
cmd/vendor/golang.org/x/mod/sumdb/note
cmd/vendor/golang.org/x/mod/sumdb/tlog
cmd/vendor/golang.org/x/mod/sumdb/dirhash
cmd/vendor/golang.org/x/mod/zip
cmd/go/internal/modindex
cmd/go/internal/mvs
cmd/go/internal/modconv
cmd/go/internal/doc
cmd/go/internal/cmdflag
cmd/internal/test2json
cmd/go/internal/tool
cmd/go/internal/version
cmd/go/internal/script
expvar
net/http/cgi
net/http/cookiejar
net/http/httptest
net/http/httputil
net/http/fcgi
net/http/pprof
net/rpc
cmd/go/internal/auth
cmd/go/internal/web
cmd/vendor/golang.org/x/mod/sumdb
cmd/go/internal/script/scripttest
cmd/go/internal/test/internal/genflags
cmd/go/internal/modfetch/codehost
cmd/go/internal/vcs
net/rpc/jsonrpc
cmd/go/internal/vcweb
cmd/vendor/golang.org/x/sync/semaphore
cmd/gofmt
cmd/vendor/golang.org/x/sys/unix
cmd/go/internal/vcweb/vcstest
cmd/go/internal/modfetch
cmd/go/internal/modinfo
cmd/link/internal/dwtest
cmd/nm
cmd/objdump
cmd/pack
cmd/go/internal/modload
cmd/vendor/github.com/google/pprof/internal/elfexec
cmd/vendor/github.com/google/pprof/profile
cmd/vendor/github.com/ianlancetaylor/demangle
cmd/internal/osinfo
cmd/vendor/github.com/google/pprof/third_party/d3flamegraph
cmd/vendor/github.com/google/pprof/third_party/svgpan
cmd/vendor/golang.org/x/term
cmd/test2json
cmd/vendor/github.com/google/pprof/internal/plugin
cmd/vendor/github.com/google/pprof/internal/measurement
cmd/vendor/github.com/google/pprof/internal/graph
cmd/go/internal/load
cmd/go/internal/help
cmd/go/internal/workcmd
cmd/vendor/github.com/google/pprof/internal/report
cmd/vendor/github.com/google/pprof/internal/symbolz
cmd/vendor/github.com/google/pprof/internal/transport
cmd/vendor/github.com/google/pprof/internal/binutils
cmd/trace
cmd/vendor/golang.org/x/sys/internal/unsafeheader
cmd/vendor/golang.org/x/tools/go/analysis
cmd/go/internal/work
cmd/go/internal/fmtcmd
cmd/go/internal/modcmd
cmd/vendor/github.com/google/pprof/internal/symbolizer
cmd/vendor/github.com/google/pprof/internal/driver
cmd/vendor/golang.org/x/tools/go/analysis/internal/analysisflags
cmd/vendor/golang.org/x/tools/go/analysis/passes/internal/analysisutil
cmd/vendor/golang.org/x/tools/go/analysis/passes/asmdecl
cmd/vendor/golang.org/x/tools/internal/typeparams
cmd/vendor/golang.org/x/tools/go/ast/inspector
cmd/vendor/golang.org/x/tools/go/analysis/passes/inspect
cmd/vendor/golang.org/x/tools/go/analysis/passes/assign
cmd/vendor/github.com/google/pprof/driver
cmd/pprof
cmd/vendor/golang.org/x/tools/go/analysis/passes/atomic
cmd/vendor/golang.org/x/tools/go/analysis/passes/bools
cmd/vendor/golang.org/x/tools/go/analysis/passes/buildtag
cmd/go/internal/envcmd
cmd/go/internal/clean
cmd/go/internal/fix
cmd/go/internal/bug
cmd/go/internal/generate
cmd/go/internal/get
cmd/go/internal/list
cmd/go/internal/modget
cmd/go/internal/run
cmd/go/internal/test
cmd/go/internal/vet
cmd/vendor/golang.org/x/tools/go/analysis/passes/cgocall
cmd/vendor/golang.org/x/tools/go/analysis/passes/composite
cmd/vendor/golang.org/x/tools/go/analysis/passes/copylock
cmd/vendor/golang.org/x/tools/go/cfg
cmd/vendor/golang.org/x/tools/go/ast/astutil
cmd/vendor/golang.org/x/tools/go/analysis/passes/framepointer
cmd/go
cmd/vendor/golang.org/x/tools/go/analysis/passes/httpresponse
cmd/vendor/golang.org/x/tools/go/analysis/passes/ifaceassert
cmd/vendor/golang.org/x/tools/go/analysis/passes/nilfunc
cmd/vendor/golang.org/x/tools/go/types/typeutil
cmd/vendor/golang.org/x/tools/go/analysis/passes/shift
cmd/vendor/golang.org/x/tools/go/analysis/passes/sigchanyzer
cmd/vendor/golang.org/x/tools/go/analysis/passes/stdmethods
cmd/vendor/golang.org/x/tools/go/analysis/passes/ctrlflow
cmd/vendor/golang.org/x/tools/go/analysis/passes/errorsas
cmd/vendor/golang.org/x/tools/go/analysis/passes/loopclosure
cmd/vendor/golang.org/x/tools/go/analysis/passes/printf
cmd/vendor/golang.org/x/tools/go/analysis/passes/lostcancel
cmd/vendor/golang.org/x/tools/go/analysis/passes/stringintconv
cmd/vendor/golang.org/x/tools/go/analysis/passes/structtag
cmd/vendor/golang.org/x/tools/go/analysis/passes/testinggoroutine
cmd/vendor/golang.org/x/tools/internal/analysisinternal
cmd/vendor/golang.org/x/tools/go/analysis/passes/timeformat
cmd/vendor/golang.org/x/tools/go/analysis/passes/unmarshal
cmd/vendor/golang.org/x/tools/go/analysis/passes/unreachable
cmd/vendor/golang.org/x/tools/go/analysis/passes/unsafeptr
cmd/vendor/golang.org/x/tools/go/analysis/passes/tests
cmd/vendor/golang.org/x/tools/go/analysis/passes/unusedresult
cmd/vendor/golang.org/x/tools/go/types/objectpath
cmd/vendor/golang.org/x/tools/internal/facts
cmd/vendor/golang.org/x/tools/go/analysis/unitchecker
cmd/vet
cd "/mnt/build_wrt/build_dir/hostpkg/go-1.24.13/.go_bootstrap_1.22/src" ;  GOROOT_BOOTSTRAP="/mnt/build_wrt/build_dir/hostpkg/go-1.24.13/.go_bootstrap_1.20" GOHOSTARCH="amd64" GOCACHE="/mnt/build_wrt/tmp/go-build" GOENV=off CC="/mnt/build_wrt/staging_dir/host/bin/gcc" CXX="/mnt/build_wrt/staging_dir/host/bin/g++"  bash make.bash -v --no-banner
Building Go cmd/dist using /mnt/build_wrt/build_dir/hostpkg/go-1.24.13/.go_bootstrap_1.20. (go1.20.14 linux/amd64)
cmd/dist

Building Go toolchain1 using /mnt/build_wrt/build_dir/hostpkg/go-1.24.13/.go_bootstrap_1.20.
internal/goarch
internal/unsafeheader
internal/coverage/rtcov
internal/cpu
internal/abi
internal/goexperiment
internal/goos
runtime/internal/atomic
runtime/internal/math
runtime/internal/sys
runtime/internal/syscall
internal/bytealg
internal/race
sync/atomic
unicode
unicode/utf8
internal/itoa
math/bits
bootstrap/internal/goexperiment
runtime
bootstrap/math/bits
math
bootstrap/internal/goarch
bootstrap/internal/abi
encoding
bootstrap/internal/coverage
crypto/internal/alias
crypto/internal/boring/sig
bootstrap/internal/platform
bootstrap/internal/unsafeheader
unicode/utf16
bootstrap/internal/goversion
bootstrap/cmp
internal/goversion
bootstrap/internal/gover
bootstrap/internal/race
bootstrap/cmd/compile/internal/test
crypto/subtle
internal/reflectlite
sync
runtime/metrics
internal/testlog
internal/godebug
bootstrap/internal/bisect
math/rand
errors
sort
bootstrap/sort
io
strconv
internal/oserror
syscall
internal/safefilepath
bytes
strings
path
reflect
hash
bufio
bootstrap/go/build/constraint
hash/adler32
bootstrap/internal/saferio
go/build/constraint
text/tabwriter
regexp/syntax
crypto
bootstrap/internal/types/errors
internal/syscall/unix
time
internal/syscall/execenv
bootstrap/container/heap
hash/crc32
html
bootstrap/go/version
regexp
hash/fnv
context
io/fs
internal/poll
internal/fmtsort
encoding/binary
os
bootstrap/cmd/internal/sys
encoding/base64
bootstrap/cmd/internal/notsha256
crypto/cipher
crypto/md5
crypto/internal/boring
crypto/sha256
bootstrap/internal/lazyregexp
path/filepath
fmt
internal/lazyregexp
os/exec
log
bootstrap/cmd/internal/src
bootstrap/internal/buildcfg
flag
bootstrap/cmd/internal/bio
text/scanner
bootstrap/cmd/internal/objabi
bootstrap/cmd/internal/dwarf
bootstrap/cmd/internal/goobj
bootstrap/cmd/internal/edit
bootstrap/cmd/internal/pkgpath
bootstrap/cmd/internal/quoted
bootstrap/debug/dwarf
bootstrap/compress/flate
bootstrap/internal/zstd
bootstrap/cmd/internal/obj
bootstrap/compress/zlib
go/token
go/doc/comment
go/scanner
bootstrap/debug/elf
bootstrap/debug/macho
bootstrap/debug/pe
bootstrap/cmd/internal/obj/arm
bootstrap/cmd/internal/obj/arm64
bootstrap/cmd/internal/obj/loong64
bootstrap/cmd/internal/obj/mips
bootstrap/cmd/internal/obj/ppc64
bootstrap/cmd/internal/obj/riscv
bootstrap/cmd/internal/obj/s390x
bootstrap/cmd/internal/obj/wasm
bootstrap/cmd/internal/obj/x86
bootstrap/cmd/asm/internal/flags
bootstrap/cmd/asm/internal/lex
bootstrap/internal/xcoff
go/ast
bootstrap/cmd/internal/cov/covcmd
encoding/json
runtime/debug
math/big
go/internal/typeparams
go/parser
go/printer
bootstrap/cmd/asm/internal/arch
bootstrap/cmd/compile/internal/base
bootstrap/cmd/asm/internal/asm
go/format
bootstrap/cmd/cgo
net/url
bootstrap/go/constant
bootstrap/cmd/asm
bootstrap/cmd/compile/internal/logopt
bootstrap/cmd/compile/internal/types
bootstrap/cmd/compile/internal/bitvec
bootstrap/cmd/compile/internal/abt
bootstrap/cmd/internal/gcprog
encoding/hex
compress/flate
bootstrap/cmd/compile/internal/syntax
bootstrap/cmd/compile/internal/typebits
bootstrap/cmd/compile/internal/ir
compress/gzip
bootstrap/internal/profile
bootstrap/internal/pkgbits
bootstrap/cmd/compile/internal/pgo/internal/graph
go/doc
internal/buildcfg
internal/goroot
bootstrap/cmd/internal/archive
go/build
runtime/pprof
bootstrap/cmd/compile/internal/types2
runtime/trace
bootstrap/cmd/internal/codesign
bootstrap/cmd/link/internal/benchmark
bootstrap/cmd/link/internal/sym
bootstrap/cmd/link/internal/dwtest
bootstrap/cmd/link/internal/loader
bootstrap/cmd/compile/internal/objw
bootstrap/cmd/compile/internal/abi
bootstrap/cmd/compile/internal/typecheck
bootstrap/cmd/compile/internal/rttype
bootstrap/cmd/compile/internal/staticdata
bootstrap/cmd/link/internal/loadelf
bootstrap/cmd/link/internal/loadmacho
bootstrap/cmd/link/internal/loadpe
bootstrap/cmd/link/internal/loadxcoff
bootstrap/cmd/link/internal/ld
bootstrap/cmd/compile/internal/coverage
bootstrap/cmd/compile/internal/compare
bootstrap/cmd/compile/internal/escape
bootstrap/cmd/compile/internal/reflectdata
bootstrap/cmd/compile/internal/pgo
bootstrap/cmd/compile/internal/inline/inlheur
bootstrap/cmd/compile/internal/ssa
bootstrap/cmd/compile/internal/loopvar
bootstrap/cmd/compile/internal/importer
bootstrap/cmd/compile/internal/inline
bootstrap/cmd/compile/internal/devirtualize
bootstrap/cmd/compile/internal/rangefunc
bootstrap/cmd/compile/internal/inline/interleaved
bootstrap/cmd/compile/internal/staticinit
bootstrap/cmd/link/internal/amd64
bootstrap/cmd/link/internal/arm
bootstrap/cmd/link/internal/arm64
bootstrap/cmd/link/internal/loong64
bootstrap/cmd/link/internal/mips
bootstrap/cmd/link/internal/mips64
bootstrap/cmd/link/internal/ppc64
bootstrap/cmd/link/internal/riscv64
bootstrap/cmd/link/internal/s390x
bootstrap/cmd/link/internal/wasm
bootstrap/cmd/link/internal/x86
bootstrap/cmd/link
bootstrap/cmd/compile/internal/liveness
bootstrap/cmd/compile/internal/ssagen
bootstrap/cmd/compile/internal/arm
bootstrap/cmd/compile/internal/arm64
bootstrap/cmd/compile/internal/amd64
bootstrap/cmd/compile/internal/dwarfgen
bootstrap/cmd/compile/internal/noder
bootstrap/cmd/compile/internal/walk
bootstrap/cmd/compile/internal/loong64
bootstrap/cmd/compile/internal/mips
bootstrap/cmd/compile/internal/mips64
bootstrap/cmd/compile/internal/ppc64
bootstrap/cmd/compile/internal/riscv64
bootstrap/cmd/compile/internal/s390x
bootstrap/cmd/compile/internal/wasm
bootstrap/cmd/compile/internal/x86
bootstrap/cmd/compile/internal/pkginit
bootstrap/cmd/compile/internal/gc
bootstrap/cmd/compile

Building Go bootstrap cmd/go (go_bootstrap) using Go toolchain1.
runtime
runtime/internal/syscall
internal/cpu
internal/goos
internal/abi
internal/goexperiment
runtime/internal/math
internal/coverage/rtcov
internal/goarch
internal/chacha8rand
runtime/internal/atomic
runtime/internal/sys
internal/bytealg
internal/godebugs
time/tzdata
syscall
errors
internal/reflectlite
internal/unsafeheader
internal/race
internal/itoa
sync/atomic
sync
internal/oserror
cmd/go
cmd/go/internal/workcmd
cmd/go/internal/help
slices
cmd/go/internal/modfetch
cmd/go/internal/vet
cmd/go/internal/base
math/bits
runtime/trace
unicode/utf8
text/template
unicode
io
bufio
strings
cmd/go/internal/test
cmd/go/internal/toolchain
cmd/go/internal/generate
cmd/go/internal/bug
context
cmd/go/internal/doc
flag
cmd/go/internal/modcmd
fmt
cmd/go/internal/run
cmd/go/internal/load
cmd/go/internal/cfg
cmd/go/internal/tool
cmd/go/internal/version
internal/buildcfg
cmd/go/internal/clean
cmd/go/internal/fmtcmd
cmd/go/internal/modload
cmd/go/internal/work
cmd/go/internal/list
cmd/go/internal/envcmd
log
os
cmp
io/fs
encoding/json
cmd/vendor/golang.org/x/mod/module
cmd/go/internal/str
cmd/vendor/golang.org/x/mod/modfile
cmd/go/internal/imports
cmd/go/internal/gover
cmd/go/internal/fsys
cmd/go/internal/modget
cmd/go/internal/trace
path/filepath
cmd/go/internal/fix
bytes
cmd/go/internal/modinfo
time
internal/goversion
path
sort
regexp
cmd/internal/quoted
cmd/go/internal/cache
internal/gover
cmd/vendor/golang.org/x/mod/semver
go/build
cmd/go/internal/cmdflag
os/exec
strconv
reflect
cmd/go/internal/modfetch/codehost
cmd/go/internal/search
cmd/vendor/golang.org/x/sync/semaphore
cmd/go/internal/par
cmd/internal/pkgpattern
internal/fmtsort
internal/trace/traceviewer/format
cmd/go/internal/lockedfile
cmd/go/internal/lockedfile/internal/filelock
text/template/parse
net/url
cmd/vendor/golang.org/x/mod/sumdb/dirhash
crypto/sha256
internal/godebug
encoding/base64
hash
encoding/hex
cmd/go/internal/mmap
archive/zip
encoding/binary
math
math/rand
internal/syscall/unix
go/token
crypto
crypto/internal/boring
cmd/vendor/golang.org/x/mod/zip
cmd/go/internal/robustio
cmd/go/internal/web
cmd/go/internal/vcs
go/build/constraint
go/parser
cmd/internal/buildid
internal/xcoff
debug/macho
internal/syscall/execenv
cmd/internal/codesign
cmd/internal/cov/covcmd
internal/coverage
internal/lazyregexp
internal/cfg
os/signal
container/heap
encoding
regexp/syntax
debug/elf
internal/bisect
crypto/sha1
cmd/internal/pkgpath
cmd/internal/sys
internal/platform
go/scanner
go/internal/typeparams
go/ast
container/list
cmd/vendor/golang.org/x/mod/internal/lazyregexp
compress/flate
crypto/internal/boring/sig
hash/crc32
crypto/cipher
runtime/debug
debug/buildinfo
cmd/go/internal/modindex
go/doc
maps
cmd/go/internal/mvs
internal/goroot
debug/plan9obj
debug/pe
internal/saferio
log/internal
debug/dwarf
compress/zlib
hash/adler32
cmd/internal/notsha256
internal/singleflight
encoding/xml
go/doc/comment
crypto/subtle
crypto/internal/alias
internal/lazytemplate
unicode/utf16
internal/zstd
cmd/internal/test2json
internal/poll
internal/safefilepath
internal/testlog


Building Go toolchain2 using go_bootstrap and Go toolchain1.
internal/unsafeheader
internal/goarch
internal/coverage/rtcov
internal/cpu
internal/godebugs
internal/goexperiment
internal/abi
internal/chacha8rand
internal/goos
runtime/internal/atomic
runtime/internal/math
internal/bytealg
runtime/internal/sys
runtime/internal/syscall
internal/race
sync/atomic
unicode
unicode/utf8
internal/itoa
math/bits
cmp
log/internal
encoding
math
slices
runtime
crypto/internal/alias
crypto/subtle
crypto/internal/boring/sig
internal/coverage
unicode/utf16
internal/platform
internal/goversion
internal/gover
runtime/metrics
internal/reflectlite
sync
internal/testlog
internal/bisect
internal/godebug
errors
sort
math/rand
io
strconv
internal/oserror
bytes
strings
syscall
reflect
internal/safefilepath
bufio
path
hash
go/build/constraint
hash/adler32
internal/saferio
text/tabwriter
regexp/syntax
crypto
internal/types/errors
container/heap
hash/crc32
html
internal/syscall/unix
time
internal/syscall/execenv
go/version
hash/fnv
regexp
context
internal/poll
io/fs
internal/fmtsort
encoding/binary
os
cmd/internal/sys
cmd/internal/notsha256
encoding/base64
crypto/cipher
crypto/md5
crypto/internal/boring
crypto/sha256
internal/lazyregexp
path/filepath
fmt
os/exec
internal/goroot
internal/buildcfg
cmd/internal/src
log
flag
text/scanner
cmd/internal/bio
cmd/internal/dwarf
cmd/internal/goobj
cmd/internal/objabi
cmd/internal/edit
cmd/internal/pkgpath
cmd/internal/quoted
debug/dwarf
compress/flate
internal/zstd
cmd/internal/obj
compress/zlib
go/token
go/doc/comment
go/scanner
cmd/internal/cov/covcmd
encoding/json
debug/elf
debug/macho
cmd/internal/obj/arm
cmd/internal/obj/arm64
cmd/internal/obj/loong64
cmd/internal/obj/mips
cmd/internal/obj/ppc64
cmd/internal/obj/riscv
cmd/internal/obj/s390x
cmd/internal/obj/wasm
cmd/internal/obj/x86
cmd/asm/internal/flags
cmd/asm/internal/lex
debug/pe
go/ast
internal/xcoff
runtime/debug
cmd/compile/internal/base
math/big
net/url
go/internal/typeparams
go/printer
go/parser
cmd/asm/internal/arch
cmd/compile/internal/logopt
cmd/asm/internal/asm
cmd/compile/internal/bitvec
go/format
cmd/compile/internal/abt
cmd/cgo
cmd/internal/gcprog
go/constant
cmd/asm
encoding/hex
compress/gzip
internal/profile
cmd/compile/internal/types
cmd/compile/internal/syntax
cmd/compile/internal/pgo/internal/graph
cmd/compile/internal/ir
cmd/compile/internal/typebits
go/doc
go/build
internal/pkgbits
cmd/compile/internal/types2
cmd/internal/archive
runtime/pprof
runtime/trace
cmd/internal/codesign
cmd/link/internal/sym
cmd/link/internal/loader
cmd/link/internal/benchmark
cmd/link/internal/loadelf
cmd/link/internal/loadmacho
cmd/compile/internal/objw
cmd/compile/internal/abi
cmd/compile/internal/typecheck
cmd/compile/internal/rttype
cmd/compile/internal/staticdata
cmd/link/internal/loadpe
cmd/link/internal/loadxcoff
cmd/link/internal/ld
cmd/compile/internal/compare
cmd/compile/internal/coverage
cmd/compile/internal/escape
cmd/compile/internal/pgo
cmd/compile/internal/reflectdata
cmd/compile/internal/inline/inlheur
cmd/compile/internal/loopvar
cmd/compile/internal/inline
cmd/compile/internal/ssa
cmd/compile/internal/importer
cmd/compile/internal/devirtualize
cmd/compile/internal/rangefunc
cmd/compile/internal/inline/interleaved
cmd/compile/internal/staticinit
cmd/link/internal/arm
cmd/link/internal/arm64
cmd/link/internal/amd64
cmd/link/internal/loong64
cmd/link/internal/mips
cmd/link/internal/mips64
cmd/link/internal/ppc64
cmd/link/internal/riscv64
cmd/link/internal/s390x
cmd/link/internal/wasm
cmd/link/internal/x86
cmd/link
cmd/compile/internal/liveness
cmd/compile/internal/ssagen
cmd/compile/internal/arm
cmd/compile/internal/amd64
cmd/compile/internal/arm64
cmd/compile/internal/dwarfgen
cmd/compile/internal/walk
cmd/compile/internal/noder
cmd/compile/internal/loong64
cmd/compile/internal/mips
cmd/compile/internal/mips64
cmd/compile/internal/ppc64
cmd/compile/internal/riscv64
cmd/compile/internal/s390x
cmd/compile/internal/wasm
cmd/compile/internal/x86
cmd/compile/internal/pkginit
cmd/compile/internal/gc
cmd/compile

Building Go toolchain3 using go_bootstrap and Go toolchain2.
internal/goarch
internal/coverage/rtcov
internal/unsafeheader
internal/cpu
internal/godebugs
internal/abi
internal/chacha8rand
internal/goexperiment
internal/goos
runtime/internal/atomic
runtime/internal/math
internal/bytealg
runtime/internal/sys
runtime/internal/syscall
internal/race
sync/atomic
unicode
unicode/utf8
internal/itoa
math/bits
cmp
log/internal
slices
math
runtime
encoding
internal/goarch
internal/unsafeheader
internal/abi
internal/cpu
internal/bytealg
internal/chacha8rand
internal/coverage/rtcov
internal/godebugs
internal/goexperiment
internal/goos
runtime/internal/atomic
runtime/internal/math
runtime/internal/sys
runtime/internal/syscall
internal/race
sync/atomic
runtime
unicode
unicode/utf8
math/bits
math
crypto/internal/alias
crypto/subtle
internal/itoa
crypto/internal/boring/sig
cmp
internal/coverage
slices
log/internal
encoding
unicode/utf16
internal/platform
internal/goversion
internal/gover
unicode/utf16
internal/platform
sync
internal/reflectlite
internal/bisect
internal/testlog
internal/godebug
errors
sort
strconv
io
bytes
strings
reflect
internal/oserror
syscall
bufio
internal/safefilepath
path
hash
go/build/constraint
hash/adler32
internal/saferio
text/tabwriter
regexp/syntax
internal/syscall/unix
time
internal/syscall/execenv
internal/reflectlite
internal/fmtsort
encoding/binary
regexp
internal/poll
io/fs
context
cmd/internal/notsha256
cmd/internal/sys
encoding/base64
os
errors
sync
sort
strconv
io
internal/oserror
fmt
path/filepath
bytes
os/exec
hash
log
cmd/internal/bio
cmd/internal/src
internal/buildcfg
flag
text/scanner
cmd/internal/edit
cmd/internal/goobj
cmd/internal/dwarf
cmd/internal/pkgpath
debug/dwarf
cmd/internal/objabi
cmd/internal/quoted
compress/flate
internal/zstd
cmd/internal/obj
go/token
compress/zlib
go/doc/comment
go/scanner
go/ast
debug/elf
debug/macho
debug/pe
cmd/internal/obj/arm
cmd/internal/obj/arm64
cmd/internal/obj/loong64
cmd/internal/obj/mips
cmd/internal/obj/ppc64
cmd/internal/obj/riscv
cmd/internal/obj/s390x
cmd/internal/obj/wasm
cmd/internal/obj/x86
cmd/asm/internal/flags
go/internal/typeparams
cmd/asm/internal/lex
go/parser
go/printer
internal/xcoff
crypto
reflect
syscall
go/format
cmd/cgo
cmd/asm/internal/arch
cmd/asm/internal/asm
cmd/asm
internal/syscall/unix
time
internal/safefilepath
internal/syscall/execenv
internal/testlog
encoding/binary
internal/fmtsort
path
internal/poll
strings
crypto/cipher
io/fs
context
crypto/internal/boring
os
crypto/sha256
bufio
internal/bisect
cmd/internal/notsha256
cmd/internal/sys
internal/godebug
encoding/base64
internal/types/errors
fmt
path/filepath
runtime/metrics
math/rand
regexp/syntax
os/exec
container/heap
hash/crc32
html
cmd/internal/cov/covcmd
log
cmd/internal/src
internal/buildcfg
flag
cmd/internal/bio
encoding/json
cmd/internal/dwarf
cmd/internal/goobj
cmd/internal/objabi
runtime/debug
go/token
cmd/internal/obj
math/big
regexp
net/url
cmd/compile/internal/abt
internal/lazyregexp
cmd/internal/gcprog
encoding/hex
compress/flate
go/build/constraint
go/constant
go/version
compress/gzip
cmd/compile/internal/base
cmd/compile/internal/logopt
cmd/internal/obj/arm
cmd/internal/obj/arm64
cmd/internal/obj/loong64
cmd/compile/internal/types
cmd/compile/internal/bitvec
cmd/internal/obj/mips
cmd/internal/obj/ppc64
cmd/compile/internal/ir
cmd/compile/internal/typebits
cmd/internal/obj/riscv
cmd/internal/obj/s390x
cmd/internal/obj/wasm
cmd/internal/obj/x86
internal/profile
cmd/compile/internal/syntax
cmd/compile/internal/pgo/internal/graph
cmd/compile/internal/objw
cmd/compile/internal/abi
cmd/compile/internal/typecheck
cmd/compile/internal/rttype
cmd/compile/internal/staticdata
go/scanner
cmd/compile/internal/types2
go/doc/comment
go/ast
internal/goroot
crypto/md5
cmd/compile/internal/compare
go/doc
cmd/compile/internal/coverage
cmd/compile/internal/reflectdata
cmd/compile/internal/escape
cmd/compile/internal/pgo
cmd/compile/internal/inline/inlheur
cmd/compile/internal/ssa
cmd/compile/internal/loopvar
go/internal/typeparams
cmd/compile/internal/inline
go/parser
cmd/compile/internal/devirtualize
cmd/compile/internal/inline/interleaved
internal/pkgbits
go/build
cmd/compile/internal/rangefunc
cmd/compile/internal/staticinit
cmd/internal/archive
cmd/compile/internal/importer
hash/fnv
text/tabwriter
runtime/trace
runtime/pprof
cmd/internal/codesign
cmd/internal/gcprog
hash/crc32
cmd/link/internal/sym
compress/gzip
cmd/link/internal/loader
runtime/pprof
encoding/hex
encoding/json
cmd/link/internal/benchmark
cmd/link/internal/loadmacho
cmd/link/internal/loadelf
cmd/link/internal/loadpe
cmd/link/internal/loadxcoff
cmd/link/internal/ld
cmd/link/internal/amd64
cmd/link/internal/arm
cmd/link/internal/arm64
cmd/link/internal/loong64
cmd/link/internal/mips
cmd/link/internal/mips64
cmd/link/internal/ppc64
cmd/link/internal/riscv64
cmd/link/internal/s390x
cmd/link/internal/wasm
cmd/link/internal/x86
cmd/link
cmd/compile/internal/liveness
cmd/compile/internal/ssagen
cmd/compile/internal/arm
cmd/compile/internal/arm64
cmd/compile/internal/amd64
cmd/compile/internal/dwarfgen
cmd/compile/internal/walk
cmd/compile/internal/loong64
cmd/compile/internal/mips
cmd/compile/internal/noder
cmd/compile/internal/mips64
cmd/compile/internal/ppc64
cmd/compile/internal/riscv64
cmd/compile/internal/s390x
cmd/compile/internal/wasm
cmd/compile/internal/x86
cmd/compile/internal/pkginit
cmd/compile/internal/gc
cmd/compile

Building packages and commands for linux/amd64.
internal/coverage/rtcov
internal/unsafeheader
internal/goarch
internal/cpu
internal/godebugs
internal/goexperiment
internal/abi
internal/chacha8rand
internal/goos
runtime/internal/atomic
internal/bytealg
runtime/internal/math
runtime/internal/sys
runtime/internal/syscall
sync/atomic
internal/race
unicode
unicode/utf8
internal/itoa
math/bits
cmp
container/list
math
slices
runtime
container/ring
crypto/internal/alias
crypto/subtle
crypto/internal/boring/sig
unicode/utf16
vendor/golang.org/x/crypto/cryptobyte/asn1
crypto/internal/boring/bcache
internal/nettrace
vendor/golang.org/x/crypto/internal/alias
encoding
log/internal
internal/goversion
internal/platform
internal/gover
hash/maphash
image/color
internal/cfg
internal/coverage
image/color/palette
internal/coverage/calloc
internal/coverage/uleb128
internal/trace/v2/event
internal/trace/traceviewer/format
log/slog/internal
maps
math/cmplx
reflect/internal/example1
reflect/internal/example2
runtime/internal/startlinetest
runtime/race/internal/amd64v1
runtime/race
internal/reflectlite
runtime/metrics
sync
internal/testlog
internal/bisect
runtime/cgo
internal/singleflight
errors
sort
io
internal/godebug
strconv
internal/oserror
bytes
syscall
internal/safefilepath
path
reflect
strings
bufio
internal/syscall/unix
time
internal/syscall/execenv
hash
hash/crc32
compress/bzip2
hash/adler32
container/heap
crypto
crypto/internal/randutil
math/rand
internal/poll
io/fs
internal/fmtsort
encoding/binary
os
context
crypto/internal/nistec/fiat
crypto/cipher
crypto/internal/boring
fmt
path/filepath
crypto/aes
crypto/des
crypto/internal/edwards25519/field
embed
crypto/sha512
crypto/internal/edwards25519
crypto/internal/nistec
crypto/hmac
os/user
compress/flate
compress/lzw
math/big
archive/zip
compress/gzip
compress/zlib
crypto/ecdh
crypto/md5
crypto/rc4
crypto/sha1
crypto/sha256
encoding/hex
encoding/base64
vendor/golang.org/x/net/dns/dnsmessage
crypto/dsa
crypto/elliptic
crypto/internal/bigmod
archive/tar
crypto/internal/boring/bbig
encoding/asn1
crypto/rand
crypto/ed25519
crypto/rsa
encoding/pem
internal/intern
net/netip
vendor/golang.org/x/crypto/cryptobyte
crypto/x509/pkix
net/url
vendor/golang.org/x/crypto/chacha20
vendor/golang.org/x/crypto/internal/poly1305
vendor/golang.org/x/sys/cpu
crypto/ecdsa
vendor/golang.org/x/crypto/hkdf
net
database/sql/driver
vendor/golang.org/x/crypto/chacha20poly1305
database/sql
debug/dwarf
internal/saferio
internal/zstd
debug/plan9obj
runtime/debug
debug/gosym
encoding/ascii85
encoding/base32
encoding/csv
encoding/gob
debug/elf
debug/macho
debug/pe
internal/xcoff
encoding/json
debug/buildinfo
encoding/xml
log
vendor/golang.org/x/text/transform
vendor/golang.org/x/text/unicode/bidi
vendor/golang.org/x/text/unicode/norm
vendor/golang.org/x/text/secure/bidirule
vendor/golang.org/x/net/http2/hpack
mime
mime/quotedprintable
net/http/internal
net/http/internal/ascii
flag
go/token
go/scanner
go/build/constraint
go/ast
go/doc/comment
vendor/golang.org/x/net/idna
regexp/syntax
go/internal/typeparams
internal/buildcfg
go/parser
os/exec
internal/goroot
go/constant
regexp
text/tabwriter
go/printer
go/version
internal/types/errors
internal/lazyregexp
go/types
crypto/x509
net/textproto
vendor/golang.org/x/net/http/httpguts
vendor/golang.org/x/net/http/httpproxy
mime/multipart
go/doc
go/format
text/scanner
internal/pkgbits
go/build
hash/crc64
crypto/tls
hash/fnv
html
text/template/parse
image
image/internal/imageutil
image/draw
text/template
image/gif
image/jpeg
html/template
image/png
index/suffixarray
internal/coverage/cmerge
internal/coverage/slicereader
internal/coverage/stringtab
internal/coverage/cformat
internal/coverage/decodecounter
internal/coverage/decodemeta
internal/coverage/slicewriter
internal/coverage/encodemeta
internal/coverage/encodecounter
internal/coverage/pods
internal/dag
internal/diff
internal/fuzz
internal/lazytemplate
internal/obscuretestdata
internal/profile
net/http/httptrace
net/http
go/internal/gccgoimporter
go/internal/gcimporter
go/internal/srcimporter
internal/sysinfo
runtime/trace
internal/testpty
testing
go/importer
internal/trace/v2/event/go122
internal/trace/v2/version
internal/trace/v2
internal/testenv
internal/trace/v2/raw
internal/txtar
io/ioutil
log/slog/internal/buffer
internal/trace
internal/trace/v2/internal/testgen/go122
internal/trace/v2/testtrace
log/slog
log/syslog
math/rand/v2
net/http/internal/testcert
runtime/pprof
net/internal/socktest
net/mail
log/slog/internal/benchmarks
log/slog/internal/slogtest
net/smtp
os/exec/internal/fdtest
os/signal
plugin
runtime/coverage
testing/iotest
testing/fstest
testing/internal/testdeps
testing/quick
testing/slogtest
time/tzdata
vendor/golang.org/x/net/nettest
expvar
net/http/cgi
net/http/cookiejar
internal/trace/traceviewer
net/http/httptest
net/http/httputil
net/http/fcgi
net/http/pprof
net/rpc
net/rpc/jsonrpc
cmd/cgo/internal/test/issue30527
container/list
cmd/cgo/internal/test/issue9400
cmd/cgo/internal/testnocgo
debug/gosym
debug/plan9obj
cmd/vendor/golang.org/x/arch/arm/armasm
cmd/vendor/golang.org/x/arch/arm64/arm64asm
cmd/vendor/golang.org/x/arch/ppc64/ppc64asm
cmd/vendor/golang.org/x/arch/x86/x86asm
cmd/internal/buildid
cmd/cgo/internal/cgotest
internal/sysinfo
testing
cmd/buildid
cmd/compile/internal/test
internal/coverage/slicereader
internal/coverage/uleb128
internal/coverage/pods
internal/coverage/stringtab
cmd/internal/pkgpattern
internal/coverage/decodecounter
internal/coverage/decodemeta
cmd/internal/objfile
internal/coverage/calloc
cmd/internal/cov
internal/coverage/cmerge
internal/coverage/cformat
internal/coverage/slicewriter
internal/coverage/encodemeta
internal/coverage/encodecounter
cmd/cgo/internal/test
cmd/cgo/internal/testtls
cmd/internal/browser
cmd/addr2line
cmd/vendor/golang.org/x/tools/cover
cmd/covdata
text/template/parse
cmd/dist
os/user
archive/zip
archive/tar
text/template
cmd/vendor/golang.org/x/mod/semver
cmd/distpack
cmd/doc
html/template
internal/diff
cmd/go/internal/fsys
cmd/fix
cmd/go/internal/par
internal/cfg
cmd/go/internal/cfg
cmd/cover
cmd/go/internal/str
os/signal
cmd/go/internal/lockedfile/internal/filelock
cmd/go/internal/lockedfile
cmd/go/internal/base
cmd/go/internal/mmap
cmd/vendor/golang.org/x/mod/internal/lazyregexp
cmd/go/internal/cache
cmd/vendor/golang.org/x/mod/module
cmd/go/internal/imports
crypto/internal/randutil
crypto/rand
crypto/aes
cmd/vendor/golang.org/x/mod/modfile
crypto/des
crypto/internal/edwards25519/field
crypto/internal/nistec/fiat
embed
crypto/internal/bigmod
crypto/internal/boring/bbig
crypto/sha512
encoding/asn1
vendor/golang.org/x/crypto/cryptobyte/asn1
crypto/internal/edwards25519
cmd/go/internal/gover
crypto/hmac
crypto/ed25519
crypto/rc4
vendor/golang.org/x/crypto/cryptobyte
crypto/rsa
crypto/sha1
crypto/dsa
crypto/internal/nistec
crypto/x509/pkix
encoding/pem
vendor/golang.org/x/net/dns/dnsmessage
internal/nettrace
internal/singleflight
internal/intern
vendor/golang.org/x/crypto/internal/alias
net/netip
vendor/golang.org/x/crypto/chacha20
vendor/golang.org/x/crypto/internal/poly1305
vendor/golang.org/x/sys/cpu
vendor/golang.org/x/crypto/hkdf
vendor/golang.org/x/text/transform
net
crypto/ecdh
crypto/elliptic
vendor/golang.org/x/crypto/chacha20poly1305
vendor/golang.org/x/text/unicode/bidi
crypto/ecdsa
vendor/golang.org/x/text/unicode/norm
vendor/golang.org/x/text/secure/bidirule
vendor/golang.org/x/net/http2/hpack
mime
mime/quotedprintable
net/http/internal
net/http/internal/ascii
encoding/xml
cmd/go/internal/robustio
internal/trace/traceviewer/format
cmd/go/internal/trace
cmd/go/internal/search
cmd/vendor/golang.org/x/mod/sumdb/note
cmd/vendor/golang.org/x/mod/sumdb/tlog
vendor/golang.org/x/net/idna
cmd/vendor/golang.org/x/mod/sumdb/dirhash
cmd/vendor/golang.org/x/mod/zip
cmd/go/internal/modindex
cmd/go/internal/mvs
maps
internal/lazytemplate
cmd/go/internal/doc
cmd/go/internal/help
cmd/vendor/golang.org/x/sync/semaphore
cmd/go/internal/cmdflag
cmd/internal/test2json
crypto/x509
net/textproto
vendor/golang.org/x/net/http/httpproxy
cmd/go/internal/tool
debug/buildinfo
internal/txtar
cmd/go/internal/script
vendor/golang.org/x/net/http/httpguts
mime/multipart
cmd/go/internal/version
cmd/go/internal/test/internal/genflags
internal/testenv
net/http/internal/testcert
cmd/gofmt
cmd/go/internal/script/scripttest
cmd/vendor/golang.org/x/sys/unix
cmd/link/internal/dwtest
cmd/nm
crypto/tls
cmd/objdump
cmd/pack
cmd/vendor/github.com/google/pprof/internal/elfexec
cmd/vendor/github.com/google/pprof/profile
cmd/vendor/github.com/ianlancetaylor/demangle
cmd/vendor/github.com/google/pprof/internal/measurement
cmd/vendor/github.com/google/pprof/internal/graph
cmd/internal/osinfo
cmd/vendor/github.com/google/pprof/third_party/d3flamegraph
cmd/vendor/github.com/google/pprof/third_party/svgpan
cmd/vendor/golang.org/x/term
cmd/test2json
internal/trace/v2/event
internal/trace/v2/event/go122
internal/trace/v2/version
internal/trace/v2
internal/trace/v2/raw
go/types
encoding/gob
net/http/httptrace
net/http
internal/trace
cmd/vendor/golang.org/x/tools/go/ast/inspector
cmd/vendor/golang.org/x/tools/go/ast/astutil
cmd/vendor/golang.org/x/tools/go/cfg
cmd/vendor/golang.org/x/tools/internal/bisect
cmd/vendor/golang.org/x/tools/internal/analysisinternal
cmd/vendor/golang.org/x/tools/go/analysis
cmd/vendor/golang.org/x/tools/internal/typeparams
cmd/vendor/golang.org/x/tools/go/analysis/internal/analysisflags
cmd/vendor/golang.org/x/tools/go/analysis/passes/inspect
cmd/vendor/golang.org/x/tools/go/analysis/passes/internal/analysisutil
cmd/vendor/golang.org/x/tools/go/types/typeutil
cmd/vendor/golang.org/x/tools/go/analysis/passes/asmdecl
cmd/vendor/golang.org/x/tools/go/analysis/passes/assign
cmd/vendor/golang.org/x/tools/go/analysis/passes/bools
cmd/vendor/golang.org/x/tools/go/analysis/passes/appends
cmd/vendor/golang.org/x/tools/go/analysis/passes/atomic
cmd/vendor/golang.org/x/tools/go/analysis/passes/buildtag
cmd/vendor/golang.org/x/tools/go/analysis/passes/cgocall
cmd/vendor/golang.org/x/tools/go/analysis/passes/composite
cmd/vendor/golang.org/x/tools/go/analysis/passes/copylock
cmd/go/internal/auth
cmd/vendor/golang.org/x/mod/sumdb
net/http/cgi
cmd/go/internal/web
net/http/httputil
net/http/httptest
cmd/vendor/github.com/google/pprof/internal/plugin
cmd/go/internal/modfetch/codehost
cmd/go/internal/vcs
cmd/go/internal/vcweb
cmd/vendor/github.com/google/pprof/internal/binutils
cmd/vendor/github.com/google/pprof/internal/report
cmd/go/internal/vcweb/vcstest
cmd/vendor/github.com/google/pprof/internal/symbolz
cmd/vendor/github.com/google/pprof/internal/symbolizer
cmd/vendor/github.com/google/pprof/internal/transport
internal/trace/traceviewer
cmd/go/internal/modfetch
cmd/go/internal/modinfo
net/http/pprof
cmd/vendor/github.com/google/pprof/internal/driver
cmd/vendor/golang.org/x/tools/go/analysis/passes/ctrlflow
cmd/vendor/golang.org/x/tools/go/analysis/passes/defers
cmd/trace/v2
cmd/vendor/golang.org/x/tools/go/analysis/passes/directive
cmd/vendor/golang.org/x/tools/go/analysis/passes/errorsas
cmd/vendor/golang.org/x/tools/go/analysis/passes/framepointer
cmd/vendor/golang.org/x/tools/go/analysis/passes/httpresponse
cmd/vendor/golang.org/x/tools/go/analysis/passes/ifaceassert
cmd/go/internal/modload
cmd/vendor/golang.org/x/tools/internal/versions
cmd/vendor/golang.org/x/tools/go/analysis/passes/loopclosure
cmd/vendor/github.com/google/pprof/driver
cmd/vendor/golang.org/x/tools/go/analysis/passes/lostcancel
cmd/pprof
cmd/vendor/golang.org/x/tools/go/analysis/passes/nilfunc
cmd/vendor/golang.org/x/tools/go/analysis/passes/printf
cmd/vendor/golang.org/x/tools/go/analysis/passes/shift
cmd/vendor/golang.org/x/tools/go/analysis/passes/sigchanyzer
cmd/trace
cmd/vendor/golang.org/x/tools/go/analysis/passes/slog
cmd/vendor/golang.org/x/tools/go/analysis/passes/stdmethods
cmd/vendor/golang.org/x/tools/go/analysis/passes/stringintconv
cmd/vendor/golang.org/x/tools/go/analysis/passes/structtag
cmd/vendor/golang.org/x/tools/go/analysis/passes/testinggoroutine
cmd/vendor/golang.org/x/tools/go/analysis/passes/tests
cmd/vendor/golang.org/x/tools/go/analysis/passes/timeformat
cmd/vendor/golang.org/x/tools/go/analysis/passes/unmarshal
cmd/vendor/golang.org/x/tools/go/analysis/passes/unreachable
cmd/vendor/golang.org/x/tools/go/analysis/passes/unsafeptr
cmd/vendor/golang.org/x/tools/go/analysis/passes/unusedresult
go/internal/gccgoimporter
cmd/go/internal/load
go/internal/gcimporter
go/internal/srcimporter
cmd/vendor/golang.org/x/tools/go/types/objectpath
go/importer
cmd/vendor/golang.org/x/tools/internal/facts
cmd/vendor/golang.org/x/tools/go/analysis/unitchecker
cmd/vet
cmd/go/internal/fmtcmd
cmd/go/internal/work
cmd/go/internal/fix
cmd/go/internal/clean
cmd/go/internal/envcmd
cmd/go/internal/generate
cmd/go/internal/list
cmd/go/internal/run
cmd/go/internal/test
cmd/go/internal/bug
cmd/go/internal/toolchain
cmd/go/internal/vet
cmd/go/internal/modcmd
cmd/go/internal/modget
cmd/go/internal/workcmd
cmd/go
cd "/mnt/build_wrt/build_dir/hostpkg/go-1.24.13/src" ;  GOROOT_BOOTSTRAP="/mnt/build_wrt/build_dir/hostpkg/go-1.24.13/.go_bootstrap_1.22" GO_LDFLAGS="-buildmode pie" GOHOSTARCH="amd64" GOCACHE="/mnt/build_wrt/tmp/go-build" GOENV=off CC="/mnt/build_wrt/staging_dir/host/bin/gcc" CXX="/mnt/build_wrt/staging_dir/host/bin/g++"  bash make.bash -v --no-banner
Building Go cmd/dist using /mnt/build_wrt/build_dir/hostpkg/go-1.24.13/.go_bootstrap_1.22. (go1.22.12 linux/amd64)
cmd/dist

Building Go toolchain1 using /mnt/build_wrt/build_dir/hostpkg/go-1.24.13/.go_bootstrap_1.22.
internal/unsafeheader
internal/coverage/rtcov
internal/goarch
internal/godebugs
internal/goexperiment
internal/cpu
internal/abi
internal/chacha8rand
internal/goos
runtime/internal/atomic
internal/bytealg
runtime/internal/math
runtime/internal/sys
runtime/internal/syscall
internal/race
sync/atomic
unicode
unicode/utf8
internal/itoa
math/bits
cmp
log/internal
bootstrap/cmp
bootstrap/internal/goexperiment
math
slices
runtime
bootstrap/internal/goarch
bootstrap/internal/abi
crypto/internal/alias
crypto/internal/boring/sig
bootstrap/math/bits
encoding
maps
bootstrap/internal/coverage
bootstrap/internal/platform
bootstrap/internal/unsafeheader
unicode/utf16
bootstrap/internal/goversion
bootstrap/internal/gover
internal/goversion
internal/platform
bootstrap/internal/race
bootstrap/cmd/compile/internal/test
bootstrap/cmd/internal/telemetry
crypto/subtle
runtime/metrics
sync
internal/reflectlite
internal/bisect
internal/testlog
bootstrap/internal/bisect
errors
sort
internal/godebug
bootstrap/sort
io
strconv
bytes
strings
internal/oserror
syscall
reflect
internal/safefilepath
path
hash
crypto
bufio
bootstrap/go/build/constraint
hash/adler32
bootstrap/internal/saferio
go/build/constraint
text/tabwriter
regexp/syntax
bootstrap/internal/types/errors
math/rand
bootstrap/container/heap
hash/crc32
internal/syscall/unix
time
internal/syscall/execenv
regexp
html
bootstrap/go/version
hash/fnv
encoding/binary
internal/fmtsort
context
io/fs
internal/poll
crypto/cipher
bootstrap/cmd/internal/sys
encoding/base64
crypto/internal/boring
crypto/sha256
crypto/hmac
os
bootstrap/cmd/internal/hash
bootstrap/internal/lazyregexp
path/filepath
internal/lazyregexp
fmt
os/exec
internal/goroot
log
bootstrap/cmd/internal/src
flag
bootstrap/internal/buildcfg
bootstrap/cmd/internal/bio
text/scanner
bootstrap/cmd/internal/dwarf
bootstrap/cmd/internal/objabi
bootstrap/cmd/internal/telemetry/counter
bootstrap/cmd/internal/edit
bootstrap/cmd/internal/goobj
bootstrap/cmd/internal/pkgpath
bootstrap/cmd/internal/quoted
bootstrap/debug/dwarf
bootstrap/compress/flate
bootstrap/internal/zstd
bootstrap/cmd/internal/obj
bootstrap/compress/zlib
go/token
go/doc/comment
go/scanner
go/ast
bootstrap/cmd/internal/cov/covcmd
bootstrap/debug/elf
bootstrap/debug/macho
bootstrap/debug/pe
bootstrap/internal/xcoff
bootstrap/cmd/internal/obj/arm
bootstrap/cmd/internal/obj/arm64
bootstrap/cmd/internal/obj/loong64
bootstrap/cmd/internal/obj/mips
bootstrap/cmd/internal/obj/ppc64
bootstrap/cmd/internal/obj/riscv
bootstrap/cmd/internal/obj/s390x
bootstrap/cmd/internal/obj/wasm
bootstrap/cmd/internal/obj/x86
bootstrap/cmd/asm/internal/flags
bootstrap/cmd/asm/internal/lex
go/internal/typeparams
go/parser
go/printer
encoding/json
runtime/debug
go/format
bootstrap/cmd/cgo
math/big
bootstrap/cmd/compile/internal/base
bootstrap/cmd/asm/internal/arch
net/url
bootstrap/cmd/compile/internal/logopt
bootstrap/cmd/asm/internal/asm
bootstrap/cmd/compile/internal/bitvec
bootstrap/cmd/compile/internal/abt
encoding/hex
compress/flate
bootstrap/cmd/asm
bootstrap/go/constant
compress/gzip
bootstrap/cmd/compile/internal/types
bootstrap/internal/profile
bootstrap/cmd/compile/internal/syntax
go/doc
bootstrap/cmd/internal/pgo
bootstrap/cmd/compile/internal/ir
bootstrap/cmd/compile/internal/typebits
internal/buildcfg
bootstrap/internal/pkgbits
go/build
bootstrap/cmd/internal/archive
runtime/pprof
bootstrap/internal/exportdata
runtime/trace
bootstrap/cmd/internal/codesign
bootstrap/cmd/internal/gcprog
bootstrap/cmd/internal/macho
bootstrap/cmd/link/internal/benchmark
bootstrap/cmd/link/internal/sym
bootstrap/cmd/link/internal/loader
bootstrap/cmd/compile/internal/types2
bootstrap/cmd/link/internal/dwtest
bootstrap/cmd/link/internal/loadelf
bootstrap/cmd/link/internal/loadmacho
bootstrap/cmd/link/internal/loadpe
bootstrap/cmd/compile/internal/objw
bootstrap/cmd/compile/internal/abi
bootstrap/cmd/compile/internal/typecheck
bootstrap/cmd/compile/internal/rttype
bootstrap/cmd/compile/internal/staticdata
bootstrap/cmd/compile/internal/deadlocals
bootstrap/cmd/link/internal/loadxcoff
bootstrap/cmd/link/internal/ld
bootstrap/cmd/compile/internal/pgoir
bootstrap/cmd/compile/internal/compare
bootstrap/cmd/compile/internal/inline/inlheur
bootstrap/cmd/compile/internal/reflectdata
bootstrap/cmd/compile/internal/inline
bootstrap/cmd/compile/internal/coverage
bootstrap/cmd/compile/internal/ssa
bootstrap/cmd/compile/internal/escape
bootstrap/cmd/compile/internal/devirtualize
bootstrap/cmd/compile/internal/inline/interleaved
bootstrap/cmd/compile/internal/loopvar
bootstrap/cmd/compile/internal/importer
bootstrap/cmd/compile/internal/rangefunc
bootstrap/cmd/compile/internal/staticinit
bootstrap/cmd/link/internal/amd64
bootstrap/cmd/link/internal/arm64
bootstrap/cmd/link/internal/arm
bootstrap/cmd/link/internal/loong64
bootstrap/cmd/link/internal/mips
bootstrap/cmd/link/internal/mips64
bootstrap/cmd/link/internal/ppc64
bootstrap/cmd/link/internal/riscv64
bootstrap/cmd/link/internal/s390x
bootstrap/cmd/link/internal/wasm
bootstrap/cmd/link/internal/x86
bootstrap/cmd/link
bootstrap/cmd/compile/internal/liveness
bootstrap/cmd/compile/internal/ssagen
bootstrap/cmd/compile/internal/arm64
bootstrap/cmd/compile/internal/amd64
bootstrap/cmd/compile/internal/arm
bootstrap/cmd/compile/internal/dwarfgen
bootstrap/cmd/compile/internal/walk
bootstrap/cmd/compile/internal/noder
bootstrap/cmd/compile/internal/loong64
bootstrap/cmd/compile/internal/mips
bootstrap/cmd/compile/internal/mips64
bootstrap/cmd/compile/internal/ppc64
bootstrap/cmd/compile/internal/riscv64
bootstrap/cmd/compile/internal/s390x
bootstrap/cmd/compile/internal/wasm
bootstrap/cmd/compile/internal/x86
bootstrap/cmd/compile/internal/pkginit
bootstrap/cmd/compile/internal/gc
bootstrap/cmd/compile

Building Go bootstrap cmd/go (go_bootstrap) using Go toolchain1.
runtime
internal/runtime/exithook
internal/runtime/syscall
internal/byteorder
internal/cpu
internal/coverage/rtcov
internal/goarch
internal/godebugs
internal/runtime/atomic
internal/profilerecord
internal/goos
internal/stringslite
internal/bytealg
internal/chacha8rand
internal/goexperiment
internal/runtime/sys
internal/abi
internal/runtime/math
time/tzdata
syscall
errors
internal/reflectlite
internal/unsafeheader
internal/itoa
internal/msan
internal/asan
internal/oserror
internal/race
sync
sync/atomic
internal/sync
cmd/go
cmd/internal/telemetry/counter
cmd/go/internal/bug
internal/buildcfg
cmd/go/internal/trace
cmd/go/internal/toolchain
context
cmd/go/internal/work
cmd/go/internal/modget
cmd/go/internal/vet
runtime/trace
cmd/go/internal/modcmd
cmd/go/internal/fmtcmd
cmd/go/internal/run
cmd/go/internal/test
cmd/go/internal/help
flag
cmd/go/internal/modfetch
os/exec
net/url
regexp
internal/trace/traceviewer/format
io
cmd/go/internal/web
bytes
cmd/go/internal/telemetrystats
cmd/go/internal/telemetrycmd
cmd/go/internal/modload
cmd/go/internal/tool
log
cmd/go/internal/generate
strings
path/filepath
cmd/go/internal/envcmd
slices
cmd/go/internal/fix
cmd/internal/telemetry
internal/platform
unicode
iter
os
cmd/go/internal/base
cmd/go/internal/list
cmd/go/internal/workcmd
cmd/go/internal/version
strconv
cmd/go/internal/cfg
fmt
time
encoding/json
cmd/go/internal/clean
unicode/utf8
bufio
cmd/go/internal/fsys
regexp/syntax
cmd/go/internal/doc
text/template
cmd/internal/sys
encoding/binary
cmd/internal/par
math/rand
math
math/bits
cmd/go/internal/modinfo
cmd/go/internal/modfetch/codehost
reflect
maps
cmd/go/internal/str
sort
os/signal
cmd/go/internal/load
cmd/go/internal/cache
cmd/vendor/golang.org/x/sync/semaphore
cmd/internal/quoted
cmp
io/fs
internal/godebug
go/build
cmd/go/internal/fips140
cmd/vendor/golang.org/x/mod/semver
internal/syscall/execenv
crypto/sha1
cmd/go/internal/search
cmd/internal/pkgpath
container/heap
internal/lazyregexp
debug/elf
cmd/internal/cov/covcmd
cmd/internal/buildid
cmd/internal/robustio
internal/coverage
crypto/sha256
cmd/internal/pathcache
go/token
cmd/go/internal/gover
path
cmd/vendor/golang.org/x/mod/module
internal/cfg
internal/syscall/unix
internal/bisect
cmd/internal/macho
net/netip
cmd/go/internal/imports
unique
internal/syslist
crypto/internal/boring
cmd/go/internal/lockedfile
cmd/vendor/golang.org/x/mod/sumdb/dirhash
cmd/vendor/golang.org/x/mod/modfile
go/build/constraint
debug/buildinfo
debug/pe
debug/dwarf
cmd/internal/pkgpattern
hash
crypto/internal/fips140/sha256
crypto
internal/xcoff
debug/macho
cmd/internal/codesign
cmd/internal/hash
encoding
weak
internal/zstd
internal/diff
encoding/hex
cmd/go/internal/modindex
runtime/debug
cmd/go/internal/mvs
internal/goversion
internal/gover
crypto/internal/boring/sig
container/list
internal/filepathlite
go/scanner
cmd/go/internal/vcs
cmd/go/internal/mmap
debug/plan9obj
archive/zip
encoding/base64
compress/zlib
go/parser
crypto/cipher
cmd/go/internal/cacheprog
internal/saferio
go/ast
go/doc
internal/goroot
cmd/vendor/golang.org/x/mod/zip
crypto/internal/fips140/aes
go/doc/comment
crypto/internal/fips140/alias
crypto/internal/fips140only
crypto/internal/fips140/sha3
crypto/internal/fips140/aes/gcm
crypto/internal/fips140/drbg
crypto/internal/fips140/check
crypto/internal/impl
crypto/internal/fips140/sha512
crypto/internal/fips140deps/cpu
hash/adler32
go/version
crypto/internal/fips140deps/godebug
encoding/xml
compress/flate
crypto/subtle
cmd/vendor/golang.org/x/mod/internal/lazyregexp
unicode/utf16
internal/poll
cmd/go/internal/cmdflag
cmd/internal/test2json
crypto/internal/fips140deps/byteorder
log/internal
crypto/internal/randutil
crypto/internal/fips140/subtle
crypto/internal/entropy
internal/singleflight
crypto/internal/sysrand
crypto/internal/fips140/hmac
math/rand/v2
crypto/internal/fips140
hash/crc32
text/template/parse
internal/fmtsort
cmd/go/internal/lockedfile/internal/filelock
internal/lazytemplate
internal/testlog


Building Go toolchain2 using go_bootstrap and Go toolchain1.
internal/goarch
internal/unsafeheader
internal/byteorder
internal/cpu
internal/coverage/rtcov
internal/abi
internal/chacha8rand
internal/godebugs
internal/goexperiment
internal/goos
internal/bytealg
internal/profilerecord
internal/runtime/atomic
internal/asan
internal/msan
internal/runtime/math
internal/runtime/sys
internal/runtime/syscall
internal/runtime/exithook
internal/stringslite
sync/atomic
math/bits
unicode
unicode/utf8
cmp
internal/itoa
math
log/internal
crypto/internal/fips140/alias
crypto/internal/fips140deps/byteorder
internal/race
internal/runtime/maps
internal/sync
crypto/internal/fips140deps/cpu
crypto/internal/fips140/subtle
crypto/internal/boring/sig
encoding
internal/coverage
unicode/utf16
internal/platform
internal/goversion
internal/gover
internal/syslist
runtime
iter
internal/reflectlite
sync
crypto/subtle
runtime/metrics
slices
maps
weak
errors
sort
internal/oserror
strconv
io
path
internal/bisect
bytes
strings
internal/godebug
reflect
syscall
internal/testlog
bufio
hash
crypto
crypto/internal/fips140deps/godebug
crypto/internal/impl
crypto/internal/fips140
math/rand/v2
crypto/internal/fips140/sha256
crypto/internal/fips140/sha3
crypto/internal/fips140/sha512
crypto/internal/randutil
crypto/internal/fips140/hmac
go/build/constraint
crypto/internal/fips140/check
crypto/internal/fips140/aes
math/rand
time
internal/syscall/unix
internal/syscall/execenv
hash/adler32
internal/saferio
regexp/syntax
internal/types/errors
unique
net/netip
regexp
io/fs
internal/filepathlite
internal/poll
internal/fmtsort
context
encoding/binary
container/heap
hash/crc32
html
go/version
hash/fnv
crypto/sha3
os
crypto/internal/fips140hash
encoding/base64
cmd/internal/sys
crypto/internal/sysrand
path/filepath
fmt
internal/lazyregexp
crypto/internal/entropy
crypto/internal/fips140/drbg
os/exec
crypto/internal/fips140/aes/gcm
crypto/internal/fips140only
crypto/cipher
internal/goroot
log
cmd/internal/src
internal/buildcfg
crypto/internal/boring
crypto/sha256
cmd/internal/hash
cmd/internal/bio
flag
text/scanner
cmd/internal/dwarf
cmd/internal/goobj
cmd/vendor/golang.org/x/telemetry/internal/mmap
runtime/debug
cmd/internal/objabi
cmd/internal/edit
cmd/internal/pkgpath
cmd/internal/quoted
debug/dwarf
compress/flate
cmd/vendor/golang.org/x/telemetry/internal/telemetry
cmd/internal/obj
cmd/vendor/golang.org/x/telemetry/internal/counter
compress/zlib
internal/zstd
cmd/vendor/golang.org/x/telemetry/counter
cmd/internal/telemetry/counter
go/token
debug/macho
debug/elf
debug/pe
go/scanner
go/doc/comment
cmd/internal/obj/arm
cmd/internal/obj/arm64
cmd/internal/obj/loong64
cmd/internal/obj/mips
cmd/internal/obj/ppc64
cmd/internal/obj/riscv
cmd/internal/obj/s390x
cmd/internal/obj/wasm
cmd/internal/obj/x86
cmd/asm/internal/flags
go/ast
cmd/asm/internal/lex
text/tabwriter
internal/xcoff
cmd/internal/cov/covcmd
encoding/json
math/big
go/parser
cmd/asm/internal/arch
cmd/asm/internal/asm
go/printer
cmd/compile/internal/base
cmd/asm
go/constant
net/url
cmd/compile/internal/types
cmd/compile/internal/logopt
go/format
cmd/cgo
cmd/compile/internal/bitvec
cmd/compile/internal/abt
encoding/hex
compress/gzip
cmd/compile/internal/syntax
internal/profile
cmd/compile/internal/ir
cmd/compile/internal/typebits
cmd/internal/pgo
go/doc
cmd/compile/internal/types2
go/build
internal/exportdata
internal/pkgbits
cmd/internal/archive
runtime/pprof
runtime/trace
cmd/internal/codesign
cmd/compile/internal/objw
cmd/compile/internal/abi
cmd/compile/internal/typecheck
cmd/compile/internal/rttype
cmd/compile/internal/staticdata
cmd/compile/internal/deadlocals
cmd/internal/gcprog
cmd/internal/macho
cmd/link/internal/benchmark
cmd/link/internal/sym
crypto/hmac
cmd/link/internal/loader
cmd/preprofile
cmd/compile/internal/compare
cmd/compile/internal/pgoir
cmd/compile/internal/coverage
cmd/compile/internal/escape
cmd/compile/internal/inline/inlheur
cmd/compile/internal/reflectdata
cmd/compile/internal/loopvar
cmd/compile/internal/inline
cmd/link/internal/loadelf
cmd/compile/internal/ssa
cmd/compile/internal/importer
cmd/compile/internal/devirtualize
cmd/compile/internal/rangefunc
cmd/compile/internal/staticinit
cmd/compile/internal/inline/interleaved
cmd/link/internal/loadmacho
cmd/link/internal/loadpe
cmd/link/internal/loadxcoff
cmd/link/internal/ld
cmd/link/internal/amd64
cmd/link/internal/arm
cmd/link/internal/arm64
cmd/link/internal/loong64
cmd/link/internal/mips
cmd/link/internal/mips64
cmd/link/internal/ppc64
cmd/link/internal/riscv64
cmd/link/internal/s390x
cmd/link/internal/wasm
cmd/link/internal/x86
cmd/link
cmd/compile/internal/liveness
cmd/compile/internal/ssagen
cmd/compile/internal/arm
cmd/compile/internal/amd64
cmd/compile/internal/arm64
cmd/compile/internal/dwarfgen
cmd/compile/internal/walk
cmd/compile/internal/noder
cmd/compile/internal/loong64
cmd/compile/internal/mips
cmd/compile/internal/mips64
cmd/compile/internal/ppc64
cmd/compile/internal/riscv64
cmd/compile/internal/s390x
cmd/compile/internal/wasm
cmd/compile/internal/x86
cmd/compile/internal/pkginit
cmd/compile/internal/gc
cmd/compile

Building Go toolchain3 using go_bootstrap and Go toolchain2.
internal/unsafeheader
internal/goarch
internal/cpu
internal/byteorder
internal/coverage/rtcov
internal/abi
internal/godebugs
internal/chacha8rand
internal/goexperiment
internal/bytealg
internal/goos
internal/profilerecord
internal/runtime/atomic
internal/asan
internal/msan
internal/runtime/math
internal/runtime/sys
internal/runtime/syscall
internal/runtime/exithook
internal/stringslite
sync/atomic
math/bits
unicode
unicode/utf8
cmp
internal/race
internal/itoa
math
internal/runtime/maps
internal/sync
log/internal
crypto/internal/fips140/alias
crypto/internal/fips140deps/byteorder
crypto/internal/fips140deps/cpu
crypto/internal/fips140/subtle
crypto/internal/boring/sig
encoding
unicode/utf16
runtime
internal/platform
internal/goarch
internal/unsafeheader
internal/cpu
internal/byteorder
internal/abi
internal/chacha8rand
internal/bytealg
internal/coverage/rtcov
internal/godebugs
internal/goexperiment
internal/goos
internal/profilerecord
internal/runtime/atomic
internal/asan
internal/msan
internal/runtime/math
internal/race
internal/runtime/sys
internal/runtime/exithook
internal/runtime/syscall
internal/stringslite
sync/atomic
internal/runtime/maps
math/bits
unicode
internal/sync
unicode/utf8
math
crypto/internal/fips140/alias
runtime
crypto/internal/fips140deps/byteorder
crypto/internal/fips140deps/cpu
crypto/internal/fips140/subtle
internal/itoa
cmp
crypto/internal/boring/sig
internal/coverage
log/internal
encoding
unicode/utf16
internal/platform
internal/goversion
internal/gover
internal/syslist
iter
internal/reflectlite
sync
slices
crypto/subtle
maps
errors
sort
strconv
io
reflect
bytes
strings
internal/oserror
path
bufio
internal/bisect
internal/godebug
syscall
internal/testlog
hash
crypto
crypto/internal/fips140deps/godebug
crypto/internal/fips140
crypto/internal/impl
crypto/internal/fips140/sha256
crypto/internal/fips140/sha3
crypto/internal/fips140/sha512
time
internal/syscall/unix
internal/syscall/execenv
crypto/internal/fips140/hmac
crypto/internal/fips140/check
math/rand/v2
crypto/internal/fips140/aes
crypto/internal/randutil
go/build/constraint
internal/fmtsort
encoding/binary
math/rand
hash/adler32
internal/saferio
regexp/syntax
internal/reflectlite
io/fs
internal/poll
internal/filepathlite
context
cmd/internal/sys
encoding/base64
regexp
errors
sync
iter
strconv
os
internal/oserror
path
slices
io
internal/bisect
syscall
hash
bytes
crypto
internal/godebug
strings
crypto/internal/fips140deps/godebug
fmt
path/filepath
os/exec
crypto/internal/sysrand
crypto/internal/entropy
crypto/internal/fips140/drbg
crypto/internal/fips140
crypto/internal/fips140/aes/gcm
crypto/internal/fips140only
crypto/internal/impl
crypto/internal/fips140/sha3
log
cmd/internal/src
internal/buildcfg
cmd/internal/bio
crypto/cipher
flag
text/scanner
cmd/internal/dwarf
cmd/internal/goobj
crypto/internal/boring
cmd/internal/objabi
crypto/sha256
cmd/vendor/golang.org/x/telemetry/internal/mmap
runtime/debug
cmd/internal/hash
cmd/internal/edit
cmd/internal/pkgpath
cmd/internal/quoted
debug/dwarf
cmd/internal/obj
compress/flate
cmd/vendor/golang.org/x/telemetry/internal/telemetry
cmd/vendor/golang.org/x/telemetry/internal/counter
cmd/vendor/golang.org/x/telemetry/counter
compress/zlib
cmd/internal/telemetry/counter
internal/zstd
go/token
go/scanner
go/doc/comment
debug/elf
cmd/internal/obj/arm
cmd/internal/obj/arm64
cmd/internal/obj/loong64
cmd/internal/obj/mips
cmd/internal/obj/ppc64
cmd/internal/obj/riscv
cmd/internal/obj/s390x
cmd/internal/obj/wasm
cmd/internal/obj/x86
cmd/asm/internal/flags
cmd/asm/internal/lex
debug/macho
debug/pe
go/ast
text/tabwriter
internal/xcoff
crypto/internal/fips140/sha256
crypto/internal/fips140/sha512
internal/syscall/unix
cmd/asm/internal/arch
time
crypto/internal/fips140/hmac
go/parser
go/printer
cmd/asm/internal/asm
cmd/asm
crypto/internal/fips140/check
crypto/internal/fips140/aes
io/fs
go/format
cmd/cgo
internal/poll
internal/filepathlite
internal/syscall/execenv
internal/testlog
math/rand/v2
os
crypto/internal/randutil
crypto/subtle
reflect
bufio
context
sort
math/rand
crypto/internal/sysrand
path/filepath
crypto/internal/entropy
crypto/internal/fips140/drbg
crypto/internal/fips140/aes/gcm
crypto/internal/fips140only
os/exec
crypto/cipher
internal/types/errors
crypto/internal/boring
runtime/metrics
regexp/syntax
crypto/sha256
maps
cmd/internal/hash
weak
container/heap
unique
hash/crc32
html
go/build/constraint
net/netip
go/version
internal/fmtsort
encoding/binary
regexp
fmt
internal/lazyregexp
internal/goroot
cmd/internal/sys
encoding/base64
internal/saferio
hash/fnv
cmd/internal/codesign
cmd/internal/gcprog
cmd/internal/cov/covcmd
log
cmd/internal/src
internal/buildcfg
flag
cmd/internal/bio
cmd/vendor/golang.org/x/telemetry/internal/mmap
cmd/internal/dwarf
cmd/internal/goobj
runtime/debug
cmd/internal/objabi
cmd/vendor/golang.org/x/telemetry/internal/telemetry
encoding/json
go/token
cmd/internal/obj
cmd/vendor/golang.org/x/telemetry/internal/counter
math/big
cmd/vendor/golang.org/x/telemetry/counter
cmd/internal/telemetry/counter
net/url
cmd/compile/internal/abt
encoding/hex
compress/flate
go/scanner
go/ast
cmd/compile/internal/base
cmd/compile/internal/logopt
cmd/internal/obj/arm
go/constant
cmd/compile/internal/bitvec
cmd/internal/obj/arm64
cmd/compile/internal/types
cmd/internal/obj/loong64
cmd/internal/obj/mips
cmd/internal/obj/ppc64
cmd/compile/internal/ir
cmd/compile/internal/typebits
cmd/internal/obj/riscv
cmd/internal/obj/s390x
cmd/internal/obj/wasm
cmd/internal/obj/x86
compress/gzip
internal/profile
cmd/compile/internal/syntax
go/doc/comment
cmd/internal/pgo
go/parser
go/doc
cmd/compile/internal/objw
cmd/compile/internal/abi
cmd/compile/internal/typecheck
cmd/compile/internal/rttype
cmd/compile/internal/staticdata
cmd/compile/internal/deadlocals
cmd/compile/internal/types2
go/build
internal/pkgbits
cmd/internal/archive
text/tabwriter
internal/exportdata
runtime/pprof
runtime/trace
cmd/internal/macho
cmd/compile/internal/compare
cmd/compile/internal/pgoir
cmd/compile/internal/inline/inlheur
cmd/compile/internal/reflectdata
cmd/compile/internal/coverage
cmd/compile/internal/escape
cmd/compile/internal/ssa
cmd/compile/internal/inline
cmd/compile/internal/loopvar
cmd/compile/internal/staticinit
cmd/compile/internal/devirtualize
hash/crc32
compress/gzip
cmd/compile/internal/inline/interleaved
runtime/pprof
cmd/link/internal/sym
cmd/link/internal/loader
cmd/link/internal/benchmark
crypto/sha3
crypto/internal/fips140hash
crypto/hmac
cmd/compile/internal/importer
cmd/compile/internal/rangefunc
cmd/link/internal/loadelf
cmd/link/internal/loadmacho
cmd/link/internal/loadpe
cmd/link/internal/loadxcoff
encoding/hex
encoding/json
internal/profile
cmd/internal/pgo
cmd/preprofile
cmd/link/internal/ld
cmd/link/internal/amd64
cmd/link/internal/arm
cmd/link/internal/arm64
cmd/link/internal/loong64
cmd/link/internal/mips
cmd/link/internal/mips64
cmd/link/internal/ppc64
cmd/link/internal/riscv64
cmd/link/internal/s390x
cmd/link/internal/wasm
cmd/link/internal/x86
cmd/link
cmd/compile/internal/liveness
cmd/compile/internal/ssagen
cmd/compile/internal/arm
cmd/compile/internal/arm64
cmd/compile/internal/dwarfgen
cmd/compile/internal/amd64
cmd/compile/internal/walk
cmd/compile/internal/loong64
cmd/compile/internal/noder
cmd/compile/internal/mips
cmd/compile/internal/mips64
cmd/compile/internal/ppc64
cmd/compile/internal/riscv64
cmd/compile/internal/s390x
cmd/compile/internal/wasm
cmd/compile/internal/x86
cmd/compile/internal/pkginit
cmd/compile/internal/gc
cmd/compile

Building packages and commands for linux/amd64.
internal/unsafeheader
internal/goarch
internal/cpu
internal/byteorder
internal/coverage/rtcov
internal/abi
internal/chacha8rand
internal/godebugs
internal/goexperiment
internal/bytealg
internal/goos
internal/profilerecord
internal/runtime/atomic
internal/asan
internal/msan
internal/runtime/math
internal/runtime/sys
internal/runtime/syscall
internal/runtime/exithook
internal/stringslite
sync/atomic
math/bits
unicode
unicode/utf8
internal/race
cmp
internal/runtime/maps
internal/sync
internal/itoa
math
container/list
container/ring
crypto/internal/fips140/alias
crypto/internal/fips140deps/byteorder
crypto/internal/fips140deps/cpu
crypto/internal/fips140/subtle
crypto/internal/boring/sig
unicode/utf16
vendor/golang.org/x/crypto/cryptobyte/asn1
crypto/internal/boring/bcache
encoding
runtime
internal/cfg
internal/platform
crypto/internal/fips140deps
vendor/golang.org/x/crypto/internal/alias
internal/nettrace
log/internal
internal/goversion
internal/syslist
internal/gover
hash/maphash
image/color
internal/coverage
internal/coverage/calloc
internal/coverage/uleb128
internal/synctest
internal/trace/event
image/color/palette
internal/trace/traceviewer/format
log/slog/internal
reflect/internal/example1
math/cmplx
reflect/internal/example2
runtime/internal/startlinetest
runtime/race/internal/amd64v1
runtime/race
structs
iter
crypto/subtle
sync
internal/reflectlite
slices
maps
weak
runtime/metrics
errors
sort
internal/bisect
internal/testlog
io
runtime/cgo
strconv
bytes
internal/oserror
reflect
path
internal/godebug
syscall
strings
bufio
hash
hash/crc32
compress/bzip2
time
internal/syscall/unix
internal/syscall/execenv
hash/adler32
container/heap
crypto
crypto/internal/fips140deps/godebug
crypto/internal/fips140
crypto/internal/impl
crypto/internal/fips140/sha256
crypto/internal/fips140/sha3
io/fs
internal/fmtsort
internal/poll
encoding/binary
internal/filepathlite
context
crypto/internal/fips140/sha512
math/rand/v2
os
math/rand
crypto/internal/randutil
crypto/internal/fips140/hmac
crypto/sha3
crypto/internal/fips140/check
crypto/internal/fips140hash
internal/saferio
crypto/internal/fips140/aes
crypto/internal/fips140/nistec/fiat
crypto/internal/fips140/edwards25519/field
crypto/internal/fips140/bigmod
crypto/internal/fips140/edwards25519
crypto/fips140
crypto/internal/fips140/hkdf
encoding/base64
crypto/internal/fips140/check/checktest
crypto/internal/fips140/pbkdf2
crypto/internal/fips140/ssh
crypto/internal/fips140/tls12
crypto/internal/fips140/tls13
vendor/golang.org/x/crypto/internal/poly1305
crypto/tls/internal/fips140tls
crypto/internal/fips140/nistec
encoding/pem
vendor/golang.org/x/net/dns/dnsmessage
fmt
path/filepath
crypto/internal/sysrand
crypto/internal/entropy
crypto/internal/fips140/drbg
os/exec
crypto/internal/fips140/aes/gcm
os/user
compress/flate
compress/lzw
crypto/internal/fips140only
crypto/cipher
archive/zip
compress/gzip
compress/zlib
crypto/internal/boring
crypto/aes
crypto/des
math/big
crypto/internal/fips140/ecdh
crypto/ecdh
crypto/internal/fips140/ecdsa
crypto/sha512
crypto/internal/fips140/ed25519
crypto/hkdf
crypto/hmac
encoding/json
flag
internal/sysinfo
archive/tar
runtime/debug
runtime/trace
testing
crypto/dsa
crypto/elliptic
crypto/internal/boring/bbig
encoding/asn1
crypto/rand
crypto/internal/fips140/mlkem
crypto/ed25519
crypto/internal/fips140/rsa
vendor/golang.org/x/crypto/chacha20
vendor/golang.org/x/crypto/cryptobyte
vendor/golang.org/x/sys/cpu
crypto/internal/sysrand/internal/seccomp
internal/testenv
vendor/golang.org/x/crypto/chacha20poly1305
crypto/ecdsa
crypto/internal/hpke
crypto/internal/cryptotest
crypto/md5
crypto/mlkem
crypto/pbkdf2
crypto/rc4
crypto/rsa
crypto/sha1
crypto/sha256
encoding/hex
internal/singleflight
unique
database/sql/driver
crypto/x509/pkix
debug/dwarf
internal/zstd
net/netip
database/sql
debug/plan9obj
debug/gosym
debug/elf
debug/macho
debug/pe
net/url
net
internal/xcoff
embed
encoding/ascii85
encoding/base32
encoding/csv
debug/buildinfo
encoding/gob
encoding/xml
log
vendor/golang.org/x/text/transform
vendor/golang.org/x/text/unicode/bidi
vendor/golang.org/x/text/secure/bidirule
vendor/golang.org/x/text/unicode/norm
vendor/golang.org/x/net/http2/hpack
mime
mime/quotedprintable
net/http/internal
net/http/internal/ascii
go/token
vendor/golang.org/x/net/idna
go/build/constraint
go/scanner
go/doc/comment
go/ast
regexp/syntax
internal/buildcfg
internal/goroot
go/constant
text/tabwriter
regexp
go/version
internal/types/errors
text/scanner
go/parser
go/printer
internal/lazyregexp
go/doc
internal/pkgbits
go/build
go/format
go/types
hash/crc64
hash/fnv
html
crypto/x509
net/textproto
vendor/golang.org/x/net/http/httpproxy
vendor/golang.org/x/net/http/httpguts
mime/multipart
internal/exportdata
text/template/parse
image
image/internal/imageutil
image/draw
text/template
image/gif
crypto/tls
image/jpeg
html/template
image/png
index/suffixarray
internal/coverage/cmerge
internal/coverage/cformat
internal/coverage/slicereader
internal/coverage/slicewriter
internal/coverage/stringtab
internal/coverage/pods
internal/coverage/decodecounter
internal/coverage/decodemeta
internal/coverage/encodecounter
internal/coverage/encodemeta
internal/dag
internal/diff
internal/coverage/cfile
internal/fuzz
internal/lazytemplate
internal/obscuretestdata
internal/profile
go/internal/gccgoimporter
go/internal/gcimporter
go/internal/srcimporter
internal/testpty
go/importer
internal/trace/event/go122
internal/trace/version
internal/txtar
internal/trace/internal/oldtrace
internal/trace/raw
io/ioutil
log/slog/internal/buffer
log/slog
internal/trace
net/http/httptrace
net/http
log/syslog
net/http/internal/testcert
runtime/pprof
log/slog/internal/benchmarks
log/slog/internal/slogtest
net/internal/socktest
net/mail
net/smtp
internal/trace/internal/testgen/go122
internal/trace/testtrace
os/exec/internal/fdtest
os/signal
plugin
runtime/coverage
testing/iotest
testing/internal/testdeps
testing/quick
testing/fstest
testing/slogtest
time/tzdata
vendor/golang.org/x/net/nettest
expvar
net/http/cookiejar
net/http/cgi
internal/trace/traceviewer
net/http/httptest
net/http/fcgi
net/http/httputil
net/http/pprof
net/rpc
net/rpc/jsonrpc
cmd/cgo/internal/test/issue30527
cmd/cgo/internal/test/issue9400
cmd/cgo/internal/testnocgo
cmd/compile/internal/test
cmd/internal/archive
debug/gosym
debug/plan9obj
cmd/internal/buildid
cmd/cgo/internal/cgotest
internal/sysinfo
runtime/trace
cmd/buildid
testing
cmd/internal/objfile
cmd/internal/cov/covcmd
runtime/metrics
cmd/compile/internal/base
cmd/addr2line
math/big
internal/lazyregexp
cmd/compile/internal/abt
weak
unique
cmd/cgo/internal/test
cmd/cgo/internal/testtls
net/netip
cmd/compile/internal/bitvec
html
go/doc
internal/goroot
go/constant
internal/coverage/slicereader
internal/coverage/uleb128
internal/coverage/stringtab
go/build
internal/coverage/decodecounter
internal/coverage/decodemeta
cmd/compile/internal/types
cmd/compile/internal/syntax
net/url
cmd/compile/internal/ir
cmd/compile/internal/typebits
internal/exportdata
cmd/compile/internal/logopt
internal/pkgbits
internal/coverage/pods
cmd/internal/cov
cmd/internal/pkgpattern
internal/coverage/calloc
internal/coverage/cmerge
internal/coverage/slicewriter
internal/coverage/cformat
internal/coverage/encodecounter
cmd/compile/internal/types2
internal/coverage/encodemeta
cmd/internal/browser
cmd/vendor/golang.org/x/tools/cover
cmd/covdata
text/template/parse
text/template
cmd/dist
html/template
cmd/compile/internal/abi
cmd/compile/internal/objw
cmd/compile/internal/typecheck
cmd/compile/internal/rttype
cmd/compile/internal/staticdata
cmd/compile/internal/deadlocals
cmd/cover
cmd/compile/internal/importer
cmd/compile/internal/rangefunc
os/user
archive/tar
archive/zip
cmd/compile/internal/compare
cmd/compile/internal/pgoir
cmd/compile/internal/inline/inlheur
cmd/compile/internal/reflectdata
cmd/compile/internal/coverage
cmd/compile/internal/inline
cmd/compile/internal/escape
cmd/compile/internal/loopvar
cmd/compile/internal/ssa
cmd/compile/internal/devirtualize
cmd/compile/internal/staticinit
cmd/compile/internal/inline/interleaved
cmd/vendor/golang.org/x/mod/semver
cmd/distpack
cmd/doc
internal/diff
cmd/fix
cmd/go/internal/str
cmd/go/internal/fsys
cmd/internal/par
cmd/internal/pathcache
internal/cfg
os/signal
cmd/go/internal/cfg
cmd/go/internal/cacheprog
cmd/go/internal/lockedfile/internal/filelock
cmd/go/internal/lockedfile
cmd/go/internal/mmap
cmd/go/internal/base
cmd/vendor/golang.org/x/mod/internal/lazyregexp
cmd/vendor/golang.org/x/mod/module
container/list
crypto/rand
crypto/aes
cmd/vendor/golang.org/x/mod/modfile
crypto/des
cmd/go/internal/cache
crypto/internal/fips140/nistec/fiat
crypto/internal/fips140/edwards25519/field
crypto/internal/boring/bbig
crypto/internal/fips140/bigmod
cmd/go/internal/gover
crypto/sha512
encoding/asn1
vendor/golang.org/x/crypto/cryptobyte/asn1
crypto/internal/fips140/edwards25519
crypto/internal/fips140/nistec
crypto/internal/fips140/ed25519
crypto/ed25519
vendor/golang.org/x/crypto/cryptobyte
crypto/internal/fips140/hkdf
crypto/internal/fips140/mlkem
crypto/internal/fips140/tls12
crypto/internal/fips140/tls13
vendor/golang.org/x/crypto/internal/alias
vendor/golang.org/x/crypto/chacha20
vendor/golang.org/x/crypto/internal/poly1305
vendor/golang.org/x/sys/cpu
crypto/md5
vendor/golang.org/x/crypto/chacha20poly1305
crypto/rc4
crypto/internal/fips140/rsa
crypto/sha1
crypto/rsa
crypto/tls/internal/fips140tls
crypto/dsa
crypto/internal/fips140/ecdh
crypto/elliptic
crypto/ecdh
crypto/internal/fips140/ecdsa
crypto/internal/hpke
crypto/x509/pkix
encoding/pem
crypto/ecdsa
vendor/golang.org/x/net/dns/dnsmessage
internal/nettrace
internal/singleflight
vendor/golang.org/x/text/transform
vendor/golang.org/x/text/unicode/bidi
vendor/golang.org/x/text/unicode/norm
net
vendor/golang.org/x/text/secure/bidirule
vendor/golang.org/x/net/http2/hpack
mime
vendor/golang.org/x/net/idna
mime/quotedprintable
net/http/internal
net/http/internal/ascii
encoding/xml
internal/trace/traceviewer/format
cmd/go/internal/trace
cmd/go/internal/search
cmd/internal/robustio
cmd/vendor/golang.org/x/mod/sumdb/note
cmd/vendor/golang.org/x/mod/sumdb/tlog
cmd/vendor/golang.org/x/mod/sumdb/dirhash
cmd/vendor/golang.org/x/mod/zip
cmd/go/internal/imports
cmd/go/internal/mvs
crypto/x509
net/textproto
vendor/golang.org/x/net/http/httpproxy
vendor/golang.org/x/net/http/httpguts
mime/multipart
cmd/go/internal/modindex
internal/lazytemplate
cmd/vendor/golang.org/x/sync/errgroup
cmd/vendor/golang.org/x/telemetry/internal/crashmonitor
cmd/vendor/golang.org/x/telemetry/internal/config
cmd/vendor/golang.org/x/telemetry/internal/configstore
cmd/go/internal/doc
cmd/go/internal/help
cmd/vendor/golang.org/x/sync/semaphore
cmd/vendor/golang.org/x/sys/unix
cmd/go/internal/cmdflag
cmd/internal/test2json
crypto/tls
debug/buildinfo
cmd/go/internal/version
cmd/go/internal/test/internal/genflags
internal/txtar
cmd/internal/script
internal/testenv
net/http/internal/testcert
cmd/gofmt
cmd/vendor/golang.org/x/arch/arm/armasm
cmd/vendor/golang.org/x/arch/arm64/arm64asm
cmd/vendor/golang.org/x/arch/loong64/loong64asm
cmd/vendor/golang.org/x/arch/ppc64/ppc64asm
net/http/httptrace
net/http
cmd/vendor/golang.org/x/arch/riscv64/riscv64asm
cmd/vendor/golang.org/x/arch/s390x/s390xasm
cmd/vendor/golang.org/x/arch/x86/x86asm
cmd/internal/osinfo
cmd/internal/disasm
cmd/internal/script/scripttest
cmd/link/internal/dwtest
cmd/nm
cmd/objdump
cmd/pack
embed
cmd/vendor/github.com/google/pprof/internal/elfexec
cmd/vendor/github.com/google/pprof/profile
cmd/vendor/github.com/ianlancetaylor/demangle
cmd/vendor/github.com/google/pprof/internal/measurement
cmd/vendor/github.com/google/pprof/internal/graph
cmd/vendor/github.com/google/pprof/third_party/svgpan
cmd/vendor/golang.org/x/term
cmd/test2json
cmd/go/internal/web/intercept
cmd/go/internal/auth
cmd/vendor/golang.org/x/mod/sumdb
cmd/go/internal/web
cmd/go/internal/modfetch/codehost
cmd/go/internal/vcs
cmd/vendor/golang.org/x/telemetry/internal/upload
net/http/cgi
net/http/httputil
cmd/vendor/golang.org/x/telemetry
cmd/internal/telemetry
cmd/go/internal/telemetrycmd
cmd/go/internal/vcweb
cmd/go/internal/modfetch
cmd/go/internal/modinfo
net/http/httptest
cmd/vendor/github.com/google/pprof/internal/plugin
cmd/vendor/github.com/google/pprof/internal/binutils
cmd/go/internal/vcweb/vcstest
cmd/vendor/github.com/google/pprof/internal/report
cmd/vendor/github.com/google/pprof/internal/symbolz
cmd/vendor/github.com/google/pprof/internal/symbolizer
cmd/go/internal/fips140
cmd/go/internal/modload
cmd/vendor/github.com/google/pprof/internal/transport
internal/trace/event
internal/trace/event/go122
internal/trace/version
internal/trace/internal/oldtrace
cmd/vendor/github.com/google/pprof/internal/driver
internal/trace
cmd/vendor/github.com/google/pprof/driver
cmd/pprof
internal/trace/raw
internal/trace/traceviewer
net/http/pprof
cmd/go/internal/load
cmd/go/internal/telemetrystats
cmd/trace
cmd/compile/internal/liveness
cmd/go/internal/work
cmd/go/internal/fmtcmd
cmd/vendor/golang.org/x/text/internal/tag
cmd/compile/internal/ssagen
cmd/vendor/golang.org/x/text/internal/language
cmd/vendor/golang.org/x/text/internal/language/compact
cmd/vendor/golang.org/x/text/language
cmd/vendor/golang.org/x/text/internal
cmd/vendor/golang.org/x/text/transform
cmd/vendor/golang.org/x/text/unicode/norm
cmd/vendor/golang.org/x/telemetry/counter/countertest
go/types
cmd/go/internal/envcmd
cmd/go/internal/clean
cmd/go/internal/bug
cmd/go/internal/fix
cmd/go/internal/generate
cmd/go/internal/list
cmd/go/internal/run
cmd/go/internal/toolchain
cmd/go/internal/test
cmd/go/internal/modcmd
cmd/go/internal/modget
cmd/go/internal/tool
cmd/go/internal/vet
cmd/compile/internal/amd64
cmd/compile/internal/arm
cmd/compile/internal/arm64
cmd/compile/internal/dwarfgen
cmd/compile/internal/walk
cmd/compile/internal/loong64
cmd/compile/internal/noder
cmd/compile/internal/mips
cmd/compile/internal/mips64
cmd/compile/internal/ppc64
cmd/compile/internal/riscv64
cmd/compile/internal/s390x
cmd/compile/internal/wasm
cmd/compile/internal/x86
cmd/go/internal/workcmd
cmd/vendor/golang.org/x/text/cases
cmd/compile/internal/pkginit
cmd/go
cmd/vendor/golang.org/x/tools/go/analysis
cmd/compile/internal/gc
encoding/gob
cmd/vendor/rsc.io/markdown
cmd/vendor/golang.org/x/tools/go/ast/inspector
cmd/vendor/golang.org/x/tools/go/analysis/passes/inspect
cmd/vendor/golang.org/x/tools/internal/analysisinternal
cmd/vendor/golang.org/x/tools/go/analysis/passes/internal/analysisutil
cmd/vendor/golang.org/x/tools/internal/aliases
cmd/vendor/golang.org/x/tools/internal/typeparams
cmd/vendor/golang.org/x/build/relnote
cmd/vendor/golang.org/x/tools/go/types/typeutil
cmd/vendor/golang.org/x/tools/go/analysis/internal/analysisflags
cmd/vendor/golang.org/x/tools/go/analysis/passes/asmdecl
cmd/vendor/golang.org/x/tools/go/analysis/passes/appends
cmd/vendor/golang.org/x/tools/go/analysis/passes/assign
cmd/vendor/golang.org/x/tools/go/analysis/passes/atomic
cmd/vendor/golang.org/x/tools/go/analysis/passes/bools
cmd/vendor/golang.org/x/tools/go/analysis/passes/buildtag
cmd/vendor/golang.org/x/tools/go/analysis/passes/cgocall
cmd/vendor/golang.org/x/tools/go/analysis/passes/composite
cmd/vendor/golang.org/x/tools/internal/versions
cmd/vendor/golang.org/x/tools/go/cfg
cmd/vendor/golang.org/x/tools/go/analysis/passes/defers
cmd/vendor/golang.org/x/tools/go/analysis/passes/copylock
cmd/vendor/golang.org/x/tools/go/analysis/passes/directive
cmd/vendor/golang.org/x/tools/go/analysis/passes/errorsas
cmd/vendor/golang.org/x/tools/go/analysis/passes/framepointer
cmd/vendor/golang.org/x/tools/internal/stdlib
cmd/vendor/golang.org/x/tools/go/analysis/passes/ifaceassert
cmd/vendor/golang.org/x/tools/go/analysis/passes/ctrlflow
cmd/vendor/golang.org/x/tools/go/analysis/passes/nilfunc
cmd/vendor/golang.org/x/tools/go/analysis/passes/printf
cmd/vendor/golang.org/x/tools/go/analysis/passes/lostcancel
cmd/vendor/golang.org/x/tools/go/analysis/passes/shift
cmd/vendor/golang.org/x/tools/go/analysis/passes/sigchanyzer
cmd/vendor/golang.org/x/tools/go/analysis/passes/stdmethods
cmd/vendor/golang.org/x/tools/go/analysis/passes/stringintconv
cmd/vendor/golang.org/x/tools/go/analysis/passes/structtag
cmd/vendor/golang.org/x/tools/go/analysis/passes/testinggoroutine
cmd/vendor/golang.org/x/tools/go/analysis/passes/tests
cmd/vendor/golang.org/x/tools/go/analysis/passes/timeformat
cmd/vendor/golang.org/x/tools/go/analysis/passes/unreachable
cmd/vendor/golang.org/x/tools/go/analysis/passes/unsafeptr
cmd/vendor/golang.org/x/tools/go/analysis/passes/unusedresult
go/internal/gccgoimporter
go/internal/gcimporter
go/internal/srcimporter
cmd/vendor/golang.org/x/tools/internal/bisect
cmd/vendor/golang.org/x/tools/internal/typesinternal
go/importer
cmd/vendor/golang.org/x/tools/go/analysis/passes/httpresponse
cmd/vendor/golang.org/x/tools/go/analysis/passes/loopclosure
cmd/vendor/golang.org/x/tools/go/analysis/passes/slog
cmd/vendor/golang.org/x/tools/go/analysis/passes/stdversion
cmd/vendor/golang.org/x/tools/go/analysis/passes/unmarshal
cmd/vendor/golang.org/x/tools/go/types/objectpath
cmd/vendor/golang.org/x/tools/internal/facts
cmd/vendor/golang.org/x/tools/go/analysis/unitchecker
cmd/vet
touch /mnt/build_wrt/build_dir/hostpkg/go-1.24.13/.built
rm -f "/mnt/build_wrt/staging_dir/hostpkg/bin/go-strip-helper"
rm -rf "/mnt/build_wrt/staging_dir/hostpkg/lib/go-bootstrap/openwrt"
rm -rf "/mnt/build_wrt/staging_dir/hostpkg/lib/go-bootstrap"
install -d -m0755 "/mnt/build_wrt/staging_dir/hostpkg/lib/go-bootstrap"
cp -fpR "/mnt/build_wrt/build_dir/hostpkg/go-1.24.13/api" "/mnt/build_wrt/staging_dir/hostpkg/lib/go-bootstrap/"
install -m0644 -p "/mnt/build_wrt/build_dir/hostpkg/go-1.24.13/go.env" "/mnt/build_wrt/staging_dir/hostpkg/lib/go-bootstrap/"
install -m0644 -p "/mnt/build_wrt/build_dir/hostpkg/go-1.24.13/VERSION" "/mnt/build_wrt/staging_dir/hostpkg/lib/go-bootstrap/"
for file in CONTRIBUTING.md LICENSE PATENTS README.md SECURITY.md; do if [ -f "/mnt/build_wrt/build_dir/hostpkg/go-1.24.13/$file" ]; then install -m0644 -p "/mnt/build_wrt/build_dir/hostpkg/go-1.24.13/$file" "/mnt/build_wrt/staging_dir/hostpkg/lib/go-bootstrap/" ; fi ; done
install -d -m0755 "/mnt/build_wrt/staging_dir/hostpkg/lib/go-bootstrap/bin"
install -m0755 -p "/mnt/build_wrt/build_dir/hostpkg/go-1.24.13/bin"/* "/mnt/build_wrt/staging_dir/hostpkg/lib/go-bootstrap/bin/"
if [ -d "/mnt/build_wrt/build_dir/hostpkg/go-1.24.13/pkg/linux_amd64" ]; then install -d -m0755 "/mnt/build_wrt/staging_dir/hostpkg/lib/go-bootstrap/pkg" ; cp -fpR "/mnt/build_wrt/build_dir/hostpkg/go-1.24.13/pkg/linux_amd64" "/mnt/build_wrt/staging_dir/hostpkg/lib/go-bootstrap/pkg/" ; fi
install -d -m0755 "/mnt/build_wrt/staging_dir/hostpkg/lib/go-bootstrap/pkg/tool/linux_amd64"
install -m0755 -p "/mnt/build_wrt/build_dir/hostpkg/go-1.24.13/pkg/tool/linux_amd64"/* "/mnt/build_wrt/staging_dir/hostpkg/lib/go-bootstrap/pkg/tool/linux_amd64/"
install -d -m0755 "/mnt/build_wrt/staging_dir/hostpkg/lib/go-bootstrap"
install -d -m0755 "/mnt/build_wrt/staging_dir/hostpkg/lib/go-bootstrap/src"; cd "/mnt/build_wrt/build_dir/hostpkg/go-1.24.13/src" && find . ! -type d -a \( ! -name '*.bat' -a ! -name '*.rc' \) -print0 | cpio --make-directories --null --pass-through --unconditional "/mnt/build_wrt/staging_dir/hostpkg/lib/go-bootstrap/src/"
220381 blocks
if [ -d "/mnt/build_wrt/build_dir/hostpkg/go-1.24.13/pkg/include" ]; then install -d -m0755 "/mnt/build_wrt/staging_dir/hostpkg/lib/go-bootstrap/pkg" ; cp -fpR "/mnt/build_wrt/build_dir/hostpkg/go-1.24.13/pkg/include" "/mnt/build_wrt/staging_dir/hostpkg/lib/go-bootstrap/pkg/" ; fi
rm -rf "/mnt/build_wrt/staging_dir/hostpkg/lib/go-bootstrap/pkg/linux/amd64"
install -d -m0755 "/mnt/build_wrt/staging_dir/hostpkg/bin"
install -m0755 ../go-strip-helper "/mnt/build_wrt/staging_dir/hostpkg/bin"
install -d -m0755 "/mnt/build_wrt/staging_dir/hostpkg/lib/go-bootstrap/openwrt"
install -m0755 ../go-gcc-helper "/mnt/build_wrt/staging_dir/hostpkg/lib/go-bootstrap/openwrt"
ln -sf go-gcc-helper "/mnt/build_wrt/staging_dir/hostpkg/lib/go-bootstrap/openwrt/gcc"
ln -sf go-gcc-helper "/mnt/build_wrt/staging_dir/hostpkg/lib/go-bootstrap/openwrt/g++"
mkdir -p /mnt/build_wrt/staging_dir/hostpkg/stamp
touch /mnt/build_wrt/build_dir/hostpkg/go-1.24.13/.built
touch /mnt/build_wrt/staging_dir/hostpkg/stamp/.golang-bootstrap_installed 
make[2]: Leaving directory '/mnt/build_wrt/feeds/packages/lang/golang/golang-bootstrap'
time: package/feeds/packages/golang-bootstrap/host-compile#1402.22#97.11#467.41
make[2]: Entering directory '/mnt/build_wrt/feeds/packages/lang/golang/golang1.26'
mkdir -p /mnt/build_wrt/dl
SHELL= flock /mnt/build_wrt/tmp/.go1.26.5.src.tar.gz.flock -c '  	/mnt/build_wrt/scripts/download.pl "/mnt/build_wrt/dl" "go1.26.5.src.tar.gz" "495be4bc87176ac567392e5b4116abd98466d33d7b49d41e764ccc6976b2dc42" "" "https://go.dev/dl/" "https://golang.google.cn/dl/" "https://mirrors.nju.edu.cn/golang/" "https://mirrors.ustc.edu.cn/golang/"    '
+ curl -f --connect-timeout 5 --retry 3 --location https://go.dev/dl/go1.26.5.src.tar.gz
  % Total    % Received % Xferd  Average Speed   Time    Time     Time  Current
                                 Dload  Upload   Total   Spent    Left  Speed
  0     0    0     0    0     0      0      0 --:--:-- --:--:-- --:--:--     0100    67  100    67    0     0    666      0 --:--:-- --:--:-- --:--:--   670
  0     0    0     0    0     0      0      0 --:--:-- --:--:-- --:--:--     0100 32.5M  100 32.5M    0     0  68.5M      0 --:--:-- --:--:-- --:--:-- 95.2M
tar -C "/mnt/build_wrt/build_dir/hostpkg/go-1.26.5" --strip-components=1 -xzf "/mnt/build_wrt/dl/go1.26.5.src.tar.gz"
[ ! -d ./src/ ] || cp -fpR ./src/* /mnt/build_wrt/build_dir/hostpkg/go-1.26.5
touch /mnt/build_wrt/build_dir/hostpkg/go-1.26.5/.prepareda0a0a53b71e4eca706a6956351f1029b_6664517399ebbbc92a37c5bb081b5c53
mkdir -p "/mnt/build_wrt/tmp/go-build"
touch /mnt/build_wrt/build_dir/hostpkg/go-1.26.5/.configured
cd "/mnt/build_wrt/build_dir/hostpkg/go-1.26.5/src" ;  GOROOT_BOOTSTRAP="/mnt/build_wrt/staging_dir/hostpkg/lib/go-bootstrap" GO_LDFLAGS="-buildmode pie" GOHOSTARCH="amd64" GOCACHE="/mnt/build_wrt/tmp/go-build" GOENV=off CC="/mnt/build_wrt/staging_dir/host/bin/gcc" CXX="/mnt/build_wrt/staging_dir/host/bin/g++"  bash make.bash -v --no-banner
Building Go cmd/dist using /mnt/build_wrt/staging_dir/hostpkg/lib/go-bootstrap. (go1.24.13 linux/amd64)
cmd/dist

Building Go toolchain1 using /mnt/build_wrt/staging_dir/hostpkg/lib/go-bootstrap.
internal/byteorder
internal/goarch
internal/unsafeheader
internal/cpu
internal/coverage/rtcov
internal/abi
internal/chacha8rand
internal/godebugs
internal/goexperiment
internal/goos
internal/bytealg
internal/profilerecord
internal/runtime/atomic
internal/runtime/math
internal/runtime/sys
internal/runtime/syscall
internal/stringslite
internal/runtime/exithook
sync/atomic
math/bits
unicode
unicode/utf8
cmp
internal/itoa
math
internal/asan
internal/race
runtime
internal/sync
internal/msan
log/internal
bootstrap/cmp
bootstrap/internal/goexperiment
bootstrap/internal/goarch
bootstrap/internal/abi
crypto/internal/fips140/alias
crypto/internal/fips140deps/byteorder
crypto/internal/fips140deps/cpu
crypto/internal/boring/sig
bootstrap/math/bits
encoding
bootstrap/internal/coverage
bootstrap/internal/platform
bootstrap/internal/unsafeheader
unicode/utf16
bootstrap/internal/goversion
bootstrap/internal/runtime/gc
bootstrap/internal/gover
internal/goversion
internal/platform
internal/syslist
bootstrap/internal/race
bootstrap/cmd/compile/internal/test
bootstrap/cmd/internal/telemetry
iter
internal/reflectlite
crypto/internal/fips140/subtle
sync
slices
crypto/subtle
maps
runtime/metrics
weak
internal/testlog
bootstrap/internal/bisect
internal/bisect
unique
errors
bootstrap/sort
io
strconv
internal/oserror
path
bytes
strings
internal/godebug
syscall
reflect
hash
crypto
bufio
crypto/internal/fips140deps/godebug
crypto/internal/fips140
math/rand/v2
crypto/internal/fips140/sha256
crypto/internal/fips140/sha3
crypto/internal/fips140/sha512
crypto/internal/randutil
bootstrap/go/build/constraint
crypto/internal/fips140/hmac
crypto/internal/fips140/check
time
internal/syscall/unix
internal/syscall/execenv
crypto/internal/fips140/aes
math/rand
hash/adler32
bootstrap/internal/saferio
sort
go/build/constraint
bootstrap/internal/types/errors
net/netip
regexp/syntax
io/fs
internal/filepathlite
internal/fmtsort
internal/poll
context
encoding/binary
regexp
os
bootstrap/container/heap
hash/crc32
bootstrap/cmd/internal/sys
encoding/base64
html
bootstrap/go/version
hash/fnv
crypto/sha3
crypto/internal/fips140hash
crypto/internal/sysrand
fmt
path/filepath
bootstrap/internal/lazyregexp
internal/lazyregexp
crypto/internal/entropy
crypto/internal/fips140/drbg
crypto/internal/fips140only
crypto/internal/fips140/aes/gcm
os/exec
crypto/cipher
internal/goroot
crypto/internal/boring
crypto/sha256
crypto/hmac
log
bootstrap/cmd/internal/src
bootstrap/internal/buildcfg
bootstrap/cmd/internal/hash
flag
bootstrap/cmd/internal/bio
text/scanner
bootstrap/cmd/internal/dwarf
bootstrap/cmd/internal/goobj
bootstrap/cmd/internal/edit
bootstrap/cmd/internal/par
bootstrap/cmd/internal/objabi
bootstrap/cmd/internal/telemetry/counter
bootstrap/cmd/internal/pkgpath
bootstrap/cmd/internal/quoted
bootstrap/debug/dwarf
bootstrap/compress/flate
bootstrap/internal/zstd
bootstrap/cmd/internal/obj
bootstrap/compress/zlib
go/token
go/doc/comment
go/scanner
bootstrap/debug/elf
bootstrap/debug/macho
bootstrap/debug/pe
bootstrap/internal/xcoff
go/ast
text/tabwriter
bootstrap/cmd/internal/cov/covcmd
encoding/json
runtime/debug
bootstrap/cmd/internal/obj/arm
bootstrap/cmd/internal/obj/arm64
bootstrap/cmd/internal/obj/loong64
bootstrap/cmd/internal/obj/mips
bootstrap/cmd/internal/obj/ppc64
bootstrap/cmd/internal/obj/riscv
bootstrap/cmd/internal/obj/s390x
bootstrap/cmd/internal/obj/wasm
bootstrap/cmd/internal/obj/x86
bootstrap/cmd/asm/internal/flags
bootstrap/cmd/asm/internal/lex
go/parser
go/printer
bootstrap/cmd/compile/internal/base
math/big
go/format
bootstrap/cmd/cgo
bootstrap/cmd/asm/internal/arch
net/url
bootstrap/cmd/asm/internal/asm
bootstrap/cmd/compile/internal/logopt
bootstrap/cmd/compile/internal/bitvec
bootstrap/cmd/compile/internal/abt
encoding/hex
compress/flate
bootstrap/go/constant
bootstrap/cmd/asm
bootstrap/cmd/compile/internal/types
compress/gzip
bootstrap/internal/profile
bootstrap/cmd/compile/internal/syntax
bootstrap/cmd/internal/pgo
bootstrap/cmd/compile/internal/ir
bootstrap/cmd/compile/internal/typebits
go/doc
internal/buildcfg
bootstrap/internal/pkgbits
bootstrap/cmd/internal/archive
go/build
runtime/pprof
bootstrap/cmd/compile/internal/types2
runtime/trace
bootstrap/internal/exportdata
bootstrap/cmd/internal/codesign
bootstrap/cmd/internal/gcprog
bootstrap/cmd/internal/macho
bootstrap/cmd/link/internal/benchmark
bootstrap/cmd/link/internal/sym
bootstrap/cmd/link/internal/dwtest
bootstrap/cmd/link/internal/loader
bootstrap/cmd/compile/internal/objw
bootstrap/cmd/compile/internal/abi
bootstrap/cmd/compile/internal/typecheck
bootstrap/cmd/compile/internal/rttype
bootstrap/cmd/compile/internal/staticdata
bootstrap/cmd/compile/internal/deadlocals
bootstrap/cmd/link/internal/loadelf
bootstrap/cmd/link/internal/loadmacho
bootstrap/cmd/link/internal/loadpe
bootstrap/cmd/link/internal/loadxcoff
bootstrap/cmd/link/internal/ld
bootstrap/cmd/compile/internal/compare
bootstrap/cmd/compile/internal/pgoir
bootstrap/cmd/compile/internal/inline/inlheur
bootstrap/cmd/compile/internal/reflectdata
bootstrap/cmd/compile/internal/ssa
bootstrap/cmd/compile/internal/inline
bootstrap/cmd/compile/internal/bloop
bootstrap/cmd/compile/internal/coverage
bootstrap/cmd/compile/internal/escape
bootstrap/cmd/compile/internal/devirtualize
bootstrap/cmd/compile/internal/inline/interleaved
bootstrap/cmd/compile/internal/loopvar
bootstrap/cmd/compile/internal/importer
bootstrap/cmd/compile/internal/rangefunc
bootstrap/cmd/compile/internal/staticinit
bootstrap/cmd/compile/internal/slice
bootstrap/cmd/link/internal/amd64
bootstrap/cmd/link/internal/arm
bootstrap/cmd/link/internal/arm64
bootstrap/cmd/link/internal/loong64
bootstrap/cmd/link/internal/mips
bootstrap/cmd/link/internal/mips64
bootstrap/cmd/link/internal/ppc64
bootstrap/cmd/link/internal/riscv64
bootstrap/cmd/link/internal/s390x
bootstrap/cmd/link/internal/wasm
bootstrap/cmd/link/internal/x86
bootstrap/cmd/link
bootstrap/cmd/compile/internal/liveness
bootstrap/cmd/compile/internal/ssagen
bootstrap/cmd/compile/internal/arm
bootstrap/cmd/compile/internal/arm64
bootstrap/cmd/compile/internal/amd64
bootstrap/cmd/compile/internal/dwarfgen
bootstrap/cmd/compile/internal/walk
bootstrap/cmd/compile/internal/noder
bootstrap/cmd/compile/internal/loong64
bootstrap/cmd/compile/internal/mips
bootstrap/cmd/compile/internal/mips64
bootstrap/cmd/compile/internal/ppc64
bootstrap/cmd/compile/internal/riscv64
bootstrap/cmd/compile/internal/s390x
bootstrap/cmd/compile/internal/wasm
bootstrap/cmd/compile/internal/x86
bootstrap/cmd/compile/internal/pkginit
bootstrap/cmd/compile/internal/gc
bootstrap/cmd/compile

Building Go bootstrap cmd/go (go_bootstrap) using Go toolchain1.
runtime
internal/runtime/sys
internal/profilerecord
internal/runtime/syscall/linux
internal/cpu
internal/coverage/rtcov
internal/goarch
internal/stringslite
internal/runtime/math
internal/runtime/exithook
math/bits
internal/bytealg
internal/godebugs
internal/abi
internal/goexperiment
internal/runtime/gc
internal/runtime/pprof/label
internal/runtime/cgroup
internal/byteorder
internal/runtime/atomic
internal/strconv
internal/chacha8rand
internal/trace/tracev2
internal/goos
internal/runtime/maps
internal/msan
internal/race
internal/asan
time/tzdata
syscall
errors
internal/reflectlite
internal/unsafeheader
slices
sync/atomic
sync
iter
cmp
internal/synctest
internal/oserror
internal/sync
cmd/go
cmd/go/internal/cfg
cmd/go/internal/version
cmd/internal/telemetry
io/fs
cmd/go/internal/telemetrycmd
cmd/internal/telemetry/counter
cmd/internal/pathcache
cmd/go/internal/work
path/filepath
cmd/go/internal/clean
cmd/go/internal/str
os
internal/cfg
time
go/build
internal/platform
bytes
io
cmd/go/internal/fsys
cmd/go/internal/modget
unicode/utf8
cmd/go/internal/modload
runtime/trace
cmd/go/internal/list
cmd/vendor/golang.org/x/mod/modfile
cmd/vendor/golang.org/x/mod/module
cmd/internal/pkgpattern
regexp
sort
cmd/go/internal/imports
cmd/go/internal/search
cmd/internal/par
cmd/go/internal/vet
flag
strings
cmd/go/internal/base
cmd/go/internal/doc
path
regexp/syntax
bufio
context
cmd/go/internal/generate
cmd/go/internal/trace
go/build/constraint
internal/syslist
cmd/go/internal/bug
cmd/go/internal/cache
cmd/go/internal/help
cmd/go/internal/modcmd
cmd/go/internal/envcmd
cmd/go/internal/modinfo
cmd/go/internal/gover
cmd/go/internal/fmtcmd
strconv
cmd/go/internal/load
cmd/go/internal/lockedfile
debug/buildinfo
unicode
cmd/go/internal/run
encoding/json
internal/buildcfg
cmd/go/internal/workcmd
fmt
cmd/go/internal/toolchain
cmd/go/internal/tool
cmd/go/internal/telemetrystats
log
internal/goversion
cmd/vendor/golang.org/x/mod/sumdb/dirhash
archive/zip
crypto/sha256
encoding/base64
internal/gover
cmd/vendor/golang.org/x/mod/semver
cmd/go/internal/modfetch
cmd/go/internal/test
internal/trace/traceviewer/format
cmd/vendor/golang.org/x/mod/internal/lazyregexp
text/template
reflect
cmd/vendor/golang.org/x/sync/semaphore
cmd/go/internal/modfetch/codehost
math/rand
internal/saferio
encoding/binary
debug/elf
math
internal/zstd
internal/xcoff
runtime/debug
debug/macho
debug/plan9obj
debug/pe
compress/zlib
debug/dwarf
os/exec
cmd/go/internal/modindex
internal/syscall/execenv
maps
os/signal
internal/godebug
internal/syscall/unix
go/parser
go/scanner
go/token
go/internal/scannerhooks
go/ast
net/url
net/netip
unique
weak
hash/crc32
cmd/go/internal/web
compress/flate
hash
crypto
internal/lazytemplate
cmd/go/internal/lockedfile/internal/filelock
encoding/hex
crypto/internal/fips140/sha256
go/doc
cmd/internal/quoted
cmd/go/internal/vcs
cmd/go/internal/fips140
cmd/internal/objabi
cmd/go/internal/mmap
cmd/go/internal/cacheprog
internal/poll
crypto/internal/impl
crypto/internal/fips140
internal/goroot
crypto/internal/fips140deps/godebug
crypto/internal/fips140deps/byteorder
crypto/internal/fips140deps/cpu
internal/coverage
encoding/xml
hash/adler32
encoding
internal/lazyregexp
cmd/internal/test2json
crypto/internal/boring
internal/singleflight
container/list
cmd/go/internal/cmdflag
go/doc/comment
log/internal
internal/bisect
cmd/internal/sys
text/template/parse
internal/fmtsort
unicode/utf16
internal/filepathlite
cmd/internal/buildid
container/heap
crypto/sha1
crypto/cipher
crypto/internal/boring/sig
cmd/internal/pkgpath
cmd/internal/cov/covcmd
cmd/internal/robustio
cmd/internal/codesign
cmd/internal/macho
crypto/internal/fips140only
crypto/internal/fips140/sha512
crypto/fips140
crypto/internal/fips140/drbg
crypto/internal/fips140/check
crypto/internal/fips140/hmac
crypto/internal/sysrand
crypto/internal/fips140/aes
cmd/vendor/golang.org/x/mod/zip
crypto/internal/fips140/sha3
go/format
go/printer
go/version
crypto/internal/fips140/subtle
crypto/internal/fips140/alias
internal/diff
crypto/subtle
crypto/internal/constanttime
crypto/internal/fips140/aes/gcm
cmd/go/internal/mvs
crypto/internal/entropy/v1.0.0
internal/testlog
cmd/internal/hash
crypto/internal/fips140deps/time
text/tabwriter


Building Go toolchain2 using go_bootstrap and Go toolchain1.
internal/goarch
internal/unsafeheader
internal/byteorder
internal/cpu
internal/coverage/rtcov
internal/abi
internal/godebugs
internal/goexperiment
internal/goos
internal/profilerecord
internal/runtime/atomic
internal/runtime/syscall/linux
internal/bytealg
internal/chacha8rand
math/bits
internal/runtime/exithook
internal/runtime/gc
internal/runtime/sys
internal/strconv
internal/asan
internal/msan
internal/runtime/math
internal/runtime/pprof/label
internal/stringslite
internal/runtime/gc/scan
internal/trace/tracev2
internal/race
internal/runtime/maps
sync/atomic
internal/synctest
unicode
internal/runtime/cgroup
internal/sync
unicode/utf8
cmp
math
log/internal
crypto/internal/fips140/alias
crypto/internal/fips140deps/byteorder
crypto/internal/fips140deps/cpu
crypto/internal/constanttime
crypto/internal/fips140/subtle
runtime
crypto/subtle
crypto/internal/boring/sig
encoding
internal/gover
internal/coverage
unicode/utf16
internal/platform
internal/goversion
internal/syslist
iter
sync
runtime/metrics
internal/reflectlite
slices
maps
weak
sort
errors
internal/bisect
internal/testlog
unique
io
strconv
reflect
internal/oserror
bytes
strings
path
internal/godebug
syscall
bufio
hash
crypto
crypto/internal/fips140deps/godebug
crypto/internal/fips140
crypto/internal/impl
crypto/internal/fips140/sha3
crypto/internal/fips140/sha256
crypto/internal/fips140/sha512
encoding/base64
crypto/internal/fips140/hmac
go/build/constraint
crypto/internal/fips140/check
crypto/internal/fips140/aes
crypto/fips140
go/version
math/rand
time
internal/syscall/unix
internal/syscall/execenv
hash/adler32
internal/saferio
regexp/syntax
internal/types/errors
net/netip
regexp
internal/fmtsort
io/fs
internal/poll
context
internal/filepathlite
encoding/binary
crypto/internal/fips140deps/time
container/heap
crypto/internal/entropy/v1.0.0
hash/crc32
html
hash/fnv
os
crypto/sha3
crypto/internal/fips140hash
cmd/internal/sys
crypto/internal/sysrand
fmt
internal/lazyregexp
path/filepath
crypto/internal/fips140/drbg
crypto/internal/fips140only
crypto/internal/fips140/aes/gcm
os/exec
crypto/cipher
internal/goroot
crypto/internal/boring
log
cmd/internal/src
internal/buildcfg
crypto/sha256
cmd/internal/hash
cmd/internal/bio
flag
text/scanner
cmd/internal/dwarf
cmd/internal/goobj
cmd/vendor/golang.org/x/telemetry/internal/mmap
runtime/debug
cmd/internal/edit
cmd/internal/par
cmd/internal/objabi
cmd/internal/pkgpath
cmd/internal/quoted
cmd/vendor/golang.org/x/telemetry/internal/telemetry
debug/dwarf
compress/flate
cmd/vendor/golang.org/x/telemetry/internal/counter
cmd/internal/obj
compress/zlib
cmd/vendor/golang.org/x/telemetry/counter
internal/zstd
cmd/internal/telemetry/counter
go/token
debug/macho
debug/elf
debug/pe
go/internal/scannerhooks
go/scanner
go/doc/comment
go/ast
cmd/internal/obj/arm
cmd/internal/obj/arm64
cmd/internal/obj/loong64
cmd/internal/obj/mips
cmd/internal/obj/ppc64
cmd/internal/obj/riscv
cmd/internal/obj/s390x
cmd/internal/obj/wasm
cmd/internal/obj/x86
cmd/asm/internal/flags
cmd/asm/internal/lex
go/parser
text/tabwriter
internal/xcoff
go/printer
cmd/internal/cov/covcmd
encoding/json
math/big
go/format
cmd/cgo
cmd/asm/internal/arch
cmd/asm/internal/asm
cmd/asm
cmd/compile/internal/base
go/constant
net/url
cmd/compile/internal/logopt
cmd/compile/internal/types
cmd/compile/internal/bitvec
cmd/compile/internal/abt
encoding/hex
compress/gzip
cmd/compile/internal/syntax
internal/profile
go/doc
cmd/compile/internal/ir
cmd/compile/internal/typebits
cmd/internal/pgo
go/build
internal/pkgbits
cmd/internal/archive
cmd/compile/internal/types2
runtime/pprof
internal/exportdata
runtime/trace
cmd/internal/codesign
cmd/internal/gcprog
cmd/internal/macho
cmd/link/internal/benchmark
cmd/link/internal/sym
crypto/hmac
cmd/link/internal/loader
cmd/preprofile
cmd/compile/internal/objw
cmd/compile/internal/abi
cmd/compile/internal/typecheck
cmd/compile/internal/rttype
cmd/compile/internal/staticdata
cmd/compile/internal/deadlocals
cmd/link/internal/loadelf
cmd/link/internal/loadmacho
cmd/link/internal/loadpe
cmd/link/internal/loadxcoff
cmd/compile/internal/compare
cmd/compile/internal/pgoir
cmd/compile/internal/coverage
cmd/compile/internal/reflectdata
cmd/compile/internal/escape
cmd/compile/internal/inline/inlheur
cmd/compile/internal/ssa
cmd/compile/internal/bloop
cmd/compile/internal/inline
cmd/compile/internal/loopvar
cmd/compile/internal/importer
cmd/compile/internal/devirtualize
cmd/compile/internal/rangefunc
cmd/compile/internal/staticinit
cmd/compile/internal/inline/interleaved
cmd/compile/internal/slice
cmd/link/internal/ld
cmd/link/internal/amd64
cmd/link/internal/arm64
cmd/link/internal/arm
cmd/link/internal/loong64
cmd/link/internal/mips
cmd/link/internal/mips64
cmd/link/internal/ppc64
cmd/link/internal/riscv64
cmd/link/internal/s390x
cmd/link/internal/wasm
cmd/link/internal/x86
cmd/link
cmd/compile/internal/liveness
cmd/compile/internal/ssagen
cmd/compile/internal/arm
cmd/compile/internal/amd64
cmd/compile/internal/dwarfgen
cmd/compile/internal/arm64
cmd/compile/internal/walk
cmd/compile/internal/loong64
cmd/compile/internal/noder
cmd/compile/internal/mips
cmd/compile/internal/mips64
cmd/compile/internal/ppc64
cmd/compile/internal/riscv64
cmd/compile/internal/s390x
cmd/compile/internal/wasm
cmd/compile/internal/x86
cmd/compile/internal/pkginit
cmd/compile/internal/gc
cmd/compile

Building Go toolchain3 using go_bootstrap and Go toolchain2.
internal/unsafeheader
internal/goarch
internal/byteorder
internal/cpu
internal/coverage/rtcov
internal/godebugs
internal/abi
internal/goexperiment
internal/goos
internal/profilerecord
internal/runtime/atomic
internal/runtime/syscall/linux
internal/bytealg
internal/chacha8rand
math/bits
internal/runtime/exithook
internal/runtime/gc
internal/strconv
internal/runtime/sys
internal/asan
internal/msan
internal/runtime/math
internal/runtime/gc/scan
internal/runtime/pprof/label
internal/stringslite
internal/race
internal/runtime/maps
internal/trace/tracev2
sync/atomic
internal/synctest
internal/runtime/cgroup
unicode
unicode/utf8
internal/sync
cmp
math
log/internal
crypto/internal/fips140/alias
crypto/internal/fips140deps/byteorder
runtime
crypto/internal/fips140deps/cpu
crypto/internal/constanttime
crypto/internal/fips140/subtle
crypto/internal/boring/sig
encoding
crypto/subtle
internal/gover
unicode/utf16
internal/platform
internal/unsafeheader
internal/goarch
internal/cpu
internal/abi
internal/byteorder
internal/coverage/rtcov
internal/godebugs
internal/goexperiment
internal/bytealg
internal/chacha8rand
internal/goos
internal/profilerecord
internal/runtime/atomic
internal/runtime/syscall/linux
math/bits
internal/runtime/gc
internal/runtime/exithook
internal/runtime/sys
internal/asan
internal/strconv
internal/msan
internal/runtime/gc/scan
internal/race
internal/runtime/math
internal/runtime/maps
internal/runtime/pprof/label
internal/stringslite
internal/runtime/cgroup
internal/trace/tracev2
sync/atomic
internal/synctest
unicode
runtime
internal/sync
unicode/utf8
crypto/internal/fips140/alias
crypto/internal/fips140deps/byteorder
crypto/internal/fips140deps/cpu
crypto/internal/constanttime
cmp
crypto/internal/fips140/subtle
math
crypto/subtle
crypto/internal/boring/sig
internal/coverage
log/internal
encoding
internal/gover
unicode/utf16
internal/platform
internal/goversion
internal/syslist
iter
sync
internal/reflectlite
slices
maps
errors
sort
strconv
io
reflect
internal/oserror
bytes
strings
path
bufio
internal/bisect
internal/godebug
syscall
internal/testlog
hash
crypto
crypto/internal/fips140deps/godebug
crypto/internal/fips140
crypto/internal/impl
crypto/internal/fips140/sha256
crypto/internal/fips140/sha3
crypto/internal/fips140/sha512
time
internal/syscall/unix
internal/syscall/execenv
crypto/internal/fips140/hmac
internal/fmtsort
encoding/binary
crypto/internal/fips140/check
crypto/internal/fips140/aes
crypto/fips140
cmd/internal/sys
encoding/base64
go/build/constraint
go/version
io/fs
internal/poll
context
crypto/internal/fips140deps/time
crypto/internal/entropy/v1.0.0
internal/filepathlite
math/rand
hash/adler32
internal/saferio
regexp/syntax
internal/reflectlite
os
sync
errors
iter
regexp
strconv
io
internal/bisect
bytes
hash
internal/godebug
crypto
strings
internal/oserror
slices
fmt
path/filepath
crypto/internal/sysrand
crypto/internal/fips140/drbg
crypto/internal/fips140deps/godebug
crypto/internal/fips140/aes/gcm
crypto/internal/fips140only
os/exec
crypto/internal/fips140
crypto/internal/impl
crypto/cipher
crypto/internal/fips140/sha256
log
cmd/internal/src
internal/buildcfg
crypto/internal/boring
crypto/sha256
cmd/internal/bio
cmd/internal/hash
flag
text/scanner
cmd/vendor/golang.org/x/telemetry/internal/mmap
cmd/internal/dwarf
cmd/internal/goobj
runtime/debug
cmd/vendor/golang.org/x/telemetry/internal/telemetry
cmd/internal/objabi
cmd/internal/edit
cmd/vendor/golang.org/x/telemetry/internal/counter
cmd/internal/par
cmd/internal/pkgpath
cmd/internal/quoted
debug/dwarf
compress/flate
cmd/internal/obj
cmd/vendor/golang.org/x/telemetry/counter
cmd/internal/telemetry/counter
compress/zlib
internal/zstd
go/token
go/internal/scannerhooks
go/doc/comment
go/scanner
debug/elf
debug/macho
debug/pe
go/ast
cmd/internal/obj/arm
cmd/internal/obj/arm64
cmd/internal/obj/loong64
cmd/internal/obj/mips
cmd/internal/obj/ppc64
cmd/internal/obj/riscv
cmd/internal/obj/s390x
cmd/internal/obj/wasm
cmd/internal/obj/x86
cmd/asm/internal/flags
cmd/asm/internal/lex
go/parser
text/tabwriter
go/printer
internal/xcoff
crypto/internal/fips140/sha3
crypto/internal/fips140/sha512
syscall
crypto/internal/fips140/hmac
crypto/internal/fips140/check
cmd/asm/internal/arch
go/format
crypto/internal/fips140/aes
cmd/cgo
path
cmd/asm/internal/asm
internal/testlog
crypto/fips140
reflect
cmd/asm
time
internal/syscall/unix
internal/syscall/execenv
bufio
sort
crypto/internal/fips140deps/time
crypto/internal/entropy/v1.0.0
io/fs
internal/poll
context
internal/filepathlite
encoding/base64
internal/fmtsort
encoding/binary
go/version
os
math/rand
internal/types/errors
runtime/metrics
regexp/syntax
weak
unique
cmd/internal/sys
net/netip
container/heap
regexp
hash/crc32
html
maps
go/build/constraint
crypto/internal/sysrand
fmt
path/filepath
crypto/internal/fips140/drbg
crypto/internal/fips140/aes/gcm
crypto/internal/fips140only
os/exec
internal/lazyregexp
crypto/cipher
internal/saferio
hash/fnv
cmd/internal/codesign
crypto/internal/boring
internal/goroot
cmd/internal/gcprog
cmd/internal/macho
hash/crc32
crypto/sha256
cmd/link/internal/sym
log
cmd/internal/cov/covcmd
cmd/internal/src
internal/buildcfg
cmd/internal/hash
flag
cmd/internal/bio
cmd/vendor/golang.org/x/telemetry/internal/mmap
cmd/internal/dwarf
cmd/internal/goobj
runtime/debug
cmd/internal/objabi
encoding/json
cmd/vendor/golang.org/x/telemetry/internal/telemetry
go/token
cmd/internal/obj
cmd/vendor/golang.org/x/telemetry/internal/counter
math/big
cmd/vendor/golang.org/x/telemetry/counter
cmd/internal/telemetry/counter
net/url
cmd/compile/internal/abt
encoding/hex
compress/flate
go/internal/scannerhooks
go/scanner
go/constant
go/ast
cmd/compile/internal/base
cmd/compile/internal/logopt
cmd/internal/obj/arm
cmd/internal/obj/arm64
cmd/compile/internal/types
cmd/compile/internal/bitvec
cmd/internal/obj/loong64
cmd/internal/obj/mips
cmd/compile/internal/ir
cmd/compile/internal/typebits
cmd/internal/obj/ppc64
cmd/internal/obj/riscv
cmd/internal/obj/s390x
cmd/internal/obj/wasm
cmd/internal/obj/x86
compress/gzip
internal/profile
cmd/internal/pgo
cmd/compile/internal/objw
cmd/compile/internal/abi
cmd/compile/internal/typecheck
cmd/compile/internal/deadlocals
cmd/compile/internal/rttype
cmd/compile/internal/staticdata
cmd/compile/internal/syntax
go/doc/comment
go/parser
go/doc
internal/pkgbits
cmd/compile/internal/compare
cmd/compile/internal/reflectdata
cmd/compile/internal/pgoir
cmd/compile/internal/coverage
cmd/compile/internal/escape
cmd/compile/internal/inline/inlheur
cmd/compile/internal/loopvar
cmd/compile/internal/ssa
cmd/compile/internal/bloop
cmd/compile/internal/inline
cmd/compile/internal/types2
go/build
cmd/compile/internal/devirtualize
cmd/compile/internal/inline/interleaved
cmd/compile/internal/staticinit
internal/exportdata
cmd/compile/internal/slice
cmd/internal/archive
text/tabwriter
runtime/pprof
runtime/trace
compress/gzip
runtime/pprof
cmd/link/internal/loader
cmd/link/internal/benchmark
crypto/sha3
crypto/internal/fips140hash
crypto/hmac
encoding/hex
encoding/json
cmd/link/internal/loadelf
cmd/link/internal/loadmacho
cmd/link/internal/loadpe
cmd/link/internal/loadxcoff
internal/profile
cmd/link/internal/ld
cmd/compile/internal/importer
cmd/compile/internal/rangefunc
cmd/internal/pgo
cmd/preprofile
cmd/link/internal/amd64
cmd/link/internal/arm
cmd/link/internal/arm64
cmd/link/internal/loong64
cmd/link/internal/mips
cmd/link/internal/mips64
cmd/link/internal/ppc64
cmd/link/internal/riscv64
cmd/link/internal/s390x
cmd/link/internal/wasm
cmd/link/internal/x86
cmd/link
cmd/compile/internal/liveness
cmd/compile/internal/ssagen
cmd/compile/internal/arm
cmd/compile/internal/arm64
cmd/compile/internal/dwarfgen
cmd/compile/internal/amd64
cmd/compile/internal/walk
cmd/compile/internal/loong64
cmd/compile/internal/noder
cmd/compile/internal/mips
cmd/compile/internal/mips64
cmd/compile/internal/ppc64
cmd/compile/internal/riscv64
cmd/compile/internal/s390x
cmd/compile/internal/wasm
cmd/compile/internal/x86
cmd/compile/internal/pkginit
cmd/compile/internal/gc
cmd/compile

Building packages and commands for linux/amd64.
internal/goarch
internal/unsafeheader
internal/byteorder
internal/cpu
internal/abi
internal/coverage/rtcov
internal/godebugs
internal/goexperiment
internal/goos
internal/profilerecord
internal/runtime/atomic
internal/runtime/syscall/linux
internal/bytealg
internal/chacha8rand
math/bits
internal/runtime/exithook
internal/runtime/gc
internal/strconv
internal/runtime/sys
internal/asan
internal/msan
internal/race
internal/runtime/math
internal/runtime/gc/scan
internal/runtime/pprof/label
internal/runtime/maps
internal/stringslite
internal/trace/tracev2
internal/runtime/cgroup
sync/atomic
internal/synctest
unicode
unicode/utf8
internal/sync
cmp
math
container/list
container/ring
crypto/internal/fips140/alias
runtime
crypto/internal/fips140deps/byteorder
crypto/internal/fips140deps/cpu
crypto/internal/constanttime
crypto/internal/boring/sig
crypto/internal/fips140/subtle
unicode/utf16
crypto/subtle
vendor/golang.org/x/crypto/cryptobyte/asn1
vendor/golang.org/x/crypto/internal/alias
crypto/internal/boring/bcache
encoding
internal/cfg
internal/platform
crypto/internal/fips140deps
internal/nettrace
log/internal
internal/goversion
internal/syslist
internal/gover
image/color
internal/coverage
internal/coverage/calloc
internal/coverage/uleb128
internal/runtime/startlinetest
image/color/palette
internal/trace/traceviewer/format
log/slog/internal
math/cmplx
reflect/internal/example1
reflect/internal/example2
runtime/race/internal/amd64v1
structs
runtime/race
iter
internal/reflectlite
sync
weak
runtime/metrics
slices
maps
sort
errors
internal/bisect
internal/testlog
io
strconv
internal/oserror
path
bytes
internal/godebug
reflect
syscall
strings
time
internal/syscall/unix
internal/syscall/execenv
bufio
io/fs
internal/poll
internal/fmtsort
internal/filepathlite
runtime/cgo
encoding/binary
hash
hash/crc32
compress/bzip2
os
hash/adler32
container/heap
context
crypto
crypto/internal/fips140deps/godebug
crypto/internal/impl
crypto/internal/fips140
crypto/internal/fips140deps/time
crypto/internal/fips140/sha256
crypto/internal/fips140/sha3
crypto/internal/fips140/sha512
crypto/internal/entropy/v1.0.0
math/rand/v2
math/rand
crypto/internal/fips140/hmac
crypto/internal/fips140/check
crypto/internal/fips140/aes
crypto/fips140
crypto/internal/randutil
crypto/internal/fips140/nistec/fiat
crypto/internal/fips140/edwards25519/field
crypto/internal/fips140/bigmod
crypto/internal/fips140cache
crypto/sha3
crypto/internal/fips140hash
internal/saferio
fmt
path/filepath
crypto/internal/sysrand
crypto/internal/fips140/drbg
crypto/internal/fips140/edwards25519
crypto/internal/fips140/aes/gcm
crypto/internal/fips140only
crypto/internal/fips140/ed25519
crypto/internal/fips140/nistec
crypto/cipher
compress/flate
compress/lzw
crypto/internal/boring
crypto/aes
crypto/des
archive/zip
compress/gzip
os/user
compress/zlib
crypto/internal/rand
math/big
archive/tar
crypto/sha512
crypto/internal/fips140/ecdh
crypto/internal/fips140/ecdsa
crypto/ecdh
crypto/internal/fips140/hkdf
crypto/hmac
crypto/hkdf
crypto/internal/fips140/mlkem
crypto/sha256
vendor/golang.org/x/crypto/chacha20
crypto/mlkem
vendor/golang.org/x/crypto/internal/poly1305
vendor/golang.org/x/sys/cpu
encoding/base64
vendor/golang.org/x/crypto/chacha20poly1305
encoding/json
flag
crypto/dsa
crypto/elliptic
crypto/internal/boring/bbig
encoding/asn1
crypto/rand
crypto/hpke
crypto/ed25519
os/exec
internal/sysinfo
runtime/debug
vendor/golang.org/x/crypto/cryptobyte
runtime/trace
crypto/internal/entropy
crypto/internal/fips140/check/checktest
testing
crypto/internal/fips140/mldsa
crypto/internal/fips140/pbkdf2
crypto/ecdsa
crypto/internal/fips140/rsa
crypto/internal/fips140/ssh
crypto/internal/fips140/tls12
crypto/internal/fips140/tls13
crypto/md5
crypto/mlkem/mlkemtest
crypto/pbkdf2
crypto/rc4
crypto/rsa
crypto/sha1
crypto/internal/sysrand/internal/seccomp
internal/testenv
internal/testhash
crypto/tls/internal/fips140tls
encoding/hex
encoding/pem
vendor/golang.org/x/net/dns/dnsmessage
crypto/x509/pkix
internal/singleflight
unique
database/sql/driver
crypto/internal/cryptotest
database/sql
net/netip
debug/dwarf
internal/zstd
debug/plan9obj
debug/gosym
net/url
embed
encoding/ascii85
encoding/base32
encoding/csv
debug/elf
debug/macho
debug/pe
internal/xcoff
encoding/gob
encoding/xml
net
debug/buildinfo
log
vendor/golang.org/x/text/transform
vendor/golang.org/x/text/unicode/bidi
vendor/golang.org/x/text/secure/bidirule
vendor/golang.org/x/text/unicode/norm
vendor/golang.org/x/net/http2/hpack
mime
mime/quotedprintable
net/http/internal
net/http/internal/ascii
go/token
go/build/constraint
go/internal/scannerhooks
go/scanner
vendor/golang.org/x/net/idna
go/doc/comment
go/ast
regexp/syntax
internal/buildcfg
internal/goroot
go/constant
crypto/x509
net/textproto
vendor/golang.org/x/net/http/httpproxy
regexp
go/parser
vendor/golang.org/x/net/http/httpguts
mime/multipart
internal/lazyregexp
text/tabwriter
go/doc
go/printer
go/version
internal/types/errors
go/types
crypto/tls
go/build
go/format
text/scanner
internal/pkgbits
hash/crc64
hash/fnv
internal/exportdata
hash/maphash
html
text/template/parse
image
image/internal/imageutil
image/draw
text/template
image/gif
image/jpeg
image/png
index/suffixarray
html/template
internal/cgrouptest
internal/coverage/cmerge
internal/coverage/cformat
internal/coverage/slicereader
internal/coverage/stringtab
net/http/httptrace
internal/coverage/decodecounter
internal/coverage/decodemeta
internal/coverage/slicewriter
net/http/internal/httpcommon
internal/coverage/encodecounter
internal/coverage/encodemeta
internal/coverage/pods
internal/dag
internal/coverage/cfile
net/http
internal/diff
internal/fuzz
internal/lazytemplate
internal/obscuretestdata
go/internal/gccgoimporter
go/internal/gcimporter
go/internal/srcimporter
internal/profile
go/importer
internal/runtime/gc/internal/gen
internal/runtime/cgobench
internal/trace/version
internal/txtar
internal/trace/internal/tracev1
internal/trace/raw
io/ioutil
log/slog/internal/buffer
log/slog
internal/trace
internal/testpty
log/syslog
math/big/internal/asmgen
log/slog/internal/benchmarks
net/http/internal/testcert
runtime/pprof
net/internal/socktest
net/mail
net/smtp
os/exec/internal/fdtest
os/signal
internal/trace/internal/testgen
internal/trace/testtrace
runtime/coverage
testing/cryptotest
testing/iotest
testing/internal/testdeps
testing/fstest
testing/quick
plugin
testing/slogtest
testing/synctest
time/tzdata
vendor/golang.org/x/net/nettest
expvar
net/http/cgi
net/http/cookiejar
internal/trace/traceviewer
net/http/httptest
net/http/fcgi
net/http/httputil
net/http/pprof
net/rpc
net/rpc/jsonrpc
internal/cfg
container/list
vendor/golang.org/x/crypto/cryptobyte/asn1
cmd/go/internal/str
cmd/internal/pathcache
os/signal
cmd/go/internal/cacheprog
cmd/go/internal/fsys
cmd/go/internal/lockedfile/internal/filelock
cmd/go/internal/lockedfile
cmd/go/internal/mmap
archive/zip
cmd/vendor/golang.org/x/mod/internal/lazyregexp
cmd/vendor/golang.org/x/mod/semver
math/rand/v2
cmd/vendor/golang.org/x/mod/module
cmd/go/internal/cfg
crypto/internal/randutil
crypto/internal/rand
cmd/vendor/golang.org/x/mod/modfile
crypto/rand
crypto/aes
cmd/go/internal/base
crypto/des
crypto/internal/fips140/nistec/fiat
crypto/internal/fips140/edwards25519/field
crypto/internal/boring/bbig
crypto/internal/fips140/bigmod
cmd/go/internal/cache
cmd/go/internal/gover
crypto/internal/fips140cache
crypto/sha512
encoding/asn1
crypto/internal/fips140/edwards25519
crypto/internal/fips140/ed25519
crypto/internal/fips140/hkdf
crypto/internal/fips140/nistec
crypto/ed25519
crypto/hkdf
vendor/golang.org/x/crypto/cryptobyte
crypto/internal/fips140/mlkem
crypto/mlkem
vendor/golang.org/x/crypto/internal/alias
vendor/golang.org/x/crypto/internal/poly1305
vendor/golang.org/x/sys/cpu
vendor/golang.org/x/crypto/chacha20
crypto/internal/fips140/tls12
crypto/internal/fips140/tls13
vendor/golang.org/x/crypto/chacha20poly1305
crypto/md5
crypto/rc4
crypto/internal/fips140/rsa
crypto/sha1
crypto/tls/internal/fips140tls
crypto/dsa
crypto/x509/pkix
encoding/pem
crypto/internal/fips140/ecdh
crypto/elliptic
crypto/internal/fips140/ecdsa
crypto/rsa
crypto/ecdh
vendor/golang.org/x/net/dns/dnsmessage
crypto/ecdsa
crypto/hpke
internal/nettrace
internal/singleflight
vendor/golang.org/x/text/transform
vendor/golang.org/x/text/unicode/bidi
vendor/golang.org/x/text/unicode/norm
net
vendor/golang.org/x/text/secure/bidirule
vendor/golang.org/x/net/http2/hpack
mime
mime/quotedprintable
net/http/internal
vendor/golang.org/x/net/idna
net/http/internal/ascii
cmd/internal/browser
encoding/xml
internal/trace/traceviewer/format
cmd/go/internal/trace
cmd/internal/pkgpattern
cmd/go/internal/search
cmd/internal/robustio
cmd/vendor/golang.org/x/mod/sumdb/note
cmd/vendor/golang.org/x/mod/sumdb/tlog
cmd/vendor/golang.org/x/mod/sumdb/dirhash
cmd/vendor/golang.org/x/mod/zip
cmd/go/internal/imports
cmd/go/internal/mvs
cmd/go/internal/modindex
internal/diff
text/template/parse
cmd/internal/buildid
cmd/vendor/golang.org/x/sync/errgroup
cmd/vendor/golang.org/x/telemetry/internal/crashmonitor
cmd/vendor/golang.org/x/telemetry/internal/config
cmd/vendor/golang.org/x/telemetry/internal/configstore
text/template
cmd/vendor/golang.org/x/sync/semaphore
cmd/vendor/golang.org/x/sys/unix
crypto/x509
net/textproto
vendor/golang.org/x/net/http/httpguts
vendor/golang.org/x/net/http/httpproxy
mime/multipart
cmd/go/internal/doc
internal/lazytemplate
cmd/go/internal/help
cmd/go/internal/cmdflag
cmd/internal/test2json
debug/plan9obj
cmd/gofmt
debug/buildinfo
cmd/go/internal/version
crypto/tls
cmd/vendor/golang.org/x/tools/cover
html/template
internal/coverage/slicereader
internal/coverage/uleb128
internal/coverage/stringtab
internal/coverage/encodemeta
internal/coverage/slicewriter
go/types
cmd/vendor/golang.org/x/tools/internal/packagepath
cmd/vendor/golang.org/x/tools/internal/stdlib
cmd/cover
cmd/vendor/golang.org/x/tools/go/ast/edge
cmd/vendor/golang.org/x/tools/go/ast/inspector
hash/maphash
embed
cmd/vendor/golang.org/x/tools/internal/moreiters
encoding/gob
cmd/vendor/golang.org/x/tools/go/ast/astutil
cmd/vendor/golang.org/x/tools/internal/astutil/free
net/http/httptrace
net/http/internal/httpcommon
cmd/vendor/golang.org/x/tools/internal/diff/lcs
net/http
cmd/vendor/golang.org/x/tools/internal/diff
cmd/vendor/golang.org/x/tools/internal/cfginternal
cmd/vendor/golang.org/x/tools/go/cfg
cmd/vendor/golang.org/x/tools/internal/fmtstr
cmd/vendor/golang.org/x/tools/go/analysis
cmd/vendor/golang.org/x/tools/internal/versions
cmd/vendor/golang.org/x/tools/internal/aliases
go/internal/gccgoimporter
cmd/vendor/golang.org/x/tools/internal/typeparams
cmd/vendor/golang.org/x/tools/internal/analysis/analyzerutil
cmd/vendor/golang.org/x/tools/go/analysis/passes/buildtag
cmd/vendor/golang.org/x/tools/go/analysis/passes/inspect
cmd/vendor/golang.org/x/tools/go/types/typeutil
cmd/vendor/golang.org/x/tools/internal/astutil
cmd/vendor/golang.org/x/tools/internal/goplsexport
cmd/vendor/golang.org/x/tools/internal/typesinternal
go/internal/gcimporter
cmd/vendor/golang.org/x/tools/go/analysis/passes/internal/gofixdirective
cmd/vendor/golang.org/x/tools/internal/typesinternal/typeindex
go/internal/srcimporter
cmd/vendor/golang.org/x/tools/go/analysis/internal/analysisflags
cmd/vendor/golang.org/x/tools/internal/analysis/typeindex
cmd/vendor/golang.org/x/tools/internal/refactor
go/importer
cmd/vendor/golang.org/x/tools/go/analysis/passes/hostport
cmd/vendor/golang.org/x/tools/internal/analysis/driverutil
cmd/vendor/golang.org/x/tools/go/types/objectpath
cmd/vendor/golang.org/x/tools/go/analysis/passes/appends
cmd/vendor/golang.org/x/tools/internal/refactor/inline
cmd/vendor/golang.org/x/tools/go/analysis/passes/modernize
cmd/vendor/golang.org/x/tools/internal/facts
cmd/vendor/golang.org/x/tools/go/analysis/unitchecker
cmd/vendor/golang.org/x/tools/go/analysis/passes/asmdecl
cmd/vendor/golang.org/x/tools/go/analysis/passes/assign
cmd/vendor/golang.org/x/tools/go/analysis/passes/inline
cmd/vendor/golang.org/x/tools/go/analysis/passes/atomic
cmd/vendor/golang.org/x/tools/go/analysis/passes/bools
cmd/vendor/golang.org/x/tools/go/analysis/passes/cgocall
cmd/fix
cmd/vendor/golang.org/x/tools/go/analysis/passes/composite
cmd/vendor/golang.org/x/tools/go/analysis/passes/copylock
cmd/vendor/golang.org/x/tools/go/analysis/passes/defers
cmd/vendor/golang.org/x/tools/go/analysis/passes/directive
cmd/vendor/golang.org/x/tools/go/analysis/passes/errorsas
cmd/vendor/golang.org/x/tools/go/analysis/passes/framepointer
cmd/vendor/golang.org/x/tools/go/analysis/passes/httpresponse
cmd/vendor/golang.org/x/tools/go/analysis/passes/ifaceassert
cmd/go/internal/web/intercept
cmd/vendor/golang.org/x/mod/sumdb
cmd/vendor/golang.org/x/telemetry/internal/upload
cmd/go/internal/auth
cmd/vendor/golang.org/x/telemetry
cmd/internal/telemetry
cmd/go/internal/telemetrycmd
cmd/vendor/golang.org/x/tools/go/analysis/passes/loopclosure
cmd/go/internal/web
cmd/vendor/golang.org/x/tools/go/analysis/passes/internal/ctrlflowinternal
cmd/vendor/golang.org/x/tools/go/analysis/passes/ctrlflow
cmd/vendor/golang.org/x/tools/go/analysis/passes/nilfunc
cmd/vendor/golang.org/x/tools/go/analysis/passes/lostcancel
cmd/vendor/golang.org/x/tools/refactor/satisfy
cmd/go/internal/modfetch/codehost
cmd/go/internal/vcs
cmd/vendor/golang.org/x/tools/go/analysis/passes/printf
cmd/vendor/golang.org/x/tools/go/analysis/passes/shift
cmd/vendor/golang.org/x/tools/go/analysis/passes/sigchanyzer
cmd/vendor/golang.org/x/tools/go/analysis/passes/slog
cmd/vendor/golang.org/x/tools/go/analysis/passes/stdmethods
cmd/vendor/golang.org/x/tools/go/analysis/passes/stdversion
cmd/vendor/golang.org/x/tools/go/analysis/passes/stringintconv
cmd/vendor/golang.org/x/tools/go/analysis/passes/structtag
cmd/vendor/golang.org/x/tools/go/analysis/passes/testinggoroutine
cmd/vendor/golang.org/x/tools/go/analysis/passes/tests
cmd/go/internal/modfetch
cmd/go/internal/modinfo
cmd/vendor/golang.org/x/tools/go/analysis/passes/timeformat
cmd/vendor/golang.org/x/tools/go/analysis/passes/unmarshal
cmd/vendor/golang.org/x/tools/go/analysis/passes/unreachable
cmd/vendor/golang.org/x/tools/go/analysis/passes/unsafeptr
cmd/vendor/golang.org/x/tools/go/analysis/passes/unusedresult
cmd/vendor/golang.org/x/tools/go/analysis/passes/waitgroup
cmd/vet
cmd/go/internal/fips140
cmd/go/internal/modload
cmd/go/internal/telemetrystats
cmd/go/internal/load
cmd/go/internal/fmtcmd
cmd/go/internal/work
cmd/go/internal/clean
cmd/go/internal/generate
cmd/go/internal/envcmd
cmd/go/internal/list
cmd/go/internal/run
cmd/go/internal/test
cmd/go/internal/bug
cmd/go/internal/tool
cmd/go/internal/toolchain
cmd/go/internal/vet
cmd/go/internal/modcmd
cmd/go/internal/modget
cmd/go/internal/workcmd
cmd/go
touch /mnt/build_wrt/build_dir/hostpkg/go-1.26.5/.built
rm -rf "/mnt/build_wrt/staging_dir/hostpkg/lib/go-1.26/openwrt"
rm -f "/mnt/build_wrt/staging_dir/hostpkg/bin/go1.26"
rm -f "/mnt/build_wrt/staging_dir/hostpkg/bin/gofmt1.26"
rm -rf "/mnt/build_wrt/staging_dir/hostpkg/lib/go-1.26"
install -d -m0755 "/mnt/build_wrt/staging_dir/hostpkg/lib/go-1.26"
cp -fpR "/mnt/build_wrt/build_dir/hostpkg/go-1.26.5/api" "/mnt/build_wrt/staging_dir/hostpkg/lib/go-1.26/"
install -m0644 -p "/mnt/build_wrt/build_dir/hostpkg/go-1.26.5/go.env" "/mnt/build_wrt/staging_dir/hostpkg/lib/go-1.26/"
install -m0644 -p "/mnt/build_wrt/build_dir/hostpkg/go-1.26.5/VERSION" "/mnt/build_wrt/staging_dir/hostpkg/lib/go-1.26/"
for file in CONTRIBUTING.md LICENSE PATENTS README.md SECURITY.md; do if [ -f "/mnt/build_wrt/build_dir/hostpkg/go-1.26.5/$file" ]; then install -m0644 -p "/mnt/build_wrt/build_dir/hostpkg/go-1.26.5/$file" "/mnt/build_wrt/staging_dir/hostpkg/lib/go-1.26/" ; fi ; done
install -d -m0755 "/mnt/build_wrt/staging_dir/hostpkg/lib/go-1.26/bin"
install -m0755 -p "/mnt/build_wrt/build_dir/hostpkg/go-1.26.5/bin"/* "/mnt/build_wrt/staging_dir/hostpkg/lib/go-1.26/bin/"
if [ -d "/mnt/build_wrt/build_dir/hostpkg/go-1.26.5/pkg/linux_amd64" ]; then install -d -m0755 "/mnt/build_wrt/staging_dir/hostpkg/lib/go-1.26/pkg" ; cp -fpR "/mnt/build_wrt/build_dir/hostpkg/go-1.26.5/pkg/linux_amd64" "/mnt/build_wrt/staging_dir/hostpkg/lib/go-1.26/pkg/" ; fi
install -d -m0755 "/mnt/build_wrt/staging_dir/hostpkg/lib/go-1.26/pkg/tool/linux_amd64"
install -m0755 -p "/mnt/build_wrt/build_dir/hostpkg/go-1.26.5/pkg/tool/linux_amd64"/* "/mnt/build_wrt/staging_dir/hostpkg/lib/go-1.26/pkg/tool/linux_amd64/"
install -d -m0755 "/mnt/build_wrt/staging_dir/hostpkg/lib/go-1.26"
install -d -m0755 "/mnt/build_wrt/staging_dir/hostpkg/lib/go-1.26/src"; cd "/mnt/build_wrt/build_dir/hostpkg/go-1.26.5/src" && find . ! -type d -a \( ! -name '*.bat' -a ! -name '*.rc' \) -print0 | cpio --make-directories --null --pass-through --unconditional "/mnt/build_wrt/staging_dir/hostpkg/lib/go-1.26/src/"
248983 blocks
if [ -d "/mnt/build_wrt/build_dir/hostpkg/go-1.26.5/pkg/include" ]; then install -d -m0755 "/mnt/build_wrt/staging_dir/hostpkg/lib/go-1.26/pkg" ; cp -fpR "/mnt/build_wrt/build_dir/hostpkg/go-1.26.5/pkg/include" "/mnt/build_wrt/staging_dir/hostpkg/lib/go-1.26/pkg/" ; fi
install -d -m0755 "/mnt/build_wrt/staging_dir/hostpkg/bin"
ln -sf "../lib/go-1.26/bin/go" "/mnt/build_wrt/staging_dir/hostpkg/bin/go1.26"
ln -sf "../lib/go-1.26/bin/gofmt" "/mnt/build_wrt/staging_dir/hostpkg/bin/gofmt1.26"
rm -rf "/mnt/build_wrt/staging_dir/hostpkg/lib/go-1.26/pkg/linux/amd64"
install -d -m0755 "/mnt/build_wrt/staging_dir/hostpkg/lib/go-1.26/openwrt"
install -m0755 ../go-gcc-helper "/mnt/build_wrt/staging_dir/hostpkg/lib/go-1.26/openwrt"
ln -sf go-gcc-helper "/mnt/build_wrt/staging_dir/hostpkg/lib/go-1.26/openwrt/gcc"
ln -sf go-gcc-helper "/mnt/build_wrt/staging_dir/hostpkg/lib/go-1.26/openwrt/g++"
mkdir -p /mnt/build_wrt/staging_dir/hostpkg/stamp
touch /mnt/build_wrt/build_dir/hostpkg/go-1.26.5/.built
touch /mnt/build_wrt/staging_dir/hostpkg/stamp/.golang1.26_installed 
make[2]: Leaving directory '/mnt/build_wrt/feeds/packages/lang/golang/golang1.26'
time: package/feeds/packages/golang1.26/host-compile#454.79#30.94#144.95
make[2]: Entering directory '/mnt/build_wrt/feeds/packages/lang/golang/golang'
[ ! -d ./src/ ] || cp -fpR ./src/* /mnt/build_wrt/build_dir/hostpkg/golang-1.26
touch /mnt/build_wrt/build_dir/hostpkg/golang-1.26/.prepared038167cca244d8fb424d9c4006a7e5d6_6664517399ebbbc92a37c5bb081b5c53
(cd /mnt/build_wrt/build_dir/hostpkg/golang-1.26/; if [ -x configure ]; then cp -fpR /mnt/build_wrt/scripts/config.{guess,sub} /mnt/build_wrt/build_dir/hostpkg/golang-1.26// && CC="ccache /mnt/build_wrt/staging_dir/host/bin/gcc" CFLAGS="-O2 -I/mnt/build_wrt/staging_dir/host/include -I/mnt/build_wrt/staging_dir/hostpkg/include -I/mnt/build_wrt/staging_dir/target-aarch64_cortex-a53_musl/host/include" CXX="ccache /mnt/build_wrt/staging_dir/host/bin/g++" CPPFLAGS="-I/mnt/build_wrt/staging_dir/host/include -I/mnt/build_wrt/staging_dir/hostpkg/include -I/mnt/build_wrt/staging_dir/target-aarch64_cortex-a53_musl/host/include" CXXFLAGS="-O2 -I/mnt/build_wrt/staging_dir/host/include -I/mnt/build_wrt/staging_dir/hostpkg/include -I/mnt/build_wrt/staging_dir/target-aarch64_cortex-a53_musl/host/include" LDFLAGS="-L/mnt/build_wrt/staging_dir/host/lib -L/mnt/build_wrt/staging_dir/hostpkg/lib -L/mnt/build_wrt/staging_dir/target-aarch64_cortex-a53_musl/host/lib" CONFIG_SHELL="/usr/bin/env bash"  bash ./configure --target=x86_64-pc-linux-gnu --host=x86_64-pc-linux-gnu --build=x86_64-pc-linux-gnu --disable-dependency-tracking --program-prefix="" --program-suffix="" --prefix=/mnt/build_wrt/staging_dir/hostpkg --exec-prefix=/mnt/build_wrt/staging_dir/hostpkg --sysconfdir=/mnt/build_wrt/staging_dir/hostpkg/etc --localstatedir=/mnt/build_wrt/staging_dir/hostpkg/var --sbindir=/mnt/build_wrt/staging_dir/hostpkg/bin ; fi )
touch /mnt/build_wrt/build_dir/hostpkg/golang-1.26/.configured
touch /mnt/build_wrt/build_dir/hostpkg/golang-1.26/.built
mkdir -p /mnt/build_wrt/staging_dir/hostpkg/stamp
touch /mnt/build_wrt/build_dir/hostpkg/golang-1.26/.built
touch /mnt/build_wrt/staging_dir/hostpkg/stamp/.golang_installed 
make[2]: Leaving directory '/mnt/build_wrt/feeds/packages/lang/golang/golang'
time: package/feeds/packages/golang/host-compile#0.08#0.08#0.15
+ mkdir -p /mnt/build_wrt/staging_dir/target-aarch64_cortex-a53_musl
+ cd /mnt/build_wrt/staging_dir/target-aarch64_cortex-a53_musl
+ mkdir -p bin lib stamp usr/include usr/lib
mkdir -p /mnt/build_wrt/build_dir/target-aarch64_cortex-a53_musl/stamp
touch /mnt/build_wrt/staging_dir/target-aarch64_cortex-a53_musl/.prepared
make[2]: Entering directory '/mnt/build_wrt/package/utils/lua'
mkdir -p /mnt/build_wrt/dl
SHELL= flock /mnt/build_wrt/tmp/.lua-5.1.5.tar.gz.flock -c '  	/mnt/build_wrt/scripts/download.pl "/mnt/build_wrt/dl" "lua-5.1.5.tar.gz" "2640fc56a795f29d28ef15e13c34a47e223960b0240e8cb0a82d9b0738695333" "" "https://www.lua.org/ftp/" "https://www.tecgraf.puc-rio.br/lua/ftp/"    '
+ curl -f --connect-timeout 5 --retry 3 --location https://www.lua.org/ftp/lua-5.1.5.tar.gz
  % Total    % Received % Xferd  Average Speed   Time    Time     Time  Current
                                 Dload  Upload   Total   Spent    Left  Speed
  0     0    0     0    0     0      0      0 --:--:-- --:--:-- --:--:--     0100  216k  100  216k    0     0   231k      0 --:--:-- --:--:-- --:--:--  231k
. /mnt/build_wrt/include/shell.sh; /mnt/build_wrt/staging_dir/host/bin/libdeflate-gzip -dc /mnt/build_wrt/dl/lua-5.1.5.tar.gz | tar -C /mnt/build_wrt/build_dir/hostpkg/lua-5.1.5/.. -xf -
[ ! -d ./src/ ] || cp -fpR ./src/* /mnt/build_wrt/build_dir/hostpkg/lua-5.1.5

Applying ./patches-host/001-include-version-number.patch using plaintext: 
patching file Makefile
patching file doc/lua5.1.1 (renamed from doc/lua.1)
patching file doc/luac5.1.1 (renamed from doc/luac.1)
patching file src/Makefile

Applying ./patches-host/010-lua-5.1.3-lnum-full-260308.patch using plaintext: 
patching file Makefile
patching file src/Makefile
patching file src/lapi.c
patching file src/lapi.h
patching file src/lauxlib.c
patching file src/lauxlib.h
patching file src/lbaselib.c
patching file src/lcode.c
patching file src/lcode.h
patching file src/ldebug.c
patching file src/ldo.c
patching file src/ldump.c
patching file src/liolib.c
patching file src/llex.c
patching file src/llex.h
patching file src/llimits.h
patching file src/lmathlib.c
patching file src/lnum.c
patching file src/lnum.h
patching file src/lnum_config.h
patching file src/lobject.c
patching file src/lobject.h
patching file src/loslib.c
patching file src/lparser.c
patching file src/lparser.h
patching file src/lstrlib.c
patching file src/ltable.c
patching file src/ltable.h
patching file src/ltm.c
patching file src/lua.c
patching file src/lua.h
patching file src/luaconf.h
patching file src/lundump.c
patching file src/lvm.c
patching file src/lvm.h
patching file src/print.c

Applying ./patches-host/011-lnum-use-double.patch using plaintext: 
patching file src/lnum_config.h

Applying ./patches-host/012-lnum-fix-ltle-relational-operators.patch using plaintext: 
patching file src/lvm.c

Applying ./patches-host/013-lnum-strtoul-parsing-fixes.patch using plaintext: 
patching file src/lnum.c
patching file src/lnum_config.h

Applying ./patches-host/015-lnum-ppc-compat.patch using plaintext: 
patching file src/lua.h

Applying ./patches-host/030-archindependent-bytecode.patch using plaintext: 
patching file src/ldump.c
patching file src/lundump.c

Applying ./patches-host/100-no_readline.patch using plaintext: 
patching file src/luaconf.h
patching file src/Makefile

Applying ./patches-host/400-CVE-2014-5461.patch using plaintext: 
patching file src/ldo.c
touch /mnt/build_wrt/build_dir/hostpkg/lua-5.1.5/.prepared33a5db811d96be5461d01e4190060e10_6664517399ebbbc92a37c5bb081b5c53
/mnt/build_wrt/staging_dir/host/bin/sed -i -e 's,"/usr/local/","/mnt/build_wrt/staging_dir/hostpkg/",' /mnt/build_wrt/build_dir/hostpkg/lua-5.1.5/src/luaconf.h
touch /mnt/build_wrt/build_dir/hostpkg/lua-5.1.5/.configured
make -C /mnt/build_wrt/build_dir/hostpkg/lua-5.1.5 CC="ccache /mnt/build_wrt/staging_dir/host/bin/gcc -DPIC -fPIC -std=gnu99" linux
make[3]: Entering directory '/mnt/build_wrt/build_dir/hostpkg/lua-5.1.5'
cd src && make linux V=5.1
make[4]: Entering directory '/mnt/build_wrt/build_dir/hostpkg/lua-5.1.5/src'
make all MYCFLAGS="-DLUA_USE_LINUX " MYLIBS="-Wl,-E -ldl "
make[5]: Entering directory '/mnt/build_wrt/build_dir/hostpkg/lua-5.1.5/src'
ccache /mnt/build_wrt/staging_dir/host/bin/gcc -DPIC -fPIC -std=gnu99 -O2 -Wall -DLUA_USE_LINUX    -c -o lapi.o lapi.c
ccache /mnt/build_wrt/staging_dir/host/bin/gcc -DPIC -fPIC -std=gnu99 -O2 -Wall -DLUA_USE_LINUX    -c -o lcode.o lcode.c
ccache /mnt/build_wrt/staging_dir/host/bin/gcc -DPIC -fPIC -std=gnu99 -O2 -Wall -DLUA_USE_LINUX    -c -o ldebug.o ldebug.c
ccache /mnt/build_wrt/staging_dir/host/bin/gcc -DPIC -fPIC -std=gnu99 -O2 -Wall -DLUA_USE_LINUX    -c -o ldo.o ldo.c
ccache /mnt/build_wrt/staging_dir/host/bin/gcc -DPIC -fPIC -std=gnu99 -O2 -Wall -DLUA_USE_LINUX    -c -o ldump.o ldump.c
ldump.c: In function 'DumpString':
ldump.c:68:26: warning: the comparison will always evaluate as 'false' for the pointer operand in 's + 24' must not be NULL [-Waddress]
   68 |  if (s==NULL || getstr(s)==NULL)
      |                          ^~
ccache /mnt/build_wrt/staging_dir/host/bin/gcc -DPIC -fPIC -std=gnu99 -O2 -Wall -DLUA_USE_LINUX    -c -o lfunc.o lfunc.c
ccache /mnt/build_wrt/staging_dir/host/bin/gcc -DPIC -fPIC -std=gnu99 -O2 -Wall -DLUA_USE_LINUX    -c -o lgc.o lgc.c
ccache /mnt/build_wrt/staging_dir/host/bin/gcc -DPIC -fPIC -std=gnu99 -O2 -Wall -DLUA_USE_LINUX    -c -o llex.o llex.c
ccache /mnt/build_wrt/staging_dir/host/bin/gcc -DPIC -fPIC -std=gnu99 -O2 -Wall -DLUA_USE_LINUX    -c -o lmem.o lmem.c
ccache /mnt/build_wrt/staging_dir/host/bin/gcc -DPIC -fPIC -std=gnu99 -O2 -Wall -DLUA_USE_LINUX    -c -o lobject.o lobject.c
ccache /mnt/build_wrt/staging_dir/host/bin/gcc -DPIC -fPIC -std=gnu99 -O2 -Wall -DLUA_USE_LINUX    -c -o lopcodes.o lopcodes.c
ccache /mnt/build_wrt/staging_dir/host/bin/gcc -DPIC -fPIC -std=gnu99 -O2 -Wall -DLUA_USE_LINUX    -c -o lparser.o lparser.c
ccache /mnt/build_wrt/staging_dir/host/bin/gcc -DPIC -fPIC -std=gnu99 -O2 -Wall -DLUA_USE_LINUX    -c -o lstate.o lstate.c
ccache /mnt/build_wrt/staging_dir/host/bin/gcc -DPIC -fPIC -std=gnu99 -O2 -Wall -DLUA_USE_LINUX    -c -o lstring.o lstring.c
ccache /mnt/build_wrt/staging_dir/host/bin/gcc -DPIC -fPIC -std=gnu99 -O2 -Wall -DLUA_USE_LINUX    -c -o ltable.o ltable.c
ccache /mnt/build_wrt/staging_dir/host/bin/gcc -DPIC -fPIC -std=gnu99 -O2 -Wall -DLUA_USE_LINUX    -c -o ltm.o ltm.c
ccache /mnt/build_wrt/staging_dir/host/bin/gcc -DPIC -fPIC -std=gnu99 -O2 -Wall -DLUA_USE_LINUX    -c -o lundump.o lundump.c
ccache /mnt/build_wrt/staging_dir/host/bin/gcc -DPIC -fPIC -std=gnu99 -O2 -Wall -DLUA_USE_LINUX    -c -o lvm.o lvm.c
ccache /mnt/build_wrt/staging_dir/host/bin/gcc -DPIC -fPIC -std=gnu99 -O2 -Wall -DLUA_USE_LINUX    -c -o lzio.o lzio.c
ccache /mnt/build_wrt/staging_dir/host/bin/gcc -DPIC -fPIC -std=gnu99 -O2 -Wall -DLUA_USE_LINUX    -c -o lnum.o lnum.c
ccache /mnt/build_wrt/staging_dir/host/bin/gcc -DPIC -fPIC -std=gnu99 -O2 -Wall -DLUA_USE_LINUX    -c -o lauxlib.o lauxlib.c
lauxlib.c: In function 'luaL_loadfile':
lauxlib.c:587:4: warning: this 'while' clause does not guard... [-Wmisleading-indentation]
  587 |    while ((c = getc(lf.f)) != EOF && c != LUA_SIGNATURE[0]) ;
      |    ^~~~~
lauxlib.c:588:5: note: ...this statement, but the latter is misleadingly indented as if it were guarded by the 'while'
  588 |     lf.extraline = 0;
      |     ^~
ccache /mnt/build_wrt/staging_dir/host/bin/gcc -DPIC -fPIC -std=gnu99 -O2 -Wall -DLUA_USE_LINUX    -c -o lbaselib.o lbaselib.c
ccache /mnt/build_wrt/staging_dir/host/bin/gcc -DPIC -fPIC -std=gnu99 -O2 -Wall -DLUA_USE_LINUX    -c -o ldblib.o ldblib.c
ccache /mnt/build_wrt/staging_dir/host/bin/gcc -DPIC -fPIC -std=gnu99 -O2 -Wall -DLUA_USE_LINUX    -c -o liolib.o liolib.c
ccache /mnt/build_wrt/staging_dir/host/bin/gcc -DPIC -fPIC -std=gnu99 -O2 -Wall -DLUA_USE_LINUX    -c -o lmathlib.o lmathlib.c
ccache /mnt/build_wrt/staging_dir/host/bin/gcc -DPIC -fPIC -std=gnu99 -O2 -Wall -DLUA_USE_LINUX    -c -o loslib.o loslib.c
ccache /mnt/build_wrt/staging_dir/host/bin/gcc -DPIC -fPIC -std=gnu99 -O2 -Wall -DLUA_USE_LINUX    -c -o ltablib.o ltablib.c
ltablib.c: In function 'addfield':
ltablib.c:137:3: warning: this 'if' clause does not guard... [-Wmisleading-indentation]
  137 |   if (!lua_isstring(L, -1))
      |   ^~
ltablib.c:140:5: note: ...this statement, but the latter is misleadingly indented as if it were guarded by the 'if'
  140 |     luaL_addvalue(b);
      |     ^~~~~~~~~~~~~
ccache /mnt/build_wrt/staging_dir/host/bin/gcc -DPIC -fPIC -std=gnu99 -O2 -Wall -DLUA_USE_LINUX    -c -o lstrlib.o lstrlib.c
ccache /mnt/build_wrt/staging_dir/host/bin/gcc -DPIC -fPIC -std=gnu99 -O2 -Wall -DLUA_USE_LINUX    -c -o loadlib.o loadlib.c
ccache /mnt/build_wrt/staging_dir/host/bin/gcc -DPIC -fPIC -std=gnu99 -O2 -Wall -DLUA_USE_LINUX    -c -o linit.o linit.c
ar rcu liblua.a lapi.o lcode.o ldebug.o ldo.o ldump.o lfunc.o lgc.o llex.o lmem.o lobject.o lopcodes.o lparser.o lstate.o lstring.o ltable.o ltm.o lundump.o lvm.o lzio.o lnum.o lauxlib.o lbaselib.o ldblib.o liolib.o lmathlib.o loslib.o ltablib.o lstrlib.o loadlib.o linit.o	# DLL needs all object files
ar: `u' modifier ignored since `D' is the default (see `U')
ranlib liblua.a
ccache /mnt/build_wrt/staging_dir/host/bin/gcc -DPIC -fPIC -std=gnu99 -O2 -Wall -DLUA_USE_LINUX    -c -o lua.o lua.c
ccache /mnt/build_wrt/staging_dir/host/bin/gcc -DPIC -fPIC -std=gnu99 -o lua5.1  lua.o liblua.a -lm -Wl,-E -ldl 
ccache /mnt/build_wrt/staging_dir/host/bin/gcc -DPIC -fPIC -std=gnu99 -O2 -Wall -DLUA_USE_LINUX    -c -o luac.o luac.c
ccache /mnt/build_wrt/staging_dir/host/bin/gcc -DPIC -fPIC -std=gnu99 -O2 -Wall -DLUA_USE_LINUX    -c -o print.o print.c
ccache /mnt/build_wrt/staging_dir/host/bin/gcc -DPIC -fPIC -std=gnu99 -o luac5.1  luac.o print.o liblua.a -lm -Wl,-E -ldl 
make[5]: Leaving directory '/mnt/build_wrt/build_dir/hostpkg/lua-5.1.5/src'
make[4]: Leaving directory '/mnt/build_wrt/build_dir/hostpkg/lua-5.1.5/src'
make[3]: Leaving directory '/mnt/build_wrt/build_dir/hostpkg/lua-5.1.5'
touch /mnt/build_wrt/build_dir/hostpkg/lua-5.1.5/.built
make -C /mnt/build_wrt/build_dir/hostpkg/lua-5.1.5 INSTALL_TOP="/mnt/build_wrt/staging_dir/hostpkg" install
make[3]: Entering directory '/mnt/build_wrt/build_dir/hostpkg/lua-5.1.5'
cd src && mkdir -p /mnt/build_wrt/staging_dir/hostpkg/bin /mnt/build_wrt/staging_dir/hostpkg/include /mnt/build_wrt/staging_dir/hostpkg/lib /mnt/build_wrt/staging_dir/hostpkg/man/man1 /mnt/build_wrt/staging_dir/hostpkg/share/lua/5.1 /mnt/build_wrt/staging_dir/hostpkg/lib/lua/5.1
cd src && install -p -m 0755 lua5.1 luac5.1 /mnt/build_wrt/staging_dir/hostpkg/bin
cd src && install -p -m 0644 lua.h luaconf.h lualib.h lauxlib.h lnum_config.h ../etc/lua.hpp /mnt/build_wrt/staging_dir/hostpkg/include
cd src && install -p -m 0644 liblua.a /mnt/build_wrt/staging_dir/hostpkg/lib
cd doc && install -p -m 0644 lua5.1.1 luac5.1.1 /mnt/build_wrt/staging_dir/hostpkg/man/man1
make[3]: Leaving directory '/mnt/build_wrt/build_dir/hostpkg/lua-5.1.5'
install -d -m0755 /mnt/build_wrt/staging_dir/hostpkg/lib/pkgconfig
cp -fpR /mnt/build_wrt/build_dir/hostpkg/lua-5.1.5/etc/lua.pc /mnt/build_wrt/staging_dir/hostpkg/lib/pkgconfig/lua5.1.pc
ln -sf lua5.1 /mnt/build_wrt/staging_dir/hostpkg/bin/lua
ln -sf luac5.1 /mnt/build_wrt/staging_dir/hostpkg/bin/luac
ln -sf lua5.1.pc /mnt/build_wrt/staging_dir/hostpkg/lib/pkgconfig/lua.pc
mkdir -p /mnt/build_wrt/staging_dir/hostpkg/stamp
touch /mnt/build_wrt/build_dir/hostpkg/lua-5.1.5/.built
touch /mnt/build_wrt/staging_dir/hostpkg/stamp/.lua_installed 
make[2]: Leaving directory '/mnt/build_wrt/package/utils/lua'
time: package/utils/lua/host-compile#4.27#0.99#6.12
make[2]: Entering directory '/mnt/build_wrt/package/system/apk'
mkdir -p /mnt/build_wrt/dl
SHELL= flock /mnt/build_wrt/tmp/.apk-3.0.5.tar.zst.flock -c '  	/mnt/build_wrt/scripts/download.pl "/mnt/build_wrt/dl" "apk-3.0.5.tar.zst" "bdb70571302d4baeafd4558522a49ce4c834c2acb51b954a19a3eea7f20b01b7" "" || (  	echo "Checking out files from the git repository..."; mkdir -p /mnt/build_wrt/tmp/dl && cd /mnt/build_wrt/tmp/dl && rm -rf apk-3.0.5 && [ \! -d apk-3.0.5 ] && git clone --filter=blob:none  https://gitlab.alpinelinux.org/alpine/apk-tools.git apk-3.0.5 && (cd apk-3.0.5 && git checkout b5a31c0d865342ad80be10d68f1bb3d3ad9b0866) && export TAR_TIMESTAMP=`cd apk-3.0.5 && git log -1 --no-show-signature --format='\''@%ct'\''` && echo "Generating formal git archive (apply .gitattributes rules)" && (cd apk-3.0.5 && git config core.abbrev 8 && git archive --format=tar HEAD --output=../apk-3.0.5.tar.git) &&  tar --numeric-owner --owner=0 --group=0 --ignore-failed-read -C apk-3.0.5 -f apk-3.0.5.tar.git -r .git .gitmodules 2>/dev/null  && rm -rf apk-3.0.5 && mkdir apk-3.0.5 && tar -C apk-3.0.5 -xf apk-3.0.5.tar.git && (cd apk-3.0.5 && git submodule update --init --recursive --  && rm -rf .git .gitmodules) && echo "Packing checkout..." && 	tar --numeric-owner --owner=0 --group=0 --mode=a-s --sort=name ${TAR_TIMESTAMP:+--mtime="$TAR_TIMESTAMP"} -c apk-3.0.5 | 	zstd -T0 --ultra -20 -c > /mnt/build_wrt/tmp/dl/apk-3.0.5.tar.zst && mv /mnt/build_wrt/tmp/dl/apk-3.0.5.tar.zst /mnt/build_wrt/dl/ && rm -rf apk-3.0.5;  )  && ( file_hash="$(/mnt/build_wrt/staging_dir/host/bin/mkhash sha256 "/mnt/build_wrt/dl/apk-3.0.5.tar.zst")"; [ "$file_hash" = "bdb70571302d4baeafd4558522a49ce4c834c2acb51b954a19a3eea7f20b01b7" ] || [ "bdb70571302d4baeafd4558522a49ce4c834c2acb51b954a19a3eea7f20b01b7" = "skip" ] || { echo "Hash mismatch for file apk-3.0.5.tar.zst: expected bdb70571302d4baeafd4558522a49ce4c834c2acb51b954a19a3eea7f20b01b7, got $file_hash"; false; }; )    '
+ curl -f --connect-timeout 5 --retry 3 --location https://mirror2.immortalwrt.org/sources/apk-3.0.5.tar.zst
  % Total    % Received % Xferd  Average Speed   Time    Time     Time  Current
                                 Dload  Upload   Total   Spent    Left  Speed
  0     0    0     0    0     0      0      0 --:--:-- --:--:-- --:--:--     0100   138    0   138    0     0    154      0 --:--:-- --:--:-- --:--:--   154100   138    0   138    0     0    154      0 --:--:-- --:--:-- --:--:--   154
  0   154    0     0    0     0      0      0 --:--:--  0:00:01 --:--:--     0
curl: (22) The requested URL returned error: 404
Download failed.
+ curl -f --connect-timeout 5 --retry 3 --location https://mirror.immortalwrt.org/sources/apk-3.0.5.tar.zst
  % Total    % Received % Xferd  Average Speed   Time    Time     Time  Current
                                 Dload  Upload   Total   Spent    Left  Speed
  0     0    0     0    0     0      0      0 --:--:-- --:--:-- --:--:--     0100   138    0   138    0     0    158      0 --:--:-- --:--:-- --:--:--   158100   138    0   138    0     0    158      0 --:--:-- --:--:-- --:--:--   158
  0   291    0     0    0     0      0      0 --:--:--  0:00:01 --:--:--     0
curl: (22) The requested URL returned error: 404
Download failed.
+ curl -f --connect-timeout 5 --retry 3 --location https://sources-cdn.immortalwrt.org/apk-3.0.5.tar.zst
  % Total    % Received % Xferd  Average Speed   Time    Time     Time  Current
                                 Dload  Upload   Total   Spent    Left  Speed
  0     0    0     0    0     0      0      0 --:--:-- --:--:-- --:--:--     0  0     0    0     0    0     0      0      0 --:--:-- --:--:-- --:--:--     0100  307k  100  307k    0     0  1347k      0 --:--:-- --:--:-- --:--:-- 1344k
. /mnt/build_wrt/include/shell.sh; zstdcat /mnt/build_wrt/dl/apk-3.0.5.tar.zst | tar -C /mnt/build_wrt/build_dir/hostpkg/apk-3.0.5/.. -xf -
[ ! -d ./src/ ] || cp -fpR ./src/* /mnt/build_wrt/build_dir/hostpkg/apk-3.0.5

Applying /mnt/build_wrt/package/system/apk/patches/0001-openwrt-move-layer-db-to-temp-folder.patch using plaintext: 
patching file src/database.c

Applying /mnt/build_wrt/package/system/apk/patches/0002-openwrt-wiki-help-link.patch using plaintext: 
patching file src/genhelp_apk.lua

Applying /mnt/build_wrt/package/system/apk/patches/0010-app_list-add-full-print.patch using plaintext: 
patching file src/app_list.c

Applying /mnt/build_wrt/package/system/apk/patches/0011-genhelp-reproducible-gzip.patch using plaintext: 
patching file src/genhelp.lua

Applying /mnt/build_wrt/package/system/apk/patches/0100-add-add-force-reinstall-option.patch using plaintext: 
patching file src/app_add.c
patching file doc/apk-add.8.scd
touch /mnt/build_wrt/build_dir/hostpkg/apk-3.0.5/.prepared34347555197d95011301b941d7fd6344_6664517399ebbbc92a37c5bb081b5c53
/mnt/build_wrt/staging_dir/host/bin/sed -e "s|@CC@|'ccache', '/mnt/build_wrt/staging_dir/host/bin/gcc',|" -e "s|@CXX@|'ccache', '/mnt/build_wrt/staging_dir/host/bin/g++',|" -e "s|@PKGCONFIG@|/mnt/build_wrt/staging_dir/host/bin/pkg-config|" -e "s|@CMAKE@|/mnt/build_wrt/staging_dir/host/bin/cmake|" -e "s|@PYTHON@|/mnt/build_wrt/staging_dir/host/bin/python3|" -e "s|@CFLAGS@|'-O2', '-I/mnt/build_wrt/staging_dir/host/include', '-I/mnt/build_wrt/staging_dir/hostpkg/include', '-I/mnt/build_wrt/staging_dir/target-aarch64_cortex-a53_musl/host/include', '-I/mnt/build_wrt/staging_dir/host/include', '-I/mnt/build_wrt/staging_dir/hostpkg/include', '-I/mnt/build_wrt/staging_dir/target-aarch64_cortex-a53_musl/host/include',|" -e "s|@CXXFLAGS@|'-O2', '-I/mnt/build_wrt/staging_dir/host/include', '-I/mnt/build_wrt/staging_dir/hostpkg/include', '-I/mnt/build_wrt/staging_dir/target-aarch64_cortex-a53_musl/host/include', '-I/mnt/build_wrt/staging_dir/host/include', '-I/mnt/build_wrt/staging_dir/hostpkg/include', '-I/mnt/build_wrt/staging_dir/target-aarch64_cortex-a53_musl/host/include',|" -e "s|@LDFLAGS@|'-L/mnt/build_wrt/staging_dir/host/lib', '-L/mnt/build_wrt/staging_dir/hostpkg/lib', '-L/mnt/build_wrt/staging_dir/target-aarch64_cortex-a53_musl/host/lib',|" -e "s|@PREFIX@|/mnt/build_wrt/staging_dir/host|" < /mnt/build_wrt/staging_dir/host/lib/meson/openwrt-native.txt.in > /mnt/build_wrt/build_dir/hostpkg/apk-3.0.5/openwrt-native.txt
VERSION=3.0.5 /mnt/build_wrt/staging_dir/host/bin/python3 /mnt/build_wrt/staging_dir/host/bin/meson.py  setup --native-file /mnt/build_wrt/build_dir/hostpkg/apk-3.0.5/openwrt-native.txt -Ddefault_library=static -Db_lto=true -Ddocs=disabled -Dhelp=enabled -Dlua_version=5.1 -Ddefault_library=static -Durl_backend=wget -Dzstd=disabled -Dpython=disabled -Dtests=disabled -Dcrypto_backend=openssl /mnt/build_wrt/build_dir/hostpkg/apk-3.0.5/openwrt-build /mnt/build_wrt/build_dir/hostpkg/apk-3.0.5/openwrt-build/..
The Meson build system
Version: 1.6.1
Source dir: /mnt/build_wrt/build_dir/hostpkg/apk-3.0.5
Build dir: /mnt/build_wrt/build_dir/hostpkg/apk-3.0.5/openwrt-build
Build type: native build
Project name: apk-tools
Project version: 3.0.5
C compiler for the host machine: ccache /mnt/build_wrt/staging_dir/host/bin/gcc (gcc 13.3.0 "gcc (Ubuntu 13.3.0-6ubuntu2~24.04.1) 13.3.0")
C linker for the host machine: /mnt/build_wrt/staging_dir/host/bin/gcc ld.bfd 2.42
Host machine cpu family: x86_64
Host machine cpu: x86_64
Program lua5.1 found: YES (/mnt/build_wrt/staging_dir/hostpkg/bin/lua5.1)
Found pkg-config: YES (/mnt/build_wrt/staging_dir/host/bin/pkg-config) 2.5.1
Found CMake: /mnt/build_wrt/staging_dir/host/bin/cmake (4.3.4)
Run-time dependency lua5.1 found: NO (tried pkgconfig and cmake)
Dependency python3 skipped: feature python disabled
Dependency scdoc skipped: feature docs disabled
Run-time dependency zlib found: YES 1.3.2
Dependency libzstd skipped: feature zstd disabled
Run-time dependency openssl found: YES 4.2.1
Header "sys/random.h" has symbol "getrandom" : YES 
Header "string.h" has symbol "memrchr" : YES 
Header "sys/mman.h" has symbol "memfd_create" : YES 
Header "sys/stat.h" has symbol "mknodat" : YES 
Header "unistd.h" has symbol "pipe2" : YES 
Header "stdlib.h" has symbol "qsort_r" : YES 
Header "stdlib.h" has symbol "reallocarray" : YES 
Header "string.h" has symbol "strchrnul" : YES 
Header "string.h" has symbol "strlcpy" : YES 
Header "sys/socket.h" has symbol "SOCK_CLOEXEC" : YES 
Header "sched.h" has symbol "unshare" : YES 
Checking if "Test qsort_r non-POSIX prototype" compiles: NO 
Dependency cmocka skipped: feature tests disabled
Program enum.sh skipped: feature tests disabled
Program solver.sh skipped: feature tests disabled
Program shellcheck.sh skipped: feature tests disabled
Program shellcheck found: YES (/usr/bin/shellcheck)
Build targets in project: 4

apk-tools 3.0.5

  User defined options
    Native files   : /mnt/build_wrt/build_dir/hostpkg/apk-3.0.5/openwrt-native.txt
    b_lto          : true
    crypto_backend : openssl
    default_library: static
    docs           : disabled
    help           : enabled
    lua_version    : 5.1
    python         : disabled
    tests          : disabled
    url_backend    : wget
    zstd           : disabled

Found ninja-1.13.2 at /mnt/build_wrt/staging_dir/host/bin/ninja
touch /mnt/build_wrt/build_dir/hostpkg/apk-3.0.5/.configured
VERSION=3.0.5 MAKEFLAGS="" /mnt/build_wrt/staging_dir/host/bin/ninja  -j1 -C /mnt/build_wrt/build_dir/hostpkg/apk-3.0.5/openwrt-build 
ninja: Entering directory `/mnt/build_wrt/build_dir/hostpkg/apk-3.0.5/openwrt-build'
[1/69] Generating src/help.h with a custom command (wrapped by meson to set env, to capture output)
[2/69] Compiling C object src/libapk.a.p/adb.c.o
[3/69] Compiling C object src/libapk.a.p/adb_comp.c.o
[4/69] Compiling C object src/libapk.a.p/adb_walk_adb.c.o
In file included from ../src/apk_applet.h:14,
                 from ../src/adb_walk_adb.c:7:
../src/apk_database.h:33:9: warning: 'counted_by' attribute directive ignored [-Wattributes]
   33 |         uint8_t xattr_hash[] __attribute__((counted_by(xattr_hash_len)));
      |         ^~~~~~~
[5/69] Compiling C object src/libapk.a.p/apk_adb.c.o
[6/69] Compiling C object src/libapk.a.p/atom.c.o
[7/69] Compiling C object src/libapk.a.p/balloc.c.o
[8/69] Compiling C object src/libapk.a.p/blob.c.o
[9/69] Compiling C object src/libapk.a.p/commit.c.o
In file included from ../src/commit.c:12:
../src/apk_database.h:33:9: warning: 'counted_by' attribute directive ignored [-Wattributes]
   33 |         uint8_t xattr_hash[] __attribute__((counted_by(xattr_hash_len)));
      |         ^~~~~~~
[10/69] Compiling C object src/libapk.a.p/common.c.o
[11/69] Compiling C object src/libapk.a.p/context.c.o
[12/69] Compiling C object src/libapk.a.p/crypto.c.o
[13/69] Compiling C object src/libapk.a.p/crypto_openssl.c.o
[14/69] Compiling C object src/libapk.a.p/ctype.c.o
[15/69] Compiling C object src/libapk.a.p/database.c.o
In file included from ../src/database.c:36:
../src/apk_database.h:33:9: warning: 'counted_by' attribute directive ignored [-Wattributes]
   33 |         uint8_t xattr_hash[] __attribute__((counted_by(xattr_hash_len)));
      |         ^~~~~~~
[16/69] Compiling C object src/libapk.a.p/extract_v2.c.o
[17/69] Compiling C object src/libapk.a.p/extract_v3.c.o
[18/69] Compiling C object src/libapk.a.p/fs_fsys.c.o
In file included from ../src/fs_fsys.c:16:
../src/apk_database.h:33:9: warning: 'counted_by' attribute directive ignored [-Wattributes]
   33 |         uint8_t xattr_hash[] __attribute__((counted_by(xattr_hash_len)));
      |         ^~~~~~~
[19/69] Compiling C object src/libapk.a.p/fs_uvol.c.o
[20/69] Compiling C object src/libapk.a.p/hash.c.o
[21/69] Compiling C object src/libapk.a.p/io.c.o
[22/69] Compiling C object src/libapk.a.p/io_gunzip.c.o
[23/69] Compiling C object src/libapk.a.p/io_url_wget.c.o
[24/69] Compiling C object src/libapk.a.p/package.c.o
In file included from ../src/package.c:23:
../src/apk_database.h:33:9: warning: 'counted_by' attribute directive ignored [-Wattributes]
   33 |         uint8_t xattr_hash[] __attribute__((counted_by(xattr_hash_len)));
      |         ^~~~~~~
[25/69] Compiling C object src/libapk.a.p/pathbuilder.c.o
[26/69] Compiling C object src/libapk.a.p/print.c.o
[27/69] Compiling C object src/libapk.a.p/process.c.o
[28/69] Compiling C object src/libapk.a.p/query.c.o
In file included from ../src/query.c:12:
../src/apk_database.h:33:9: warning: 'counted_by' attribute directive ignored [-Wattributes]
   33 |         uint8_t xattr_hash[] __attribute__((counted_by(xattr_hash_len)));
      |         ^~~~~~~
[29/69] Compiling C object src/libapk.a.p/repoparser.c.o
[30/69] Compiling C object src/libapk.a.p/serialize.c.o
[31/69] Compiling C object src/libapk.a.p/serialize_json.c.o
[32/69] Compiling C object src/libapk.a.p/serialize_query.c.o
[33/69] Compiling C object src/libapk.a.p/serialize_yaml.c.o
[34/69] Compiling C object src/libapk.a.p/solver.c.o
In file included from ../src/solver.c:14:
../src/apk_database.h:33:9: warning: 'counted_by' attribute directive ignored [-Wattributes]
   33 |         uint8_t xattr_hash[] __attribute__((counted_by(xattr_hash_len)));
      |         ^~~~~~~
[35/69] Compiling C object src/libapk.a.p/tar.c.o
[36/69] Compiling C object src/libapk.a.p/trust.c.o
[37/69] Compiling C object src/libapk.a.p/version.c.o
[38/69] Linking static target src/libapk.a
[39/69] Compiling C object src/apk.p/apk.c.o
In file included from ../src/apk.c:23:
../src/apk_database.h:33:9: warning: 'counted_by' attribute directive ignored [-Wattributes]
   33 |         uint8_t xattr_hash[] __attribute__((counted_by(xattr_hash_len)));
      |         ^~~~~~~
[40/69] Compiling C object src/apk.p/applet.c.o
In file included from ../src/apk_applet.h:14,
                 from ../src/applet.c:10:
../src/apk_database.h:33:9: warning: 'counted_by' attribute directive ignored [-Wattributes]
   33 |         uint8_t xattr_hash[] __attribute__((counted_by(xattr_hash_len)));
      |         ^~~~~~~
[41/69] Compiling C object src/apk.p/app_adbdump.c.o
In file included from ../src/apk_applet.h:14,
                 from ../src/app_adbdump.c:4:
../src/apk_database.h:33:9: warning: 'counted_by' attribute directive ignored [-Wattributes]
   33 |         uint8_t xattr_hash[] __attribute__((counted_by(xattr_hash_len)));
      |         ^~~~~~~
[42/69] Compiling C object src/apk.p/app_add.c.o
In file included from ../src/apk_applet.h:14,
                 from ../src/app_add.c:13:
../src/apk_database.h:33:9: warning: 'counted_by' attribute directive ignored [-Wattributes]
   33 |         uint8_t xattr_hash[] __attribute__((counted_by(xattr_hash_len)));
      |         ^~~~~~~
[43/69] Compiling C object src/apk.p/app_audit.c.o
In file included from ../src/apk_applet.h:14,
                 from ../src/app_audit.c:17:
../src/apk_database.h:33:9: warning: 'counted_by' attribute directive ignored [-Wattributes]
   33 |         uint8_t xattr_hash[] __attribute__((counted_by(xattr_hash_len)));
      |         ^~~~~~~
[44/69] Compiling C object src/apk.p/app_cache.c.o
In file included from ../src/apk_applet.h:14,
                 from ../src/app_cache.c:17:
../src/apk_database.h:33:9: warning: 'counted_by' attribute directive ignored [-Wattributes]
   33 |         uint8_t xattr_hash[] __attribute__((counted_by(xattr_hash_len)));
      |         ^~~~~~~
[45/69] Compiling C object src/apk.p/app_del.c.o
In file included from ../src/apk_applet.h:14,
                 from ../src/app_del.c:11:
../src/apk_database.h:33:9: warning: 'counted_by' attribute directive ignored [-Wattributes]
   33 |         uint8_t xattr_hash[] __attribute__((counted_by(xattr_hash_len)));
      |         ^~~~~~~
[46/69] Compiling C object src/apk.p/app_extract.c.o
In file included from ../src/apk_applet.h:14,
                 from ../src/app_extract.c:15:
../src/apk_database.h:33:9: warning: 'counted_by' attribute directive ignored [-Wattributes]
   33 |         uint8_t xattr_hash[] __attribute__((counted_by(xattr_hash_len)));
      |         ^~~~~~~
[47/69] Compiling C object src/apk.p/app_fetch.c.o
In file included from ../src/apk_applet.h:14,
                 from ../src/app_fetch.c:16:
../src/apk_database.h:33:9: warning: 'counted_by' attribute directive ignored [-Wattributes]
   33 |         uint8_t xattr_hash[] __attribute__((counted_by(xattr_hash_len)));
      |         ^~~~~~~
[48/69] Compiling C object src/apk.p/app_fix.c.o
In file included from ../src/apk_applet.h:14,
                 from ../src/app_fix.c:12:
../src/apk_database.h:33:9: warning: 'counted_by' attribute directive ignored [-Wattributes]
   33 |         uint8_t xattr_hash[] __attribute__((counted_by(xattr_hash_len)));
      |         ^~~~~~~
[49/69] Compiling C object src/apk.p/app_info.c.o
In file included from ../src/apk_applet.h:14,
                 from ../src/app_info.c:13:
../src/apk_database.h:33:9: warning: 'counted_by' attribute directive ignored [-Wattributes]
   33 |         uint8_t xattr_hash[] __attribute__((counted_by(xattr_hash_len)));
      |         ^~~~~~~
[50/69] Compiling C object src/apk.p/app_list.c.o
In file included from ../src/apk_applet.h:14,
                 from ../src/app_list.c:14:
../src/apk_database.h:33:9: warning: 'counted_by' attribute directive ignored [-Wattributes]
   33 |         uint8_t xattr_hash[] __attribute__((counted_by(xattr_hash_len)));
      |         ^~~~~~~
[51/69] Compiling C object src/apk.p/app_manifest.c.o
In file included from ../src/apk_applet.h:14,
                 from ../src/app_manifest.c:15:
../src/apk_database.h:33:9: warning: 'counted_by' attribute directive ignored [-Wattributes]
   33 |         uint8_t xattr_hash[] __attribute__((counted_by(xattr_hash_len)));
      |         ^~~~~~~
[52/69] Compiling C object src/apk.p/app_policy.c.o
In file included from ../src/apk_applet.h:14,
                 from ../src/app_policy.c:11:
../src/apk_database.h:33:9: warning: 'counted_by' attribute directive ignored [-Wattributes]
   33 |         uint8_t xattr_hash[] __attribute__((counted_by(xattr_hash_len)));
      |         ^~~~~~~
[53/69] Compiling C object src/apk.p/app_query.c.o
In file included from ../src/app_query.c:10:
../src/apk_database.h:33:9: warning: 'counted_by' attribute directive ignored [-Wattributes]
   33 |         uint8_t xattr_hash[] __attribute__((counted_by(xattr_hash_len)));
      |         ^~~~~~~
[54/69] Compiling C object src/apk.p/app_update.c.o
In file included from ../src/apk_applet.h:14,
                 from ../src/app_update.c:12:
../src/apk_database.h:33:9: warning: 'counted_by' attribute directive ignored [-Wattributes]
   33 |         uint8_t xattr_hash[] __attribute__((counted_by(xattr_hash_len)));
      |         ^~~~~~~
[55/69] Compiling C object src/apk.p/app_upgrade.c.o
In file included from ../src/apk_applet.h:14,
                 from ../src/app_upgrade.c:14:
../src/apk_database.h:33:9: warning: 'counted_by' attribute directive ignored [-Wattributes]
   33 |         uint8_t xattr_hash[] __attribute__((counted_by(xattr_hash_len)));
      |         ^~~~~~~
[56/69] Compiling C object src/apk.p/app_search.c.o
In file included from ../src/apk_applet.h:14,
                 from ../src/app_search.c:13:
../src/apk_database.h:33:9: warning: 'counted_by' attribute directive ignored [-Wattributes]
   33 |         uint8_t xattr_hash[] __attribute__((counted_by(xattr_hash_len)));
      |         ^~~~~~~
[57/69] Compiling C object src/apk.p/app_stats.c.o
In file included from ../src/apk_applet.h:14,
                 from ../src/app_stats.c:11:
../src/apk_database.h:33:9: warning: 'counted_by' attribute directive ignored [-Wattributes]
   33 |         uint8_t xattr_hash[] __attribute__((counted_by(xattr_hash_len)));
      |         ^~~~~~~
[58/69] Compiling C object src/apk.p/app_verify.c.o
In file included from ../src/apk_applet.h:14,
                 from ../src/app_verify.c:14:
../src/apk_database.h:33:9: warning: 'counted_by' attribute directive ignored [-Wattributes]
   33 |         uint8_t xattr_hash[] __attribute__((counted_by(xattr_hash_len)));
      |         ^~~~~~~
[59/69] Compiling C object src/apk.p/app_version.c.o
In file included from ../src/apk_applet.h:14,
                 from ../src/app_version.c:12:
../src/apk_database.h:33:9: warning: 'counted_by' attribute directive ignored [-Wattributes]
   33 |         uint8_t xattr_hash[] __attribute__((counted_by(xattr_hash_len)));
      |         ^~~~~~~
[60/69] Compiling C object src/apk.p/app_adbgen.c.o
In file included from ../src/apk_applet.h:14,
                 from ../src/app_adbgen.c:6:
../src/apk_database.h:33:9: warning: 'counted_by' attribute directive ignored [-Wattributes]
   33 |         uint8_t xattr_hash[] __attribute__((counted_by(xattr_hash_len)));
      |         ^~~~~~~
[61/69] Compiling C object src/apk.p/app_adbsign.c.o
In file included from ../src/apk_applet.h:14,
                 from ../src/app_adbsign.c:6:
../src/apk_database.h:33:9: warning: 'counted_by' attribute directive ignored [-Wattributes]
   33 |         uint8_t xattr_hash[] __attribute__((counted_by(xattr_hash_len)));
      |         ^~~~~~~
[62/69] Compiling C object src/apk.p/app_convdb.c.o
In file included from ../src/apk_applet.h:14,
                 from ../src/app_convdb.c:7:
../src/apk_database.h:33:9: warning: 'counted_by' attribute directive ignored [-Wattributes]
   33 |         uint8_t xattr_hash[] __attribute__((counted_by(xattr_hash_len)));
      |         ^~~~~~~
[63/69] Compiling C object src/apk.p/app_convndx.c.o
In file included from ../src/apk_applet.h:14,
                 from ../src/app_convndx.c:6:
../src/apk_database.h:33:9: warning: 'counted_by' attribute directive ignored [-Wattributes]
   33 |         uint8_t xattr_hash[] __attribute__((counted_by(xattr_hash_len)));
      |         ^~~~~~~
[64/69] Compiling C object src/apk.p/app_dot.c.o
In file included from ../src/apk_applet.h:14,
                 from ../src/app_dot.c:12:
../src/apk_database.h:33:9: warning: 'counted_by' attribute directive ignored [-Wattributes]
   33 |         uint8_t xattr_hash[] __attribute__((counted_by(xattr_hash_len)));
      |         ^~~~~~~
[65/69] Compiling C object src/apk.p/app_index.c.o
In file included from ../src/apk_applet.h:14,
                 from ../src/app_index.c:16:
../src/apk_database.h:33:9: warning: 'counted_by' attribute directive ignored [-Wattributes]
   33 |         uint8_t xattr_hash[] __attribute__((counted_by(xattr_hash_len)));
      |         ^~~~~~~
[66/69] Compiling C object src/apk.p/app_mkndx.c.o
In file included from ../src/apk_applet.h:14,
                 from ../src/app_mkndx.c:19:
../src/apk_database.h:33:9: warning: 'counted_by' attribute directive ignored [-Wattributes]
   33 |         uint8_t xattr_hash[] __attribute__((counted_by(xattr_hash_len)));
      |         ^~~~~~~
[67/69] Compiling C object src/apk.p/app_mkpkg.c.o
In file included from ../src/apk_applet.h:14,
                 from ../src/app_mkpkg.c:20:
../src/apk_database.h:33:9: warning: 'counted_by' attribute directive ignored [-Wattributes]
   33 |         uint8_t xattr_hash[] __attribute__((counted_by(xattr_hash_len)));
      |         ^~~~~~~
[68/69] Generating src/apk.bash-completion with a custom command (wrapped by meson to set env, to capture output)
[69/69] Linking target src/apk
touch /mnt/build_wrt/build_dir/hostpkg/apk-3.0.5/.built
MAKEFLAGS="" /mnt/build_wrt/staging_dir/host/bin/ninja  -j1 -C /mnt/build_wrt/build_dir/hostpkg/apk-3.0.5/openwrt-build install
ninja: Entering directory `/mnt/build_wrt/build_dir/hostpkg/apk-3.0.5/openwrt-build'
[0/1] Installing files.
Installing src/_apk to /mnt/build_wrt/staging_dir/host/share/bash-completion/completions
Installing src/libapk.a to /mnt/build_wrt/staging_dir/host/lib
Installing src/apk to /mnt/build_wrt/staging_dir/host/bin
Installing /mnt/build_wrt/build_dir/hostpkg/apk-3.0.5/src/adb.h to /mnt/build_wrt/staging_dir/host/include/apk
Installing /mnt/build_wrt/build_dir/hostpkg/apk-3.0.5/src/apk_atom.h to /mnt/build_wrt/staging_dir/host/include/apk
Installing /mnt/build_wrt/build_dir/hostpkg/apk-3.0.5/src/apk_balloc.h to /mnt/build_wrt/staging_dir/host/include/apk
Installing /mnt/build_wrt/build_dir/hostpkg/apk-3.0.5/src/apk_blob.h to /mnt/build_wrt/staging_dir/host/include/apk
Installing /mnt/build_wrt/build_dir/hostpkg/apk-3.0.5/src/apk_context.h to /mnt/build_wrt/staging_dir/host/include/apk
Installing /mnt/build_wrt/build_dir/hostpkg/apk-3.0.5/src/apk_crypto.h to /mnt/build_wrt/staging_dir/host/include/apk
Installing /mnt/build_wrt/build_dir/hostpkg/apk-3.0.5/src/apk_ctype.h to /mnt/build_wrt/staging_dir/host/include/apk
Installing /mnt/build_wrt/build_dir/hostpkg/apk-3.0.5/src/apk_database.h to /mnt/build_wrt/staging_dir/host/include/apk
Installing /mnt/build_wrt/build_dir/hostpkg/apk-3.0.5/src/apk_defines.h to /mnt/build_wrt/staging_dir/host/include/apk
Installing /mnt/build_wrt/build_dir/hostpkg/apk-3.0.5/src/apk_extract.h to /mnt/build_wrt/staging_dir/host/include/apk
Installing /mnt/build_wrt/build_dir/hostpkg/apk-3.0.5/src/apk_fs.h to /mnt/build_wrt/staging_dir/host/include/apk
Installing /mnt/build_wrt/build_dir/hostpkg/apk-3.0.5/src/apk_hash.h to /mnt/build_wrt/staging_dir/host/include/apk
Installing /mnt/build_wrt/build_dir/hostpkg/apk-3.0.5/src/apk_io.h to /mnt/build_wrt/staging_dir/host/include/apk
Installing /mnt/build_wrt/build_dir/hostpkg/apk-3.0.5/src/apk_package.h to /mnt/build_wrt/staging_dir/host/include/apk
Installing /mnt/build_wrt/build_dir/hostpkg/apk-3.0.5/src/apk_pathbuilder.h to /mnt/build_wrt/staging_dir/host/include/apk
Installing /mnt/build_wrt/build_dir/hostpkg/apk-3.0.5/src/apk_print.h to /mnt/build_wrt/staging_dir/host/include/apk
Installing /mnt/build_wrt/build_dir/hostpkg/apk-3.0.5/src/apk_provider_data.h to /mnt/build_wrt/staging_dir/host/include/apk
Installing /mnt/build_wrt/build_dir/hostpkg/apk-3.0.5/src/apk_query.h to /mnt/build_wrt/staging_dir/host/include/apk
Installing /mnt/build_wrt/build_dir/hostpkg/apk-3.0.5/src/apk_repoparser.h to /mnt/build_wrt/staging_dir/host/include/apk
Installing /mnt/build_wrt/build_dir/hostpkg/apk-3.0.5/src/apk_serialize.h to /mnt/build_wrt/staging_dir/host/include/apk
Installing /mnt/build_wrt/build_dir/hostpkg/apk-3.0.5/src/apk_solver_data.h to /mnt/build_wrt/staging_dir/host/include/apk
Installing /mnt/build_wrt/build_dir/hostpkg/apk-3.0.5/src/apk_solver.h to /mnt/build_wrt/staging_dir/host/include/apk
Installing /mnt/build_wrt/build_dir/hostpkg/apk-3.0.5/src/apk_tar.h to /mnt/build_wrt/staging_dir/host/include/apk
Installing /mnt/build_wrt/build_dir/hostpkg/apk-3.0.5/src/apk_trust.h to /mnt/build_wrt/staging_dir/host/include/apk
Installing /mnt/build_wrt/build_dir/hostpkg/apk-3.0.5/src/apk_version.h to /mnt/build_wrt/staging_dir/host/include/apk
Installing /mnt/build_wrt/build_dir/hostpkg/apk-3.0.5/openwrt-build/meson-private/apk.pc to /mnt/build_wrt/staging_dir/host/lib/pkgconfig
mkdir -p /mnt/build_wrt/staging_dir/host/stamp
touch /mnt/build_wrt/build_dir/hostpkg/apk-3.0.5/.built
touch /mnt/build_wrt/staging_dir/host/stamp/.apk_installed 
make[2]: Leaving directory '/mnt/build_wrt/package/system/apk'
time: package/system/apk/host-compile#16.85#2.87#18.37
/mnt/build_wrt/staging_dir/host/bin/openssl ecparam -name prime256v1 -genkey -noout -out /mnt/build_wrt/private-key.pem
/mnt/build_wrt/staging_dir/host/bin/openssl ec -in /mnt/build_wrt/private-key.pem -pubout > /mnt/build_wrt/public-key.pem
read EC key
writing EC key
make[2]: Entering directory '/mnt/build_wrt/package/libs/toolchain'
touch /mnt/build_wrt/build_dir/target-aarch64_cortex-a53_musl/toolchain/.prepared_45c17b4de6016f58808e5bba99019b50_6664517399ebbbc92a37c5bb081b5c53_check
mkdir -p /mnt/build_wrt/build_dir/target-aarch64_cortex-a53_musl/toolchain
touch /mnt/build_wrt/build_dir/target-aarch64_cortex-a53_musl/toolchain/.prepared_45c17b4de6016f58808e5bba99019b50_6664517399ebbbc92a37c5bb081b5c53
rm -f /mnt/build_wrt/build_dir/target-aarch64_cortex-a53_musl/toolchain/.configured_*
rm -f /mnt/build_wrt/staging_dir/target-aarch64_cortex-a53_musl/stamp/.toolchain_installed
(cd /mnt/build_wrt/build_dir/target-aarch64_cortex-a53_musl/toolchain/./; if [ -x ./configure ]; then find /mnt/build_wrt/build_dir/target-aarch64_cortex-a53_musl/toolchain/ -name config.guess | xargs -r chmod u+w; find /mnt/build_wrt/build_dir/target-aarch64_cortex-a53_musl/toolchain/ -name config.guess | xargs -r -n1 cp --remove-destination /mnt/build_wrt/scripts/config.guess; find /mnt/build_wrt/build_dir/target-aarch64_cortex-a53_musl/toolchain/ -name config.sub | xargs -r chmod u+w; find /mnt/build_wrt/build_dir/target-aarch64_cortex-a53_musl/toolchain/ -name config.sub | xargs -r -n1 cp --remove-destination /mnt/build_wrt/scripts/config.sub; AR="aarch64-openwrt-linux-musl-gcc-ar" AS="ccache aarch64-openwrt-linux-musl-gcc -c -Os -pipe -mcpu=cortex-a53 -fno-caller-saves -fno-plt -fhonour-copts -fmacro-prefix-map=/mnt/build_wrt/build_dir/target-aarch64_cortex-a53_musl/toolchain=toolchain -Wl,-z,max-page-size=4096 -Wformat -Werror=format-security -fstack-protector -D_FORTIFY_SOURCE=1 -Wl,-z,now -Wl,-z,relro -Wl,-z,pack-relative-relocs" LD="aarch64-openwrt-linux-musl-ld.bfd" NM="aarch64-openwrt-linux-musl-gcc-nm" CC="ccache aarch64-openwrt-linux-musl-gcc" GCC="ccache aarch64-openwrt-linux-musl-gcc" CXX="ccache aarch64-openwrt-linux-musl-g++" RANLIB="aarch64-openwrt-linux-musl-gcc-ranlib" STRIP=aarch64-openwrt-linux-musl-strip OBJCOPY=aarch64-openwrt-linux-musl-objcopy OBJDUMP=aarch64-openwrt-linux-musl-objdump SIZE=aarch64-openwrt-linux-musl-size CFLAGS="-Os -pipe -mcpu=cortex-a53 -fno-caller-saves -fno-plt -fhonour-copts -fmacro-prefix-map=/mnt/build_wrt/build_dir/target-aarch64_cortex-a53_musl/toolchain=toolchain -Wl,-z,max-page-size=4096 -Wformat -Werror=format-security -fstack-protector -D_FORTIFY_SOURCE=1 -Wl,-z,now -Wl,-z,relro -Wl,-z,pack-relative-relocs " CXXFLAGS="-Os -pipe -mcpu=cortex-a53 -fno-caller-saves -fno-plt -fhonour-copts -fmacro-prefix-map=/mnt/build_wrt/build_dir/target-aarch64_cortex-a53_musl/toolchain=toolchain -Wl,-z,max-page-size=4096 -Wformat -Werror=format-security -fstack-protector -D_FORTIFY_SOURCE=1 -Wl,-z,now -Wl,-z,relro -Wl,-z,pack-relative-relocs " CPPFLAGS="-I/mnt/build_wrt/staging_dir/toolchain-aarch64_cortex-a53_gcc-14.4.0_musl/usr/include -I/mnt/build_wrt/staging_dir/toolchain-aarch64_cortex-a53_gcc-14.4.0_musl/include -I/mnt/build_wrt/staging_dir/toolchain-aarch64_cortex-a53_gcc-14.4.0_musl/include/fortify " LDFLAGS="-L/mnt/build_wrt/staging_dir/toolchain-aarch64_cortex-a53_gcc-14.4.0_musl/usr/lib -L/mnt/build_wrt/staging_dir/toolchain-aarch64_cortex-a53_gcc-14.4.0_musl/lib -fuse-ld=bfd -zmax-page-size=4096 -znow -zrelro -zpack-relative-relocs "   ./configure --target=aarch64-openwrt-linux --host=aarch64-openwrt-linux --build=x86_64-pc-linux-gnu --disable-dependency-tracking --program-prefix="" --program-suffix="" --prefix=/usr --exec-prefix=/usr --bindir=/usr/bin --sbindir=/usr/sbin --libexecdir=/usr/lib --sysconfdir=/etc --datadir=/usr/share --localstatedir=/var --mandir=/usr/man --infodir=/usr/info --disable-nls  ; fi; )
touch /mnt/build_wrt/build_dir/target-aarch64_cortex-a53_musl/toolchain/.configured_68b329da9893e34099c7d8ad5cb9c940
rm -f /mnt/build_wrt/build_dir/target-aarch64_cortex-a53_musl/toolchain/.built
touch /mnt/build_wrt/build_dir/target-aarch64_cortex-a53_musl/toolchain/.built_check
touch /mnt/build_wrt/build_dir/target-aarch64_cortex-a53_musl/toolchain/.built
rm -rf /mnt/build_wrt/build_dir/target-aarch64_cortex-a53_musl/toolchain/ipkg-aarch64_cortex-a53/libgcc
mkdir -p /mnt/build_wrt/bin/targets/qualcommax/ipq60xx/packages /mnt/build_wrt/build_dir/target-aarch64_cortex-a53_musl/toolchain/ipkg-aarch64_cortex-a53/libgcc /mnt/build_wrt/staging_dir/target-aarch64_cortex-a53_musl/pkginfo
install -d -m0755 /mnt/build_wrt/build_dir/target-aarch64_cortex-a53_musl/toolchain/ipkg-aarch64_cortex-a53/libgcc/lib
cp -fpR /mnt/build_wrt/staging_dir/toolchain-aarch64_cortex-a53_gcc-14.4.0_musl/lib/libgcc_s.so.* /mnt/build_wrt/build_dir/target-aarch64_cortex-a53_musl/toolchain/ipkg-aarch64_cortex-a53/libgcc/lib/
cp: cannot stat '/mnt/build_wrt/staging_dir/toolchain-aarch64_cortex-a53_gcc-14.4.0_musl/lib/libgcc_s.so.*': No such file or directory
make[2]: *** [Makefile:788: /mnt/build_wrt/bin/targets/qualcommax/ipq60xx/packages/libgcc1-unknown-r5.apk] Error 1
make[2]: Leaving directory '/mnt/build_wrt/package/libs/toolchain'
time: package/libs/toolchain/compile#0.10#0.15#0.24
    ERROR: package/libs/toolchain failed to build.
make[1]: *** [package/Makefile:198: package/libs/toolchain/compile] Error 1
make[1]: Leaving directory '/mnt/build_wrt'
make: *** [/mnt/build_wrt/include/toplevel.mk:233: package/luci-app-dae/dae/compile] Error 2
