=== DAE BUILD FAILURE LOG ===
Timestamp: 2026-07-25_14-20-48
Commit: 5b25437c94ed21854e531c8fd616e5ddde1c3f20
=============================

WARNING: Makefile 'package/netspeedtest/luci-app-netspeedtest/Makefile' has a dependency on 'python3-pkg-resources', which does not exist
WARNING: Makefile 'package/netspeedtest/luci-app-netspeedtest/Makefile' has a dependency on 'python3-email', which does not exist
WARNING: Makefile 'package/helloworld/luci-app-ssr-plus/Makefile' has a dependency on 'kcptun-client', which does not exist
WARNING: Makefile 'package/feeds/packages/perl-www/Makefile' has a dependency on 'perl-http-daemon', which does not exist
WARNING: Makefile 'package/feeds/packages/perl-www-mechanize/Makefile' has a dependency on 'perl-http-daemon', which does not exist
WARNING: Makefile 'package/QModem/application/qmodem/Makefile' has a dependency on 'kmod-mhi-wwan', which does not exist
WARNING: Makefile 'package/QModem/application/qmodem/Makefile' has a dependency on 'quectel-CM-5G', which does not exist
WARNING: Makefile 'package/feeds/video/sdl3/Makefile' has a build dependency on 'libwayland', which does not exist
make[2]: Entering directory '/mnt/build_wrt/scripts/config'
make[2]: 'conf' is up to date.
make[2]: Leaving directory '/mnt/build_wrt/scripts/config'
make[1]: Entering directory '/mnt/build_wrt'
make[2]: Entering directory '/mnt/build_wrt/feeds/packages/lang/golang/golang-bootstrap'
mkdir -p /mnt/build_wrt/dl
SHELL= flock /mnt/build_wrt/tmp/.go1.4-bootstrap-20171003.tar.gz.flock -c '  	/mnt/build_wrt/scripts/download.pl "/mnt/build_wrt/dl" "go1.4-bootstrap-20171003.tar.gz" "f4ff5b5eb3a3cae1c993723f3eab519c5bae18866b5e5f96fe1102f0cb5c3e52" "" "https://go.dev/dl/" "https://golang.google.cn/dl/" "https://mirrors.nju.edu.cn/golang/" "https://mirrors.ustc.edu.cn/golang/"    '
+ curl -f --connect-timeout 5 --retry 3 --location https://go.dev/dl/go1.4-bootstrap-20171003.tar.gz
  % Total    % Received % Xferd  Average Speed   Time    Time     Time  Current
                                 Dload  Upload   Total   Spent    Left  Speed
  0     0    0     0    0     0      0      0 --:--:-- --:--:-- --:--:--     0100    79  100    79    0     0    698      0 --:--:-- --:--:-- --:--:--   699
100 10.4M  100 10.4M    0     0  35.1M      0 --:--:-- --:--:-- --:--:-- 35.1M
mkdir -p /mnt/build_wrt/dl
SHELL= flock /mnt/build_wrt/tmp/.go1.17.13.src.tar.gz.flock -c '  	/mnt/build_wrt/scripts/download.pl "/mnt/build_wrt/dl" "go1.17.13.src.tar.gz" "a1a48b23afb206f95e7bbaa9b898d965f90826f6f1d1fc0c1d784ada0cd300fd" "" "https://go.dev/dl/" "https://golang.google.cn/dl/" "https://mirrors.nju.edu.cn/golang/" "https://mirrors.ustc.edu.cn/golang/"    '
+ curl -f --connect-timeout 5 --retry 3 --location https://go.dev/dl/go1.17.13.src.tar.gz
  % Total    % Received % Xferd  Average Speed   Time    Time     Time  Current
                                 Dload  Upload   Total   Spent    Left  Speed
  0     0    0     0    0     0      0      0 --:--:-- --:--:-- --:--:--     0100    68  100    68    0     0   1005      0 --:--:-- --:--:-- --:--:--  1000100    68  100    68    0     0   1004      0 --:--:-- --:--:-- --:--:--  1000
100 21.1M  100 21.1M    0     0  60.3M      0 --:--:-- --:--:-- --:--:-- 60.3M
mkdir -p /mnt/build_wrt/dl
SHELL= flock /mnt/build_wrt/tmp/.go1.20.14.src.tar.gz.flock -c '  	/mnt/build_wrt/scripts/download.pl "/mnt/build_wrt/dl" "go1.20.14.src.tar.gz" "1aef321a0e3e38b7e91d2d7eb64040666cabdcc77d383de3c9522d0d69b67f4e" "" "https://go.dev/dl/" "https://golang.google.cn/dl/" "https://mirrors.nju.edu.cn/golang/" "https://mirrors.ustc.edu.cn/golang/"    '
+ curl -f --connect-timeout 5 --retry 3 --location https://go.dev/dl/go1.20.14.src.tar.gz
  % Total    % Received % Xferd  Average Speed   Time    Time     Time  Current
                                 Dload  Upload   Total   Spent    Left  Speed
  0     0    0     0    0     0      0      0 --:--:-- --:--:-- --:--:--     0100    68  100    68    0     0    871      0 --:--:-- --:--:-- --:--:--   883
100 24.9M  100 24.9M    0     0  83.0M      0 --:--:-- --:--:-- --:--:-- 83.0M
mkdir -p /mnt/build_wrt/dl
SHELL= flock /mnt/build_wrt/tmp/.go1.22.12.src.tar.gz.flock -c '  	/mnt/build_wrt/scripts/download.pl "/mnt/build_wrt/dl" "go1.22.12.src.tar.gz" "012a7e1f37f362c0918c1dfa3334458ac2da1628c4b9cf4d9ca02db986e17d71" "" "https://go.dev/dl/" "https://golang.google.cn/dl/" "https://mirrors.nju.edu.cn/golang/" "https://mirrors.ustc.edu.cn/golang/"    '
+ curl -f --connect-timeout 5 --retry 3 --location https://go.dev/dl/go1.22.12.src.tar.gz
  % Total    % Received % Xferd  Average Speed   Time    Time     Time  Current
                                 Dload  Upload   Total   Spent    Left  Speed
  0     0    0     0    0     0      0      0 --:--:-- --:--:-- --:--:--     0100    68  100    68    0     0    915      0 --:--:-- --:--:-- --:--:--   918
 47 26.2M   47 12.4M    0     0  43.1M      0 --:--:-- --:--:-- --:--:-- 43.1M100 26.2M  100 26.2M    0     0  63.7M      0 --:--:-- --:--:-- --:--:--  113M
mkdir -p /mnt/build_wrt/dl
SHELL= flock /mnt/build_wrt/tmp/.go1.24.13.src.tar.gz.flock -c '  	/mnt/build_wrt/scripts/download.pl "/mnt/build_wrt/dl" "go1.24.13.src.tar.gz" "639a6204c2486b137df1eb6e78ee3ed038f9877d0e4b5a465e796a2153f858d7" "" "https://go.dev/dl/" "https://golang.google.cn/dl/" "https://mirrors.nju.edu.cn/golang/" "https://mirrors.ustc.edu.cn/golang/"    '
+ curl -f --connect-timeout 5 --retry 3 --location https://go.dev/dl/go1.24.13.src.tar.gz
  % Total    % Received % Xferd  Average Speed   Time    Time     Time  Current
                                 Dload  Upload   Total   Spent    Left  Speed
  0     0    0     0    0     0      0      0 --:--:-- --:--:-- --:--:--     0100    68  100    68    0     0    986      0 --:--:-- --:--:-- --:--:--  1000
100 29.3M  100 29.3M    0     0  86.1M      0 --:--:-- --:--:-- --:--:-- 86.1M
tar -C "/mnt/build_wrt/build_dir/hostpkg/go-1.24.13" --strip-components=1 -xzf "/mnt/build_wrt/dl/go1.24.13.src.tar.gz"
[ ! -d ./src/ ] || cp -fpR ./src/* /mnt/build_wrt/build_dir/hostpkg/go-1.24.13
mkdir -p "/mnt/build_wrt/build_dir/hostpkg/go-1.24.13/.go_bootstrap" && tar -C "/mnt/build_wrt/build_dir/hostpkg/go-1.24.13/.go_bootstrap" --strip-components=1 -xzf "/mnt/build_wrt/dl/go1.4-bootstrap-20171003.tar.gz" ; 	mkdir -p "/mnt/build_wrt/build_dir/hostpkg/go-1.24.13/.go_bootstrap_1.17" && tar -C "/mnt/build_wrt/build_dir/hostpkg/go-1.24.13/.go_bootstrap_1.17" --strip-components=1 -xzf "/mnt/build_wrt/dl/go1.17.13.src.tar.gz" ; 	mkdir -p "/mnt/build_wrt/build_dir/hostpkg/go-1.24.13/.go_bootstrap_1.20" && tar -C "/mnt/build_wrt/build_dir/hostpkg/go-1.24.13/.go_bootstrap_1.20" --strip-components=1 -xzf "/mnt/build_wrt/dl/go1.20.14.src.tar.gz" ; 	mkdir -p "/mnt/build_wrt/build_dir/hostpkg/go-1.24.13/.go_bootstrap_1.22" && tar -C "/mnt/build_wrt/build_dir/hostpkg/go-1.24.13/.go_bootstrap_1.22" --strip-components=1 -xzf "/mnt/build_wrt/dl/go1.22.12.src.tar.gz" ;
touch /mnt/build_wrt/build_dir/hostpkg/go-1.24.13/.prepared3a929b5ed878258755a267230234555c_6664517399ebbbc92a37c5bb081b5c53
mkdir -p "/mnt/build_wrt/tmp/go-build"
touch /mnt/build_wrt/build_dir/hostpkg/go-1.24.13/.configured
cd "/mnt/build_wrt/build_dir/hostpkg/go-1.24.13/.go_bootstrap/src" ;  GOHOSTARCH="amd64" GOCACHE="/mnt/build_wrt/tmp/go-build" GOENV=off CC="/mnt/build_wrt/staging_dir/host/bin/gcc" CXX="/mnt/build_wrt/staging_dir/host/bin/g++" CC="/mnt/build_wrt/staging_dir/host/bin/gcc -std=gnu17"  bash make.bash -v --no-banner
# Building C bootstrap tool.
cmd/dist

# Building compilers and Go bootstrap tool for host, linux/amd64.
lib9
In file included from /mnt/build_wrt/build_dir/hostpkg/go-1.24.13/.go_bootstrap/src/lib9/_p9dir.c:28:
/mnt/build_wrt/build_dir/hostpkg/go-1.24.13/.go_bootstrap/include/u.h:86:42: warning: expression does not compute the number of elements in this array; element type is 'struct __jmp_buf_tag', not 'long int' [-Wsizeof-array-div]
   86 | typedef long p9jmp_buf[sizeof(sigjmp_buf)/sizeof(long)];
      |                                          ^
In file included from /mnt/build_wrt/build_dir/hostpkg/go-1.24.13/.go_bootstrap/src/lib9/await.c:31:
/mnt/build_wrt/build_dir/hostpkg/go-1.24.13/.go_bootstrap/include/u.h:86:42: warning: expression does not compute the number of elements in this array; element type is 'struct __jmp_buf_tag', not 'long int' [-Wsizeof-array-div]
   86 | typedef long p9jmp_buf[sizeof(sigjmp_buf)/sizeof(long)];
      |                                          ^
In file included from /mnt/build_wrt/build_dir/hostpkg/go-1.24.13/.go_bootstrap/src/lib9/atoi.c:28:
/mnt/build_wrt/build_dir/hostpkg/go-1.24.13/.go_bootstrap/include/u.h:86:42: warning: expression does not compute the number of elements in this array; element type is 'struct __jmp_buf_tag', not 'long int' [-Wsizeof-array-div]
   86 | typedef long p9jmp_buf[sizeof(sigjmp_buf)/sizeof(long)];
      |                                          ^
In file included from /mnt/build_wrt/build_dir/hostpkg/go-1.24.13/.go_bootstrap/src/lib9/_exits.c:28:
/mnt/build_wrt/build_dir/hostpkg/go-1.24.13/.go_bootstrap/include/u.h:86:42: warning: expression does not compute the number of elements in this array; element type is 'struct __jmp_buf_tag', not 'long int' [-Wsizeof-array-div]
   86 | typedef long p9jmp_buf[sizeof(sigjmp_buf)/sizeof(long)];
      |                                          ^
/mnt/build_wrt/build_dir/hostpkg/go-1.24.13/.go_bootstrap/include/u.h:86:42: note: add parentheses around the second 'sizeof' to silence this warning
/mnt/build_wrt/build_dir/hostpkg/go-1.24.13/.go_bootstrap/include/u.h:86:42: note: add parentheses around the second 'sizeof' to silence this warning
/mnt/build_wrt/build_dir/hostpkg/go-1.24.13/.go_bootstrap/include/u.h:86:42: note: add parentheses around the second 'sizeof' to silence this warning
/mnt/build_wrt/build_dir/hostpkg/go-1.24.13/.go_bootstrap/include/u.h:86:42: note: add parentheses around the second 'sizeof' to silence this warning
In file included from /mnt/build_wrt/build_dir/hostpkg/go-1.24.13/.go_bootstrap/src/lib9/cleanname.c:29:
/mnt/build_wrt/build_dir/hostpkg/go-1.24.13/.go_bootstrap/include/u.h:86:42: warning: expression does not compute the number of elements in this array; element type is 'struct __jmp_buf_tag', not 'long int' [-Wsizeof-array-div]
   86 | typedef long p9jmp_buf[sizeof(sigjmp_buf)/sizeof(long)];
      |                                          ^
/mnt/build_wrt/build_dir/hostpkg/go-1.24.13/.go_bootstrap/include/u.h:86:42: note: add parentheses around the second 'sizeof' to silence this warning
In file included from /mnt/build_wrt/build_dir/hostpkg/go-1.24.13/.go_bootstrap/src/lib9/create.c:28:
/mnt/build_wrt/build_dir/hostpkg/go-1.24.13/.go_bootstrap/include/u.h:86:42: warning: expression does not compute the number of elements in this array; element type is 'struct __jmp_buf_tag', not 'long int' [-Wsizeof-array-div]
   86 | typedef long p9jmp_buf[sizeof(sigjmp_buf)/sizeof(long)];
      |                                          ^
/mnt/build_wrt/build_dir/hostpkg/go-1.24.13/.go_bootstrap/include/u.h:86:42: note: add parentheses around the second 'sizeof' to silence this warning
In file included from /mnt/build_wrt/build_dir/hostpkg/go-1.24.13/.go_bootstrap/src/lib9/ctime.c:8:
/mnt/build_wrt/build_dir/hostpkg/go-1.24.13/.go_bootstrap/include/u.h:86:42: warning: expression does not compute the number of elements in this array; element type is 'struct __jmp_buf_tag', not 'long int' [-Wsizeof-array-div]
   86 | typedef long p9jmp_buf[sizeof(sigjmp_buf)/sizeof(long)];
      |                                          ^
/mnt/build_wrt/build_dir/hostpkg/go-1.24.13/.go_bootstrap/include/u.h:86:42: note: add parentheses around the second 'sizeof' to silence this warning
In file included from /mnt/build_wrt/build_dir/hostpkg/go-1.24.13/.go_bootstrap/src/lib9/dirfstat.c:27:
/mnt/build_wrt/build_dir/hostpkg/go-1.24.13/.go_bootstrap/include/u.h:86:42: warning: expression does not compute the number of elements in this array; element type is 'struct __jmp_buf_tag', not 'long int' [-Wsizeof-array-div]
   86 | typedef long p9jmp_buf[sizeof(sigjmp_buf)/sizeof(long)];
      |                                          ^
/mnt/build_wrt/build_dir/hostpkg/go-1.24.13/.go_bootstrap/include/u.h:86:42: note: add parentheses around the second 'sizeof' to silence this warning
In file included from /mnt/build_wrt/build_dir/hostpkg/go-1.24.13/.go_bootstrap/src/lib9/dirfwstat.c:29:
/mnt/build_wrt/build_dir/hostpkg/go-1.24.13/.go_bootstrap/include/u.h:86:42: warning: expression does not compute the number of elements in this array; element type is 'struct __jmp_buf_tag', not 'long int' [-Wsizeof-array-div]
   86 | typedef long p9jmp_buf[sizeof(sigjmp_buf)/sizeof(long)];
      |                                          ^
/mnt/build_wrt/build_dir/hostpkg/go-1.24.13/.go_bootstrap/include/u.h:86:42: note: add parentheses around the second 'sizeof' to silence this warning
In file included from /mnt/build_wrt/build_dir/hostpkg/go-1.24.13/.go_bootstrap/src/lib9/dirstat.c:27:
/mnt/build_wrt/build_dir/hostpkg/go-1.24.13/.go_bootstrap/include/u.h:86:42: warning: expression does not compute the number of elements in this array; element type is 'struct __jmp_buf_tag', not 'long int' [-Wsizeof-array-div]
   86 | typedef long p9jmp_buf[sizeof(sigjmp_buf)/sizeof(long)];
      |                                          ^
/mnt/build_wrt/build_dir/hostpkg/go-1.24.13/.go_bootstrap/include/u.h:86:42: note: add parentheses around the second 'sizeof' to silence this warning
In file included from /mnt/build_wrt/build_dir/hostpkg/go-1.24.13/.go_bootstrap/src/lib9/dirwstat.c:27:
/mnt/build_wrt/build_dir/hostpkg/go-1.24.13/.go_bootstrap/include/u.h:86:42: warning: expression does not compute the number of elements in this array; element type is 'struct __jmp_buf_tag', not 'long int' [-Wsizeof-array-div]
   86 | typedef long p9jmp_buf[sizeof(sigjmp_buf)/sizeof(long)];
      |                                          ^
/mnt/build_wrt/build_dir/hostpkg/go-1.24.13/.go_bootstrap/include/u.h:86:42: note: add parentheses around the second 'sizeof' to silence this warning
In file included from /mnt/build_wrt/build_dir/hostpkg/go-1.24.13/.go_bootstrap/src/lib9/dup.c:27:
/mnt/build_wrt/build_dir/hostpkg/go-1.24.13/.go_bootstrap/include/u.h:86:42: warning: expression does not compute the number of elements in this array; element type is 'struct __jmp_buf_tag', not 'long int' [-Wsizeof-array-div]
   86 | typedef long p9jmp_buf[sizeof(sigjmp_buf)/sizeof(long)];
      |                                          ^
/mnt/build_wrt/build_dir/hostpkg/go-1.24.13/.go_bootstrap/include/u.h:86:42: note: add parentheses around the second 'sizeof' to silence this warning
In file included from /mnt/build_wrt/build_dir/hostpkg/go-1.24.13/.go_bootstrap/src/lib9/errstr.c:35:
/mnt/build_wrt/build_dir/hostpkg/go-1.24.13/.go_bootstrap/include/u.h:86:42: warning: expression does not compute the number of elements in this array; element type is 'struct __jmp_buf_tag', not 'long int' [-Wsizeof-array-div]
   86 | typedef long p9jmp_buf[sizeof(sigjmp_buf)/sizeof(long)];
      |                                          ^
/mnt/build_wrt/build_dir/hostpkg/go-1.24.13/.go_bootstrap/include/u.h:86:42: note: add parentheses around the second 'sizeof' to silence this warning
In file included from /mnt/build_wrt/build_dir/hostpkg/go-1.24.13/.go_bootstrap/src/lib9/exec.c:27:
/mnt/build_wrt/build_dir/hostpkg/go-1.24.13/.go_bootstrap/include/u.h:86:42: warning: expression does not compute the number of elements in this array; element type is 'struct __jmp_buf_tag', not 'long int' [-Wsizeof-array-div]
   86 | typedef long p9jmp_buf[sizeof(sigjmp_buf)/sizeof(long)];
      |                                          ^
/mnt/build_wrt/build_dir/hostpkg/go-1.24.13/.go_bootstrap/include/u.h:86:42: note: add parentheses around the second 'sizeof' to silence this warning
In file included from /mnt/build_wrt/build_dir/hostpkg/go-1.24.13/.go_bootstrap/src/lib9/execl.c:27:
/mnt/build_wrt/build_dir/hostpkg/go-1.24.13/.go_bootstrap/include/u.h:86:42: warning: expression does not compute the number of elements in this array; element type is 'struct __jmp_buf_tag', not 'long int' [-Wsizeof-array-div]
   86 | typedef long p9jmp_buf[sizeof(sigjmp_buf)/sizeof(long)];
      |                                          ^
/mnt/build_wrt/build_dir/hostpkg/go-1.24.13/.go_bootstrap/include/u.h:86:42: note: add parentheses around the second 'sizeof' to silence this warning
In file included from /mnt/build_wrt/build_dir/hostpkg/go-1.24.13/.go_bootstrap/src/lib9/exitcode.c:28:
/mnt/build_wrt/build_dir/hostpkg/go-1.24.13/.go_bootstrap/include/u.h:86:42: warning: expression does not compute the number of elements in this array; element type is 'struct __jmp_buf_tag', not 'long int' [-Wsizeof-array-div]
   86 | typedef long p9jmp_buf[sizeof(sigjmp_buf)/sizeof(long)];
      |                                          ^
/mnt/build_wrt/build_dir/hostpkg/go-1.24.13/.go_bootstrap/include/u.h:86:42: note: add parentheses around the second 'sizeof' to silence this warning
In file included from /mnt/build_wrt/build_dir/hostpkg/go-1.24.13/.go_bootstrap/src/lib9/exits.c:27:
/mnt/build_wrt/build_dir/hostpkg/go-1.24.13/.go_bootstrap/include/u.h:86:42: warning: expression does not compute the number of elements in this array; element type is 'struct __jmp_buf_tag', not 'long int' [-Wsizeof-array-div]
   86 | typedef long p9jmp_buf[sizeof(sigjmp_buf)/sizeof(long)];
      |                                          ^
/mnt/build_wrt/build_dir/hostpkg/go-1.24.13/.go_bootstrap/include/u.h:86:42: note: add parentheses around the second 'sizeof' to silence this warning
In file included from /mnt/build_wrt/build_dir/hostpkg/go-1.24.13/.go_bootstrap/src/lib9/flag.c:5:
/mnt/build_wrt/build_dir/hostpkg/go-1.24.13/.go_bootstrap/include/u.h:86:42: warning: expression does not compute the number of elements in this array; element type is 'struct __jmp_buf_tag', not 'long int' [-Wsizeof-array-div]
   86 | typedef long p9jmp_buf[sizeof(sigjmp_buf)/sizeof(long)];
      |                                          ^
/mnt/build_wrt/build_dir/hostpkg/go-1.24.13/.go_bootstrap/include/u.h:86:42: note: add parentheses around the second 'sizeof' to silence this warning
In file included from /mnt/build_wrt/build_dir/hostpkg/go-1.24.13/.go_bootstrap/src/lib9/fmt/charstod.c:19:
/mnt/build_wrt/build_dir/hostpkg/go-1.24.13/.go_bootstrap/include/u.h:86:42: warning: expression does not compute the number of elements in this array; element type is 'struct __jmp_buf_tag', not 'long int' [-Wsizeof-array-div]
   86 | typedef long p9jmp_buf[sizeof(sigjmp_buf)/sizeof(long)];
      |                                          ^
/mnt/build_wrt/build_dir/hostpkg/go-1.24.13/.go_bootstrap/include/u.h:86:42: note: add parentheses around the second 'sizeof' to silence this warning
In file included from /mnt/build_wrt/build_dir/hostpkg/go-1.24.13/.go_bootstrap/src/lib9/fmt/dofmt.c:19:
/mnt/build_wrt/build_dir/hostpkg/go-1.24.13/.go_bootstrap/include/u.h:86:42: warning: expression does not compute the number of elements in this array; element type is 'struct __jmp_buf_tag', not 'long int' [-Wsizeof-array-div]
   86 | typedef long p9jmp_buf[sizeof(sigjmp_buf)/sizeof(long)];
      |                                          ^
/mnt/build_wrt/build_dir/hostpkg/go-1.24.13/.go_bootstrap/include/u.h:86:42: note: add parentheses around the second 'sizeof' to silence this warning
In file included from /mnt/build_wrt/build_dir/hostpkg/go-1.24.13/.go_bootstrap/src/lib9/fmt/dorfmt.c:19:
/mnt/build_wrt/build_dir/hostpkg/go-1.24.13/.go_bootstrap/include/u.h:86:42: warning: expression does not compute the number of elements in this array; element type is 'struct __jmp_buf_tag', not 'long int' [-Wsizeof-array-div]
   86 | typedef long p9jmp_buf[sizeof(sigjmp_buf)/sizeof(long)];
      |                                          ^
/mnt/build_wrt/build_dir/hostpkg/go-1.24.13/.go_bootstrap/include/u.h:86:42: note: add parentheses around the second 'sizeof' to silence this warning
In file included from /mnt/build_wrt/build_dir/hostpkg/go-1.24.13/.go_bootstrap/src/lib9/fmt/fltfmt.c:20:
/mnt/build_wrt/build_dir/hostpkg/go-1.24.13/.go_bootstrap/include/u.h:86:42: warning: expression does not compute the number of elements in this array; element type is 'struct __jmp_buf_tag', not 'long int' [-Wsizeof-array-div]
   86 | typedef long p9jmp_buf[sizeof(sigjmp_buf)/sizeof(long)];
      |                                          ^
/mnt/build_wrt/build_dir/hostpkg/go-1.24.13/.go_bootstrap/include/u.h:86:42: note: add parentheses around the second 'sizeof' to silence this warning
/mnt/build_wrt/build_dir/hostpkg/go-1.24.13/.go_bootstrap/src/lib9/fmt/fltfmt.c: In function '__efgfmt':
/mnt/build_wrt/build_dir/hostpkg/go-1.24.13/.go_bootstrap/src/lib9/fmt/fltfmt.c:437:19: warning: this statement may fall through [-Wimplicit-fallthrough=]
  437 |                 if(ndigits > prec) {
      |                   ^
/mnt/build_wrt/build_dir/hostpkg/go-1.24.13/.go_bootstrap/src/lib9/fmt/fltfmt.c:451:9: note: here
  451 |         default:
      |         ^~~~~~~
In file included from /mnt/build_wrt/build_dir/hostpkg/go-1.24.13/.go_bootstrap/src/lib9/fmt/fmt.c:19:
/mnt/build_wrt/build_dir/hostpkg/go-1.24.13/.go_bootstrap/include/u.h:86:42: warning: expression does not compute the number of elements in this array; element type is 'struct __jmp_buf_tag', not 'long int' [-Wsizeof-array-div]
   86 | typedef long p9jmp_buf[sizeof(sigjmp_buf)/sizeof(long)];
      |                                          ^
/mnt/build_wrt/build_dir/hostpkg/go-1.24.13/.go_bootstrap/include/u.h:86:42: note: add parentheses around the second 'sizeof' to silence this warning
In file included from /mnt/build_wrt/build_dir/hostpkg/go-1.24.13/.go_bootstrap/src/lib9/fmt/fmtfd.c:19:
/mnt/build_wrt/build_dir/hostpkg/go-1.24.13/.go_bootstrap/include/u.h:86:42: warning: expression does not compute the number of elements in this array; element type is 'struct __jmp_buf_tag', not 'long int' [-Wsizeof-array-div]
   86 | typedef long p9jmp_buf[sizeof(sigjmp_buf)/sizeof(long)];
      |                                          ^
/mnt/build_wrt/build_dir/hostpkg/go-1.24.13/.go_bootstrap/include/u.h:86:42: note: add parentheses around the second 'sizeof' to silence this warning
In file included from /mnt/build_wrt/build_dir/hostpkg/go-1.24.13/.go_bootstrap/src/lib9/fmt/fmtfdflush.c:19:
/mnt/build_wrt/build_dir/hostpkg/go-1.24.13/.go_bootstrap/include/u.h:86:42: warning: expression does not compute the number of elements in this array; element type is 'struct __jmp_buf_tag', not 'long int' [-Wsizeof-array-div]
   86 | typedef long p9jmp_buf[sizeof(sigjmp_buf)/sizeof(long)];
      |                                          ^
/mnt/build_wrt/build_dir/hostpkg/go-1.24.13/.go_bootstrap/include/u.h:86:42: note: add parentheses around the second 'sizeof' to silence this warning
In file included from /mnt/build_wrt/build_dir/hostpkg/go-1.24.13/.go_bootstrap/src/lib9/fmt/fmtlocale.c:19:
/mnt/build_wrt/build_dir/hostpkg/go-1.24.13/.go_bootstrap/include/u.h:86:42: warning: expression does not compute the number of elements in this array; element type is 'struct __jmp_buf_tag', not 'long int' [-Wsizeof-array-div]
   86 | typedef long p9jmp_buf[sizeof(sigjmp_buf)/sizeof(long)];
      |                                          ^
/mnt/build_wrt/build_dir/hostpkg/go-1.24.13/.go_bootstrap/include/u.h:86:42: note: add parentheses around the second 'sizeof' to silence this warning
In file included from /mnt/build_wrt/build_dir/hostpkg/go-1.24.13/.go_bootstrap/src/lib9/fmt/fmtlock.c:19:
/mnt/build_wrt/build_dir/hostpkg/go-1.24.13/.go_bootstrap/include/u.h:86:42: warning: expression does not compute the number of elements in this array; element type is 'struct __jmp_buf_tag', not 'long int' [-Wsizeof-array-div]
   86 | typedef long p9jmp_buf[sizeof(sigjmp_buf)/sizeof(long)];
      |                                          ^
/mnt/build_wrt/build_dir/hostpkg/go-1.24.13/.go_bootstrap/include/u.h:86:42: note: add parentheses around the second 'sizeof' to silence this warning
In file included from /mnt/build_wrt/build_dir/hostpkg/go-1.24.13/.go_bootstrap/src/lib9/fmt/fmtnull.c:19:
/mnt/build_wrt/build_dir/hostpkg/go-1.24.13/.go_bootstrap/include/u.h:86:42: warning: expression does not compute the number of elements in this array; element type is 'struct __jmp_buf_tag', not 'long int' [-Wsizeof-array-div]
   86 | typedef long p9jmp_buf[sizeof(sigjmp_buf)/sizeof(long)];
      |                                          ^
/mnt/build_wrt/build_dir/hostpkg/go-1.24.13/.go_bootstrap/include/u.h:86:42: note: add parentheses around the second 'sizeof' to silence this warning
In file included from /mnt/build_wrt/build_dir/hostpkg/go-1.24.13/.go_bootstrap/src/lib9/fmt/fmtprint.c:19:
/mnt/build_wrt/build_dir/hostpkg/go-1.24.13/.go_bootstrap/include/u.h:86:42: warning: expression does not compute the number of elements in this array; element type is 'struct __jmp_buf_tag', not 'long int' [-Wsizeof-array-div]
   86 | typedef long p9jmp_buf[sizeof(sigjmp_buf)/sizeof(long)];
      |                                          ^
/mnt/build_wrt/build_dir/hostpkg/go-1.24.13/.go_bootstrap/include/u.h:86:42: note: add parentheses around the second 'sizeof' to silence this warning
In file included from /mnt/build_wrt/build_dir/hostpkg/go-1.24.13/.go_bootstrap/src/lib9/fmt/fmtquote.c:19:
/mnt/build_wrt/build_dir/hostpkg/go-1.24.13/.go_bootstrap/include/u.h:86:42: warning: expression does not compute the number of elements in this array; element type is 'struct __jmp_buf_tag', not 'long int' [-Wsizeof-array-div]
   86 | typedef long p9jmp_buf[sizeof(sigjmp_buf)/sizeof(long)];
      |                                          ^
/mnt/build_wrt/build_dir/hostpkg/go-1.24.13/.go_bootstrap/include/u.h:86:42: note: add parentheses around the second 'sizeof' to silence this warning
In file included from /mnt/build_wrt/build_dir/hostpkg/go-1.24.13/.go_bootstrap/src/lib9/fmt/fmtrune.c:19:
/mnt/build_wrt/build_dir/hostpkg/go-1.24.13/.go_bootstrap/include/u.h:86:42: warning: expression does not compute the number of elements in this array; element type is 'struct __jmp_buf_tag', not 'long int' [-Wsizeof-array-div]
   86 | typedef long p9jmp_buf[sizeof(sigjmp_buf)/sizeof(long)];
      |                                          ^
/mnt/build_wrt/build_dir/hostpkg/go-1.24.13/.go_bootstrap/include/u.h:86:42: note: add parentheses around the second 'sizeof' to silence this warning
In file included from /mnt/build_wrt/build_dir/hostpkg/go-1.24.13/.go_bootstrap/src/lib9/fmt/fmtstr.c:19:
/mnt/build_wrt/build_dir/hostpkg/go-1.24.13/.go_bootstrap/include/u.h:86:42: warning: expression does not compute the number of elements in this array; element type is 'struct __jmp_buf_tag', not 'long int' [-Wsizeof-array-div]
   86 | typedef long p9jmp_buf[sizeof(sigjmp_buf)/sizeof(long)];
      |                                          ^
/mnt/build_wrt/build_dir/hostpkg/go-1.24.13/.go_bootstrap/include/u.h:86:42: note: add parentheses around the second 'sizeof' to silence this warning
In file included from /mnt/build_wrt/build_dir/hostpkg/go-1.24.13/.go_bootstrap/src/lib9/fmt/fmtvprint.c:19:
/mnt/build_wrt/build_dir/hostpkg/go-1.24.13/.go_bootstrap/include/u.h:86:42: warning: expression does not compute the number of elements in this array; element type is 'struct __jmp_buf_tag', not 'long int' [-Wsizeof-array-div]
   86 | typedef long p9jmp_buf[sizeof(sigjmp_buf)/sizeof(long)];
      |                                          ^
/mnt/build_wrt/build_dir/hostpkg/go-1.24.13/.go_bootstrap/include/u.h:86:42: note: add parentheses around the second 'sizeof' to silence this warning
In file included from /mnt/build_wrt/build_dir/hostpkg/go-1.24.13/.go_bootstrap/src/lib9/fmt/nan64.c:26:
/mnt/build_wrt/build_dir/hostpkg/go-1.24.13/.go_bootstrap/include/u.h:86:42: warning: expression does not compute the number of elements in this array; element type is 'struct __jmp_buf_tag', not 'long int' [-Wsizeof-array-div]
   86 | typedef long p9jmp_buf[sizeof(sigjmp_buf)/sizeof(long)];
      |                                          ^
/mnt/build_wrt/build_dir/hostpkg/go-1.24.13/.go_bootstrap/include/u.h:86:42: note: add parentheses around the second 'sizeof' to silence this warning
In file included from /mnt/build_wrt/build_dir/hostpkg/go-1.24.13/.go_bootstrap/src/lib9/fmt/fprint.c:19:
/mnt/build_wrt/build_dir/hostpkg/go-1.24.13/.go_bootstrap/include/u.h:86:42: warning: expression does not compute the number of elements in this array; element type is 'struct __jmp_buf_tag', not 'long int' [-Wsizeof-array-div]
   86 | typedef long p9jmp_buf[sizeof(sigjmp_buf)/sizeof(long)];
      |                                          ^
/mnt/build_wrt/build_dir/hostpkg/go-1.24.13/.go_bootstrap/include/u.h:86:42: note: add parentheses around the second 'sizeof' to silence this warning
In file included from /mnt/build_wrt/build_dir/hostpkg/go-1.24.13/.go_bootstrap/src/lib9/fmt/pow10.c:19:
/mnt/build_wrt/build_dir/hostpkg/go-1.24.13/.go_bootstrap/include/u.h:86:42: warning: expression does not compute the number of elements in this array; element type is 'struct __jmp_buf_tag', not 'long int' [-Wsizeof-array-div]
   86 | typedef long p9jmp_buf[sizeof(sigjmp_buf)/sizeof(long)];
      |                                          ^
/mnt/build_wrt/build_dir/hostpkg/go-1.24.13/.go_bootstrap/include/u.h:86:42: note: add parentheses around the second 'sizeof' to silence this warning
In file included from /mnt/build_wrt/build_dir/hostpkg/go-1.24.13/.go_bootstrap/src/lib9/fmt/print.c:19:
/mnt/build_wrt/build_dir/hostpkg/go-1.24.13/.go_bootstrap/include/u.h:86:42: warning: expression does not compute the number of elements in this array; element type is 'struct __jmp_buf_tag', not 'long int' [-Wsizeof-array-div]
   86 | typedef long p9jmp_buf[sizeof(sigjmp_buf)/sizeof(long)];
      |                                          ^
/mnt/build_wrt/build_dir/hostpkg/go-1.24.13/.go_bootstrap/include/u.h:86:42: note: add parentheses around the second 'sizeof' to silence this warning
In file included from /mnt/build_wrt/build_dir/hostpkg/go-1.24.13/.go_bootstrap/src/lib9/fmt/seprint.c:19:
/mnt/build_wrt/build_dir/hostpkg/go-1.24.13/.go_bootstrap/include/u.h:86:42: warning: expression does not compute the number of elements in this array; element type is 'struct __jmp_buf_tag', not 'long int' [-Wsizeof-array-div]
   86 | typedef long p9jmp_buf[sizeof(sigjmp_buf)/sizeof(long)];
      |                                          ^
/mnt/build_wrt/build_dir/hostpkg/go-1.24.13/.go_bootstrap/include/u.h:86:42: note: add parentheses around the second 'sizeof' to silence this warning
In file included from /mnt/build_wrt/build_dir/hostpkg/go-1.24.13/.go_bootstrap/src/lib9/fmt/smprint.c:19:
/mnt/build_wrt/build_dir/hostpkg/go-1.24.13/.go_bootstrap/include/u.h:86:42: warning: expression does not compute the number of elements in this array; element type is 'struct __jmp_buf_tag', not 'long int' [-Wsizeof-array-div]
   86 | typedef long p9jmp_buf[sizeof(sigjmp_buf)/sizeof(long)];
      |                                          ^
/mnt/build_wrt/build_dir/hostpkg/go-1.24.13/.go_bootstrap/include/u.h:86:42: note: add parentheses around the second 'sizeof' to silence this warning
In file included from /mnt/build_wrt/build_dir/hostpkg/go-1.24.13/.go_bootstrap/src/lib9/fmt/snprint.c:19:
/mnt/build_wrt/build_dir/hostpkg/go-1.24.13/.go_bootstrap/include/u.h:86:42: warning: expression does not compute the number of elements in this array; element type is 'struct __jmp_buf_tag', not 'long int' [-Wsizeof-array-div]
   86 | typedef long p9jmp_buf[sizeof(sigjmp_buf)/sizeof(long)];
      |                                          ^
/mnt/build_wrt/build_dir/hostpkg/go-1.24.13/.go_bootstrap/include/u.h:86:42: note: add parentheses around the second 'sizeof' to silence this warning
In file included from /mnt/build_wrt/build_dir/hostpkg/go-1.24.13/.go_bootstrap/src/lib9/fmt/sprint.c:19:
/mnt/build_wrt/build_dir/hostpkg/go-1.24.13/.go_bootstrap/include/u.h:86:42: warning: expression does not compute the number of elements in this array; element type is 'struct __jmp_buf_tag', not 'long int' [-Wsizeof-array-div]
   86 | typedef long p9jmp_buf[sizeof(sigjmp_buf)/sizeof(long)];
      |                                          ^
/mnt/build_wrt/build_dir/hostpkg/go-1.24.13/.go_bootstrap/include/u.h:86:42: note: add parentheses around the second 'sizeof' to silence this warning
In file included from /mnt/build_wrt/build_dir/hostpkg/go-1.24.13/.go_bootstrap/src/lib9/fmt/vfprint.c:19:
/mnt/build_wrt/build_dir/hostpkg/go-1.24.13/.go_bootstrap/include/u.h:86:42: warning: expression does not compute the number of elements in this array; element type is 'struct __jmp_buf_tag', not 'long int' [-Wsizeof-array-div]
   86 | typedef long p9jmp_buf[sizeof(sigjmp_buf)/sizeof(long)];
      |                                          ^
/mnt/build_wrt/build_dir/hostpkg/go-1.24.13/.go_bootstrap/include/u.h:86:42: note: add parentheses around the second 'sizeof' to silence this warning
In file included from /mnt/build_wrt/build_dir/hostpkg/go-1.24.13/.go_bootstrap/src/lib9/fmt/strtod.c:19:
/mnt/build_wrt/build_dir/hostpkg/go-1.24.13/.go_bootstrap/include/u.h:86:42: warning: expression does not compute the number of elements in this array; element type is 'struct __jmp_buf_tag', not 'long int' [-Wsizeof-array-div]
   86 | typedef long p9jmp_buf[sizeof(sigjmp_buf)/sizeof(long)];
      |                                          ^
/mnt/build_wrt/build_dir/hostpkg/go-1.24.13/.go_bootstrap/include/u.h:86:42: note: add parentheses around the second 'sizeof' to silence this warning
/mnt/build_wrt/build_dir/hostpkg/go-1.24.13/.go_bootstrap/src/lib9/fmt/strtod.c: In function 'fmtstrtod':
/mnt/build_wrt/build_dir/hostpkg/go-1.24.13/.go_bootstrap/src/lib9/fmt/strtod.c:141:27: warning: this statement may fall through [-Wimplicit-fallthrough=]
  141 |                         if(state == S0)
      |                           ^
/mnt/build_wrt/build_dir/hostpkg/go-1.24.13/.go_bootstrap/src/lib9/fmt/strtod.c:145:17: note: here
  145 |                 case '+':
      |                 ^~~~
/mnt/build_wrt/build_dir/hostpkg/go-1.24.13/.go_bootstrap/src/lib9/fmt/strtod.c:182:19: warning: this statement may fall through [-Wimplicit-fallthrough=]
  182 |                 if(xcmp(s, "nan") == 0) {
      |                   ^
/mnt/build_wrt/build_dir/hostpkg/go-1.24.13/.go_bootstrap/src/lib9/fmt/strtod.c:187:9: note: here
  187 |         case S1:
      |         ^~~~
/mnt/build_wrt/build_dir/hostpkg/go-1.24.13/.go_bootstrap/src/lib9/fmt/strtod.c:193:19: warning: this statement may fall through [-Wimplicit-fallthrough=]
  193 |                 if(xcmp(s, "inf") == 0) {
      |                   ^
/mnt/build_wrt/build_dir/hostpkg/go-1.24.13/.go_bootstrap/src/lib9/fmt/strtod.c:198:9: note: here
  198 |         case S3:
      |         ^~~~
/mnt/build_wrt/build_dir/hostpkg/go-1.24.13/.go_bootstrap/src/lib9/fmt/strtod.c:203:18: warning: this statement may fall through [-Wimplicit-fallthrough=]
  203 |                 s--;            /* back over +- */
      |                 ~^~
/mnt/build_wrt/build_dir/hostpkg/go-1.24.13/.go_bootstrap/src/lib9/fmt/strtod.c:204:9: note: here
  204 |         case S5:
      |         ^~~~
In file included from /mnt/build_wrt/build_dir/hostpkg/go-1.24.13/.go_bootstrap/src/lib9/fmt/vseprint.c:19:
/mnt/build_wrt/build_dir/hostpkg/go-1.24.13/.go_bootstrap/include/u.h:86:42: warning: expression does not compute the number of elements in this array; element type is 'struct __jmp_buf_tag', not 'long int' [-Wsizeof-array-div]
   86 | typedef long p9jmp_buf[sizeof(sigjmp_buf)/sizeof(long)];
      |                                          ^
/mnt/build_wrt/build_dir/hostpkg/go-1.24.13/.go_bootstrap/include/u.h:86:42: note: add parentheses around the second 'sizeof' to silence this warning
In file included from /mnt/build_wrt/build_dir/hostpkg/go-1.24.13/.go_bootstrap/src/lib9/fmt/vsmprint.c:19:
/mnt/build_wrt/build_dir/hostpkg/go-1.24.13/.go_bootstrap/include/u.h:86:42: warning: expression does not compute the number of elements in this array; element type is 'struct __jmp_buf_tag', not 'long int' [-Wsizeof-array-div]
   86 | typedef long p9jmp_buf[sizeof(sigjmp_buf)/sizeof(long)];
      |                                          ^
/mnt/build_wrt/build_dir/hostpkg/go-1.24.13/.go_bootstrap/include/u.h:86:42: note: add parentheses around the second 'sizeof' to silence this warning
/mnt/build_wrt/build_dir/hostpkg/go-1.24.13/.go_bootstrap/src/lib9/fmt/vsmprint.c: In function 'fmtStrFlush':
/mnt/build_wrt/build_dir/hostpkg/go-1.24.13/.go_bootstrap/src/lib9/fmt/vsmprint.c:39:17: warning: pointer 's' may be used after 'realloc' [-Wuse-after-free]
   39 |                 free(s);
      |                 ^~~~~~~
/mnt/build_wrt/build_dir/hostpkg/go-1.24.13/.go_bootstrap/src/lib9/fmt/vsmprint.c:34:20: note: call to 'realloc' here
   34 |         f->start = realloc(s, (size_t)n);
      |                    ^~~~~~~~~~~~~~~~~~~~~
/mnt/build_wrt/build_dir/hostpkg/go-1.24.13/.go_bootstrap/src/lib9/fmt/vsmprint.c:43:49: warning: pointer 's' may be used after 'realloc' [-Wuse-after-free]
   43 |         f->to = (char*)f->start + ((char*)f->to - s);
      |                                   ~~~~~~~~~~~~~~^~~~
/mnt/build_wrt/build_dir/hostpkg/go-1.24.13/.go_bootstrap/src/lib9/fmt/vsmprint.c:34:20: note: call to 'realloc' here
   34 |         f->start = realloc(s, (size_t)n);
      |                    ^~~~~~~~~~~~~~~~~~~~~
In file included from /mnt/build_wrt/build_dir/hostpkg/go-1.24.13/.go_bootstrap/src/lib9/fmt/vsnprint.c:19:
/mnt/build_wrt/build_dir/hostpkg/go-1.24.13/.go_bootstrap/include/u.h:86:42: warning: expression does not compute the number of elements in this array; element type is 'struct __jmp_buf_tag', not 'long int' [-Wsizeof-array-div]
   86 | typedef long p9jmp_buf[sizeof(sigjmp_buf)/sizeof(long)];
      |                                          ^
/mnt/build_wrt/build_dir/hostpkg/go-1.24.13/.go_bootstrap/include/u.h:86:42: note: add parentheses around the second 'sizeof' to silence this warning
In file included from /mnt/build_wrt/build_dir/hostpkg/go-1.24.13/.go_bootstrap/src/lib9/fmtlock2.c:29:
/mnt/build_wrt/build_dir/hostpkg/go-1.24.13/.go_bootstrap/include/u.h:86:42: warning: expression does not compute the number of elements in this array; element type is 'struct __jmp_buf_tag', not 'long int' [-Wsizeof-array-div]
   86 | typedef long p9jmp_buf[sizeof(sigjmp_buf)/sizeof(long)];
      |                                          ^
/mnt/build_wrt/build_dir/hostpkg/go-1.24.13/.go_bootstrap/include/u.h:86:42: note: add parentheses around the second 'sizeof' to silence this warning
In file included from /mnt/build_wrt/build_dir/hostpkg/go-1.24.13/.go_bootstrap/src/lib9/getenv.c:27:
/mnt/build_wrt/build_dir/hostpkg/go-1.24.13/.go_bootstrap/include/u.h:86:42: warning: expression does not compute the number of elements in this array; element type is 'struct __jmp_buf_tag', not 'long int' [-Wsizeof-array-div]
   86 | typedef long p9jmp_buf[sizeof(sigjmp_buf)/sizeof(long)];
      |                                          ^
/mnt/build_wrt/build_dir/hostpkg/go-1.24.13/.go_bootstrap/include/u.h:86:42: note: add parentheses around the second 'sizeof' to silence this warning
In file included from /mnt/build_wrt/build_dir/hostpkg/go-1.24.13/.go_bootstrap/src/lib9/getfields.c:27:
/mnt/build_wrt/build_dir/hostpkg/go-1.24.13/.go_bootstrap/include/u.h:86:42: warning: expression does not compute the number of elements in this array; element type is 'struct __jmp_buf_tag', not 'long int' [-Wsizeof-array-div]
   86 | typedef long p9jmp_buf[sizeof(sigjmp_buf)/sizeof(long)];
      |                                          ^
/mnt/build_wrt/build_dir/hostpkg/go-1.24.13/.go_bootstrap/include/u.h:86:42: note: add parentheses around the second 'sizeof' to silence this warning
In file included from /mnt/build_wrt/build_dir/hostpkg/go-1.24.13/.go_bootstrap/src/lib9/getwd.c:28:
/mnt/build_wrt/build_dir/hostpkg/go-1.24.13/.go_bootstrap/include/u.h:86:42: warning: expression does not compute the number of elements in this array; element type is 'struct __jmp_buf_tag', not 'long int' [-Wsizeof-array-div]
   86 | typedef long p9jmp_buf[sizeof(sigjmp_buf)/sizeof(long)];
      |                                          ^
/mnt/build_wrt/build_dir/hostpkg/go-1.24.13/.go_bootstrap/include/u.h:86:42: note: add parentheses around the second 'sizeof' to silence this warning
In file included from /mnt/build_wrt/build_dir/hostpkg/go-1.24.13/.go_bootstrap/src/lib9/goos.c:5:
/mnt/build_wrt/build_dir/hostpkg/go-1.24.13/.go_bootstrap/include/u.h:86:42: warning: expression does not compute the number of elements in this array; element type is 'struct __jmp_buf_tag', not 'long int' [-Wsizeof-array-div]
   86 | typedef long p9jmp_buf[sizeof(sigjmp_buf)/sizeof(long)];
      |                                          ^
/mnt/build_wrt/build_dir/hostpkg/go-1.24.13/.go_bootstrap/include/u.h:86:42: note: add parentheses around the second 'sizeof' to silence this warning
In file included from /mnt/build_wrt/build_dir/hostpkg/go-1.24.13/.go_bootstrap/src/lib9/jmp.c:29:
/mnt/build_wrt/build_dir/hostpkg/go-1.24.13/.go_bootstrap/include/u.h:86:42: warning: expression does not compute the number of elements in this array; element type is 'struct __jmp_buf_tag', not 'long int' [-Wsizeof-array-div]
   86 | typedef long p9jmp_buf[sizeof(sigjmp_buf)/sizeof(long)];
      |                                          ^
/mnt/build_wrt/build_dir/hostpkg/go-1.24.13/.go_bootstrap/include/u.h:86:42: note: add parentheses around the second 'sizeof' to silence this warning
In file included from /mnt/build_wrt/build_dir/hostpkg/go-1.24.13/.go_bootstrap/src/lib9/main.c:28:
/mnt/build_wrt/build_dir/hostpkg/go-1.24.13/.go_bootstrap/include/u.h:86:42: warning: expression does not compute the number of elements in this array; element type is 'struct __jmp_buf_tag', not 'long int' [-Wsizeof-array-div]
   86 | typedef long p9jmp_buf[sizeof(sigjmp_buf)/sizeof(long)];
      |                                          ^
/mnt/build_wrt/build_dir/hostpkg/go-1.24.13/.go_bootstrap/include/u.h:86:42: note: add parentheses around the second 'sizeof' to silence this warning
In file included from /mnt/build_wrt/build_dir/hostpkg/go-1.24.13/.go_bootstrap/src/lib9/nan.c:28:
/mnt/build_wrt/build_dir/hostpkg/go-1.24.13/.go_bootstrap/include/u.h:86:42: warning: expression does not compute the number of elements in this array; element type is 'struct __jmp_buf_tag', not 'long int' [-Wsizeof-array-div]
   86 | typedef long p9jmp_buf[sizeof(sigjmp_buf)/sizeof(long)];
      |                                          ^
/mnt/build_wrt/build_dir/hostpkg/go-1.24.13/.go_bootstrap/include/u.h:86:42: note: add parentheses around the second 'sizeof' to silence this warning
In file included from /mnt/build_wrt/build_dir/hostpkg/go-1.24.13/.go_bootstrap/src/lib9/notify.c:50:
/mnt/build_wrt/build_dir/hostpkg/go-1.24.13/.go_bootstrap/include/u.h:86:42: warning: expression does not compute the number of elements in this array; element type is 'struct __jmp_buf_tag', not 'long int' [-Wsizeof-array-div]
   86 | typedef long p9jmp_buf[sizeof(sigjmp_buf)/sizeof(long)];
      |                                          ^
/mnt/build_wrt/build_dir/hostpkg/go-1.24.13/.go_bootstrap/include/u.h:86:42: note: add parentheses around the second 'sizeof' to silence this warning
In file included from /mnt/build_wrt/build_dir/hostpkg/go-1.24.13/.go_bootstrap/src/lib9/nulldir.c:29:
/mnt/build_wrt/build_dir/hostpkg/go-1.24.13/.go_bootstrap/include/u.h:86:42: warning: expression does not compute the number of elements in this array; element type is 'struct __jmp_buf_tag', not 'long int' [-Wsizeof-array-div]
   86 | typedef long p9jmp_buf[sizeof(sigjmp_buf)/sizeof(long)];
      |                                          ^
/mnt/build_wrt/build_dir/hostpkg/go-1.24.13/.go_bootstrap/include/u.h:86:42: note: add parentheses around the second 'sizeof' to silence this warning
In file included from /mnt/build_wrt/build_dir/hostpkg/go-1.24.13/.go_bootstrap/src/lib9/open.c:29:
/mnt/build_wrt/build_dir/hostpkg/go-1.24.13/.go_bootstrap/include/u.h:86:42: warning: expression does not compute the number of elements in this array; element type is 'struct __jmp_buf_tag', not 'long int' [-Wsizeof-array-div]
   86 | typedef long p9jmp_buf[sizeof(sigjmp_buf)/sizeof(long)];
      |                                          ^
/mnt/build_wrt/build_dir/hostpkg/go-1.24.13/.go_bootstrap/include/u.h:86:42: note: add parentheses around the second 'sizeof' to silence this warning
In file included from /mnt/build_wrt/build_dir/hostpkg/go-1.24.13/.go_bootstrap/src/lib9/readn.c:29:
/mnt/build_wrt/build_dir/hostpkg/go-1.24.13/.go_bootstrap/include/u.h:86:42: warning: expression does not compute the number of elements in this array; element type is 'struct __jmp_buf_tag', not 'long int' [-Wsizeof-array-div]
   86 | typedef long p9jmp_buf[sizeof(sigjmp_buf)/sizeof(long)];
      |                                          ^
/mnt/build_wrt/build_dir/hostpkg/go-1.24.13/.go_bootstrap/include/u.h:86:42: note: add parentheses around the second 'sizeof' to silence this warning
In file included from /mnt/build_wrt/build_dir/hostpkg/go-1.24.13/.go_bootstrap/src/lib9/rfork.c:29:
/mnt/build_wrt/build_dir/hostpkg/go-1.24.13/.go_bootstrap/include/u.h:86:42: warning: expression does not compute the number of elements in this array; element type is 'struct __jmp_buf_tag', not 'long int' [-Wsizeof-array-div]
   86 | typedef long p9jmp_buf[sizeof(sigjmp_buf)/sizeof(long)];
      |                                          ^
/mnt/build_wrt/build_dir/hostpkg/go-1.24.13/.go_bootstrap/include/u.h:86:42: note: add parentheses around the second 'sizeof' to silence this warning
In file included from /mnt/build_wrt/build_dir/hostpkg/go-1.24.13/.go_bootstrap/src/lib9/run_unix.c:7:
/mnt/build_wrt/build_dir/hostpkg/go-1.24.13/.go_bootstrap/include/u.h:86:42: warning: expression does not compute the number of elements in this array; element type is 'struct __jmp_buf_tag', not 'long int' [-Wsizeof-array-div]
   86 | typedef long p9jmp_buf[sizeof(sigjmp_buf)/sizeof(long)];
      |                                          ^
/mnt/build_wrt/build_dir/hostpkg/go-1.24.13/.go_bootstrap/include/u.h:86:42: note: add parentheses around the second 'sizeof' to silence this warning
In file included from /mnt/build_wrt/build_dir/hostpkg/go-1.24.13/.go_bootstrap/src/lib9/seek.c:28:
/mnt/build_wrt/build_dir/hostpkg/go-1.24.13/.go_bootstrap/include/u.h:86:42: warning: expression does not compute the number of elements in this array; element type is 'struct __jmp_buf_tag', not 'long int' [-Wsizeof-array-div]
   86 | typedef long p9jmp_buf[sizeof(sigjmp_buf)/sizeof(long)];
      |                                          ^
/mnt/build_wrt/build_dir/hostpkg/go-1.24.13/.go_bootstrap/include/u.h:86:42: note: add parentheses around the second 'sizeof' to silence this warning
In file included from /mnt/build_wrt/build_dir/hostpkg/go-1.24.13/.go_bootstrap/src/lib9/strecpy.c:29:
/mnt/build_wrt/build_dir/hostpkg/go-1.24.13/.go_bootstrap/include/u.h:86:42: warning: expression does not compute the number of elements in this array; element type is 'struct __jmp_buf_tag', not 'long int' [-Wsizeof-array-div]
   86 | typedef long p9jmp_buf[sizeof(sigjmp_buf)/sizeof(long)];
      |                                          ^
/mnt/build_wrt/build_dir/hostpkg/go-1.24.13/.go_bootstrap/include/u.h:86:42: note: add parentheses around the second 'sizeof' to silence this warning
In file included from /mnt/build_wrt/build_dir/hostpkg/go-1.24.13/.go_bootstrap/src/lib9/sysfatal.c:28:
/mnt/build_wrt/build_dir/hostpkg/go-1.24.13/.go_bootstrap/include/u.h:86:42: warning: expression does not compute the number of elements in this array; element type is 'struct __jmp_buf_tag', not 'long int' [-Wsizeof-array-div]
   86 | typedef long p9jmp_buf[sizeof(sigjmp_buf)/sizeof(long)];
      |                                          ^
/mnt/build_wrt/build_dir/hostpkg/go-1.24.13/.go_bootstrap/include/u.h:86:42: note: add parentheses around the second 'sizeof' to silence this warning
In file included from /mnt/build_wrt/build_dir/hostpkg/go-1.24.13/.go_bootstrap/src/lib9/tempdir_unix.c:7:
/mnt/build_wrt/build_dir/hostpkg/go-1.24.13/.go_bootstrap/include/u.h:86:42: warning: expression does not compute the number of elements in this array; element type is 'struct __jmp_buf_tag', not 'long int' [-Wsizeof-array-div]
   86 | typedef long p9jmp_buf[sizeof(sigjmp_buf)/sizeof(long)];
      |                                          ^
/mnt/build_wrt/build_dir/hostpkg/go-1.24.13/.go_bootstrap/include/u.h:86:42: note: add parentheses around the second 'sizeof' to silence this warning
In file included from /mnt/build_wrt/build_dir/hostpkg/go-1.24.13/.go_bootstrap/src/lib9/time.c:27:
/mnt/build_wrt/build_dir/hostpkg/go-1.24.13/.go_bootstrap/include/u.h:86:42: warning: expression does not compute the number of elements in this array; element type is 'struct __jmp_buf_tag', not 'long int' [-Wsizeof-array-div]
   86 | typedef long p9jmp_buf[sizeof(sigjmp_buf)/sizeof(long)];
      |                                          ^
/mnt/build_wrt/build_dir/hostpkg/go-1.24.13/.go_bootstrap/include/u.h:86:42: note: add parentheses around the second 'sizeof' to silence this warning
In file included from /mnt/build_wrt/build_dir/hostpkg/go-1.24.13/.go_bootstrap/src/lib9/tokenize.c:29:
/mnt/build_wrt/build_dir/hostpkg/go-1.24.13/.go_bootstrap/include/u.h:86:42: warning: expression does not compute the number of elements in this array; element type is 'struct __jmp_buf_tag', not 'long int' [-Wsizeof-array-div]
   86 | typedef long p9jmp_buf[sizeof(sigjmp_buf)/sizeof(long)];
      |                                          ^
/mnt/build_wrt/build_dir/hostpkg/go-1.24.13/.go_bootstrap/include/u.h:86:42: note: add parentheses around the second 'sizeof' to silence this warning
In file included from /mnt/build_wrt/build_dir/hostpkg/go-1.24.13/.go_bootstrap/src/lib9/utf/utfecpy.c:14:
/mnt/build_wrt/build_dir/hostpkg/go-1.24.13/.go_bootstrap/include/u.h:86:42: warning: expression does not compute the number of elements in this array; element type is 'struct __jmp_buf_tag', not 'long int' [-Wsizeof-array-div]
   86 | typedef long p9jmp_buf[sizeof(sigjmp_buf)/sizeof(long)];
      |                                          ^
/mnt/build_wrt/build_dir/hostpkg/go-1.24.13/.go_bootstrap/include/u.h:86:42: note: add parentheses around the second 'sizeof' to silence this warning
In file included from /mnt/build_wrt/build_dir/hostpkg/go-1.24.13/.go_bootstrap/src/lib9/utf/utfrrune.c:14:
/mnt/build_wrt/build_dir/hostpkg/go-1.24.13/.go_bootstrap/include/u.h:86:42: warning: expression does not compute the number of elements in this array; element type is 'struct __jmp_buf_tag', not 'long int' [-Wsizeof-array-div]
   86 | typedef long p9jmp_buf[sizeof(sigjmp_buf)/sizeof(long)];
      |                                          ^
/mnt/build_wrt/build_dir/hostpkg/go-1.24.13/.go_bootstrap/include/u.h:86:42: note: add parentheses around the second 'sizeof' to silence this warning
In file included from /mnt/build_wrt/build_dir/hostpkg/go-1.24.13/.go_bootstrap/src/lib9/utf/utfutf.c:14:
/mnt/build_wrt/build_dir/hostpkg/go-1.24.13/.go_bootstrap/include/u.h:86:42: warning: expression does not compute the number of elements in this array; element type is 'struct __jmp_buf_tag', not 'long int' [-Wsizeof-array-div]
   86 | typedef long p9jmp_buf[sizeof(sigjmp_buf)/sizeof(long)];
      |                                          ^
/mnt/build_wrt/build_dir/hostpkg/go-1.24.13/.go_bootstrap/include/u.h:86:42: note: add parentheses around the second 'sizeof' to silence this warning
In file included from /mnt/build_wrt/build_dir/hostpkg/go-1.24.13/.go_bootstrap/src/lib9/utf/utfrune.c:14:
/mnt/build_wrt/build_dir/hostpkg/go-1.24.13/.go_bootstrap/include/u.h:86:42: warning: expression does not compute the number of elements in this array; element type is 'struct __jmp_buf_tag', not 'long int' [-Wsizeof-array-div]
   86 | typedef long p9jmp_buf[sizeof(sigjmp_buf)/sizeof(long)];
      |                                          ^
/mnt/build_wrt/build_dir/hostpkg/go-1.24.13/.go_bootstrap/include/u.h:86:42: note: add parentheses around the second 'sizeof' to silence this warning
libbio
In file included from /mnt/build_wrt/build_dir/hostpkg/go-1.24.13/.go_bootstrap/src/libbio/bfildes.c:26:
/mnt/build_wrt/build_dir/hostpkg/go-1.24.13/.go_bootstrap/include/u.h:86:42: warning: expression does not compute the number of elements in this array; element type is 'struct __jmp_buf_tag', not 'long int' [-Wsizeof-array-div]
   86 | typedef long p9jmp_buf[sizeof(sigjmp_buf)/sizeof(long)];
      |                                          ^
In file included from /mnt/build_wrt/build_dir/hostpkg/go-1.24.13/.go_bootstrap/src/libbio/bgetc.c:26:
/mnt/build_wrt/build_dir/hostpkg/go-1.24.13/.go_bootstrap/include/u.h:86:42: warning: expression does not compute the number of elements in this array; element type is 'struct __jmp_buf_tag', not 'long int' [-Wsizeof-array-div]
   86 | typedef long p9jmp_buf[sizeof(sigjmp_buf)/sizeof(long)];
      |                                          ^
/mnt/build_wrt/build_dir/hostpkg/go-1.24.13/.go_bootstrap/include/u.h:86:42: note: add parentheses around the second 'sizeof' to silence this warning
/mnt/build_wrt/build_dir/hostpkg/go-1.24.13/.go_bootstrap/include/u.h:86:42: note: add parentheses around the second 'sizeof' to silence this warning
In file included from /mnt/build_wrt/build_dir/hostpkg/go-1.24.13/.go_bootstrap/src/libbio/bflush.c:26:
/mnt/build_wrt/build_dir/hostpkg/go-1.24.13/.go_bootstrap/include/u.h:86:42: warning: expression does not compute the number of elements in this array; element type is 'struct __jmp_buf_tag', not 'long int' [-Wsizeof-array-div]
   86 | typedef long p9jmp_buf[sizeof(sigjmp_buf)/sizeof(long)];
      |                                          ^
/mnt/build_wrt/build_dir/hostpkg/go-1.24.13/.go_bootstrap/include/u.h:86:42: note: add parentheses around the second 'sizeof' to silence this warning
In file included from /mnt/build_wrt/build_dir/hostpkg/go-1.24.13/.go_bootstrap/src/libbio/bbuffered.c:26:
/mnt/build_wrt/build_dir/hostpkg/go-1.24.13/.go_bootstrap/include/u.h:86:42: warning: expression does not compute the number of elements in this array; element type is 'struct __jmp_buf_tag', not 'long int' [-Wsizeof-array-div]
   86 | typedef long p9jmp_buf[sizeof(sigjmp_buf)/sizeof(long)];
      |                                          ^
/mnt/build_wrt/build_dir/hostpkg/go-1.24.13/.go_bootstrap/include/u.h:86:42: note: add parentheses around the second 'sizeof' to silence this warning
/mnt/build_wrt/build_dir/hostpkg/go-1.24.13/.go_bootstrap/src/libbio/bflush.c: In function 'Bflush':
/mnt/build_wrt/build_dir/hostpkg/go-1.24.13/.go_bootstrap/src/libbio/bflush.c:51:27: warning: this statement may fall through [-Wimplicit-fallthrough=]
   51 |                 bp->state = Bractive;
      |                 ~~~~~~~~~~^~~~~~~~~~
/mnt/build_wrt/build_dir/hostpkg/go-1.24.13/.go_bootstrap/src/libbio/bflush.c:53:9: note: here
   53 |         case Bractive:
      |         ^~~~
In file included from /mnt/build_wrt/build_dir/hostpkg/go-1.24.13/.go_bootstrap/src/libbio/bgetd.c:26:
/mnt/build_wrt/build_dir/hostpkg/go-1.24.13/.go_bootstrap/include/u.h:86:42: warning: expression does not compute the number of elements in this array; element type is 'struct __jmp_buf_tag', not 'long int' [-Wsizeof-array-div]
   86 | typedef long p9jmp_buf[sizeof(sigjmp_buf)/sizeof(long)];
      |                                          ^
/mnt/build_wrt/build_dir/hostpkg/go-1.24.13/.go_bootstrap/include/u.h:86:42: note: add parentheses around the second 'sizeof' to silence this warning
In file included from /mnt/build_wrt/build_dir/hostpkg/go-1.24.13/.go_bootstrap/src/libbio/bgetrune.c:26:
/mnt/build_wrt/build_dir/hostpkg/go-1.24.13/.go_bootstrap/include/u.h:86:42: warning: expression does not compute the number of elements in this array; element type is 'struct __jmp_buf_tag', not 'long int' [-Wsizeof-array-div]
   86 | typedef long p9jmp_buf[sizeof(sigjmp_buf)/sizeof(long)];
      |                                          ^
/mnt/build_wrt/build_dir/hostpkg/go-1.24.13/.go_bootstrap/include/u.h:86:42: note: add parentheses around the second 'sizeof' to silence this warning
In file included from /mnt/build_wrt/build_dir/hostpkg/go-1.24.13/.go_bootstrap/src/libbio/binit.c:26:
/mnt/build_wrt/build_dir/hostpkg/go-1.24.13/.go_bootstrap/include/u.h:86:42: warning: expression does not compute the number of elements in this array; element type is 'struct __jmp_buf_tag', not 'long int' [-Wsizeof-array-div]
   86 | typedef long p9jmp_buf[sizeof(sigjmp_buf)/sizeof(long)];
      |                                          ^
/mnt/build_wrt/build_dir/hostpkg/go-1.24.13/.go_bootstrap/include/u.h:86:42: note: add parentheses around the second 'sizeof' to silence this warning
In file included from /mnt/build_wrt/build_dir/hostpkg/go-1.24.13/.go_bootstrap/src/libbio/boffset.c:26:
/mnt/build_wrt/build_dir/hostpkg/go-1.24.13/.go_bootstrap/include/u.h:86:42: warning: expression does not compute the number of elements in this array; element type is 'struct __jmp_buf_tag', not 'long int' [-Wsizeof-array-div]
   86 | typedef long p9jmp_buf[sizeof(sigjmp_buf)/sizeof(long)];
      |                                          ^
/mnt/build_wrt/build_dir/hostpkg/go-1.24.13/.go_bootstrap/include/u.h:86:42: note: add parentheses around the second 'sizeof' to silence this warning
In file included from /mnt/build_wrt/build_dir/hostpkg/go-1.24.13/.go_bootstrap/src/libbio/bprint.c:27:
/mnt/build_wrt/build_dir/hostpkg/go-1.24.13/.go_bootstrap/include/u.h:86:42: warning: expression does not compute the number of elements in this array; element type is 'struct __jmp_buf_tag', not 'long int' [-Wsizeof-array-div]
   86 | typedef long p9jmp_buf[sizeof(sigjmp_buf)/sizeof(long)];
      |                                          ^
/mnt/build_wrt/build_dir/hostpkg/go-1.24.13/.go_bootstrap/include/u.h:86:42: note: add parentheses around the second 'sizeof' to silence this warning
In file included from /mnt/build_wrt/build_dir/hostpkg/go-1.24.13/.go_bootstrap/src/libbio/bputc.c:26:
/mnt/build_wrt/build_dir/hostpkg/go-1.24.13/.go_bootstrap/include/u.h:86:42: warning: expression does not compute the number of elements in this array; element type is 'struct __jmp_buf_tag', not 'long int' [-Wsizeof-array-div]
   86 | typedef long p9jmp_buf[sizeof(sigjmp_buf)/sizeof(long)];
      |                                          ^
/mnt/build_wrt/build_dir/hostpkg/go-1.24.13/.go_bootstrap/include/u.h:86:42: note: add parentheses around the second 'sizeof' to silence this warning
In file included from /mnt/build_wrt/build_dir/hostpkg/go-1.24.13/.go_bootstrap/src/libbio/bputrune.c:26:
/mnt/build_wrt/build_dir/hostpkg/go-1.24.13/.go_bootstrap/include/u.h:86:42: warning: expression does not compute the number of elements in this array; element type is 'struct __jmp_buf_tag', not 'long int' [-Wsizeof-array-div]
   86 | typedef long p9jmp_buf[sizeof(sigjmp_buf)/sizeof(long)];
      |                                          ^
/mnt/build_wrt/build_dir/hostpkg/go-1.24.13/.go_bootstrap/include/u.h:86:42: note: add parentheses around the second 'sizeof' to silence this warning
In file included from /mnt/build_wrt/build_dir/hostpkg/go-1.24.13/.go_bootstrap/src/libbio/brdline.c:26:
/mnt/build_wrt/build_dir/hostpkg/go-1.24.13/.go_bootstrap/include/u.h:86:42: warning: expression does not compute the number of elements in this array; element type is 'struct __jmp_buf_tag', not 'long int' [-Wsizeof-array-div]
   86 | typedef long p9jmp_buf[sizeof(sigjmp_buf)/sizeof(long)];
      |                                          ^
/mnt/build_wrt/build_dir/hostpkg/go-1.24.13/.go_bootstrap/include/u.h:86:42: note: add parentheses around the second 'sizeof' to silence this warning
In file included from /mnt/build_wrt/build_dir/hostpkg/go-1.24.13/.go_bootstrap/src/libbio/brdstr.c:23:
/mnt/build_wrt/build_dir/hostpkg/go-1.24.13/.go_bootstrap/include/u.h:86:42: warning: expression does not compute the number of elements in this array; element type is 'struct __jmp_buf_tag', not 'long int' [-Wsizeof-array-div]
   86 | typedef long p9jmp_buf[sizeof(sigjmp_buf)/sizeof(long)];
      |                                          ^
/mnt/build_wrt/build_dir/hostpkg/go-1.24.13/.go_bootstrap/include/u.h:86:42: note: add parentheses around the second 'sizeof' to silence this warning
In file included from /mnt/build_wrt/build_dir/hostpkg/go-1.24.13/.go_bootstrap/src/libbio/bread.c:26:
/mnt/build_wrt/build_dir/hostpkg/go-1.24.13/.go_bootstrap/include/u.h:86:42: warning: expression does not compute the number of elements in this array; element type is 'struct __jmp_buf_tag', not 'long int' [-Wsizeof-array-div]
   86 | typedef long p9jmp_buf[sizeof(sigjmp_buf)/sizeof(long)];
      |                                          ^
/mnt/build_wrt/build_dir/hostpkg/go-1.24.13/.go_bootstrap/include/u.h:86:42: note: add parentheses around the second 'sizeof' to silence this warning
In file included from /mnt/build_wrt/build_dir/hostpkg/go-1.24.13/.go_bootstrap/src/libbio/bseek.c:26:
/mnt/build_wrt/build_dir/hostpkg/go-1.24.13/.go_bootstrap/include/u.h:86:42: warning: expression does not compute the number of elements in this array; element type is 'struct __jmp_buf_tag', not 'long int' [-Wsizeof-array-div]
   86 | typedef long p9jmp_buf[sizeof(sigjmp_buf)/sizeof(long)];
      |                                          ^
/mnt/build_wrt/build_dir/hostpkg/go-1.24.13/.go_bootstrap/include/u.h:86:42: note: add parentheses around the second 'sizeof' to silence this warning
/mnt/build_wrt/build_dir/hostpkg/go-1.24.13/.go_bootstrap/src/libbio/bseek.c: In function 'Bseek':
/mnt/build_wrt/build_dir/hostpkg/go-1.24.13/.go_bootstrap/src/libbio/bseek.c:51:26: warning: this statement may fall through [-Wimplicit-fallthrough=]
   51 |                 bp->gbuf = bp->ebuf;
      |                 ~~~~~~~~~^~~~~~~~~~
/mnt/build_wrt/build_dir/hostpkg/go-1.24.13/.go_bootstrap/src/libbio/bseek.c:53:9: note: here
   53 |         case Bractive:
      |         ^~~~
In file included from /mnt/build_wrt/build_dir/hostpkg/go-1.24.13/.go_bootstrap/src/libbio/bwrite.c:26:
/mnt/build_wrt/build_dir/hostpkg/go-1.24.13/.go_bootstrap/include/u.h:86:42: warning: expression does not compute the number of elements in this array; element type is 'struct __jmp_buf_tag', not 'long int' [-Wsizeof-array-div]
   86 | typedef long p9jmp_buf[sizeof(sigjmp_buf)/sizeof(long)];
      |                                          ^
/mnt/build_wrt/build_dir/hostpkg/go-1.24.13/.go_bootstrap/include/u.h:86:42: note: add parentheses around the second 'sizeof' to silence this warning
liblink
In file included from /mnt/build_wrt/build_dir/hostpkg/go-1.24.13/.go_bootstrap/src/liblink/anames8.c:1:
/mnt/build_wrt/build_dir/hostpkg/go-1.24.13/.go_bootstrap/include/u.h:86:42: warning: expression does not compute the number of elements in this array; element type is 'struct __jmp_buf_tag', not 'long int' [-Wsizeof-array-div]
   86 | typedef long p9jmp_buf[sizeof(sigjmp_buf)/sizeof(long)];
      |                                          ^
In file included from /mnt/build_wrt/build_dir/hostpkg/go-1.24.13/.go_bootstrap/src/liblink/asm5.c:33:
/mnt/build_wrt/build_dir/hostpkg/go-1.24.13/.go_bootstrap/include/u.h:86:42: warning: expression does not compute the number of elements in this array; element type is 'struct __jmp_buf_tag', not 'long int' [-Wsizeof-array-div]
   86 | typedef long p9jmp_buf[sizeof(sigjmp_buf)/sizeof(long)];
      |                                          ^
In file included from /mnt/build_wrt/build_dir/hostpkg/go-1.24.13/.go_bootstrap/src/liblink/anames6.c:1:
/mnt/build_wrt/build_dir/hostpkg/go-1.24.13/.go_bootstrap/include/u.h:86:42: warning: expression does not compute the number of elements in this array; element type is 'struct __jmp_buf_tag', not 'long int' [-Wsizeof-array-div]
   86 | typedef long p9jmp_buf[sizeof(sigjmp_buf)/sizeof(long)];
      |                                          ^
In file included from /mnt/build_wrt/build_dir/hostpkg/go-1.24.13/.go_bootstrap/src/liblink/anames5.c:1:
/mnt/build_wrt/build_dir/hostpkg/go-1.24.13/.go_bootstrap/include/u.h:86:42: warning: expression does not compute the number of elements in this array; element type is 'struct __jmp_buf_tag', not 'long int' [-Wsizeof-array-div]
   86 | typedef long p9jmp_buf[sizeof(sigjmp_buf)/sizeof(long)];
      |                                          ^
/mnt/build_wrt/build_dir/hostpkg/go-1.24.13/.go_bootstrap/include/u.h:86:42: note: add parentheses around the second 'sizeof' to silence this warning
/mnt/build_wrt/build_dir/hostpkg/go-1.24.13/.go_bootstrap/include/u.h:86:42: note: add parentheses around the second 'sizeof' to silence this warning
/mnt/build_wrt/build_dir/hostpkg/go-1.24.13/.go_bootstrap/include/u.h:86:42: note: add parentheses around the second 'sizeof' to silence this warning
/mnt/build_wrt/build_dir/hostpkg/go-1.24.13/.go_bootstrap/include/u.h:86:42: note: add parentheses around the second 'sizeof' to silence this warning
/mnt/build_wrt/build_dir/hostpkg/go-1.24.13/.go_bootstrap/src/liblink/asm5.c: In function 'buildop':
/mnt/build_wrt/build_dir/hostpkg/go-1.24.13/.go_bootstrap/src/liblink/asm5.c:1352:25: warning: this statement may fall through [-Wimplicit-fallthrough=]
 1352 |                         sysfatal("bad code");
      |                         ^~~~~~~~~~~~~~~~~~~~
/mnt/build_wrt/build_dir/hostpkg/go-1.24.13/.go_bootstrap/src/liblink/asm5.c:1353:17: note: here
 1353 |                 case AADD:
      |                 ^~~~
In file included from /mnt/build_wrt/build_dir/hostpkg/go-1.24.13/.go_bootstrap/src/liblink/asm8.c:33:
/mnt/build_wrt/build_dir/hostpkg/go-1.24.13/.go_bootstrap/include/u.h:86:42: warning: expression does not compute the number of elements in this array; element type is 'struct __jmp_buf_tag', not 'long int' [-Wsizeof-array-div]
   86 | typedef long p9jmp_buf[sizeof(sigjmp_buf)/sizeof(long)];
      |                                          ^
/mnt/build_wrt/build_dir/hostpkg/go-1.24.13/.go_bootstrap/include/u.h:86:42: note: add parentheses around the second 'sizeof' to silence this warning
In file included from /mnt/build_wrt/build_dir/hostpkg/go-1.24.13/.go_bootstrap/src/liblink/asm6.c:33:
/mnt/build_wrt/build_dir/hostpkg/go-1.24.13/.go_bootstrap/include/u.h:86:42: warning: expression does not compute the number of elements in this array; element type is 'struct __jmp_buf_tag', not 'long int' [-Wsizeof-array-div]
   86 | typedef long p9jmp_buf[sizeof(sigjmp_buf)/sizeof(long)];
      |                                          ^
/mnt/build_wrt/build_dir/hostpkg/go-1.24.13/.go_bootstrap/include/u.h:86:42: note: add parentheses around the second 'sizeof' to silence this warning
/mnt/build_wrt/build_dir/hostpkg/go-1.24.13/.go_bootstrap/src/liblink/asm5.c: In function 'ofsr':
/mnt/build_wrt/build_dir/hostpkg/go-1.24.13/.go_bootstrap/src/liblink/asm5.c:2617:17: warning: this statement may fall through [-Wimplicit-fallthrough=]
 2617 |                 ctxt->diag("bad fst %A", a);
      |                 ^~~~~~~~~~~~~~~~~~~~~~~~~~~
In file included from /mnt/build_wrt/build_dir/hostpkg/go-1.24.13/.go_bootstrap/src/liblink/data.c:32:
/mnt/build_wrt/build_dir/hostpkg/go-1.24.13/.go_bootstrap/include/u.h:86:42: warning: expression does not compute the number of elements in this array; element type is 'struct __jmp_buf_tag', not 'long int' [-Wsizeof-array-div]
   86 | typedef long p9jmp_buf[sizeof(sigjmp_buf)/sizeof(long)];
      |                                          ^
/mnt/build_wrt/build_dir/hostpkg/go-1.24.13/.go_bootstrap/include/u.h:86:42: note: add parentheses around the second 'sizeof' to silence this warning
/mnt/build_wrt/build_dir/hostpkg/go-1.24.13/.go_bootstrap/src/liblink/asm5.c:2618:9: note: here
 2618 |         case AMOVD:
      |         ^~~~
/mnt/build_wrt/build_dir/hostpkg/go-1.24.13/.go_bootstrap/src/liblink/asm8.c: In function 'doasm':
/mnt/build_wrt/build_dir/hostpkg/go-1.24.13/.go_bootstrap/src/liblink/asm8.c:2694:25: warning: this statement may fall through [-Wimplicit-fallthrough=]
 2694 |                         sysfatal("unknown TLS base location for %s", headstr(ctxt->headtype));
      |                         ^~~~~~~~~~~~~~~~~~~~~~~~~~~~~~~~~~~~~~~~~~~~~~~~~~~~~~~~~~~~~~~~~~~~~
/mnt/build_wrt/build_dir/hostpkg/go-1.24.13/.go_bootstrap/src/liblink/asm8.c:2696:17: note: here
 2696 |                 case Hlinux:
      |                 ^~~~
/mnt/build_wrt/build_dir/hostpkg/go-1.24.13/.go_bootstrap/src/liblink/asm8.c: In function 'prefixof':
/mnt/build_wrt/build_dir/hostpkg/go-1.24.13/.go_bootstrap/src/liblink/asm8.c:1466:25: warning: this statement may fall through [-Wimplicit-fallthrough=]
 1466 |                         sysfatal("unknown TLS base register for %s", headstr(ctxt->headtype));
      |                         ^~~~~~~~~~~~~~~~~~~~~~~~~~~~~~~~~~~~~~~~~~~~~~~~~~~~~~~~~~~~~~~~~~~~~
/mnt/build_wrt/build_dir/hostpkg/go-1.24.13/.go_bootstrap/src/liblink/asm8.c:1467:17: note: here
 1467 |                 case Hdarwin:
      |                 ^~~~
/mnt/build_wrt/build_dir/hostpkg/go-1.24.13/.go_bootstrap/src/liblink/asm8.c: In function 'mediaop':
/mnt/build_wrt/build_dir/hostpkg/go-1.24.13/.go_bootstrap/src/liblink/asm8.c:2131:19: warning: this statement may fall through [-Wimplicit-fallthrough=]
 2131 |                 if(osize != 1){
      |                   ^
/mnt/build_wrt/build_dir/hostpkg/go-1.24.13/.go_bootstrap/src/liblink/asm8.c:2138:9: note: here
 2138 |         default:
      |         ^~~~~~~
/mnt/build_wrt/build_dir/hostpkg/go-1.24.13/.go_bootstrap/src/liblink/asm6.c: In function 'doasm':
/mnt/build_wrt/build_dir/hostpkg/go-1.24.13/.go_bootstrap/src/liblink/asm6.c:3378:25: warning: this statement may fall through [-Wimplicit-fallthrough=]
 3378 |                         sysfatal("unknown TLS base location for %s", headstr(ctxt->headtype));
      |                         ^~~~~~~~~~~~~~~~~~~~~~~~~~~~~~~~~~~~~~~~~~~~~~~~~~~~~~~~~~~~~~~~~~~~~
/mnt/build_wrt/build_dir/hostpkg/go-1.24.13/.go_bootstrap/src/liblink/asm6.c:3380:17: note: here
 3380 |                 case Hplan9:
      |                 ^~~~
/mnt/build_wrt/build_dir/hostpkg/go-1.24.13/.go_bootstrap/src/liblink/asm6.c: In function 'prefixof':
/mnt/build_wrt/build_dir/hostpkg/go-1.24.13/.go_bootstrap/src/liblink/asm6.c:1909:25: warning: this statement may fall through [-Wimplicit-fallthrough=]
 1909 |                         sysfatal("unknown TLS base register for %s", headstr(ctxt->headtype));
      |                         ^~~~~~~~~~~~~~~~~~~~~~~~~~~~~~~~~~~~~~~~~~~~~~~~~~~~~~~~~~~~~~~~~~~~~
/mnt/build_wrt/build_dir/hostpkg/go-1.24.13/.go_bootstrap/src/liblink/asm6.c:1910:17: note: here
 1910 |                 case Hdragonfly:
      |                 ^~~~
/mnt/build_wrt/build_dir/hostpkg/go-1.24.13/.go_bootstrap/src/liblink/asm6.c: In function 'oclass':
/mnt/build_wrt/build_dir/hostpkg/go-1.24.13/.go_bootstrap/src/liblink/asm6.c:1983:19: warning: this statement may fall through [-Wimplicit-fallthrough=]
 1983 |                 if(ctxt->asmode != 64)
      |                   ^
/mnt/build_wrt/build_dir/hostpkg/go-1.24.13/.go_bootstrap/src/liblink/asm6.c:1985:9: note: here
 1985 |         case D_DL:
      |         ^~~~
/mnt/build_wrt/build_dir/hostpkg/go-1.24.13/.go_bootstrap/src/liblink/asm6.c:2011:19: warning: this statement may fall through [-Wimplicit-fallthrough=]
 2011 |                 if(ctxt->asmode != 64)
      |                   ^
/mnt/build_wrt/build_dir/hostpkg/go-1.24.13/.go_bootstrap/src/liblink/asm6.c:2013:9: note: here
 2013 |         case D_SP:
      |         ^~~~
/mnt/build_wrt/build_dir/hostpkg/go-1.24.13/.go_bootstrap/src/liblink/asm6.c: In function 'mediaop':
/mnt/build_wrt/build_dir/hostpkg/go-1.24.13/.go_bootstrap/src/liblink/asm6.c:2695:19: warning: this statement may fall through [-Wimplicit-fallthrough=]
 2695 |                 if(osize != 1){
      |                   ^
/mnt/build_wrt/build_dir/hostpkg/go-1.24.13/.go_bootstrap/src/liblink/asm6.c:2702:9: note: here
 2702 |         default:
      |         ^~~~~~~
/mnt/build_wrt/build_dir/hostpkg/go-1.24.13/.go_bootstrap/src/liblink/asm6.c: In function 'asmidx':
/mnt/build_wrt/build_dir/hostpkg/go-1.24.13/.go_bootstrap/src/liblink/asm6.c:2156:19: warning: this statement may fall through [-Wimplicit-fallthrough=]
 2156 |                 if(ctxt->asmode != 64)
      |                   ^
/mnt/build_wrt/build_dir/hostpkg/go-1.24.13/.go_bootstrap/src/liblink/asm6.c:2158:9: note: here
 2158 |         case D_AX:
      |         ^~~~
/mnt/build_wrt/build_dir/hostpkg/go-1.24.13/.go_bootstrap/src/liblink/asm6.c:2198:19: warning: this statement may fall through [-Wimplicit-fallthrough=]
 2198 |                 if(ctxt->asmode != 64)
      |                   ^
/mnt/build_wrt/build_dir/hostpkg/go-1.24.13/.go_bootstrap/src/liblink/asm6.c:2200:9: note: here
 2200 |         case D_AX:
      |         ^~~~
In file included from /mnt/build_wrt/build_dir/hostpkg/go-1.24.13/.go_bootstrap/src/liblink/go.c:7:
/mnt/build_wrt/build_dir/hostpkg/go-1.24.13/.go_bootstrap/include/u.h:86:42: warning: expression does not compute the number of elements in this array; element type is 'struct __jmp_buf_tag', not 'long int' [-Wsizeof-array-div]
   86 | typedef long p9jmp_buf[sizeof(sigjmp_buf)/sizeof(long)];
      |                                          ^
/mnt/build_wrt/build_dir/hostpkg/go-1.24.13/.go_bootstrap/include/u.h:86:42: note: add parentheses around the second 'sizeof' to silence this warning
In file included from /mnt/build_wrt/build_dir/hostpkg/go-1.24.13/.go_bootstrap/src/liblink/ld.c:32:
/mnt/build_wrt/build_dir/hostpkg/go-1.24.13/.go_bootstrap/include/u.h:86:42: warning: expression does not compute the number of elements in this array; element type is 'struct __jmp_buf_tag', not 'long int' [-Wsizeof-array-div]
   86 | typedef long p9jmp_buf[sizeof(sigjmp_buf)/sizeof(long)];
      |                                          ^
/mnt/build_wrt/build_dir/hostpkg/go-1.24.13/.go_bootstrap/include/u.h:86:42: note: add parentheses around the second 'sizeof' to silence this warning
In file included from /mnt/build_wrt/build_dir/hostpkg/go-1.24.13/.go_bootstrap/src/liblink/list5.c:31:
/mnt/build_wrt/build_dir/hostpkg/go-1.24.13/.go_bootstrap/include/u.h:86:42: warning: expression does not compute the number of elements in this array; element type is 'struct __jmp_buf_tag', not 'long int' [-Wsizeof-array-div]
   86 | typedef long p9jmp_buf[sizeof(sigjmp_buf)/sizeof(long)];
      |                                          ^
/mnt/build_wrt/build_dir/hostpkg/go-1.24.13/.go_bootstrap/include/u.h:86:42: note: add parentheses around the second 'sizeof' to silence this warning
In file included from /mnt/build_wrt/build_dir/hostpkg/go-1.24.13/.go_bootstrap/src/liblink/list6.c:31:
/mnt/build_wrt/build_dir/hostpkg/go-1.24.13/.go_bootstrap/include/u.h:86:42: warning: expression does not compute the number of elements in this array; element type is 'struct __jmp_buf_tag', not 'long int' [-Wsizeof-array-div]
   86 | typedef long p9jmp_buf[sizeof(sigjmp_buf)/sizeof(long)];
      |                                          ^
/mnt/build_wrt/build_dir/hostpkg/go-1.24.13/.go_bootstrap/include/u.h:86:42: note: add parentheses around the second 'sizeof' to silence this warning
In file included from /mnt/build_wrt/build_dir/hostpkg/go-1.24.13/.go_bootstrap/src/liblink/list8.c:31:
/mnt/build_wrt/build_dir/hostpkg/go-1.24.13/.go_bootstrap/include/u.h:86:42: warning: expression does not compute the number of elements in this array; element type is 'struct __jmp_buf_tag', not 'long int' [-Wsizeof-array-div]
   86 | typedef long p9jmp_buf[sizeof(sigjmp_buf)/sizeof(long)];
      |                                          ^
/mnt/build_wrt/build_dir/hostpkg/go-1.24.13/.go_bootstrap/include/u.h:86:42: note: add parentheses around the second 'sizeof' to silence this warning
In file included from /mnt/build_wrt/build_dir/hostpkg/go-1.24.13/.go_bootstrap/src/liblink/obj.c:5:
/mnt/build_wrt/build_dir/hostpkg/go-1.24.13/.go_bootstrap/include/u.h:86:42: warning: expression does not compute the number of elements in this array; element type is 'struct __jmp_buf_tag', not 'long int' [-Wsizeof-array-div]
   86 | typedef long p9jmp_buf[sizeof(sigjmp_buf)/sizeof(long)];
      |                                          ^
/mnt/build_wrt/build_dir/hostpkg/go-1.24.13/.go_bootstrap/include/u.h:86:42: note: add parentheses around the second 'sizeof' to silence this warning
In file included from /mnt/build_wrt/build_dir/hostpkg/go-1.24.13/.go_bootstrap/src/liblink/obj5.c:31:
/mnt/build_wrt/build_dir/hostpkg/go-1.24.13/.go_bootstrap/include/u.h:86:42: warning: expression does not compute the number of elements in this array; element type is 'struct __jmp_buf_tag', not 'long int' [-Wsizeof-array-div]
   86 | typedef long p9jmp_buf[sizeof(sigjmp_buf)/sizeof(long)];
      |                                          ^
/mnt/build_wrt/build_dir/hostpkg/go-1.24.13/.go_bootstrap/include/u.h:86:42: note: add parentheses around the second 'sizeof' to silence this warning
/mnt/build_wrt/build_dir/hostpkg/go-1.24.13/.go_bootstrap/src/liblink/obj5.c: In function 'addstacksplit':
/mnt/build_wrt/build_dir/hostpkg/go-1.24.13/.go_bootstrap/src/liblink/obj5.c:383:44: warning: this statement may fall through [-Wimplicit-fallthrough=]
  383 |                         cursym->text->mark &= ~LEAF;
      |                         ~~~~~~~~~~~~~~~~~~~^~~~~~~~
/mnt/build_wrt/build_dir/hostpkg/go-1.24.13/.go_bootstrap/src/liblink/obj5.c:385:17: note: here
  385 |                 case ABCASE:
      |                 ^~~~
In file included from /mnt/build_wrt/build_dir/hostpkg/go-1.24.13/.go_bootstrap/src/liblink/obj6.c:31:
/mnt/build_wrt/build_dir/hostpkg/go-1.24.13/.go_bootstrap/include/u.h:86:42: warning: expression does not compute the number of elements in this array; element type is 'struct __jmp_buf_tag', not 'long int' [-Wsizeof-array-div]
   86 | typedef long p9jmp_buf[sizeof(sigjmp_buf)/sizeof(long)];
      |                                          ^
/mnt/build_wrt/build_dir/hostpkg/go-1.24.13/.go_bootstrap/include/u.h:86:42: note: add parentheses around the second 'sizeof' to silence this warning
In file included from /mnt/build_wrt/build_dir/hostpkg/go-1.24.13/.go_bootstrap/src/liblink/obj8.c:31:
/mnt/build_wrt/build_dir/hostpkg/go-1.24.13/.go_bootstrap/include/u.h:86:42: warning: expression does not compute the number of elements in this array; element type is 'struct __jmp_buf_tag', not 'long int' [-Wsizeof-array-div]
   86 | typedef long p9jmp_buf[sizeof(sigjmp_buf)/sizeof(long)];
      |                                          ^
/mnt/build_wrt/build_dir/hostpkg/go-1.24.13/.go_bootstrap/include/u.h:86:42: note: add parentheses around the second 'sizeof' to silence this warning
In file included from /mnt/build_wrt/build_dir/hostpkg/go-1.24.13/.go_bootstrap/src/liblink/objfile.c:101:
/mnt/build_wrt/build_dir/hostpkg/go-1.24.13/.go_bootstrap/include/u.h:86:42: warning: expression does not compute the number of elements in this array; element type is 'struct __jmp_buf_tag', not 'long int' [-Wsizeof-array-div]
   86 | typedef long p9jmp_buf[sizeof(sigjmp_buf)/sizeof(long)];
      |                                          ^
/mnt/build_wrt/build_dir/hostpkg/go-1.24.13/.go_bootstrap/include/u.h:86:42: note: add parentheses around the second 'sizeof' to silence this warning
In file included from /mnt/build_wrt/build_dir/hostpkg/go-1.24.13/.go_bootstrap/src/liblink/pass.c:33:
/mnt/build_wrt/build_dir/hostpkg/go-1.24.13/.go_bootstrap/include/u.h:86:42: warning: expression does not compute the number of elements in this array; element type is 'struct __jmp_buf_tag', not 'long int' [-Wsizeof-array-div]
   86 | typedef long p9jmp_buf[sizeof(sigjmp_buf)/sizeof(long)];
      |                                          ^
/mnt/build_wrt/build_dir/hostpkg/go-1.24.13/.go_bootstrap/include/u.h:86:42: note: add parentheses around the second 'sizeof' to silence this warning
In file included from /mnt/build_wrt/build_dir/hostpkg/go-1.24.13/.go_bootstrap/src/liblink/pcln.c:5:
/mnt/build_wrt/build_dir/hostpkg/go-1.24.13/.go_bootstrap/include/u.h:86:42: warning: expression does not compute the number of elements in this array; element type is 'struct __jmp_buf_tag', not 'long int' [-Wsizeof-array-div]
   86 | typedef long p9jmp_buf[sizeof(sigjmp_buf)/sizeof(long)];
      |                                          ^
/mnt/build_wrt/build_dir/hostpkg/go-1.24.13/.go_bootstrap/include/u.h:86:42: note: add parentheses around the second 'sizeof' to silence this warning
In file included from /mnt/build_wrt/build_dir/hostpkg/go-1.24.13/.go_bootstrap/src/liblink/sym.c:32:
/mnt/build_wrt/build_dir/hostpkg/go-1.24.13/.go_bootstrap/include/u.h:86:42: warning: expression does not compute the number of elements in this array; element type is 'struct __jmp_buf_tag', not 'long int' [-Wsizeof-array-div]
   86 | typedef long p9jmp_buf[sizeof(sigjmp_buf)/sizeof(long)];
      |                                          ^
/mnt/build_wrt/build_dir/hostpkg/go-1.24.13/.go_bootstrap/include/u.h:86:42: note: add parentheses around the second 'sizeof' to silence this warning
/mnt/build_wrt/build_dir/hostpkg/go-1.24.13/.go_bootstrap/src/liblink/sym.c: In function 'linknew':
/mnt/build_wrt/build_dir/hostpkg/go-1.24.13/.go_bootstrap/src/liblink/sym.c:150:25: warning: this statement may fall through [-Wimplicit-fallthrough=]
  150 |                         sysfatal("unknown thread-local storage offset for nacl/%s", ctxt->arch->name);
      |                         ^~~~~~~~~~~~~~~~~~~~~~~~~~~~~~~~~~~~~~~~~~~~~~~~~~~~~~~~~~~~~~~~~~~~~~~~~~~~~
/mnt/build_wrt/build_dir/hostpkg/go-1.24.13/.go_bootstrap/src/liblink/sym.c:151:17: note: here
  151 |                 case '6':
      |                 ^~~~
/mnt/build_wrt/build_dir/hostpkg/go-1.24.13/.go_bootstrap/src/liblink/sym.c:170:25: warning: this statement may fall through [-Wimplicit-fallthrough=]
  170 |                         sysfatal("unknown thread-local storage offset for darwin/%s", ctxt->arch->name);
      |                         ^~~~~~~~~~~~~~~~~~~~~~~~~~~~~~~~~~~~~~~~~~~~~~~~~~~~~~~~~~~~~~~~~~~~~~~~~~~~~~~
/mnt/build_wrt/build_dir/hostpkg/go-1.24.13/.go_bootstrap/src/liblink/sym.c:171:17: note: here
  171 |                 case '6':
      |                 ^~~~
cmd/cc
In file included from /mnt/build_wrt/build_dir/hostpkg/go-1.24.13/.go_bootstrap/src/cmd/cc/acid.c:31:
/mnt/build_wrt/build_dir/hostpkg/go-1.24.13/.go_bootstrap/include/u.h:86:42: warning: expression does not compute the number of elements in this array; element type is 'struct __jmp_buf_tag', not 'long int' [-Wsizeof-array-div]
   86 | typedef long p9jmp_buf[sizeof(sigjmp_buf)/sizeof(long)];
      |                                          ^
In file included from /mnt/build_wrt/build_dir/hostpkg/go-1.24.13/.go_bootstrap/src/cmd/cc/com.c:31:
/mnt/build_wrt/build_dir/hostpkg/go-1.24.13/.go_bootstrap/include/u.h:86:42: warning: expression does not compute the number of elements in this array; element type is 'struct __jmp_buf_tag', not 'long int' [-Wsizeof-array-div]
   86 | typedef long p9jmp_buf[sizeof(sigjmp_buf)/sizeof(long)];
      |                                          ^
/mnt/build_wrt/build_dir/hostpkg/go-1.24.13/.go_bootstrap/include/u.h:86:42: note: add parentheses around the second 'sizeof' to silence this warning
/mnt/build_wrt/build_dir/hostpkg/go-1.24.13/.go_bootstrap/include/u.h:86:42: note: add parentheses around the second 'sizeof' to silence this warning
In file included from /mnt/build_wrt/build_dir/hostpkg/go-1.24.13/.go_bootstrap/src/cmd/cc/com64.c:31:
/mnt/build_wrt/build_dir/hostpkg/go-1.24.13/.go_bootstrap/include/u.h:86:42: warning: expression does not compute the number of elements in this array; element type is 'struct __jmp_buf_tag', not 'long int' [-Wsizeof-array-div]
   86 | typedef long p9jmp_buf[sizeof(sigjmp_buf)/sizeof(long)];
      |                                          ^
In file included from /mnt/build_wrt/build_dir/hostpkg/go-1.24.13/.go_bootstrap/src/cmd/cc/bits.c:31:
/mnt/build_wrt/build_dir/hostpkg/go-1.24.13/.go_bootstrap/include/u.h:86:42: warning: expression does not compute the number of elements in this array; element type is 'struct __jmp_buf_tag', not 'long int' [-Wsizeof-array-div]
   86 | typedef long p9jmp_buf[sizeof(sigjmp_buf)/sizeof(long)];
      |                                          ^
/mnt/build_wrt/build_dir/hostpkg/go-1.24.13/.go_bootstrap/include/u.h:86:42: note: add parentheses around the second 'sizeof' to silence this warning
/mnt/build_wrt/build_dir/hostpkg/go-1.24.13/.go_bootstrap/include/u.h:86:42: note: add parentheses around the second 'sizeof' to silence this warning
/mnt/build_wrt/build_dir/hostpkg/go-1.24.13/.go_bootstrap/src/cmd/cc/acid.c: In function 'acidmember':
/mnt/build_wrt/build_dir/hostpkg/go-1.24.13/.go_bootstrap/src/cmd/cc/acid.c:150:19: warning: this statement may fall through [-Wimplicit-fallthrough=]
  150 |                 if(flag) {
      |                   ^
/mnt/build_wrt/build_dir/hostpkg/go-1.24.13/.go_bootstrap/src/cmd/cc/acid.c:177:9: note: here
  177 |         case TINT:
      |         ^~~~
/mnt/build_wrt/build_dir/hostpkg/go-1.24.13/.go_bootstrap/src/cmd/cc/com64.c: In function 'com64':
/mnt/build_wrt/build_dir/hostpkg/go-1.24.13/.go_bootstrap/src/cmd/cc/com64.c:257:27: warning: this statement may fall through [-Wimplicit-fallthrough=]
  257 |                         if(rv) {
      |                           ^
/mnt/build_wrt/build_dir/hostpkg/go-1.24.13/.go_bootstrap/src/cmd/cc/com64.c:265:17: note: here
  265 |                 case OCOND:
      |                 ^~~~
/mnt/build_wrt/build_dir/hostpkg/go-1.24.13/.go_bootstrap/src/cmd/cc/com64.c:300:25: warning: this statement may fall through [-Wimplicit-fallthrough=]
  300 |                         diag(n, "unknown vlong %O", n->op);
      |                         ^~~~~~~~~~~~~~~~~~~~~~~~~~~~~~~~~~
/mnt/build_wrt/build_dir/hostpkg/go-1.24.13/.go_bootstrap/src/cmd/cc/com64.c:301:17: note: here
  301 |                 case OFUNC:
      |                 ^~~~
/mnt/build_wrt/build_dir/hostpkg/go-1.24.13/.go_bootstrap/src/cmd/cc/com64.c:302:36: warning: this statement may fall through [-Wimplicit-fallthrough=]
  302 |                         n->complex = FNX;
      |                                    ^
/mnt/build_wrt/build_dir/hostpkg/go-1.24.13/.go_bootstrap/src/cmd/cc/com64.c:303:17: note: here
  303 |                 case ORETURN:
      |                 ^~~~
In file included from /mnt/build_wrt/build_dir/hostpkg/go-1.24.13/.go_bootstrap/src/cmd/cc/dcl.c:31:
/mnt/build_wrt/build_dir/hostpkg/go-1.24.13/.go_bootstrap/include/u.h:86:42: warning: expression does not compute the number of elements in this array; element type is 'struct __jmp_buf_tag', not 'long int' [-Wsizeof-array-div]
   86 | typedef long p9jmp_buf[sizeof(sigjmp_buf)/sizeof(long)];
      |                                          ^
/mnt/build_wrt/build_dir/hostpkg/go-1.24.13/.go_bootstrap/include/u.h:86:42: note: add parentheses around the second 'sizeof' to silence this warning
/mnt/build_wrt/build_dir/hostpkg/go-1.24.13/.go_bootstrap/src/cmd/cc/dcl.c: In function 'isstruct':
/mnt/build_wrt/build_dir/hostpkg/go-1.24.13/.go_bootstrap/src/cmd/cc/dcl.c:295:19: warning: this statement may fall through [-Wimplicit-fallthrough=]
  295 |                 if(n && n->type && sametype(n->type, t))
      |                   ^
/mnt/build_wrt/build_dir/hostpkg/go-1.24.13/.go_bootstrap/src/cmd/cc/dcl.c:297:9: note: here
  297 |         case OSTRING:
      |         ^~~~
In file included from /mnt/build_wrt/build_dir/hostpkg/go-1.24.13/.go_bootstrap/src/cmd/cc/dpchk.c:31:
/mnt/build_wrt/build_dir/hostpkg/go-1.24.13/.go_bootstrap/include/u.h:86:42: warning: expression does not compute the number of elements in this array; element type is 'struct __jmp_buf_tag', not 'long int' [-Wsizeof-array-div]
   86 | typedef long p9jmp_buf[sizeof(sigjmp_buf)/sizeof(long)];
      |                                          ^
/mnt/build_wrt/build_dir/hostpkg/go-1.24.13/.go_bootstrap/include/u.h:86:42: note: add parentheses around the second 'sizeof' to silence this warning
In file included from /mnt/build_wrt/build_dir/hostpkg/go-1.24.13/.go_bootstrap/src/cmd/cc/funct.c:31:
/mnt/build_wrt/build_dir/hostpkg/go-1.24.13/.go_bootstrap/include/u.h:86:42: warning: expression does not compute the number of elements in this array; element type is 'struct __jmp_buf_tag', not 'long int' [-Wsizeof-array-div]
   86 | typedef long p9jmp_buf[sizeof(sigjmp_buf)/sizeof(long)];
      |                                          ^
/mnt/build_wrt/build_dir/hostpkg/go-1.24.13/.go_bootstrap/include/u.h:86:42: note: add parentheses around the second 'sizeof' to silence this warning
In file included from /mnt/build_wrt/build_dir/hostpkg/go-1.24.13/.go_bootstrap/src/cmd/cc/godefs.c:32:
/mnt/build_wrt/build_dir/hostpkg/go-1.24.13/.go_bootstrap/include/u.h:86:42: warning: expression does not compute the number of elements in this array; element type is 'struct __jmp_buf_tag', not 'long int' [-Wsizeof-array-div]
   86 | typedef long p9jmp_buf[sizeof(sigjmp_buf)/sizeof(long)];
      |                                          ^
/mnt/build_wrt/build_dir/hostpkg/go-1.24.13/.go_bootstrap/include/u.h:86:42: note: add parentheses around the second 'sizeof' to silence this warning
In file included from /mnt/build_wrt/build_dir/hostpkg/go-1.24.13/.go_bootstrap/src/cmd/cc/lex.c:31:
/mnt/build_wrt/build_dir/hostpkg/go-1.24.13/.go_bootstrap/include/u.h:86:42: warning: expression does not compute the number of elements in this array; element type is 'struct __jmp_buf_tag', not 'long int' [-Wsizeof-array-div]
   86 | typedef long p9jmp_buf[sizeof(sigjmp_buf)/sizeof(long)];
      |                                          ^
/mnt/build_wrt/build_dir/hostpkg/go-1.24.13/.go_bootstrap/include/u.h:86:42: note: add parentheses around the second 'sizeof' to silence this warning
/mnt/build_wrt/build_dir/hostpkg/go-1.24.13/.go_bootstrap/src/cmd/cc/lex.c: In function 'compile':
/mnt/build_wrt/build_dir/hostpkg/go-1.24.13/.go_bootstrap/src/cmd/cc/lex.c:308:25: warning: this statement may fall through [-Wimplicit-fallthrough=]
  308 |                         errorexit();
      |                         ^~~~~~~~~~~
/mnt/build_wrt/build_dir/hostpkg/go-1.24.13/.go_bootstrap/src/cmd/cc/lex.c:309:17: note: here
  309 |                 case 0:
      |                 ^~~~
/mnt/build_wrt/build_dir/hostpkg/go-1.24.13/.go_bootstrap/src/cmd/cc/lex.c:338:25: warning: this statement may fall through [-Wimplicit-fallthrough=]
  338 |                         errorexit();
      |                         ^~~~~~~~~~~
/mnt/build_wrt/build_dir/hostpkg/go-1.24.13/.go_bootstrap/src/cmd/cc/lex.c:339:17: note: here
  339 |                 default:
      |                 ^~~~~~~
In file included from /mnt/build_wrt/build_dir/hostpkg/go-1.24.13/.go_bootstrap/src/cmd/cc/mac.c:31:
/mnt/build_wrt/build_dir/hostpkg/go-1.24.13/.go_bootstrap/include/u.h:86:42: warning: expression does not compute the number of elements in this array; element type is 'struct __jmp_buf_tag', not 'long int' [-Wsizeof-array-div]
   86 | typedef long p9jmp_buf[sizeof(sigjmp_buf)/sizeof(long)];
      |                                          ^
/mnt/build_wrt/build_dir/hostpkg/go-1.24.13/.go_bootstrap/include/u.h:86:42: note: add parentheses around the second 'sizeof' to silence this warning
In file included from /mnt/build_wrt/build_dir/hostpkg/go-1.24.13/.go_bootstrap/src/cmd/cc/omachcap.c:31:
/mnt/build_wrt/build_dir/hostpkg/go-1.24.13/.go_bootstrap/include/u.h:86:42: warning: expression does not compute the number of elements in this array; element type is 'struct __jmp_buf_tag', not 'long int' [-Wsizeof-array-div]
   86 | typedef long p9jmp_buf[sizeof(sigjmp_buf)/sizeof(long)];
      |                                          ^
/mnt/build_wrt/build_dir/hostpkg/go-1.24.13/.go_bootstrap/include/u.h:86:42: note: add parentheses around the second 'sizeof' to silence this warning
In file included from /mnt/build_wrt/build_dir/hostpkg/go-1.24.13/.go_bootstrap/src/cmd/cc/scon.c:31:
/mnt/build_wrt/build_dir/hostpkg/go-1.24.13/.go_bootstrap/include/u.h:86:42: warning: expression does not compute the number of elements in this array; element type is 'struct __jmp_buf_tag', not 'long int' [-Wsizeof-array-div]
   86 | typedef long p9jmp_buf[sizeof(sigjmp_buf)/sizeof(long)];
      |                                          ^
/mnt/build_wrt/build_dir/hostpkg/go-1.24.13/.go_bootstrap/include/u.h:86:42: note: add parentheses around the second 'sizeof' to silence this warning
/mnt/build_wrt/build_dir/hostpkg/go-1.24.13/.go_bootstrap/src/cmd/cc/scon.c: In function 'acom2':
/mnt/build_wrt/build_dir/hostpkg/go-1.24.13/.go_bootstrap/src/cmd/cc/scon.c:424:12: warning: 'trm[0].mult' may be used uninitialized [-Wmaybe-uninitialized]
  424 |         c1 = trm[0].mult;
      |         ~~~^~~~~~~~~~~~~
/mnt/build_wrt/build_dir/hostpkg/go-1.24.13/.go_bootstrap/src/cmd/cc/scon.c:399:14: note: 'trm' declared here
  399 |         Term trm[NTERM];
      |              ^~~
In file included from /mnt/build_wrt/build_dir/hostpkg/go-1.24.13/.go_bootstrap/src/cmd/cc/sub.c:31:
/mnt/build_wrt/build_dir/hostpkg/go-1.24.13/.go_bootstrap/include/u.h:86:42: warning: expression does not compute the number of elements in this array; element type is 'struct __jmp_buf_tag', not 'long int' [-Wsizeof-array-div]
   86 | typedef long p9jmp_buf[sizeof(sigjmp_buf)/sizeof(long)];
      |                                          ^
/mnt/build_wrt/build_dir/hostpkg/go-1.24.13/.go_bootstrap/include/u.h:86:42: note: add parentheses around the second 'sizeof' to silence this warning
/mnt/build_wrt/build_dir/hostpkg/go-1.24.13/.go_bootstrap/src/cmd/cc/sub.c: In function 'allfloat':
/mnt/build_wrt/build_dir/hostpkg/go-1.24.13/.go_bootstrap/src/cmd/cc/sub.c:528:27: warning: this statement may fall through [-Wimplicit-fallthrough=]
  528 |                         if(!allfloat(n->right, flag))
      |                           ^
/mnt/build_wrt/build_dir/hostpkg/go-1.24.13/.go_bootstrap/src/cmd/cc/sub.c:530:17: note: here
  530 |                 case OCAST:
      |                 ^~~~
/mnt/build_wrt/build_dir/hostpkg/go-1.24.13/.go_bootstrap/src/cmd/cc/sub.c: In function 'simplifyshift':
/mnt/build_wrt/build_dir/hostpkg/go-1.24.13/.go_bootstrap/src/cmd/cc/sub.c:863:19: warning: this statement may fall through [-Wimplicit-fallthrough=]
  863 |                 if(topbit(c3) >= (32-c2))
      |                   ^
/mnt/build_wrt/build_dir/hostpkg/go-1.24.13/.go_bootstrap/src/cmd/cc/sub.c:865:9: note: here
  865 |         case 001:       /* (((e >>u c2) & c3) <<u c1) */
      |         ^~~~
/mnt/build_wrt/build_dir/hostpkg/go-1.24.13/.go_bootstrap/src/cmd/cc/sub.c:880:19: warning: this statement may fall through [-Wimplicit-fallthrough=]
  880 |                 if(c2 <= 0)
      |                   ^
/mnt/build_wrt/build_dir/hostpkg/go-1.24.13/.go_bootstrap/src/cmd/cc/sub.c:882:9: note: here
  882 |         case 012:       /* (((e >>s c2) & c3) >>u c1) */
      |         ^~~~
/mnt/build_wrt/build_dir/hostpkg/go-1.24.13/.go_bootstrap/src/cmd/cc/sub.c:900:19: warning: this statement may fall through [-Wimplicit-fallthrough=]
  900 |                 if(topbit(c3) >= 31)
      |                   ^
/mnt/build_wrt/build_dir/hostpkg/go-1.24.13/.go_bootstrap/src/cmd/cc/sub.c:902:9: note: here
  902 |         case 010:       /* (((e <<u c2) & c3) >>u c1) */
      |         ^~~~
/mnt/build_wrt/build_dir/hostpkg/go-1.24.13/.go_bootstrap/src/cmd/cc/sub.c: In function 'side':
/mnt/build_wrt/build_dir/hostpkg/go-1.24.13/.go_bootstrap/src/cmd/cc/sub.c:954:19: warning: this statement may fall through [-Wimplicit-fallthrough=]
  954 |                 n = n->right;
      |                 ~~^~~~~~~~~~
/mnt/build_wrt/build_dir/hostpkg/go-1.24.13/.go_bootstrap/src/cmd/cc/sub.c:956:9: note: here
  956 |         case OEQ:
      |         ^~~~
/mnt/build_wrt/build_dir/hostpkg/go-1.24.13/.go_bootstrap/src/cmd/cc/sub.c: In function 'relindex':
/mnt/build_wrt/build_dir/hostpkg/go-1.24.13/.go_bootstrap/src/cmd/cc/sub.c:1130:17: warning: this statement may fall through [-Wimplicit-fallthrough=]
 1130 |                 diag(Z, "bad in relindex: %O", o);
      |                 ^~~~~~~~~~~~~~~~~~~~~~~~~~~~~~~~~
/mnt/build_wrt/build_dir/hostpkg/go-1.24.13/.go_bootstrap/src/cmd/cc/sub.c:1131:9: note: here
 1131 |         case OEQ: return 0;
      |         ^~~~
In file included from cc.y:32:
/mnt/build_wrt/build_dir/hostpkg/go-1.24.13/.go_bootstrap/include/u.h:86:42: warning: expression does not compute the number of elements in this array; element type is 'struct __jmp_buf_tag', not 'long int' [-Wsizeof-array-div]
   86 | typedef long p9jmp_buf[sizeof(sigjmp_buf)/sizeof(long)];
      |                                          ^
/mnt/build_wrt/build_dir/hostpkg/go-1.24.13/.go_bootstrap/include/u.h:86:42: note: add parentheses around the second 'sizeof' to silence this warning
cmd/gc
In file included from /mnt/build_wrt/build_dir/hostpkg/go-1.24.13/.go_bootstrap/src/cmd/gc/align.c:5:
/mnt/build_wrt/build_dir/hostpkg/go-1.24.13/.go_bootstrap/include/u.h:86:42: warning: expression does not compute the number of elements in this array; element type is 'struct __jmp_buf_tag', not 'long int' [-Wsizeof-array-div]
   86 | typedef long p9jmp_buf[sizeof(sigjmp_buf)/sizeof(long)];
      |                                          ^
In file included from /mnt/build_wrt/build_dir/hostpkg/go-1.24.13/.go_bootstrap/src/cmd/gc/bits.c:31:
/mnt/build_wrt/build_dir/hostpkg/go-1.24.13/.go_bootstrap/include/u.h:86:42: warning: expression does not compute the number of elements in this array; element type is 'struct __jmp_buf_tag', not 'long int' [-Wsizeof-array-div]
   86 | typedef long p9jmp_buf[sizeof(sigjmp_buf)/sizeof(long)];
      |                                          ^
/mnt/build_wrt/build_dir/hostpkg/go-1.24.13/.go_bootstrap/include/u.h:86:42: note: add parentheses around the second 'sizeof' to silence this warning
/mnt/build_wrt/build_dir/hostpkg/go-1.24.13/.go_bootstrap/include/u.h:86:42: note: add parentheses around the second 'sizeof' to silence this warning
In file included from /mnt/build_wrt/build_dir/hostpkg/go-1.24.13/.go_bootstrap/src/cmd/gc/array.c:5:
/mnt/build_wrt/build_dir/hostpkg/go-1.24.13/.go_bootstrap/include/u.h:86:42: warning: expression does not compute the number of elements in this array; element type is 'struct __jmp_buf_tag', not 'long int' [-Wsizeof-array-div]
   86 | typedef long p9jmp_buf[sizeof(sigjmp_buf)/sizeof(long)];
      |                                          ^
/mnt/build_wrt/build_dir/hostpkg/go-1.24.13/.go_bootstrap/include/u.h:86:42: note: add parentheses around the second 'sizeof' to silence this warning
In file included from /mnt/build_wrt/build_dir/hostpkg/go-1.24.13/.go_bootstrap/src/cmd/gc/bv.c:5:
/mnt/build_wrt/build_dir/hostpkg/go-1.24.13/.go_bootstrap/include/u.h:86:42: warning: expression does not compute the number of elements in this array; element type is 'struct __jmp_buf_tag', not 'long int' [-Wsizeof-array-div]
   86 | typedef long p9jmp_buf[sizeof(sigjmp_buf)/sizeof(long)];
      |                                          ^
/mnt/build_wrt/build_dir/hostpkg/go-1.24.13/.go_bootstrap/include/u.h:86:42: note: add parentheses around the second 'sizeof' to silence this warning
In file included from /mnt/build_wrt/build_dir/hostpkg/go-1.24.13/.go_bootstrap/src/cmd/gc/closure.c:9:
/mnt/build_wrt/build_dir/hostpkg/go-1.24.13/.go_bootstrap/include/u.h:86:42: warning: expression does not compute the number of elements in this array; element type is 'struct __jmp_buf_tag', not 'long int' [-Wsizeof-array-div]
   86 | typedef long p9jmp_buf[sizeof(sigjmp_buf)/sizeof(long)];
      |                                          ^
/mnt/build_wrt/build_dir/hostpkg/go-1.24.13/.go_bootstrap/include/u.h:86:42: note: add parentheses around the second 'sizeof' to silence this warning
In file included from /mnt/build_wrt/build_dir/hostpkg/go-1.24.13/.go_bootstrap/src/cmd/gc/const.c:5:
/mnt/build_wrt/build_dir/hostpkg/go-1.24.13/.go_bootstrap/include/u.h:86:42: warning: expression does not compute the number of elements in this array; element type is 'struct __jmp_buf_tag', not 'long int' [-Wsizeof-array-div]
   86 | typedef long p9jmp_buf[sizeof(sigjmp_buf)/sizeof(long)];
      |                                          ^
/mnt/build_wrt/build_dir/hostpkg/go-1.24.13/.go_bootstrap/include/u.h:86:42: note: add parentheses around the second 'sizeof' to silence this warning
/mnt/build_wrt/build_dir/hostpkg/go-1.24.13/.go_bootstrap/src/cmd/gc/const.c: In function 'convlit1':
/mnt/build_wrt/build_dir/hostpkg/go-1.24.13/.go_bootstrap/src/cmd/gc/const.c:224:42: warning: this statement may fall through [-Wimplicit-fallthrough=]
  224 |                                 n->val = toint(n->val);
      |                                          ^~~~~~~~~~~~~
/mnt/build_wrt/build_dir/hostpkg/go-1.24.13/.go_bootstrap/src/cmd/gc/const.c:226:25: note: here
  226 |                         case CTINT:
      |                         ^~~~
/mnt/build_wrt/build_dir/hostpkg/go-1.24.13/.go_bootstrap/src/cmd/gc/const.c:238:42: warning: this statement may fall through [-Wimplicit-fallthrough=]
  238 |                                 n->val = toflt(n->val);
      |                                          ^~~~~~~~~~~~~
/mnt/build_wrt/build_dir/hostpkg/go-1.24.13/.go_bootstrap/src/cmd/gc/const.c:240:25: note: here
  240 |                         case CTFLT:
      |                         ^~~~
/mnt/build_wrt/build_dir/hostpkg/go-1.24.13/.go_bootstrap/src/cmd/gc/const.c: In function 'tostr':
/mnt/build_wrt/build_dir/hostpkg/go-1.24.13/.go_bootstrap/src/cmd/gc/const.c:470:17: warning: this statement may fall through [-Wimplicit-fallthrough=]
  470 |                 yyerror("no float -> string");
      |                 ^~~~~~~~~~~~~~~~~~~~~~~~~~~~~
/mnt/build_wrt/build_dir/hostpkg/go-1.24.13/.go_bootstrap/src/cmd/gc/const.c:472:9: note: here
  472 |         case CTNIL:
      |         ^~~~
/mnt/build_wrt/build_dir/hostpkg/go-1.24.13/.go_bootstrap/src/cmd/gc/const.c: In function 'nodlit':
/mnt/build_wrt/build_dir/hostpkg/go-1.24.13/.go_bootstrap/src/cmd/gc/const.c:1050:17: warning: this statement may fall through [-Wimplicit-fallthrough=]
 1050 |                 fatal("nodlit ctype %d", v.ctype);
      |                 ^~~~~~~~~~~~~~~~~~~~~~~~~~~~~~~~~
/mnt/build_wrt/build_dir/hostpkg/go-1.24.13/.go_bootstrap/src/cmd/gc/const.c:1051:9: note: here
 1051 |         case CTSTR:
      |         ^~~~
/mnt/build_wrt/build_dir/hostpkg/go-1.24.13/.go_bootstrap/src/cmd/gc/const.c: In function 'convconst':
/mnt/build_wrt/build_dir/hostpkg/go-1.24.13/.go_bootstrap/src/cmd/gc/const.c:1427:25: warning: this statement may fall through [-Wimplicit-fallthrough=]
 1427 |                         fatal("convconst ctype=%d %lT", val->ctype, t);
      |                         ^~~~~~~~~~~~~~~~~~~~~~~~~~~~~~~~~~~~~~~~~~~~~~
/mnt/build_wrt/build_dir/hostpkg/go-1.24.13/.go_bootstrap/src/cmd/gc/const.c:1428:17: note: here
 1428 |                 case CTINT:
      |                 ^~~~
In file included from /mnt/build_wrt/build_dir/hostpkg/go-1.24.13/.go_bootstrap/src/cmd/gc/dcl.c:5:
/mnt/build_wrt/build_dir/hostpkg/go-1.24.13/.go_bootstrap/include/u.h:86:42: warning: expression does not compute the number of elements in this array; element type is 'struct __jmp_buf_tag', not 'long int' [-Wsizeof-array-div]
   86 | typedef long p9jmp_buf[sizeof(sigjmp_buf)/sizeof(long)];
      |                                          ^
/mnt/build_wrt/build_dir/hostpkg/go-1.24.13/.go_bootstrap/include/u.h:86:42: note: add parentheses around the second 'sizeof' to silence this warning
In file included from /mnt/build_wrt/build_dir/hostpkg/go-1.24.13/.go_bootstrap/src/cmd/gc/esc.c:7:
/mnt/build_wrt/build_dir/hostpkg/go-1.24.13/.go_bootstrap/include/u.h:86:42: warning: expression does not compute the number of elements in this array; element type is 'struct __jmp_buf_tag', not 'long int' [-Wsizeof-array-div]
   86 | typedef long p9jmp_buf[sizeof(sigjmp_buf)/sizeof(long)];
      |                                          ^
/mnt/build_wrt/build_dir/hostpkg/go-1.24.13/.go_bootstrap/include/u.h:86:42: note: add parentheses around the second 'sizeof' to silence this warning
/mnt/build_wrt/build_dir/hostpkg/go-1.24.13/.go_bootstrap/src/cmd/gc/esc.c: In function 'esccall':
/mnt/build_wrt/build_dir/hostpkg/go-1.24.13/.go_bootstrap/src/cmd/gc/esc.c:898:17: warning: this statement may fall through [-Wimplicit-fallthrough=]
  898 |                 fatal("esccall");
      |                 ^~~~~~~~~~~~~~~~
/mnt/build_wrt/build_dir/hostpkg/go-1.24.13/.go_bootstrap/src/cmd/gc/esc.c:900:9: note: here
  900 |         case OCALLFUNC:
      |         ^~~~
In file included from /mnt/build_wrt/build_dir/hostpkg/go-1.24.13/.go_bootstrap/src/cmd/gc/export.c:5:
/mnt/build_wrt/build_dir/hostpkg/go-1.24.13/.go_bootstrap/include/u.h:86:42: warning: expression does not compute the number of elements in this array; element type is 'struct __jmp_buf_tag', not 'long int' [-Wsizeof-array-div]
   86 | typedef long p9jmp_buf[sizeof(sigjmp_buf)/sizeof(long)];
      |                                          ^
/mnt/build_wrt/build_dir/hostpkg/go-1.24.13/.go_bootstrap/include/u.h:86:42: note: add parentheses around the second 'sizeof' to silence this warning
In file included from /mnt/build_wrt/build_dir/hostpkg/go-1.24.13/.go_bootstrap/src/cmd/gc/fmt.c:5:
/mnt/build_wrt/build_dir/hostpkg/go-1.24.13/.go_bootstrap/include/u.h:86:42: warning: expression does not compute the number of elements in this array; element type is 'struct __jmp_buf_tag', not 'long int' [-Wsizeof-array-div]
   86 | typedef long p9jmp_buf[sizeof(sigjmp_buf)/sizeof(long)];
      |                                          ^
/mnt/build_wrt/build_dir/hostpkg/go-1.24.13/.go_bootstrap/include/u.h:86:42: note: add parentheses around the second 'sizeof' to silence this warning
/mnt/build_wrt/build_dir/hostpkg/go-1.24.13/.go_bootstrap/src/cmd/gc/fmt.c: In function 'typefmt':
/mnt/build_wrt/build_dir/hostpkg/go-1.24.13/.go_bootstrap/src/cmd/gc/fmt.c:624:27: warning: this statement may fall through [-Wimplicit-fallthrough=]
  624 |                         if(fmtmode != FExp) {
      |                           ^
/mnt/build_wrt/build_dir/hostpkg/go-1.24.13/.go_bootstrap/src/cmd/gc/fmt.c:628:17: note: here
  628 |                 default:
      |                 ^~~~~~~
In file included from /mnt/build_wrt/build_dir/hostpkg/go-1.24.13/.go_bootstrap/src/cmd/gc/gen.c:10:
/mnt/build_wrt/build_dir/hostpkg/go-1.24.13/.go_bootstrap/include/u.h:86:42: warning: expression does not compute the number of elements in this array; element type is 'struct __jmp_buf_tag', not 'long int' [-Wsizeof-array-div]
   86 | typedef long p9jmp_buf[sizeof(sigjmp_buf)/sizeof(long)];
      |                                          ^
/mnt/build_wrt/build_dir/hostpkg/go-1.24.13/.go_bootstrap/include/u.h:86:42: note: add parentheses around the second 'sizeof' to silence this warning
/mnt/build_wrt/build_dir/hostpkg/go-1.24.13/.go_bootstrap/src/cmd/gc/gen.c: In function 'cgen_proc':
/mnt/build_wrt/build_dir/hostpkg/go-1.24.13/.go_bootstrap/src/cmd/gc/gen.c:550:17: warning: this statement may fall through [-Wimplicit-fallthrough=]
  550 |                 fatal("cgen_proc: unknown call %O", n->left->op);
      |                 ^~~~~~~~~~~~~~~~~~~~~~~~~~~~~~~~~~~~~~~~~~~~~~~~
/mnt/build_wrt/build_dir/hostpkg/go-1.24.13/.go_bootstrap/src/cmd/gc/gen.c:552:9: note: here
  552 |         case OCALLMETH:
      |         ^~~~
In file included from /mnt/build_wrt/build_dir/hostpkg/go-1.24.13/.go_bootstrap/src/cmd/gc/init.c:5:
/mnt/build_wrt/build_dir/hostpkg/go-1.24.13/.go_bootstrap/include/u.h:86:42: warning: expression does not compute the number of elements in this array; element type is 'struct __jmp_buf_tag', not 'long int' [-Wsizeof-array-div]
   86 | typedef long p9jmp_buf[sizeof(sigjmp_buf)/sizeof(long)];
      |                                          ^
/mnt/build_wrt/build_dir/hostpkg/go-1.24.13/.go_bootstrap/include/u.h:86:42: note: add parentheses around the second 'sizeof' to silence this warning
In file included from /mnt/build_wrt/build_dir/hostpkg/go-1.24.13/.go_bootstrap/src/cmd/gc/inl.c:29:
/mnt/build_wrt/build_dir/hostpkg/go-1.24.13/.go_bootstrap/include/u.h:86:42: warning: expression does not compute the number of elements in this array; element type is 'struct __jmp_buf_tag', not 'long int' [-Wsizeof-array-div]
   86 | typedef long p9jmp_buf[sizeof(sigjmp_buf)/sizeof(long)];
      |                                          ^
/mnt/build_wrt/build_dir/hostpkg/go-1.24.13/.go_bootstrap/include/u.h:86:42: note: add parentheses around the second 'sizeof' to silence this warning
In file included from /mnt/build_wrt/build_dir/hostpkg/go-1.24.13/.go_bootstrap/src/cmd/gc/lex.c:5:
/mnt/build_wrt/build_dir/hostpkg/go-1.24.13/.go_bootstrap/include/u.h:86:42: warning: expression does not compute the number of elements in this array; element type is 'struct __jmp_buf_tag', not 'long int' [-Wsizeof-array-div]
   86 | typedef long p9jmp_buf[sizeof(sigjmp_buf)/sizeof(long)];
      |                                          ^
/mnt/build_wrt/build_dir/hostpkg/go-1.24.13/.go_bootstrap/include/u.h:86:42: note: add parentheses around the second 'sizeof' to silence this warning
/mnt/build_wrt/build_dir/hostpkg/go-1.24.13/.go_bootstrap/src/cmd/gc/lex.c: In function 'ccgetc':
/mnt/build_wrt/build_dir/hostpkg/go-1.24.13/.go_bootstrap/src/cmd/gc/lex.c:1679:19: warning: this statement may fall through [-Wimplicit-fallthrough=]
 1679 |                 if(curio.bin != nil) {
      |                   ^
/mnt/build_wrt/build_dir/hostpkg/go-1.24.13/.go_bootstrap/src/cmd/gc/lex.c:1683:9: note: here
 1683 |         case EOF:
      |         ^~~~
/mnt/build_wrt/build_dir/hostpkg/go-1.24.13/.go_bootstrap/src/cmd/gc/lex.c:1688:19: warning: this statement may fall through [-Wimplicit-fallthrough=]
 1688 |                 c = '\n';
      |                 ~~^~~~~~
/mnt/build_wrt/build_dir/hostpkg/go-1.24.13/.go_bootstrap/src/cmd/gc/lex.c:1689:9: note: here
 1689 |         case '\n':
      |         ^~~~
In file included from /mnt/build_wrt/build_dir/hostpkg/go-1.24.13/.go_bootstrap/src/cmd/gc/md5.c:8:
/mnt/build_wrt/build_dir/hostpkg/go-1.24.13/.go_bootstrap/include/u.h:86:42: warning: expression does not compute the number of elements in this array; element type is 'struct __jmp_buf_tag', not 'long int' [-Wsizeof-array-div]
   86 | typedef long p9jmp_buf[sizeof(sigjmp_buf)/sizeof(long)];
      |                                          ^
/mnt/build_wrt/build_dir/hostpkg/go-1.24.13/.go_bootstrap/include/u.h:86:42: note: add parentheses around the second 'sizeof' to silence this warning
In file included from /mnt/build_wrt/build_dir/hostpkg/go-1.24.13/.go_bootstrap/src/cmd/gc/mparith1.c:5:
/mnt/build_wrt/build_dir/hostpkg/go-1.24.13/.go_bootstrap/include/u.h:86:42: warning: expression does not compute the number of elements in this array; element type is 'struct __jmp_buf_tag', not 'long int' [-Wsizeof-array-div]
   86 | typedef long p9jmp_buf[sizeof(sigjmp_buf)/sizeof(long)];
      |                                          ^
/mnt/build_wrt/build_dir/hostpkg/go-1.24.13/.go_bootstrap/include/u.h:86:42: note: add parentheses around the second 'sizeof' to silence this warning
In file included from /mnt/build_wrt/build_dir/hostpkg/go-1.24.13/.go_bootstrap/src/cmd/gc/mparith2.c:5:
/mnt/build_wrt/build_dir/hostpkg/go-1.24.13/.go_bootstrap/include/u.h:86:42: warning: expression does not compute the number of elements in this array; element type is 'struct __jmp_buf_tag', not 'long int' [-Wsizeof-array-div]
   86 | typedef long p9jmp_buf[sizeof(sigjmp_buf)/sizeof(long)];
      |                                          ^
/mnt/build_wrt/build_dir/hostpkg/go-1.24.13/.go_bootstrap/include/u.h:86:42: note: add parentheses around the second 'sizeof' to silence this warning
/mnt/build_wrt/build_dir/hostpkg/go-1.24.13/.go_bootstrap/src/cmd/gc/mparith1.c: In function 'mpatoflt':
/mnt/build_wrt/build_dir/hostpkg/go-1.24.13/.go_bootstrap/src/cmd/gc/mparith1.c:383:28: warning: this statement may fall through [-Wimplicit-fallthrough=]
  383 |                         eb = 1;
      |                         ~~~^~~
/mnt/build_wrt/build_dir/hostpkg/go-1.24.13/.go_bootstrap/src/cmd/gc/mparith1.c:385:17: note: here
  385 |                 case 'E':
      |                 ^~~~
/mnt/build_wrt/build_dir/hostpkg/go-1.24.13/.go_bootstrap/src/cmd/gc/mparith1.c: In function 'mpatofix':
/mnt/build_wrt/build_dir/hostpkg/go-1.24.13/.go_bootstrap/src/cmd/gc/mparith1.c:468:19: warning: this statement may fall through [-Wimplicit-fallthrough=]
  468 |                 f = 1;
      |                 ~~^~~
/mnt/build_wrt/build_dir/hostpkg/go-1.24.13/.go_bootstrap/src/cmd/gc/mparith1.c:470:9: note: here
  470 |         case '+':
      |         ^~~~
In file included from /mnt/build_wrt/build_dir/hostpkg/go-1.24.13/.go_bootstrap/src/cmd/gc/mparith3.c:5:
/mnt/build_wrt/build_dir/hostpkg/go-1.24.13/.go_bootstrap/include/u.h:86:42: warning: expression does not compute the number of elements in this array; element type is 'struct __jmp_buf_tag', not 'long int' [-Wsizeof-array-div]
   86 | typedef long p9jmp_buf[sizeof(sigjmp_buf)/sizeof(long)];
      |                                          ^
/mnt/build_wrt/build_dir/hostpkg/go-1.24.13/.go_bootstrap/include/u.h:86:42: note: add parentheses around the second 'sizeof' to silence this warning
In file included from /mnt/build_wrt/build_dir/hostpkg/go-1.24.13/.go_bootstrap/src/cmd/gc/obj.c:5:
/mnt/build_wrt/build_dir/hostpkg/go-1.24.13/.go_bootstrap/include/u.h:86:42: warning: expression does not compute the number of elements in this array; element type is 'struct __jmp_buf_tag', not 'long int' [-Wsizeof-array-div]
   86 | typedef long p9jmp_buf[sizeof(sigjmp_buf)/sizeof(long)];
      |                                          ^
/mnt/build_wrt/build_dir/hostpkg/go-1.24.13/.go_bootstrap/include/u.h:86:42: note: add parentheses around the second 'sizeof' to silence this warning
In file included from /mnt/build_wrt/build_dir/hostpkg/go-1.24.13/.go_bootstrap/src/cmd/gc/order.c:35:
/mnt/build_wrt/build_dir/hostpkg/go-1.24.13/.go_bootstrap/include/u.h:86:42: warning: expression does not compute the number of elements in this array; element type is 'struct __jmp_buf_tag', not 'long int' [-Wsizeof-array-div]
   86 | typedef long p9jmp_buf[sizeof(sigjmp_buf)/sizeof(long)];
      |                                          ^
/mnt/build_wrt/build_dir/hostpkg/go-1.24.13/.go_bootstrap/include/u.h:86:42: note: add parentheses around the second 'sizeof' to silence this warning
/mnt/build_wrt/build_dir/hostpkg/go-1.24.13/.go_bootstrap/src/cmd/gc/order.c: In function 'orderstmt':
/mnt/build_wrt/build_dir/hostpkg/go-1.24.13/.go_bootstrap/src/cmd/gc/order.c:732:25: warning: this statement may fall through [-Wimplicit-fallthrough=]
  732 |                         fatal("orderstmt range %T", n->type);
      |                         ^~~~~~~~~~~~~~~~~~~~~~~~~~~~~~~~~~~~
/mnt/build_wrt/build_dir/hostpkg/go-1.24.13/.go_bootstrap/src/cmd/gc/order.c:733:17: note: here
  733 |                 case TARRAY:
      |                 ^~~~
/mnt/build_wrt/build_dir/hostpkg/go-1.24.13/.go_bootstrap/src/cmd/gc/order.c:511:17: warning: this statement may fall through [-Wimplicit-fallthrough=]
  511 |                 fatal("orderstmt %O", n->op);
      |                 ^~~~~~~~~~~~~~~~~~~~~~~~~~~~
/mnt/build_wrt/build_dir/hostpkg/go-1.24.13/.go_bootstrap/src/cmd/gc/order.c:513:9: note: here
  513 |         case OVARKILL:
      |         ^~~~
/mnt/build_wrt/build_dir/hostpkg/go-1.24.13/.go_bootstrap/src/cmd/gc/order.c: In function 'ordersafeexpr':
/mnt/build_wrt/build_dir/hostpkg/go-1.24.13/.go_bootstrap/src/cmd/gc/order.c:141:17: warning: this statement may fall through [-Wimplicit-fallthrough=]
  141 |                 fatal("ordersafeexpr %O", n->op);
      |                 ^~~~~~~~~~~~~~~~~~~~~~~~~~~~~~~~
/mnt/build_wrt/build_dir/hostpkg/go-1.24.13/.go_bootstrap/src/cmd/gc/order.c:143:9: note: here
  143 |         case ONAME:
      |         ^~~~
/mnt/build_wrt/build_dir/hostpkg/go-1.24.13/.go_bootstrap/src/cmd/gc/order.c: In function 'ordermapassign':
/mnt/build_wrt/build_dir/hostpkg/go-1.24.13/.go_bootstrap/src/cmd/gc/order.c:453:17: warning: this statement may fall through [-Wimplicit-fallthrough=]
  453 |                 fatal("ordermapassign %O", n->op);
      |                 ^~~~~~~~~~~~~~~~~~~~~~~~~~~~~~~~~
/mnt/build_wrt/build_dir/hostpkg/go-1.24.13/.go_bootstrap/src/cmd/gc/order.c:455:9: note: here
  455 |         case OAS:
      |         ^~~~
In file included from /mnt/build_wrt/build_dir/hostpkg/go-1.24.13/.go_bootstrap/src/cmd/gc/racewalk.c:15:
/mnt/build_wrt/build_dir/hostpkg/go-1.24.13/.go_bootstrap/include/u.h:86:42: warning: expression does not compute the number of elements in this array; element type is 'struct __jmp_buf_tag', not 'long int' [-Wsizeof-array-div]
   86 | typedef long p9jmp_buf[sizeof(sigjmp_buf)/sizeof(long)];
      |                                          ^
/mnt/build_wrt/build_dir/hostpkg/go-1.24.13/.go_bootstrap/include/u.h:86:42: note: add parentheses around the second 'sizeof' to silence this warning
/mnt/build_wrt/build_dir/hostpkg/go-1.24.13/.go_bootstrap/src/cmd/gc/racewalk.c: In function 'racewalknode':
/mnt/build_wrt/build_dir/hostpkg/go-1.24.13/.go_bootstrap/src/cmd/gc/racewalk.c:156:17: warning: this statement may fall through [-Wimplicit-fallthrough=]
  156 |                 fatal("racewalk: unknown node type %O", n->op);
      |                 ^~~~~~~~~~~~~~~~~~~~~~~~~~~~~~~~~~~~~~~~~~~~~~
/mnt/build_wrt/build_dir/hostpkg/go-1.24.13/.go_bootstrap/src/cmd/gc/racewalk.c:158:9: note: here
  158 |         case OASOP:
      |         ^~~~
In file included from /mnt/build_wrt/build_dir/hostpkg/go-1.24.13/.go_bootstrap/src/cmd/gc/range.c:9:
/mnt/build_wrt/build_dir/hostpkg/go-1.24.13/.go_bootstrap/include/u.h:86:42: warning: expression does not compute the number of elements in this array; element type is 'struct __jmp_buf_tag', not 'long int' [-Wsizeof-array-div]
   86 | typedef long p9jmp_buf[sizeof(sigjmp_buf)/sizeof(long)];
      |                                          ^
/mnt/build_wrt/build_dir/hostpkg/go-1.24.13/.go_bootstrap/include/u.h:86:42: note: add parentheses around the second 'sizeof' to silence this warning
/mnt/build_wrt/build_dir/hostpkg/go-1.24.13/.go_bootstrap/src/cmd/gc/range.c: In function 'walkrange':
/mnt/build_wrt/build_dir/hostpkg/go-1.24.13/.go_bootstrap/src/cmd/gc/range.c:144:17: warning: this statement may fall through [-Wimplicit-fallthrough=]
  144 |                 fatal("walkrange");
      |                 ^~~~~~~~~~~~~~~~~~
/mnt/build_wrt/build_dir/hostpkg/go-1.24.13/.go_bootstrap/src/cmd/gc/range.c:146:9: note: here
  146 |         case TARRAY:
      |         ^~~~
In file included from /mnt/build_wrt/build_dir/hostpkg/go-1.24.13/.go_bootstrap/src/cmd/gc/reflect.c:5:
/mnt/build_wrt/build_dir/hostpkg/go-1.24.13/.go_bootstrap/include/u.h:86:42: warning: expression does not compute the number of elements in this array; element type is 'struct __jmp_buf_tag', not 'long int' [-Wsizeof-array-div]
   86 | typedef long p9jmp_buf[sizeof(sigjmp_buf)/sizeof(long)];
      |                                          ^
/mnt/build_wrt/build_dir/hostpkg/go-1.24.13/.go_bootstrap/include/u.h:86:42: note: add parentheses around the second 'sizeof' to silence this warning
In file included from /mnt/build_wrt/build_dir/hostpkg/go-1.24.13/.go_bootstrap/src/cmd/gc/select.c:9:
/mnt/build_wrt/build_dir/hostpkg/go-1.24.13/.go_bootstrap/include/u.h:86:42: warning: expression does not compute the number of elements in this array; element type is 'struct __jmp_buf_tag', not 'long int' [-Wsizeof-array-div]
   86 | typedef long p9jmp_buf[sizeof(sigjmp_buf)/sizeof(long)];
      |                                          ^
/mnt/build_wrt/build_dir/hostpkg/go-1.24.13/.go_bootstrap/include/u.h:86:42: note: add parentheses around the second 'sizeof' to silence this warning
/mnt/build_wrt/build_dir/hostpkg/go-1.24.13/.go_bootstrap/src/cmd/gc/select.c: In function 'walkselect':
/mnt/build_wrt/build_dir/hostpkg/go-1.24.13/.go_bootstrap/src/cmd/gc/select.c:128:33: warning: this statement may fall through [-Wimplicit-fallthrough=]
  128 |                                 fatal("select %O", n->op);
      |                                 ^~~~~~~~~~~~~~~~~~~~~~~~~
/mnt/build_wrt/build_dir/hostpkg/go-1.24.13/.go_bootstrap/src/cmd/gc/select.c:130:25: note: here
  130 |                         case OSEND:
      |                         ^~~~
/mnt/build_wrt/build_dir/hostpkg/go-1.24.13/.go_bootstrap/src/cmd/gc/select.c:223:25: warning: this statement may fall through [-Wimplicit-fallthrough=]
  223 |                         fatal("select %O", n->op);
      |                         ^~~~~~~~~~~~~~~~~~~~~~~~~
/mnt/build_wrt/build_dir/hostpkg/go-1.24.13/.go_bootstrap/src/cmd/gc/select.c:225:17: note: here
  225 |                 case OSEND:
      |                 ^~~~
/mnt/build_wrt/build_dir/hostpkg/go-1.24.13/.go_bootstrap/src/cmd/gc/select.c:289:33: warning: this statement may fall through [-Wimplicit-fallthrough=]
  289 |                                 fatal("select %O", n->op);
      |                                 ^~~~~~~~~~~~~~~~~~~~~~~~~
/mnt/build_wrt/build_dir/hostpkg/go-1.24.13/.go_bootstrap/src/cmd/gc/select.c:291:25: note: here
  291 |                         case OSEND:
      |                         ^~~~
In file included from /mnt/build_wrt/build_dir/hostpkg/go-1.24.13/.go_bootstrap/src/cmd/gc/sinit.c:9:
/mnt/build_wrt/build_dir/hostpkg/go-1.24.13/.go_bootstrap/include/u.h:86:42: warning: expression does not compute the number of elements in this array; element type is 'struct __jmp_buf_tag', not 'long int' [-Wsizeof-array-div]
   86 | typedef long p9jmp_buf[sizeof(sigjmp_buf)/sizeof(long)];
      |                                          ^
/mnt/build_wrt/build_dir/hostpkg/go-1.24.13/.go_bootstrap/include/u.h:86:42: note: add parentheses around the second 'sizeof' to silence this warning
/mnt/build_wrt/build_dir/hostpkg/go-1.24.13/.go_bootstrap/src/cmd/gc/sinit.c: In function 'staticassign':
/mnt/build_wrt/build_dir/hostpkg/go-1.24.13/.go_bootstrap/src/cmd/gc/sinit.c:401:17: warning: this statement may fall through [-Wimplicit-fallthrough=]
  401 |                 switch(r->left->op) {
      |                 ^~~~~~
/mnt/build_wrt/build_dir/hostpkg/go-1.24.13/.go_bootstrap/src/cmd/gc/sinit.c:411:9: note: here
  411 |         case OPTRLIT:
      |         ^~~~
/mnt/build_wrt/build_dir/hostpkg/go-1.24.13/.go_bootstrap/src/cmd/gc/sinit.c: In function 'initplan':
/mnt/build_wrt/build_dir/hostpkg/go-1.24.13/.go_bootstrap/src/cmd/gc/sinit.c:1375:17: warning: this statement may fall through [-Wimplicit-fallthrough=]
 1375 |                 fatal("initplan");
      |                 ^~~~~~~~~~~~~~~~~
/mnt/build_wrt/build_dir/hostpkg/go-1.24.13/.go_bootstrap/src/cmd/gc/sinit.c:1376:9: note: here
 1376 |         case OARRAYLIT:
      |         ^~~~
/mnt/build_wrt/build_dir/hostpkg/go-1.24.13/.go_bootstrap/src/cmd/gc/sinit.c: In function 'anylit':
/mnt/build_wrt/build_dir/hostpkg/go-1.24.13/.go_bootstrap/src/cmd/gc/sinit.c:1040:17: warning: this statement may fall through [-Wimplicit-fallthrough=]
 1040 |                 fatal("anylit: not lit");
      |                 ^~~~~~~~~~~~~~~~~~~~~~~~
/mnt/build_wrt/build_dir/hostpkg/go-1.24.13/.go_bootstrap/src/cmd/gc/sinit.c:1042:9: note: here
 1042 |         case OPTRLIT:
      |         ^~~~
/mnt/build_wrt/build_dir/hostpkg/go-1.24.13/.go_bootstrap/src/cmd/gc/sinit.c: In function 'iszero':
/mnt/build_wrt/build_dir/hostpkg/go-1.24.13/.go_bootstrap/src/cmd/gc/sinit.c:1451:25: warning: this statement may fall through [-Wimplicit-fallthrough=]
 1451 |                         fatal("iszero");
      |                         ^~~~~~~~~~~~~~~
/mnt/build_wrt/build_dir/hostpkg/go-1.24.13/.go_bootstrap/src/cmd/gc/sinit.c:1453:17: note: here
 1453 |                 case CTNIL:
      |                 ^~~~
In file included from /mnt/build_wrt/build_dir/hostpkg/go-1.24.13/.go_bootstrap/src/cmd/gc/subr.c:5:
/mnt/build_wrt/build_dir/hostpkg/go-1.24.13/.go_bootstrap/include/u.h:86:42: warning: expression does not compute the number of elements in this array; element type is 'struct __jmp_buf_tag', not 'long int' [-Wsizeof-array-div]
   86 | typedef long p9jmp_buf[sizeof(sigjmp_buf)/sizeof(long)];
      |                                          ^
/mnt/build_wrt/build_dir/hostpkg/go-1.24.13/.go_bootstrap/include/u.h:86:42: note: add parentheses around the second 'sizeof' to silence this warning
In file included from /mnt/build_wrt/build_dir/hostpkg/go-1.24.13/.go_bootstrap/src/cmd/gc/swt.c:5:
/mnt/build_wrt/build_dir/hostpkg/go-1.24.13/.go_bootstrap/include/u.h:86:42: warning: expression does not compute the number of elements in this array; element type is 'struct __jmp_buf_tag', not 'long int' [-Wsizeof-array-div]
   86 | typedef long p9jmp_buf[sizeof(sigjmp_buf)/sizeof(long)];
      |                                          ^
/mnt/build_wrt/build_dir/hostpkg/go-1.24.13/.go_bootstrap/include/u.h:86:42: note: add parentheses around the second 'sizeof' to silence this warning
/mnt/build_wrt/build_dir/hostpkg/go-1.24.13/.go_bootstrap/src/cmd/gc/subr.c: In function 'assignop':
/mnt/build_wrt/build_dir/hostpkg/go-1.24.13/.go_bootstrap/src/cmd/gc/subr.c:1291:27: warning: this statement may fall through [-Wimplicit-fallthrough=]
 1291 |                         if(dst->bound != -100)  // not slice
      |                           ^
/mnt/build_wrt/build_dir/hostpkg/go-1.24.13/.go_bootstrap/src/cmd/gc/subr.c:1293:17: note: here
 1293 |                 case TPTR32:
      |                 ^~~~
/mnt/build_wrt/build_dir/hostpkg/go-1.24.13/.go_bootstrap/src/cmd/gc/subr.c: In function 'genhash':
/mnt/build_wrt/build_dir/hostpkg/go-1.24.13/.go_bootstrap/src/cmd/gc/subr.c:2745:17: warning: this statement may fall through [-Wimplicit-fallthrough=]
 2745 |                 fatal("genhash %T", t);
      |                 ^~~~~~~~~~~~~~~~~~~~~~
/mnt/build_wrt/build_dir/hostpkg/go-1.24.13/.go_bootstrap/src/cmd/gc/subr.c:2746:9: note: here
 2746 |         case TARRAY:
      |         ^~~~
/mnt/build_wrt/build_dir/hostpkg/go-1.24.13/.go_bootstrap/src/cmd/gc/subr.c: In function 'geneq':
/mnt/build_wrt/build_dir/hostpkg/go-1.24.13/.go_bootstrap/src/cmd/gc/subr.c:2985:17: warning: this statement may fall through [-Wimplicit-fallthrough=]
 2985 |                 fatal("geneq %T", t);
      |                 ^~~~~~~~~~~~~~~~~~~~
/mnt/build_wrt/build_dir/hostpkg/go-1.24.13/.go_bootstrap/src/cmd/gc/subr.c:2986:9: note: here
 2986 |         case TARRAY:
      |         ^~~~
In file included from /mnt/build_wrt/build_dir/hostpkg/go-1.24.13/.go_bootstrap/src/cmd/gc/typecheck.c:13:
/mnt/build_wrt/build_dir/hostpkg/go-1.24.13/.go_bootstrap/include/u.h:86:42: warning: expression does not compute the number of elements in this array; element type is 'struct __jmp_buf_tag', not 'long int' [-Wsizeof-array-div]
   86 | typedef long p9jmp_buf[sizeof(sigjmp_buf)/sizeof(long)];
      |                                          ^
/mnt/build_wrt/build_dir/hostpkg/go-1.24.13/.go_bootstrap/include/u.h:86:42: note: add parentheses around the second 'sizeof' to silence this warning
/mnt/build_wrt/build_dir/hostpkg/go-1.24.13/.go_bootstrap/src/cmd/gc/typecheck.c: In function 'typecheck1':
/mnt/build_wrt/build_dir/hostpkg/go-1.24.13/.go_bootstrap/src/cmd/gc/typecheck.c:336:17: warning: this statement may fall through [-Wimplicit-fallthrough=]
  336 |                 fatal("typecheck %O", n->op);
      |                 ^~~~~~~~~~~~~~~~~~~~~~~~~~~~
/mnt/build_wrt/build_dir/hostpkg/go-1.24.13/.go_bootstrap/src/cmd/gc/typecheck.c:341:9: note: here
  341 |         case OLITERAL:
      |         ^~~~
In file included from /mnt/build_wrt/build_dir/hostpkg/go-1.24.13/.go_bootstrap/src/cmd/gc/unsafe.c:5:
/mnt/build_wrt/build_dir/hostpkg/go-1.24.13/.go_bootstrap/include/u.h:86:42: warning: expression does not compute the number of elements in this array; element type is 'struct __jmp_buf_tag', not 'long int' [-Wsizeof-array-div]
   86 | typedef long p9jmp_buf[sizeof(sigjmp_buf)/sizeof(long)];
      |                                          ^
/mnt/build_wrt/build_dir/hostpkg/go-1.24.13/.go_bootstrap/include/u.h:86:42: note: add parentheses around the second 'sizeof' to silence this warning
In file included from /mnt/build_wrt/build_dir/hostpkg/go-1.24.13/.go_bootstrap/src/cmd/gc/walk.c:5:
/mnt/build_wrt/build_dir/hostpkg/go-1.24.13/.go_bootstrap/include/u.h:86:42: warning: expression does not compute the number of elements in this array; element type is 'struct __jmp_buf_tag', not 'long int' [-Wsizeof-array-div]
   86 | typedef long p9jmp_buf[sizeof(sigjmp_buf)/sizeof(long)];
      |                                          ^
/mnt/build_wrt/build_dir/hostpkg/go-1.24.13/.go_bootstrap/include/u.h:86:42: note: add parentheses around the second 'sizeof' to silence this warning
/mnt/build_wrt/build_dir/hostpkg/go-1.24.13/.go_bootstrap/src/cmd/gc/walk.c: In function 'walkstmt':
In file included from go.y:21:
/mnt/build_wrt/build_dir/hostpkg/go-1.24.13/.go_bootstrap/include/u.h:86:42: warning: expression does not compute the number of elements in this array; element type is 'struct __jmp_buf_tag', not 'long int' [-Wsizeof-array-div]
   86 | typedef long p9jmp_buf[sizeof(sigjmp_buf)/sizeof(long)];
      |                                          ^
/mnt/build_wrt/build_dir/hostpkg/go-1.24.13/.go_bootstrap/include/u.h:86:42: note: add parentheses around the second 'sizeof' to silence this warning
/mnt/build_wrt/build_dir/hostpkg/go-1.24.13/.go_bootstrap/src/cmd/gc/walk.c:220:23: warning: this statement may fall through [-Wimplicit-fallthrough=]
  220 |                 n->op = OCASE;
      |                 ~~~~~~^~~~~~~
/mnt/build_wrt/build_dir/hostpkg/go-1.24.13/.go_bootstrap/src/cmd/gc/walk.c:221:9: note: here
  221 |         case OCASE:
      |         ^~~~
/mnt/build_wrt/build_dir/hostpkg/go-1.24.13/.go_bootstrap/src/cmd/gc/walk.c: In function 'walkexpr':
/mnt/build_wrt/build_dir/hostpkg/go-1.24.13/.go_bootstrap/src/cmd/gc/walk.c:1128:17: warning: this statement may fall through [-Wimplicit-fallthrough=]
 1128 |                 fatal("walkexpr ORECV"); // should see inside OAS only
      |                 ^~~~~~~~~~~~~~~~~~~~~~~
/mnt/build_wrt/build_dir/hostpkg/go-1.24.13/.go_bootstrap/src/cmd/gc/walk.c:1130:9: note: here
 1130 |         case OSLICE:
      |         ^~~~
cmd/6l
In file included from /mnt/build_wrt/build_dir/hostpkg/go-1.24.13/.go_bootstrap/src/cmd/6l/l.h:31,
                 from /mnt/build_wrt/build_dir/hostpkg/go-1.24.13/.go_bootstrap/src/cmd/6l/../ld/data.c:33:
/mnt/build_wrt/build_dir/hostpkg/go-1.24.13/.go_bootstrap/include/u.h:86:42: warning: expression does not compute the number of elements in this array; element type is 'struct __jmp_buf_tag', not 'long int' [-Wsizeof-array-div]
   86 | typedef long p9jmp_buf[sizeof(sigjmp_buf)/sizeof(long)];
      |                                          ^
In file included from /mnt/build_wrt/build_dir/hostpkg/go-1.24.13/.go_bootstrap/src/cmd/6l/l.h:31,
                 from /mnt/build_wrt/build_dir/hostpkg/go-1.24.13/.go_bootstrap/src/cmd/6l/../ld/dwarf.c:15:
/mnt/build_wrt/build_dir/hostpkg/go-1.24.13/.go_bootstrap/include/u.h:86:42: warning: expression does not compute the number of elements in this array; element type is 'struct __jmp_buf_tag', not 'long int' [-Wsizeof-array-div]
   86 | typedef long p9jmp_buf[sizeof(sigjmp_buf)/sizeof(long)];
      |                                          ^
/mnt/build_wrt/build_dir/hostpkg/go-1.24.13/.go_bootstrap/include/u.h:86:42: note: add parentheses around the second 'sizeof' to silence this warning
/mnt/build_wrt/build_dir/hostpkg/go-1.24.13/.go_bootstrap/include/u.h:86:42: note: add parentheses around the second 'sizeof' to silence this warning
In file included from /mnt/build_wrt/build_dir/hostpkg/go-1.24.13/.go_bootstrap/src/cmd/6l/l.h:31,
                 from /mnt/build_wrt/build_dir/hostpkg/go-1.24.13/.go_bootstrap/src/cmd/6l/../ld/elf.c:5:
/mnt/build_wrt/build_dir/hostpkg/go-1.24.13/.go_bootstrap/include/u.h:86:42: warning: expression does not compute the number of elements in this array; element type is 'struct __jmp_buf_tag', not 'long int' [-Wsizeof-array-div]
   86 | typedef long p9jmp_buf[sizeof(sigjmp_buf)/sizeof(long)];
      |                                          ^
/mnt/build_wrt/build_dir/hostpkg/go-1.24.13/.go_bootstrap/include/u.h:86:42: note: add parentheses around the second 'sizeof' to silence this warning
In file included from /mnt/build_wrt/build_dir/hostpkg/go-1.24.13/.go_bootstrap/src/cmd/6l/l.h:31,
                 from /mnt/build_wrt/build_dir/hostpkg/go-1.24.13/.go_bootstrap/src/cmd/6l/../ld/decodesym.c:5:
/mnt/build_wrt/build_dir/hostpkg/go-1.24.13/.go_bootstrap/include/u.h:86:42: warning: expression does not compute the number of elements in this array; element type is 'struct __jmp_buf_tag', not 'long int' [-Wsizeof-array-div]
   86 | typedef long p9jmp_buf[sizeof(sigjmp_buf)/sizeof(long)];
      |                                          ^
/mnt/build_wrt/build_dir/hostpkg/go-1.24.13/.go_bootstrap/include/u.h:86:42: note: add parentheses around the second 'sizeof' to silence this warning
/mnt/build_wrt/build_dir/hostpkg/go-1.24.13/.go_bootstrap/src/cmd/6l/../ld/data.c: In function 'relocsym':
/mnt/build_wrt/build_dir/hostpkg/go-1.24.13/.go_bootstrap/src/cmd/6l/../ld/data.c:315:25: warning: this statement may fall through [-Wimplicit-fallthrough=]
  315 |                         diag("bad reloc size %#ux for %s", siz, r->sym->name);
      |                         ^~~~~~~~~~~~~~~~~~~~~~~~~~~~~~~~~~~~~~~~~~~~~~~~~~~~~
/mnt/build_wrt/build_dir/hostpkg/go-1.24.13/.go_bootstrap/src/cmd/6l/../ld/data.c:316:17: note: here
  316 |                 case 1:
      |                 ^~~~
/mnt/build_wrt/build_dir/hostpkg/go-1.24.13/.go_bootstrap/src/cmd/6l/../ld/elf.c: In function 'asmbelf':
/mnt/build_wrt/build_dir/hostpkg/go-1.24.13/.go_bootstrap/src/cmd/6l/../ld/elf.c:1141:17: warning: this statement may fall through [-Wimplicit-fallthrough=]
 1141 |                 errorexit();
      |                 ^~~~~~~~~~~
/mnt/build_wrt/build_dir/hostpkg/go-1.24.13/.go_bootstrap/src/cmd/6l/../ld/elf.c:1142:9: note: here
 1142 |         case '5':
      |         ^~~~
In file included from /mnt/build_wrt/build_dir/hostpkg/go-1.24.13/.go_bootstrap/src/cmd/6l/l.h:31,
                 from /mnt/build_wrt/build_dir/hostpkg/go-1.24.13/.go_bootstrap/src/cmd/6l/../ld/go.c:7:
/mnt/build_wrt/build_dir/hostpkg/go-1.24.13/.go_bootstrap/include/u.h:86:42: warning: expression does not compute the number of elements in this array; element type is 'struct __jmp_buf_tag', not 'long int' [-Wsizeof-array-div]
   86 | typedef long p9jmp_buf[sizeof(sigjmp_buf)/sizeof(long)];
      |                                          ^
/mnt/build_wrt/build_dir/hostpkg/go-1.24.13/.go_bootstrap/include/u.h:86:42: note: add parentheses around the second 'sizeof' to silence this warning
In file included from /mnt/build_wrt/build_dir/hostpkg/go-1.24.13/.go_bootstrap/src/cmd/6l/l.h:31,
                 from /mnt/build_wrt/build_dir/hostpkg/go-1.24.13/.go_bootstrap/src/cmd/6l/../ld/ldelf.c:28:
/mnt/build_wrt/build_dir/hostpkg/go-1.24.13/.go_bootstrap/include/u.h:86:42: warning: expression does not compute the number of elements in this array; element type is 'struct __jmp_buf_tag', not 'long int' [-Wsizeof-array-div]
   86 | typedef long p9jmp_buf[sizeof(sigjmp_buf)/sizeof(long)];
      |                                          ^
/mnt/build_wrt/build_dir/hostpkg/go-1.24.13/.go_bootstrap/include/u.h:86:42: note: add parentheses around the second 'sizeof' to silence this warning
/mnt/build_wrt/build_dir/hostpkg/go-1.24.13/.go_bootstrap/src/cmd/6l/../ld/ldelf.c: In function 'reltype':
/mnt/build_wrt/build_dir/hostpkg/go-1.24.13/.go_bootstrap/src/cmd/6l/../ld/ldelf.c:875:17: warning: this statement may fall through [-Wimplicit-fallthrough=]
  875 |                 diag("%s: unknown relocation type %d; compiled without -fpic?", pn, elftype);
      |                 ^~~~~~~~~~~~~~~~~~~~~~~~~~~~~~~~~~~~~~~~~~~~~~~~~~~~~~~~~~~~~~~~~~~~~~~~~~~~
/mnt/build_wrt/build_dir/hostpkg/go-1.24.13/.go_bootstrap/src/cmd/6l/../ld/ldelf.c:876:9: note: here
  876 |         case R('5', R_ARM_ABS32):
      |         ^~~~
In file included from /mnt/build_wrt/build_dir/hostpkg/go-1.24.13/.go_bootstrap/src/cmd/6l/l.h:31,
                 from /mnt/build_wrt/build_dir/hostpkg/go-1.24.13/.go_bootstrap/src/cmd/6l/../ld/ldmacho.c:28:
/mnt/build_wrt/build_dir/hostpkg/go-1.24.13/.go_bootstrap/include/u.h:86:42: warning: expression does not compute the number of elements in this array; element type is 'struct __jmp_buf_tag', not 'long int' [-Wsizeof-array-div]
   86 | typedef long p9jmp_buf[sizeof(sigjmp_buf)/sizeof(long)];
      |                                          ^
/mnt/build_wrt/build_dir/hostpkg/go-1.24.13/.go_bootstrap/include/u.h:86:42: note: add parentheses around the second 'sizeof' to silence this warning
In file included from /mnt/build_wrt/build_dir/hostpkg/go-1.24.13/.go_bootstrap/src/cmd/6l/l.h:31,
                 from /mnt/build_wrt/build_dir/hostpkg/go-1.24.13/.go_bootstrap/src/cmd/6l/../ld/ldpe.c:5:
/mnt/build_wrt/build_dir/hostpkg/go-1.24.13/.go_bootstrap/include/u.h:86:42: warning: expression does not compute the number of elements in this array; element type is 'struct __jmp_buf_tag', not 'long int' [-Wsizeof-array-div]
   86 | typedef long p9jmp_buf[sizeof(sigjmp_buf)/sizeof(long)];
      |                                          ^
/mnt/build_wrt/build_dir/hostpkg/go-1.24.13/.go_bootstrap/include/u.h:86:42: note: add parentheses around the second 'sizeof' to silence this warning
/mnt/build_wrt/build_dir/hostpkg/go-1.24.13/.go_bootstrap/src/cmd/6l/../ld/ldpe.c: In function 'ldpe':
/mnt/build_wrt/build_dir/hostpkg/go-1.24.13/.go_bootstrap/src/cmd/6l/../ld/ldpe.c:298:41: warning: this statement may fall through [-Wimplicit-fallthrough=]
  298 |                                         diag("%s: unknown relocation type %d;", pn, type);
      |                                         ^~~~~~~~~~~~~~~~~~~~~~~~~~~~~~~~~~~~~~~~~~~~~~~~~
/mnt/build_wrt/build_dir/hostpkg/go-1.24.13/.go_bootstrap/src/cmd/6l/../ld/ldpe.c:299:33: note: here
  299 |                                 case IMAGE_REL_I386_REL32:
      |                                 ^~~~
/mnt/build_wrt/build_dir/hostpkg/go-1.24.13/.go_bootstrap/src/cmd/6l/../ld/ldpe.c:207:25: warning: '__builtin_strncpy' output may be truncated copying 8 bytes from a string of length 17 [-Wstringop-truncation]
  207 |                         strncpy(obj->pesym[i].name, (char*)symbuf, 8);
      |                         ^
In file included from /mnt/build_wrt/build_dir/hostpkg/go-1.24.13/.go_bootstrap/src/cmd/6l/l.h:31,
                 from /mnt/build_wrt/build_dir/hostpkg/go-1.24.13/.go_bootstrap/src/cmd/6l/../ld/lib.c:32:
/mnt/build_wrt/build_dir/hostpkg/go-1.24.13/.go_bootstrap/include/u.h:86:42: warning: expression does not compute the number of elements in this array; element type is 'struct __jmp_buf_tag', not 'long int' [-Wsizeof-array-div]
   86 | typedef long p9jmp_buf[sizeof(sigjmp_buf)/sizeof(long)];
      |                                          ^
/mnt/build_wrt/build_dir/hostpkg/go-1.24.13/.go_bootstrap/include/u.h:86:42: note: add parentheses around the second 'sizeof' to silence this warning
In file included from /mnt/build_wrt/build_dir/hostpkg/go-1.24.13/.go_bootstrap/src/cmd/6l/l.h:31,
                 from /mnt/build_wrt/build_dir/hostpkg/go-1.24.13/.go_bootstrap/src/cmd/6l/../ld/macho.c:8:
/mnt/build_wrt/build_dir/hostpkg/go-1.24.13/.go_bootstrap/include/u.h:86:42: warning: expression does not compute the number of elements in this array; element type is 'struct __jmp_buf_tag', not 'long int' [-Wsizeof-array-div]
   86 | typedef long p9jmp_buf[sizeof(sigjmp_buf)/sizeof(long)];
      |                                          ^
/mnt/build_wrt/build_dir/hostpkg/go-1.24.13/.go_bootstrap/include/u.h:86:42: note: add parentheses around the second 'sizeof' to silence this warning
/mnt/build_wrt/build_dir/hostpkg/go-1.24.13/.go_bootstrap/src/cmd/6l/../ld/macho.c: In function 'asmbmacho':
/mnt/build_wrt/build_dir/hostpkg/go-1.24.13/.go_bootstrap/src/cmd/6l/../ld/macho.c:358:17: warning: this statement may fall through [-Wimplicit-fallthrough=]
  358 |                 errorexit();
      |                 ^~~~~~~~~~~
/mnt/build_wrt/build_dir/hostpkg/go-1.24.13/.go_bootstrap/src/cmd/6l/../ld/macho.c:359:9: note: here
  359 |         case '6':
      |         ^~~~
/mnt/build_wrt/build_dir/hostpkg/go-1.24.13/.go_bootstrap/src/cmd/6l/../ld/macho.c:417:25: warning: this statement may fall through [-Wimplicit-fallthrough=]
  417 |                         errorexit();
      |                         ^~~~~~~~~~~
/mnt/build_wrt/build_dir/hostpkg/go-1.24.13/.go_bootstrap/src/cmd/6l/../ld/macho.c:418:17: note: here
  418 |                 case '6':
      |                 ^~~~
In file included from /mnt/build_wrt/build_dir/hostpkg/go-1.24.13/.go_bootstrap/src/cmd/6l/l.h:31,
                 from /mnt/build_wrt/build_dir/hostpkg/go-1.24.13/.go_bootstrap/src/cmd/6l/../ld/pcln.c:5:
/mnt/build_wrt/build_dir/hostpkg/go-1.24.13/.go_bootstrap/include/u.h:86:42: warning: expression does not compute the number of elements in this array; element type is 'struct __jmp_buf_tag', not 'long int' [-Wsizeof-array-div]
   86 | typedef long p9jmp_buf[sizeof(sigjmp_buf)/sizeof(long)];
      |                                          ^
/mnt/build_wrt/build_dir/hostpkg/go-1.24.13/.go_bootstrap/include/u.h:86:42: note: add parentheses around the second 'sizeof' to silence this warning
In file included from /mnt/build_wrt/build_dir/hostpkg/go-1.24.13/.go_bootstrap/src/cmd/6l/l.h:31,
                 from /mnt/build_wrt/build_dir/hostpkg/go-1.24.13/.go_bootstrap/src/cmd/6l/../ld/pe.c:8:
/mnt/build_wrt/build_dir/hostpkg/go-1.24.13/.go_bootstrap/include/u.h:86:42: warning: expression does not compute the number of elements in this array; element type is 'struct __jmp_buf_tag', not 'long int' [-Wsizeof-array-div]
   86 | typedef long p9jmp_buf[sizeof(sigjmp_buf)/sizeof(long)];
      |                                          ^
/mnt/build_wrt/build_dir/hostpkg/go-1.24.13/.go_bootstrap/include/u.h:86:42: note: add parentheses around the second 'sizeof' to silence this warning
/mnt/build_wrt/build_dir/hostpkg/go-1.24.13/.go_bootstrap/src/cmd/6l/../ld/pe.c: In function 'asmbpe':
/mnt/build_wrt/build_dir/hostpkg/go-1.24.13/.go_bootstrap/src/cmd/6l/../ld/pe.c:617:17: warning: this statement may fall through [-Wimplicit-fallthrough=]
  617 |                 errorexit();
      |                 ^~~~~~~~~~~
/mnt/build_wrt/build_dir/hostpkg/go-1.24.13/.go_bootstrap/src/cmd/6l/../ld/pe.c:618:9: note: here
  618 |         case '6':
      |         ^~~~
In file included from /mnt/build_wrt/build_dir/hostpkg/go-1.24.13/.go_bootstrap/src/cmd/6l/l.h:31,
                 from /mnt/build_wrt/build_dir/hostpkg/go-1.24.13/.go_bootstrap/src/cmd/6l/../ld/pobj.c:34:
/mnt/build_wrt/build_dir/hostpkg/go-1.24.13/.go_bootstrap/include/u.h:86:42: warning: expression does not compute the number of elements in this array; element type is 'struct __jmp_buf_tag', not 'long int' [-Wsizeof-array-div]
   86 | typedef long p9jmp_buf[sizeof(sigjmp_buf)/sizeof(long)];
      |                                          ^
/mnt/build_wrt/build_dir/hostpkg/go-1.24.13/.go_bootstrap/include/u.h:86:42: note: add parentheses around the second 'sizeof' to silence this warning
In file included from /mnt/build_wrt/build_dir/hostpkg/go-1.24.13/.go_bootstrap/src/cmd/6l/l.h:31,
                 from /mnt/build_wrt/build_dir/hostpkg/go-1.24.13/.go_bootstrap/src/cmd/6l/../ld/symtab.c:33:
/mnt/build_wrt/build_dir/hostpkg/go-1.24.13/.go_bootstrap/include/u.h:86:42: warning: expression does not compute the number of elements in this array; element type is 'struct __jmp_buf_tag', not 'long int' [-Wsizeof-array-div]
   86 | typedef long p9jmp_buf[sizeof(sigjmp_buf)/sizeof(long)];
      |                                          ^
/mnt/build_wrt/build_dir/hostpkg/go-1.24.13/.go_bootstrap/include/u.h:86:42: note: add parentheses around the second 'sizeof' to silence this warning
/mnt/build_wrt/build_dir/hostpkg/go-1.24.13/.go_bootstrap/src/cmd/6l/../ld/symtab.c: In function 'putplan9sym':
/mnt/build_wrt/build_dir/hostpkg/go-1.24.13/.go_bootstrap/src/cmd/6l/../ld/symtab.c:246:19: warning: this statement may fall through [-Wimplicit-fallthrough=]
  246 |                 if(ver)
      |                   ^
/mnt/build_wrt/build_dir/hostpkg/go-1.24.13/.go_bootstrap/src/cmd/6l/../ld/symtab.c:248:9: note: here
  248 |         case 'a':
      |         ^~~~
In file included from /mnt/build_wrt/build_dir/hostpkg/go-1.24.13/.go_bootstrap/src/cmd/6l/l.h:31,
                 from /mnt/build_wrt/build_dir/hostpkg/go-1.24.13/.go_bootstrap/src/cmd/6l/asm.c:33:
/mnt/build_wrt/build_dir/hostpkg/go-1.24.13/.go_bootstrap/include/u.h:86:42: warning: expression does not compute the number of elements in this array; element type is 'struct __jmp_buf_tag', not 'long int' [-Wsizeof-array-div]
   86 | typedef long p9jmp_buf[sizeof(sigjmp_buf)/sizeof(long)];
      |                                          ^
/mnt/build_wrt/build_dir/hostpkg/go-1.24.13/.go_bootstrap/include/u.h:86:42: note: add parentheses around the second 'sizeof' to silence this warning
In file included from /mnt/build_wrt/build_dir/hostpkg/go-1.24.13/.go_bootstrap/src/cmd/6l/l.h:31,
                 from /mnt/build_wrt/build_dir/hostpkg/go-1.24.13/.go_bootstrap/src/cmd/6l/list.c:33:
/mnt/build_wrt/build_dir/hostpkg/go-1.24.13/.go_bootstrap/include/u.h:86:42: warning: expression does not compute the number of elements in this array; element type is 'struct __jmp_buf_tag', not 'long int' [-Wsizeof-array-div]
   86 | typedef long p9jmp_buf[sizeof(sigjmp_buf)/sizeof(long)];
      |                                          ^
/mnt/build_wrt/build_dir/hostpkg/go-1.24.13/.go_bootstrap/include/u.h:86:42: note: add parentheses around the second 'sizeof' to silence this warning
In file included from /mnt/build_wrt/build_dir/hostpkg/go-1.24.13/.go_bootstrap/src/cmd/6l/l.h:31,
                 from /mnt/build_wrt/build_dir/hostpkg/go-1.24.13/.go_bootstrap/src/cmd/6l/obj.c:33:
/mnt/build_wrt/build_dir/hostpkg/go-1.24.13/.go_bootstrap/include/u.h:86:42: warning: expression does not compute the number of elements in this array; element type is 'struct __jmp_buf_tag', not 'long int' [-Wsizeof-array-div]
   86 | typedef long p9jmp_buf[sizeof(sigjmp_buf)/sizeof(long)];
      |                                          ^
/mnt/build_wrt/build_dir/hostpkg/go-1.24.13/.go_bootstrap/include/u.h:86:42: note: add parentheses around the second 'sizeof' to silence this warning
/mnt/build_wrt/build_dir/hostpkg/go-1.24.13/.go_bootstrap/src/cmd/6l/obj.c: In function 'archinit':
/mnt/build_wrt/build_dir/hostpkg/go-1.24.13/.go_bootstrap/src/cmd/6l/obj.c:86:17: warning: this statement may fall through [-Wimplicit-fallthrough=]
   86 |                 errorexit();
      |                 ^~~~~~~~~~~
/mnt/build_wrt/build_dir/hostpkg/go-1.24.13/.go_bootstrap/src/cmd/6l/obj.c:87:9: note: here
   87 |         case Hplan9:            /* plan 9 */
      |         ^~~~
cmd/6a
In file included from a.y:32:
/mnt/build_wrt/build_dir/hostpkg/go-1.24.13/.go_bootstrap/include/u.h:86:42: warning: expression does not compute the number of elements in this array; element type is 'struct __jmp_buf_tag', not 'long int' [-Wsizeof-array-div]
   86 | typedef long p9jmp_buf[sizeof(sigjmp_buf)/sizeof(long)];
      |                                          ^
/mnt/build_wrt/build_dir/hostpkg/go-1.24.13/.go_bootstrap/include/u.h:86:42: note: add parentheses around the second 'sizeof' to silence this warning
In file included from /mnt/build_wrt/build_dir/hostpkg/go-1.24.13/.go_bootstrap/src/cmd/6a/lex.c:32:
/mnt/build_wrt/build_dir/hostpkg/go-1.24.13/.go_bootstrap/include/u.h:86:42: warning: expression does not compute the number of elements in this array; element type is 'struct __jmp_buf_tag', not 'long int' [-Wsizeof-array-div]
   86 | typedef long p9jmp_buf[sizeof(sigjmp_buf)/sizeof(long)];
      |                                          ^
/mnt/build_wrt/build_dir/hostpkg/go-1.24.13/.go_bootstrap/include/u.h:86:42: note: add parentheses around the second 'sizeof' to silence this warning
cmd/6c
In file included from /mnt/build_wrt/build_dir/hostpkg/go-1.24.13/.go_bootstrap/src/cmd/6c/gc.h:31,
                 from /mnt/build_wrt/build_dir/hostpkg/go-1.24.13/.go_bootstrap/src/cmd/6c/../cc/pswt.c:31:
/mnt/build_wrt/build_dir/hostpkg/go-1.24.13/.go_bootstrap/include/u.h:86:42: warning: expression does not compute the number of elements in this array; element type is 'struct __jmp_buf_tag', not 'long int' [-Wsizeof-array-div]
   86 | typedef long p9jmp_buf[sizeof(sigjmp_buf)/sizeof(long)];
      |                                          ^
In file included from /mnt/build_wrt/build_dir/hostpkg/go-1.24.13/.go_bootstrap/src/cmd/6c/gc.h:31,
                 from /mnt/build_wrt/build_dir/hostpkg/go-1.24.13/.go_bootstrap/src/cmd/6c/div.c:31:
/mnt/build_wrt/build_dir/hostpkg/go-1.24.13/.go_bootstrap/include/u.h:86:42: warning: expression does not compute the number of elements in this array; element type is 'struct __jmp_buf_tag', not 'long int' [-Wsizeof-array-div]
   86 | typedef long p9jmp_buf[sizeof(sigjmp_buf)/sizeof(long)];
      |                                          ^
In file included from /mnt/build_wrt/build_dir/hostpkg/go-1.24.13/.go_bootstrap/src/cmd/6c/gc.h:31,
                 from /mnt/build_wrt/build_dir/hostpkg/go-1.24.13/.go_bootstrap/src/cmd/6c/cgen.c:31:
/mnt/build_wrt/build_dir/hostpkg/go-1.24.13/.go_bootstrap/include/u.h:86:42: warning: expression does not compute the number of elements in this array; element type is 'struct __jmp_buf_tag', not 'long int' [-Wsizeof-array-div]
   86 | typedef long p9jmp_buf[sizeof(sigjmp_buf)/sizeof(long)];
      |                                          ^
In file included from /mnt/build_wrt/build_dir/hostpkg/go-1.24.13/.go_bootstrap/src/cmd/6c/gc.h:31,
                 from /mnt/build_wrt/build_dir/hostpkg/go-1.24.13/.go_bootstrap/src/cmd/6c/../cc/pgen.c:31:
/mnt/build_wrt/build_dir/hostpkg/go-1.24.13/.go_bootstrap/include/u.h:86:42: warning: expression does not compute the number of elements in this array; element type is 'struct __jmp_buf_tag', not 'long int' [-Wsizeof-array-div]
   86 | typedef long p9jmp_buf[sizeof(sigjmp_buf)/sizeof(long)];
      |                                          ^
/mnt/build_wrt/build_dir/hostpkg/go-1.24.13/.go_bootstrap/include/u.h:86:42: note: add parentheses around the second 'sizeof' to silence this warning
/mnt/build_wrt/build_dir/hostpkg/go-1.24.13/.go_bootstrap/include/u.h:86:42: note: add parentheses around the second 'sizeof' to silence this warning
/mnt/build_wrt/build_dir/hostpkg/go-1.24.13/.go_bootstrap/include/u.h:86:42: note: add parentheses around the second 'sizeof' to silence this warning
/mnt/build_wrt/build_dir/hostpkg/go-1.24.13/.go_bootstrap/include/u.h:86:42: note: add parentheses around the second 'sizeof' to silence this warning
In file included from /mnt/build_wrt/build_dir/hostpkg/go-1.24.13/.go_bootstrap/src/cmd/6c/gc.h:31,
                 from /mnt/build_wrt/build_dir/hostpkg/go-1.24.13/.go_bootstrap/src/cmd/6c/list.c:32:
/mnt/build_wrt/build_dir/hostpkg/go-1.24.13/.go_bootstrap/include/u.h:86:42: warning: expression does not compute the number of elements in this array; element type is 'struct __jmp_buf_tag', not 'long int' [-Wsizeof-array-div]
   86 | typedef long p9jmp_buf[sizeof(sigjmp_buf)/sizeof(long)];
      |                                          ^
/mnt/build_wrt/build_dir/hostpkg/go-1.24.13/.go_bootstrap/include/u.h:86:42: note: add parentheses around the second 'sizeof' to silence this warning
In file included from /mnt/build_wrt/build_dir/hostpkg/go-1.24.13/.go_bootstrap/src/cmd/6c/gc.h:31,
                 from /mnt/build_wrt/build_dir/hostpkg/go-1.24.13/.go_bootstrap/src/cmd/6c/machcap.c:31:
/mnt/build_wrt/build_dir/hostpkg/go-1.24.13/.go_bootstrap/include/u.h:86:42: warning: expression does not compute the number of elements in this array; element type is 'struct __jmp_buf_tag', not 'long int' [-Wsizeof-array-div]
   86 | typedef long p9jmp_buf[sizeof(sigjmp_buf)/sizeof(long)];
      |                                          ^
/mnt/build_wrt/build_dir/hostpkg/go-1.24.13/.go_bootstrap/include/u.h:86:42: note: add parentheses around the second 'sizeof' to silence this warning
In file included from /mnt/build_wrt/build_dir/hostpkg/go-1.24.13/.go_bootstrap/src/cmd/6c/gc.h:31,
                 from /mnt/build_wrt/build_dir/hostpkg/go-1.24.13/.go_bootstrap/src/cmd/6c/mul.c:31:
/mnt/build_wrt/build_dir/hostpkg/go-1.24.13/.go_bootstrap/include/u.h:86:42: warning: expression does not compute the number of elements in this array; element type is 'struct __jmp_buf_tag', not 'long int' [-Wsizeof-array-div]
   86 | typedef long p9jmp_buf[sizeof(sigjmp_buf)/sizeof(long)];
      |                                          ^
/mnt/build_wrt/build_dir/hostpkg/go-1.24.13/.go_bootstrap/include/u.h:86:42: note: add parentheses around the second 'sizeof' to silence this warning
In file included from /mnt/build_wrt/build_dir/hostpkg/go-1.24.13/.go_bootstrap/src/cmd/6c/gc.h:31,
                 from /mnt/build_wrt/build_dir/hostpkg/go-1.24.13/.go_bootstrap/src/cmd/6c/peep.c:31:
/mnt/build_wrt/build_dir/hostpkg/go-1.24.13/.go_bootstrap/include/u.h:86:42: warning: expression does not compute the number of elements in this array; element type is 'struct __jmp_buf_tag', not 'long int' [-Wsizeof-array-div]
   86 | typedef long p9jmp_buf[sizeof(sigjmp_buf)/sizeof(long)];
      |                                          ^
/mnt/build_wrt/build_dir/hostpkg/go-1.24.13/.go_bootstrap/include/u.h:86:42: note: add parentheses around the second 'sizeof' to silence this warning
In file included from /mnt/build_wrt/build_dir/hostpkg/go-1.24.13/.go_bootstrap/src/cmd/6c/gc.h:31,
                 from /mnt/build_wrt/build_dir/hostpkg/go-1.24.13/.go_bootstrap/src/cmd/6c/reg.c:31:
/mnt/build_wrt/build_dir/hostpkg/go-1.24.13/.go_bootstrap/include/u.h:86:42: warning: expression does not compute the number of elements in this array; element type is 'struct __jmp_buf_tag', not 'long int' [-Wsizeof-array-div]
   86 | typedef long p9jmp_buf[sizeof(sigjmp_buf)/sizeof(long)];
      |                                          ^
/mnt/build_wrt/build_dir/hostpkg/go-1.24.13/.go_bootstrap/include/u.h:86:42: note: add parentheses around the second 'sizeof' to silence this warning
/mnt/build_wrt/build_dir/hostpkg/go-1.24.13/.go_bootstrap/src/cmd/6c/peep.c: In function 'peep':
/mnt/build_wrt/build_dir/hostpkg/go-1.24.13/.go_bootstrap/src/cmd/6c/peep.c:111:26: warning: this statement may fall through [-Wimplicit-fallthrough=]
  111 |                         t++;
      |                         ~^~
/mnt/build_wrt/build_dir/hostpkg/go-1.24.13/.go_bootstrap/src/cmd/6c/peep.c:113:17: note: here
  113 |                 case ADATA:
      |                 ^~~~
/mnt/build_wrt/build_dir/hostpkg/go-1.24.13/.go_bootstrap/src/cmd/6c/peep.c: In function 'copyu':
/mnt/build_wrt/build_dir/hostpkg/go-1.24.13/.go_bootstrap/src/cmd/6c/peep.c:573:19: warning: this statement may fall through [-Wimplicit-fallthrough=]
  573 |                 if(copyas(&p->from, v))
      |                   ^
/mnt/build_wrt/build_dir/hostpkg/go-1.24.13/.go_bootstrap/src/cmd/6c/peep.c:577:9: note: here
  577 |         case ANOP:      /* rhs store */
      |         ^~~~
/mnt/build_wrt/build_dir/hostpkg/go-1.24.13/.go_bootstrap/src/cmd/6c/peep.c:747:19: warning: this statement may fall through [-Wimplicit-fallthrough=]
  747 |                 if(p->to.type != D_NONE) {
      |                   ^
/mnt/build_wrt/build_dir/hostpkg/go-1.24.13/.go_bootstrap/src/cmd/6c/peep.c:753:9: note: here
  753 |         case ADIVB:
      |         ^~~~
/mnt/build_wrt/build_dir/hostpkg/go-1.24.13/.go_bootstrap/src/cmd/6c/reg.c: In function 'regopt':
/mnt/build_wrt/build_dir/hostpkg/go-1.24.13/.go_bootstrap/src/cmd/6c/reg.c:340:27: warning: this statement may fall through [-Wimplicit-fallthrough=]
  340 |                         if(p->to.type != D_NONE)
      |                           ^
/mnt/build_wrt/build_dir/hostpkg/go-1.24.13/.go_bootstrap/src/cmd/6c/reg.c:343:17: note: here
  343 |                 case AIDIVB:
      |                 ^~~~
In file included from /mnt/build_wrt/build_dir/hostpkg/go-1.24.13/.go_bootstrap/src/cmd/6c/gc.h:31,
                 from /mnt/build_wrt/build_dir/hostpkg/go-1.24.13/.go_bootstrap/src/cmd/6c/sgen.c:31:
/mnt/build_wrt/build_dir/hostpkg/go-1.24.13/.go_bootstrap/include/u.h:86:42: warning: expression does not compute the number of elements in this array; element type is 'struct __jmp_buf_tag', not 'long int' [-Wsizeof-array-div]
   86 | typedef long p9jmp_buf[sizeof(sigjmp_buf)/sizeof(long)];
      |                                          ^
/mnt/build_wrt/build_dir/hostpkg/go-1.24.13/.go_bootstrap/include/u.h:86:42: note: add parentheses around the second 'sizeof' to silence this warning
In file included from /mnt/build_wrt/build_dir/hostpkg/go-1.24.13/.go_bootstrap/src/cmd/6c/gc.h:31,
                 from /mnt/build_wrt/build_dir/hostpkg/go-1.24.13/.go_bootstrap/src/cmd/6c/swt.c:31:
/mnt/build_wrt/build_dir/hostpkg/go-1.24.13/.go_bootstrap/include/u.h:86:42: warning: expression does not compute the number of elements in this array; element type is 'struct __jmp_buf_tag', not 'long int' [-Wsizeof-array-div]
   86 | typedef long p9jmp_buf[sizeof(sigjmp_buf)/sizeof(long)];
      |                                          ^
/mnt/build_wrt/build_dir/hostpkg/go-1.24.13/.go_bootstrap/include/u.h:86:42: note: add parentheses around the second 'sizeof' to silence this warning
In file included from /mnt/build_wrt/build_dir/hostpkg/go-1.24.13/.go_bootstrap/src/cmd/6c/gc.h:31,
                 from /mnt/build_wrt/build_dir/hostpkg/go-1.24.13/.go_bootstrap/src/cmd/6c/txt.c:31:
/mnt/build_wrt/build_dir/hostpkg/go-1.24.13/.go_bootstrap/include/u.h:86:42: warning: expression does not compute the number of elements in this array; element type is 'struct __jmp_buf_tag', not 'long int' [-Wsizeof-array-div]
   86 | typedef long p9jmp_buf[sizeof(sigjmp_buf)/sizeof(long)];
      |                                          ^
/mnt/build_wrt/build_dir/hostpkg/go-1.24.13/.go_bootstrap/include/u.h:86:42: note: add parentheses around the second 'sizeof' to silence this warning
/mnt/build_wrt/build_dir/hostpkg/go-1.24.13/.go_bootstrap/src/cmd/6c/txt.c: In function 'gmove':
/mnt/build_wrt/build_dir/hostpkg/go-1.24.13/.go_bootstrap/src/cmd/6c/txt.c:995:56: warning: left shift of negative value [-Wshift-negative-value]
  995 |                                 f->vconst |= (vlong)~0 << 32;
      |                                                        ^~
/mnt/build_wrt/build_dir/hostpkg/go-1.24.13/.go_bootstrap/src/cmd/6c/txt.c:1045:56: warning: left shift of negative value [-Wshift-negative-value]
 1045 |                                 f->vconst |= (vlong)~0 << 32;
      |                                                        ^~
/mnt/build_wrt/build_dir/hostpkg/go-1.24.13/.go_bootstrap/src/cmd/6c/txt.c:762:19: warning: this statement may fall through [-Wimplicit-fallthrough=]
  762 |                 if(typefd[tt]) {
      |                   ^
/mnt/build_wrt/build_dir/hostpkg/go-1.24.13/.go_bootstrap/src/cmd/6c/txt.c:773:9: note: here
  773 |         case TUVLONG:
      |         ^~~~
cmd/6g
In file included from /mnt/build_wrt/build_dir/hostpkg/go-1.24.13/.go_bootstrap/src/cmd/6g/../gc/cplx.c:5:
/mnt/build_wrt/build_dir/hostpkg/go-1.24.13/.go_bootstrap/include/u.h:86:42: warning: expression does not compute the number of elements in this array; element type is 'struct __jmp_buf_tag', not 'long int' [-Wsizeof-array-div]
   86 | typedef long p9jmp_buf[sizeof(sigjmp_buf)/sizeof(long)];
      |                                          ^
In file included from /mnt/build_wrt/build_dir/hostpkg/go-1.24.13/.go_bootstrap/src/cmd/6g/../gc/pgen.c:9:
/mnt/build_wrt/build_dir/hostpkg/go-1.24.13/.go_bootstrap/include/u.h:86:42: warning: expression does not compute the number of elements in this array; element type is 'struct __jmp_buf_tag', not 'long int' [-Wsizeof-array-div]
   86 | typedef long p9jmp_buf[sizeof(sigjmp_buf)/sizeof(long)];
      |                                          ^
/mnt/build_wrt/build_dir/hostpkg/go-1.24.13/.go_bootstrap/include/u.h:86:42: note: add parentheses around the second 'sizeof' to silence this warning
/mnt/build_wrt/build_dir/hostpkg/go-1.24.13/.go_bootstrap/include/u.h:86:42: note: add parentheses around the second 'sizeof' to silence this warning
In file included from /mnt/build_wrt/build_dir/hostpkg/go-1.24.13/.go_bootstrap/src/cmd/6g/../gc/plive.c:16:
/mnt/build_wrt/build_dir/hostpkg/go-1.24.13/.go_bootstrap/include/u.h:86:42: warning: expression does not compute the number of elements in this array; element type is 'struct __jmp_buf_tag', not 'long int' [-Wsizeof-array-div]
   86 | typedef long p9jmp_buf[sizeof(sigjmp_buf)/sizeof(long)];
      |                                          ^
In file included from /mnt/build_wrt/build_dir/hostpkg/go-1.24.13/.go_bootstrap/src/cmd/6g/../gc/popt.c:35:
/mnt/build_wrt/build_dir/hostpkg/go-1.24.13/.go_bootstrap/include/u.h:86:42: warning: expression does not compute the number of elements in this array; element type is 'struct __jmp_buf_tag', not 'long int' [-Wsizeof-array-div]
   86 | typedef long p9jmp_buf[sizeof(sigjmp_buf)/sizeof(long)];
      |                                          ^
/mnt/build_wrt/build_dir/hostpkg/go-1.24.13/.go_bootstrap/include/u.h:86:42: note: add parentheses around the second 'sizeof' to silence this warning
/mnt/build_wrt/build_dir/hostpkg/go-1.24.13/.go_bootstrap/include/u.h:86:42: note: add parentheses around the second 'sizeof' to silence this warning
/mnt/build_wrt/build_dir/hostpkg/go-1.24.13/.go_bootstrap/src/cmd/6g/../gc/cplx.c: In function 'complexmove':
/mnt/build_wrt/build_dir/hostpkg/go-1.24.13/.go_bootstrap/src/cmd/6g/../gc/cplx.c:54:17: warning: this statement may fall through [-Wimplicit-fallthrough=]
   54 |                 fatal("complexmove: unknown conversion: %T -> %T\n",
      |                 ^~~~~~~~~~~~~~~~~~~~~~~~~~~~~~~~~~~~~~~~~~~~~~~~~~~~
   55 |                         f->type, t->type);
      |                         ~~~~~~~~~~~~~~~~~
/mnt/build_wrt/build_dir/hostpkg/go-1.24.13/.go_bootstrap/src/cmd/6g/../gc/cplx.c:57:9: note: here
   57 |         case CASE(TCOMPLEX64,TCOMPLEX64):
      |         ^~~~
/mnt/build_wrt/build_dir/hostpkg/go-1.24.13/.go_bootstrap/src/cmd/6g/../gc/cplx.c: In function 'complexgen':
/mnt/build_wrt/build_dir/hostpkg/go-1.24.13/.go_bootstrap/src/cmd/6g/../gc/cplx.c:199:17: warning: this statement may fall through [-Wimplicit-fallthrough=]
  199 |                 fatal("complexgen: unknown op %O", n->op);
      |                 ^~~~~~~~~~~~~~~~~~~~~~~~~~~~~~~~~~~~~~~~~
/mnt/build_wrt/build_dir/hostpkg/go-1.24.13/.go_bootstrap/src/cmd/6g/../gc/cplx.c:201:9: note: here
  201 |         case ODOT:
      |         ^~~~
In file included from /mnt/build_wrt/build_dir/hostpkg/go-1.24.13/.go_bootstrap/src/cmd/6g/cgen.c:5:
/mnt/build_wrt/build_dir/hostpkg/go-1.24.13/.go_bootstrap/include/u.h:86:42: warning: expression does not compute the number of elements in this array; element type is 'struct __jmp_buf_tag', not 'long int' [-Wsizeof-array-div]
   86 | typedef long p9jmp_buf[sizeof(sigjmp_buf)/sizeof(long)];
      |                                          ^
/mnt/build_wrt/build_dir/hostpkg/go-1.24.13/.go_bootstrap/include/u.h:86:42: note: add parentheses around the second 'sizeof' to silence this warning
/mnt/build_wrt/build_dir/hostpkg/go-1.24.13/.go_bootstrap/src/cmd/6g/cgen.c: In function 'bgen':
/mnt/build_wrt/build_dir/hostpkg/go-1.24.13/.go_bootstrap/src/cmd/6g/cgen.c:1127:28: warning: this statement may fall through [-Wimplicit-fallthrough=]
 1127 |                 if(nr == N || nr->type == T)
/mnt/build_wrt/build_dir/hostpkg/go-1.24.13/.go_bootstrap/src/cmd/6g/cgen.c:1130:9: note: here
 1130 |         case ONOT:      // unary
      |         ^~~~
In file included from /mnt/build_wrt/build_dir/hostpkg/go-1.24.13/.go_bootstrap/src/cmd/6g/galign.c:5:
/mnt/build_wrt/build_dir/hostpkg/go-1.24.13/.go_bootstrap/include/u.h:86:42: warning: expression does not compute the number of elements in this array; element type is 'struct __jmp_buf_tag', not 'long int' [-Wsizeof-array-div]
   86 | typedef long p9jmp_buf[sizeof(sigjmp_buf)/sizeof(long)];
      |                                          ^
/mnt/build_wrt/build_dir/hostpkg/go-1.24.13/.go_bootstrap/include/u.h:86:42: note: add parentheses around the second 'sizeof' to silence this warning
In file included from /mnt/build_wrt/build_dir/hostpkg/go-1.24.13/.go_bootstrap/src/cmd/6g/ggen.c:7:
/mnt/build_wrt/build_dir/hostpkg/go-1.24.13/.go_bootstrap/include/u.h:86:42: warning: expression does not compute the number of elements in this array; element type is 'struct __jmp_buf_tag', not 'long int' [-Wsizeof-array-div]
   86 | typedef long p9jmp_buf[sizeof(sigjmp_buf)/sizeof(long)];
      |                                          ^
/mnt/build_wrt/build_dir/hostpkg/go-1.24.13/.go_bootstrap/include/u.h:86:42: note: add parentheses around the second 'sizeof' to silence this warning
In file included from /mnt/build_wrt/build_dir/hostpkg/go-1.24.13/.go_bootstrap/src/cmd/6g/gobj.c:31:
/mnt/build_wrt/build_dir/hostpkg/go-1.24.13/.go_bootstrap/include/u.h:86:42: warning: expression does not compute the number of elements in this array; element type is 'struct __jmp_buf_tag', not 'long int' [-Wsizeof-array-div]
   86 | typedef long p9jmp_buf[sizeof(sigjmp_buf)/sizeof(long)];
      |                                          ^
/mnt/build_wrt/build_dir/hostpkg/go-1.24.13/.go_bootstrap/include/u.h:86:42: note: add parentheses around the second 'sizeof' to silence this warning
In file included from /mnt/build_wrt/build_dir/hostpkg/go-1.24.13/.go_bootstrap/src/cmd/6g/gsubr.c:31:
/mnt/build_wrt/build_dir/hostpkg/go-1.24.13/.go_bootstrap/include/u.h:86:42: warning: expression does not compute the number of elements in this array; element type is 'struct __jmp_buf_tag', not 'long int' [-Wsizeof-array-div]
   86 | typedef long p9jmp_buf[sizeof(sigjmp_buf)/sizeof(long)];
      |                                          ^
/mnt/build_wrt/build_dir/hostpkg/go-1.24.13/.go_bootstrap/include/u.h:86:42: note: add parentheses around the second 'sizeof' to silence this warning
/mnt/build_wrt/build_dir/hostpkg/go-1.24.13/.go_bootstrap/src/cmd/6g/gsubr.c: In function 'regalloc':
/mnt/build_wrt/build_dir/hostpkg/go-1.24.13/.go_bootstrap/src/cmd/6g/gsubr.c:373:17: warning: this statement may fall through [-Wimplicit-fallthrough=]
  373 |                 fatal("out of fixed registers");
      |                 ^~~~~~~~~~~~~~~~~~~~~~~~~~~~~~~
/mnt/build_wrt/build_dir/hostpkg/go-1.24.13/.go_bootstrap/src/cmd/6g/gsubr.c:375:9: note: here
  375 |         case TFLOAT32:
      |         ^~~~
/mnt/build_wrt/build_dir/hostpkg/go-1.24.13/.go_bootstrap/src/cmd/6g/gsubr.c:385:17: warning: this statement may fall through [-Wimplicit-fallthrough=]
  385 |                 fatal("out of floating registers");
      |                 ^~~~~~~~~~~~~~~~~~~~~~~~~~~~~~~~~~
/mnt/build_wrt/build_dir/hostpkg/go-1.24.13/.go_bootstrap/src/cmd/6g/gsubr.c:387:9: note: here
  387 |         case TCOMPLEX64:
      |         ^~~~
/mnt/build_wrt/build_dir/hostpkg/go-1.24.13/.go_bootstrap/src/cmd/6g/gsubr.c: In function 'gmove':
/mnt/build_wrt/build_dir/hostpkg/go-1.24.13/.go_bootstrap/src/cmd/6g/gsubr.c:684:17: warning: this statement may fall through [-Wimplicit-fallthrough=]
  684 |                 fatal("gmove %lT -> %lT", f->type, t->type);
      |                 ^~~~~~~~~~~~~~~~~~~~~~~~~~~~~~~~~~~~~~~~~~~
/mnt/build_wrt/build_dir/hostpkg/go-1.24.13/.go_bootstrap/src/cmd/6g/gsubr.c:689:9: note: here
  689 |         case CASE(TINT8, TINT8):        // same size
      |         ^~~~
/mnt/build_wrt/build_dir/hostpkg/go-1.24.13/.go_bootstrap/src/cmd/6g/gsubr.c: In function 'naddr':
/mnt/build_wrt/build_dir/hostpkg/go-1.24.13/.go_bootstrap/src/cmd/6g/gsubr.c:1215:25: warning: this statement may fall through [-Wimplicit-fallthrough=]
 1215 |                         fatal("naddr: ONAME class %S %d\n", n->sym, n->class);
      |                         ^~~~~~~~~~~~~~~~~~~~~~~~~~~~~~~~~~~~~~~~~~~~~~~~~~~~~
/mnt/build_wrt/build_dir/hostpkg/go-1.24.13/.go_bootstrap/src/cmd/6g/gsubr.c:1216:17: note: here
 1216 |                 case PEXTERN:
      |                 ^~~~
/mnt/build_wrt/build_dir/hostpkg/go-1.24.13/.go_bootstrap/src/cmd/6g/gsubr.c:1281:17: warning: this statement may fall through [-Wimplicit-fallthrough=]
 1281 |                 fatal("naddr: OADDR\n");
      |                 ^~~~~~~~~~~~~~~~~~~~~~~
/mnt/build_wrt/build_dir/hostpkg/go-1.24.13/.go_bootstrap/src/cmd/6g/gsubr.c:1283:9: note: here
 1283 |         case OITAB:
      |         ^~~~
In file included from /mnt/build_wrt/build_dir/hostpkg/go-1.24.13/.go_bootstrap/src/cmd/6g/peep.c:31:
/mnt/build_wrt/build_dir/hostpkg/go-1.24.13/.go_bootstrap/include/u.h:86:42: warning: expression does not compute the number of elements in this array; element type is 'struct __jmp_buf_tag', not 'long int' [-Wsizeof-array-div]
   86 | typedef long p9jmp_buf[sizeof(sigjmp_buf)/sizeof(long)];
      |                                          ^
/mnt/build_wrt/build_dir/hostpkg/go-1.24.13/.go_bootstrap/include/u.h:86:42: note: add parentheses around the second 'sizeof' to silence this warning
In file included from /mnt/build_wrt/build_dir/hostpkg/go-1.24.13/.go_bootstrap/src/cmd/6g/prog.c:5:
/mnt/build_wrt/build_dir/hostpkg/go-1.24.13/.go_bootstrap/include/u.h:86:42: warning: expression does not compute the number of elements in this array; element type is 'struct __jmp_buf_tag', not 'long int' [-Wsizeof-array-div]
   86 | typedef long p9jmp_buf[sizeof(sigjmp_buf)/sizeof(long)];
      |                                          ^
/mnt/build_wrt/build_dir/hostpkg/go-1.24.13/.go_bootstrap/include/u.h:86:42: note: add parentheses around the second 'sizeof' to silence this warning
In file included from /mnt/build_wrt/build_dir/hostpkg/go-1.24.13/.go_bootstrap/src/cmd/6g/reg.c:31:
/mnt/build_wrt/build_dir/hostpkg/go-1.24.13/.go_bootstrap/include/u.h:86:42: warning: expression does not compute the number of elements in this array; element type is 'struct __jmp_buf_tag', not 'long int' [-Wsizeof-array-div]
   86 | typedef long p9jmp_buf[sizeof(sigjmp_buf)/sizeof(long)];
      |                                          ^
/mnt/build_wrt/build_dir/hostpkg/go-1.24.13/.go_bootstrap/include/u.h:86:42: note: add parentheses around the second 'sizeof' to silence this warning
/mnt/build_wrt/build_dir/hostpkg/go-1.24.13/.go_bootstrap/src/cmd/6g/reg.c: In function 'addmove':
/mnt/build_wrt/build_dir/hostpkg/go-1.24.13/.go_bootstrap/src/cmd/6g/reg.c:525:17: warning: this statement may fall through [-Wimplicit-fallthrough=]
  525 |                 fatal("unknown type %E", v->etype);
      |                 ^~~~~~~~~~~~~~~~~~~~~~~~~~~~~~~~~~
/mnt/build_wrt/build_dir/hostpkg/go-1.24.13/.go_bootstrap/src/cmd/6g/reg.c:526:9: note: here
  526 |         case TINT8:
      |         ^~~~
runtime
errors
sync/atomic
sync
io
unicode
unicode/utf8
unicode/utf16
bytes
math
strings
strconv
bufio
sort
container/heap
encoding/base64
syscall
time
os
reflect
fmt
encoding
encoding/json
flag
path/filepath
path
io/ioutil
log
regexp/syntax
regexp
go/token
go/scanner
go/ast
go/parser
os/exec
os/signal
net/url
text/template/parse
text/template
go/doc
go/build
cmd/go

# Building packages and commands for linux/amd64.
runtime
errors
sync/atomic
unicode
unicode/utf8
math
sync
sort
container/heap
encoding
unicode/utf16
container/list
io
syscall
hash
hash/crc32
crypto/subtle
crypto/cipher
bytes
strings
bufio
text/tabwriter
time
path
crypto/hmac
internal/syscall
html
compress/bzip2
strconv
math/rand
hash/adler32
container/ring
hash/crc64
hash/fnv
image/color
image/color/palette
math/cmplx
os
reflect
regexp/syntax
crypto
crypto/md5
encoding/base64
path/filepath
net/url
io/ioutil
os/exec
regexp
crypto/aes
crypto/rc4
crypto/sha1
crypto/sha256
fmt
encoding/binary
crypto/sha512
encoding/pem
net
crypto/des
os/signal
cmd/pprof/internal/svg
encoding/ascii85
encoding/base32
image
index/suffixarray
cmd/internal/goobj
cmd/internal/rsc.io/arm/armasm
cmd/internal/rsc.io/x86/x86asm
debug/dwarf
debug/elf
debug/gosym
debug/macho
debug/pe
debug/plan9obj
flag
log
cmd/internal/objfile
go/token
encoding/json
go/scanner
encoding/xml
go/ast
cmd/addr2line
text/template/parse
go/parser
go/printer
text/template
compress/flate
math/big
cmd/cgo
go/format
cmd/fix
go/doc
compress/gzip
crypto/elliptic
go/build
encoding/asn1
crypto/rand
crypto/ecdsa
crypto/rsa
crypto/dsa
crypto/x509/pkix
encoding/hex
mime
crypto/x509
net/textproto
net/http/internal
runtime/pprof
mime/multipart
cmd/gofmt
cmd/nm
crypto/tls
cmd/objdump
cmd/pack
cmd/pprof/internal/profile
html/template
net/http
cmd/pprof/internal/tempfile
cmd/yacc
cmd/pprof/internal/plugin
cmd/pprof/internal/symbolizer
cmd/pprof/internal/symbolz
archive/tar
cmd/pprof/internal/report
archive/zip
compress/lzw
cmd/pprof/internal/commands
compress/zlib
database/sql/driver
encoding/csv
database/sql
cmd/pprof/internal/driver
cmd/go
cmd/pprof/internal/fetch
encoding/gob
expvar
cmd/pprof
image/draw
image/gif
image/jpeg
image/png
log/syslog
net/http/cgi
net/http/cookiejar
net/http/httptest
net/http/fcgi
net/http/httputil
net/http/pprof
net/mail
net/rpc
net/smtp
os/user
runtime/debug
net/rpc/jsonrpc
runtime/race
testing
testing/iotest
testing/quick
text/scanner


---
Installed Go for linux/amd64 in /mnt/build_wrt/build_dir/hostpkg/go-1.24.13/.go_bootstrap
Installed commands in /mnt/build_wrt/build_dir/hostpkg/go-1.24.13/.go_bootstrap/bin
cd "/mnt/build_wrt/build_dir/hostpkg/go-1.24.13/.go_bootstrap_1.17/src" ;  GOROOT_BOOTSTRAP="/mnt/build_wrt/build_dir/hostpkg/go-1.24.13/.go_bootstrap" GOHOSTARCH="amd64" GOCACHE="/mnt/build_wrt/tmp/go-build" GOENV=off CC="/mnt/build_wrt/staging_dir/host/bin/gcc" CXX="/mnt/build_wrt/staging_dir/host/bin/g++"  bash make.bash -v --no-banner
Building Go cmd/dist using /mnt/build_wrt/build_dir/hostpkg/go-1.24.13/.go_bootstrap. (go1.4-bootstrap-20170531 linux/amd64)
cmd/dist

Building Go toolchain1 using /mnt/build_wrt/build_dir/hostpkg/go-1.24.13/.go_bootstrap.
bootstrap/cmd/internal/bio
bootstrap/internal/goexperiment
bootstrap/math/bits
bootstrap/sort
bootstrap/internal/buildcfg
bootstrap/strconv
bootstrap/internal/unsafeheader
bootstrap/cmd/internal/src
bootstrap/cmd/internal/sys
bootstrap/cmd/internal/edit
bootstrap/cmd/internal/pkgpath
bootstrap/internal/goversion
bootstrap/cmd/internal/gcprog
bootstrap/container/heap
bootstrap/internal/race
bootstrap/cmd/compile/internal/test
bootstrap/cmd/link/internal/benchmark
bootstrap/cmd/internal/objabi
bootstrap/debug/dwarf
bootstrap/compress/flate
bootstrap/math/big
bootstrap/cmd/internal/dwarf
bootstrap/cmd/internal/goobj
bootstrap/cmd/asm/internal/flags
bootstrap/cmd/asm/internal/lex
bootstrap/cmd/internal/obj
bootstrap/compress/zlib
bootstrap/internal/xcoff
bootstrap/debug/elf
bootstrap/debug/macho
bootstrap/debug/pe
bootstrap/go/constant
bootstrap/cmd/compile/internal/syntax
bootstrap/cmd/cgo
bootstrap/cmd/internal/archive
bootstrap/cmd/internal/obj/arm
bootstrap/cmd/internal/obj/arm64
bootstrap/cmd/internal/obj/mips
bootstrap/cmd/internal/obj/ppc64
bootstrap/cmd/internal/obj/riscv
bootstrap/cmd/internal/obj/s390x
bootstrap/cmd/internal/obj/wasm
bootstrap/cmd/internal/obj/x86
bootstrap/cmd/compile/internal/base
bootstrap/cmd/compile/internal/logopt
bootstrap/cmd/compile/internal/types
bootstrap/cmd/compile/internal/bitvec
bootstrap/cmd/compile/internal/types2
bootstrap/cmd/internal/codesign
bootstrap/cmd/link/internal/sym
bootstrap/cmd/link/internal/loader
bootstrap/cmd/compile/internal/ir
bootstrap/cmd/asm/internal/arch
bootstrap/cmd/compile/internal/typebits
bootstrap/cmd/link/internal/loadelf
bootstrap/cmd/asm/internal/asm
bootstrap/cmd/link/internal/loadmacho
bootstrap/cmd/link/internal/loadpe
bootstrap/cmd/asm
bootstrap/cmd/link/internal/loadxcoff
bootstrap/cmd/link/internal/ld
bootstrap/cmd/compile/internal/objw
bootstrap/cmd/compile/internal/abi
bootstrap/cmd/compile/internal/typecheck
bootstrap/cmd/compile/internal/deadcode
bootstrap/cmd/compile/internal/importer
bootstrap/cmd/link/internal/amd64
bootstrap/cmd/link/internal/arm
bootstrap/cmd/link/internal/arm64
bootstrap/cmd/compile/internal/escape
bootstrap/cmd/compile/internal/inline
bootstrap/cmd/compile/internal/staticdata
bootstrap/cmd/compile/internal/devirtualize
bootstrap/cmd/link/internal/mips
bootstrap/cmd/link/internal/mips64
bootstrap/cmd/link/internal/ppc64
bootstrap/cmd/link/internal/riscv64
bootstrap/cmd/link/internal/s390x
bootstrap/cmd/compile/internal/reflectdata
bootstrap/cmd/link/internal/wasm
bootstrap/cmd/link/internal/x86
bootstrap/cmd/link
bootstrap/cmd/compile/internal/ssa
bootstrap/cmd/compile/internal/staticinit
bootstrap/cmd/compile/internal/pkginit
bootstrap/cmd/compile/internal/liveness
bootstrap/cmd/compile/internal/ssagen
bootstrap/cmd/compile/internal/amd64
bootstrap/cmd/compile/internal/arm
bootstrap/cmd/compile/internal/arm64
bootstrap/cmd/compile/internal/dwarfgen
bootstrap/cmd/compile/internal/walk
bootstrap/cmd/compile/internal/mips
bootstrap/cmd/compile/internal/noder
bootstrap/cmd/compile/internal/mips64
bootstrap/cmd/compile/internal/ppc64
bootstrap/cmd/compile/internal/riscv64
bootstrap/cmd/compile/internal/s390x
bootstrap/cmd/compile/internal/wasm
bootstrap/cmd/compile/internal/x86
bootstrap/cmd/compile/internal/gc
bootstrap/cmd/compile

Building Go bootstrap cmd/go (go_bootstrap) using Go toolchain1.
runtime
runtime/internal/sys
runtime/internal/atomic
runtime/internal/math
internal/bytealg
internal/abi
internal/goexperiment
internal/cpu
cmd/go
flag
log
cmd/go/internal/generate
cmd/go/internal/help
cmd/go/internal/vet
fmt
cmd/go/internal/bug
cmd/go/internal/doc
cmd/go/internal/fmtcmd
cmd/go/internal/modcmd
cmd/go/internal/tool
cmd/go/internal/fix
cmd/go/internal/list
cmd/go/internal/modload
cmd/go/internal/version
os
strings
cmd/go/internal/cfg
cmd/go/internal/modget
cmd/go/internal/get
cmd/go/internal/test
cmd/go/internal/trace
context
path/filepath
cmd/go/internal/envcmd
cmd/go/internal/modfetch
cmd/go/internal/work
cmd/go/internal/base
cmd/go/internal/run
internal/buildcfg
cmd/go/internal/clean
errors
io
sort
reflect
strconv
time
sync
bytes
go/token
bufio
cmd/go/internal/load
internal/execabs
regexp
go/parser
cmd/go/internal/str
text/template
unicode
unicode/utf8
cmd/go/internal/cmdflag
encoding/json
math
internal/fmtsort
cmd/go/internal/web
net/url
cmd/vendor/golang.org/x/mod/semver
cmd/go/internal/fsys
cmd/go/internal/imports
go/build
path
cmd/go/internal/lockedfile
cmd/vendor/golang.org/x/mod/sumdb/dirhash
cmd/vendor/golang.org/x/mod/modfile
io/fs
cmd/vendor/golang.org/x/mod/module
os/signal
cmd/go/internal/modinfo
cmd/go/internal/cache
cmd/go/internal/mvs
sync/atomic
cmd/go/internal/modconv
syscall
internal/lazyregexp
runtime/debug
encoding/hex
cmd/go/internal/search
cmd/go/internal/par
internal/goroot
debug/macho
encoding/binary
debug/elf
debug/pe
internal/xcoff
internal/oserror
internal/itoa
internal/syscall/execenv
internal/unsafeheader
internal/poll
internal/syscall/unix
internal/testlog
internal/cfg
cmd/go/internal/vcs
crypto/sha256
cmd/internal/test2json
cmd/internal/traceviewer
internal/reflectlite
math/rand
archive/zip
cmd/go/internal/modfetch/codehost
cmd/vendor/golang.org/x/mod/zip
encoding/base64
cmd/go/internal/robustio
cmd/internal/buildid
container/heap
cmd/internal/objabi
cmd/internal/sys
cmd/internal/pkgpath
crypto/sha1
math/bits
internal/race
go/ast
internal/lazytemplate
go/scanner
go/doc
os/exec
regexp/syntax
go/internal/typeparams
text/template/parse
encoding
unicode/utf16
io/ioutil
go/build/constraint
internal/goversion
cmd/go/internal/lockedfile/internal/filelock
cmd/vendor/golang.org/x/mod/internal/lazyregexp
cmd/vendor/golang.org/x/xerrors
hash
compress/zlib
debug/dwarf
internal/singleflight
encoding/xml
crypto
hash/crc32
compress/flate
cmd/internal/codesign
cmd/vendor/golang.org/x/xerrors/internal
hash/adler32


Building Go toolchain2 using go_bootstrap and Go toolchain1.
internal/goexperiment
internal/unsafeheader
internal/abi
internal/cpu
runtime/internal/atomic
runtime/internal/sys
internal/race
runtime/internal/math
sync/atomic
unicode/utf8
unicode
internal/bytealg
internal/itoa
math/bits
encoding
unicode/utf16
math
runtime
internal/goversion
internal/reflectlite
sync
internal/testlog
math/rand
errors
sort
internal/oserror
io
strconv
syscall
path
bytes
strings
hash
reflect
crypto
hash/adler32
bufio
go/build/constraint
text/tabwriter
regexp/syntax
container/heap
hash/crc32
html
internal/syscall/unix
time
internal/syscall/execenv
regexp
io/fs
internal/poll
context
os
internal/fmtsort
encoding/binary
cmd/internal/sys
crypto/md5
crypto/sha1
fmt
path/filepath
io/ioutil
encoding/base64
runtime/debug
crypto/sha256
internal/lazyregexp
os/exec
internal/execabs
internal/buildcfg
log
flag
cmd/internal/src
text/scanner
cmd/internal/bio
cmd/internal/edit
cmd/internal/objabi
cmd/internal/pkgpath
debug/dwarf
compress/flate
go/token
cmd/internal/dwarf
cmd/internal/goobj
cmd/asm/internal/flags
cmd/asm/internal/lex
compress/zlib
go/scanner
cmd/internal/obj
encoding/json
go/ast
debug/elf
debug/macho
debug/pe
go/internal/typeparams
go/parser
cmd/internal/obj/arm
cmd/internal/obj/arm64
cmd/internal/obj/mips
cmd/internal/obj/ppc64
cmd/internal/obj/riscv
cmd/internal/obj/s390x
cmd/internal/obj/wasm
cmd/internal/obj/x86
go/printer
internal/xcoff
cmd/compile/internal/base
math/big
net/url
cmd/cgo
cmd/compile/internal/logopt
cmd/compile/internal/bitvec
cmd/asm/internal/arch
cmd/internal/gcprog
encoding/hex
cmd/compile/internal/syntax
cmd/asm/internal/asm
cmd/asm
go/constant
cmd/compile/internal/types
text/template/parse
cmd/compile/internal/types2
cmd/compile/internal/ir
cmd/compile/internal/typebits
internal/goroot
cmd/internal/archive
compress/gzip
runtime/pprof
text/template
runtime/trace
cmd/internal/codesign
cmd/link/internal/benchmark
cmd/link/internal/sym
cmd/link/internal/loader
go/doc
go/build
cmd/link/internal/loadelf
cmd/link/internal/loadmacho
cmd/link/internal/loadpe
cmd/link/internal/loadxcoff
cmd/link/internal/ld
cmd/compile/internal/objw
cmd/compile/internal/abi
cmd/compile/internal/typecheck
cmd/compile/internal/deadcode
cmd/compile/internal/importer
cmd/compile/internal/escape
cmd/compile/internal/staticdata
cmd/compile/internal/inline
cmd/compile/internal/devirtualize
cmd/link/internal/amd64
cmd/link/internal/arm64
cmd/link/internal/arm
cmd/compile/internal/reflectdata
cmd/link/internal/mips
cmd/link/internal/mips64
cmd/link/internal/ppc64
cmd/link/internal/riscv64
cmd/link/internal/s390x
cmd/link/internal/wasm
cmd/link/internal/x86
cmd/link
cmd/compile/internal/staticinit
cmd/compile/internal/ssa
cmd/compile/internal/pkginit
cmd/compile/internal/liveness
cmd/compile/internal/ssagen
cmd/compile/internal/amd64
cmd/compile/internal/arm
cmd/compile/internal/dwarfgen
cmd/compile/internal/arm64
cmd/compile/internal/mips
cmd/compile/internal/walk
cmd/compile/internal/noder
cmd/compile/internal/mips64
cmd/compile/internal/ppc64
cmd/compile/internal/riscv64
cmd/compile/internal/s390x
cmd/compile/internal/wasm
cmd/compile/internal/x86
cmd/compile/internal/gc
cmd/compile

Building Go toolchain3 using go_bootstrap and Go toolchain2.
internal/unsafeheader
internal/goexperiment
internal/abi
internal/cpu
runtime/internal/atomic
runtime/internal/sys
runtime/internal/math
internal/race
sync/atomic
unicode/utf8
unicode
internal/bytealg
internal/itoa
math/bits
encoding
unicode/utf16
math
internal/goversion
runtime
internal/reflectlite
sync
internal/testlog
math/rand
errors
sort
io
strconv
internal/oserror
syscall
path
bytes
strings
reflect
hash
crypto
hash/adler32
bufio
go/build/constraint
text/tabwriter
internal/syscall/unix
regexp/syntax
time
internal/syscall/execenv
container/heap
hash/crc32
html
regexp
io/fs
internal/poll
context
os
internal/fmtsort
encoding/binary
cmd/internal/sys
crypto/md5
crypto/sha1
fmt
path/filepath
io/ioutil
encoding/base64
runtime/debug
crypto/sha256
internal/lazyregexp
os/exec
flag
internal/buildcfg
log
cmd/internal/bio
cmd/internal/src
internal/execabs
cmd/internal/objabi
text/scanner
cmd/internal/edit
cmd/internal/dwarf
cmd/internal/goobj
cmd/asm/internal/flags
cmd/internal/pkgpath
cmd/asm/internal/lex
debug/dwarf
compress/flate
cmd/internal/obj
go/token
go/scanner
compress/zlib
go/ast
encoding/json
debug/elf
cmd/internal/obj/arm
cmd/internal/obj/arm64
cmd/internal/obj/mips
cmd/internal/obj/ppc64
cmd/internal/obj/riscv
cmd/internal/obj/s390x
cmd/internal/obj/wasm
cmd/internal/obj/x86
debug/macho
debug/pe
go/internal/typeparams
go/parser
go/printer
internal/xcoff
cmd/compile/internal/base
cmd/asm/internal/arch
math/big
cmd/cgo
net/url
cmd/asm/internal/asm
cmd/compile/internal/logopt
cmd/compile/internal/bitvec
cmd/asm
cmd/internal/gcprog
encoding/hex
cmd/compile/internal/syntax
go/constant
text/template/parse
cmd/compile/internal/types
internal/goroot
cmd/internal/archive
compress/gzip
runtime/pprof
text/template
cmd/compile/internal/types2
cmd/compile/internal/ir
cmd/compile/internal/typebits
runtime/trace
cmd/internal/codesign
cmd/link/internal/benchmark
go/doc
cmd/link/internal/sym
cmd/link/internal/loader
go/build
cmd/link/internal/loadelf
cmd/link/internal/loadmacho
cmd/link/internal/loadpe
cmd/link/internal/loadxcoff
cmd/link/internal/ld
cmd/compile/internal/abi
cmd/compile/internal/objw
cmd/compile/internal/typecheck
cmd/compile/internal/deadcode
cmd/compile/internal/importer
cmd/compile/internal/escape
cmd/compile/internal/inline
cmd/compile/internal/staticdata
cmd/compile/internal/devirtualize
cmd/link/internal/amd64
cmd/link/internal/arm
cmd/link/internal/arm64
cmd/link/internal/mips
cmd/link/internal/mips64
cmd/link/internal/ppc64
cmd/link/internal/riscv64
cmd/compile/internal/reflectdata
cmd/link/internal/s390x
cmd/link/internal/wasm
cmd/link/internal/x86
cmd/link
cmd/compile/internal/staticinit
cmd/compile/internal/ssa
cmd/compile/internal/pkginit
cmd/compile/internal/liveness
cmd/compile/internal/ssagen
cmd/compile/internal/arm
cmd/compile/internal/arm64
cmd/compile/internal/amd64
cmd/compile/internal/dwarfgen
cmd/compile/internal/walk
cmd/compile/internal/noder
cmd/compile/internal/mips
cmd/compile/internal/mips64
cmd/compile/internal/ppc64
cmd/compile/internal/riscv64
cmd/compile/internal/s390x
cmd/compile/internal/wasm
cmd/compile/internal/x86
cmd/compile/internal/gc
cmd/compile

Building packages and commands for linux/amd64.
container/list
container/ring
crypto/internal/subtle
crypto/subtle
runtime/cgo
compress/bzip2
crypto/cipher
debug/gosym
debug/plan9obj
cmd/vendor/golang.org/x/arch/arm/armasm
cmd/vendor/golang.org/x/arch/arm64/arm64asm
cmd/vendor/golang.org/x/arch/ppc64/ppc64asm
cmd/vendor/golang.org/x/arch/x86/x86asm
archive/zip
compress/lzw
crypto/aes
cmd/internal/objfile
crypto/des
crypto/internal/randutil
crypto/dsa
crypto/elliptic/internal/fiat
crypto/sha512
os/user
cmd/addr2line
encoding/asn1
crypto/elliptic
vendor/golang.org/x/crypto/cryptobyte/asn1
crypto/ed25519/internal/edwards25519/field
vendor/golang.org/x/crypto/cryptobyte
crypto/ed25519/internal/edwards25519
crypto/rand
crypto/hmac
crypto/rc4
crypto/ecdsa
crypto/rsa
crypto/ed25519
crypto/x509/pkix
encoding/pem
vendor/golang.org/x/net/dns/dnsmessage
internal/nettrace
internal/singleflight
vendor/golang.org/x/crypto/internal/subtle
vendor/golang.org/x/crypto/chacha20
vendor/golang.org/x/crypto/poly1305
vendor/golang.org/x/sys/cpu
vendor/golang.org/x/crypto/curve25519
vendor/golang.org/x/crypto/chacha20poly1305
vendor/golang.org/x/crypto/hkdf
database/sql/driver
net
archive/tar
embed
encoding/ascii85
database/sql
encoding/base32
encoding/csv
encoding/gob
encoding/xml
vendor/golang.org/x/text/transform
vendor/golang.org/x/text/unicode/bidi
vendor/golang.org/x/text/unicode/norm
vendor/golang.org/x/net/http2/hpack
vendor/golang.org/x/text/secure/bidirule
mime
mime/quotedprintable
net/http/internal
net/http/internal/ascii
go/format
go/types
hash/crc64
vendor/golang.org/x/net/idna
hash/fnv
hash/maphash
html/template
image/color
image
image/color/palette
index/suffixarray
image/internal/imageutil
image/draw
image/jpeg
crypto/x509
net/textproto
vendor/golang.org/x/net/http/httpguts
vendor/golang.org/x/net/http/httpproxy
mime/multipart
image/gif
image/png
internal/cfg
internal/lazytemplate
internal/obscuretestdata
crypto/tls
internal/profile
internal/sysinfo
testing
internal/testenv
internal/trace
log/syslog
math/cmplx
net/http/internal/testcert
net/internal/socktest
go/internal/gccgoimporter
go/internal/gcimporter
go/internal/srcimporter
net/mail
os/signal
os/signal/internal/pty
plugin
go/importer
reflect/internal/example1
net/http/httptrace
net/smtp
net/http
reflect/internal/example2
runtime/metrics
runtime/race
testing/iotest
testing/fstest
testing/quick
testing/internal/testdeps
time/tzdata
vendor/golang.org/x/net/nettest
cmd/api
cmd/internal/buildid
cmd/compile/internal/test
cmd/internal/browser
cmd/buildid
cmd/vendor/golang.org/x/tools/cover
cmd/cover
cmd/dist
cmd/vendor/golang.org/x/mod/semver
cmd/doc
cmd/internal/diff
cmd/fix
cmd/go/internal/fsys
cmd/go/internal/cfg
cmd/go/internal/str
cmd/go/internal/base
cmd/go/internal/lockedfile/internal/filelock
cmd/go/internal/imports
cmd/go/internal/lockedfile
cmd/go/internal/par
expvar
net/http/cgi
net/http/cookiejar
net/http/httptest
net/http/httputil
net/http/fcgi
net/http/pprof
net/rpc
cmd/go/internal/cache
cmd/go/internal/auth
cmd/go/internal/web
cmd/go/internal/robustio
cmd/internal/traceviewer
cmd/go/internal/trace
net/rpc/jsonrpc
cmd/go/internal/search
cmd/go/internal/modfetch/codehost
cmd/vendor/golang.org/x/mod/internal/lazyregexp
cmd/vendor/golang.org/x/xerrors/internal
cmd/vendor/golang.org/x/xerrors
cmd/vendor/golang.org/x/crypto/ed25519
cmd/vendor/golang.org/x/mod/sumdb/tlog
cmd/vendor/golang.org/x/mod/sumdb/note
cmd/vendor/golang.org/x/mod/module
cmd/vendor/golang.org/x/mod/sumdb/dirhash
cmd/go/internal/modinfo
cmd/go/internal/vcs
cmd/vendor/golang.org/x/mod/modfile
cmd/vendor/golang.org/x/mod/sumdb
cmd/vendor/golang.org/x/mod/zip
cmd/go/internal/mvs
cmd/go/internal/doc
cmd/go/internal/cmdflag
cmd/internal/test2json
cmd/go/internal/tool
cmd/go/internal/version
cmd/go/internal/txtar
cmd/go/internal/modfetch
cmd/go/internal/modconv
cmd/gofmt
cmd/nm
cmd/objdump
cmd/go/internal/modload
cmd/pack
cmd/vendor/github.com/google/pprof/internal/elfexec
cmd/vendor/github.com/google/pprof/profile
cmd/vendor/github.com/ianlancetaylor/demangle
cmd/vendor/github.com/google/pprof/third_party/d3
cmd/vendor/github.com/google/pprof/third_party/d3flamegraph
cmd/vendor/github.com/google/pprof/third_party/svgpan
cmd/vendor/golang.org/x/sys/internal/unsafeheader
cmd/vendor/golang.org/x/sys/unix
cmd/vendor/github.com/google/pprof/internal/plugin
cmd/vendor/github.com/google/pprof/internal/measurement
cmd/vendor/github.com/google/pprof/internal/graph
cmd/vendor/github.com/google/pprof/internal/binutils
cmd/go/internal/load
cmd/go/internal/help
cmd/vendor/github.com/google/pprof/internal/report
cmd/vendor/github.com/google/pprof/internal/symbolz
cmd/vendor/github.com/google/pprof/internal/transport
cmd/vendor/github.com/google/pprof/internal/symbolizer
cmd/vendor/golang.org/x/term
cmd/test2json
cmd/trace
cmd/vendor/github.com/google/pprof/internal/driver
cmd/go/internal/work
cmd/go/internal/fix
cmd/go/internal/fmtcmd
cmd/go/internal/modcmd
cmd/vendor/golang.org/x/crypto/ed25519/internal/edwards25519
cmd/vendor/github.com/google/pprof/driver
cmd/pprof
cmd/vendor/golang.org/x/tools/go/ast/astutil
cmd/go/internal/envcmd
cmd/go/internal/clean
cmd/go/internal/bug
cmd/go/internal/generate
cmd/go/internal/get
cmd/go/internal/list
cmd/go/internal/modget
cmd/go/internal/run
cmd/go/internal/test
cmd/go/internal/vet
cmd/vendor/golang.org/x/tools/internal/lsp/fuzzy
cmd/vendor/golang.org/x/tools/internal/analysisinternal
cmd/vendor/golang.org/x/tools/go/types/objectpath
cmd/vendor/golang.org/x/tools/go/analysis
cmd/go
cmd/vendor/golang.org/x/tools/go/analysis/internal/analysisflags
cmd/vendor/golang.org/x/tools/go/analysis/internal/facts
cmd/vendor/golang.org/x/tools/go/analysis/passes/internal/analysisutil
cmd/vendor/golang.org/x/tools/go/ast/inspector
cmd/vendor/golang.org/x/tools/go/analysis/passes/asmdecl
cmd/vendor/golang.org/x/tools/go/analysis/passes/inspect
cmd/vendor/golang.org/x/tools/go/analysis/passes/buildtag
cmd/vendor/golang.org/x/tools/go/analysis/passes/assign
cmd/vendor/golang.org/x/tools/go/analysis/passes/atomic
cmd/vendor/golang.org/x/tools/go/analysis/passes/bools
cmd/vendor/golang.org/x/tools/go/analysis/passes/cgocall
cmd/vendor/golang.org/x/tools/go/analysis/passes/composite
cmd/vendor/golang.org/x/tools/go/analysis/passes/copylock
cmd/vendor/golang.org/x/tools/go/cfg
cmd/vendor/golang.org/x/tools/go/types/typeutil
cmd/vendor/golang.org/x/tools/go/analysis/passes/framepointer
cmd/vendor/golang.org/x/tools/go/analysis/passes/httpresponse
cmd/vendor/golang.org/x/tools/go/analysis/passes/errorsas
cmd/vendor/golang.org/x/tools/go/analysis/passes/ctrlflow
cmd/vendor/golang.org/x/tools/go/analysis/passes/ifaceassert
cmd/vendor/golang.org/x/tools/go/analysis/passes/loopclosure
cmd/vendor/golang.org/x/tools/go/analysis/passes/nilfunc
cmd/vendor/golang.org/x/tools/go/analysis/passes/lostcancel
cmd/vendor/golang.org/x/tools/go/analysis/passes/shift
cmd/vendor/golang.org/x/tools/go/analysis/passes/printf
cmd/vendor/golang.org/x/tools/go/analysis/passes/sigchanyzer
cmd/vendor/golang.org/x/tools/go/analysis/passes/stdmethods
cmd/vendor/golang.org/x/tools/go/analysis/passes/stringintconv
cmd/vendor/golang.org/x/tools/go/analysis/passes/structtag
cmd/vendor/golang.org/x/tools/go/analysis/passes/testinggoroutine
cmd/vendor/golang.org/x/tools/go/analysis/passes/tests
cmd/vendor/golang.org/x/tools/go/analysis/passes/unmarshal
cmd/vendor/golang.org/x/tools/go/analysis/passes/unreachable
cmd/vendor/golang.org/x/tools/go/analysis/passes/unsafeptr
cmd/vendor/golang.org/x/tools/go/analysis/passes/unusedresult
cmd/vendor/golang.org/x/tools/go/analysis/unitchecker
cmd/vet
cd "/mnt/build_wrt/build_dir/hostpkg/go-1.24.13/.go_bootstrap_1.20/src" ;  GOROOT_BOOTSTRAP="/mnt/build_wrt/build_dir/hostpkg/go-1.24.13/.go_bootstrap_1.17" GOHOSTARCH="amd64" GOCACHE="/mnt/build_wrt/tmp/go-build" GOENV=off CC="/mnt/build_wrt/staging_dir/host/bin/gcc" CXX="/mnt/build_wrt/staging_dir/host/bin/g++"  bash make.bash -v --no-banner
Building Go cmd/dist using /mnt/build_wrt/build_dir/hostpkg/go-1.24.13/.go_bootstrap_1.17. (go1.17.13 linux/amd64)
cmd/dist

Building Go toolchain1 using /mnt/build_wrt/build_dir/hostpkg/go-1.24.13/.go_bootstrap_1.17.
internal/unsafeheader
internal/goexperiment
internal/abi
internal/cpu
runtime/internal/atomic
runtime/internal/sys
internal/race
sync/atomic
unicode
runtime/internal/math
internal/bytealg
unicode/utf8
internal/itoa
math/bits
bootstrap/internal/goexperiment
bootstrap/math/bits
math
runtime
bootstrap/internal/unsafeheader
bootstrap/internal/coverage
bootstrap/internal/platform
encoding
unicode/utf16
bootstrap/internal/goversion
bootstrap/internal/types/errors
internal/goversion
bootstrap/internal/race
bootstrap/cmd/compile/internal/test
runtime/metrics
internal/reflectlite
sync
internal/testlog
math/rand
errors
sort
bootstrap/sort
strconv
io
internal/oserror
path
syscall
bytes
strings
reflect
bootstrap/strconv
bufio
hash
go/build/constraint
hash/adler32
text/tabwriter
internal/syscall/unix
time
internal/syscall/execenv
regexp/syntax
hash/crc32
bootstrap/container/heap
html
crypto
hash/fnv
regexp
internal/fmtsort
encoding/binary
internal/poll
io/fs
context
bootstrap/cmd/internal/notsha256
os
bootstrap/cmd/internal/sys
encoding/base64
bootstrap/internal/saferio
crypto/md5
runtime/debug
path/filepath
internal/lazyregexp
fmt
io/ioutil
os/exec
log
bootstrap/cmd/internal/src
bootstrap/internal/buildcfg
flag
bootstrap/cmd/internal/bio
text/scanner
bootstrap/cmd/internal/objabi
bootstrap/cmd/internal/edit
bootstrap/cmd/internal/pkgpath
bootstrap/cmd/internal/quoted
bootstrap/debug/dwarf
bootstrap/compress/flate
go/token
bootstrap/cmd/internal/dwarf
bootstrap/cmd/internal/goobj
go/scanner
bootstrap/compress/zlib
encoding/json
bootstrap/cmd/internal/obj
go/ast
bootstrap/debug/elf
bootstrap/debug/macho
bootstrap/debug/pe
bootstrap/internal/xcoff
bootstrap/cmd/internal/obj/arm
bootstrap/cmd/internal/obj/loong64
bootstrap/cmd/internal/obj/arm64
bootstrap/cmd/internal/obj/mips
bootstrap/cmd/internal/obj/ppc64
bootstrap/cmd/internal/obj/riscv
bootstrap/cmd/internal/obj/s390x
bootstrap/cmd/internal/obj/wasm
bootstrap/cmd/internal/obj/x86
bootstrap/cmd/asm/internal/flags
bootstrap/cmd/asm/internal/lex
go/internal/typeparams
go/parser
go/printer
bootstrap/cmd/compile/internal/base
bootstrap/math/big
net/url
bootstrap/cmd/cgo
bootstrap/cmd/compile/internal/logopt
bootstrap/cmd/compile/internal/bitvec
bootstrap/cmd/asm/internal/arch
bootstrap/cmd/compile/internal/abt
compress/flate
bootstrap/cmd/asm/internal/asm
compress/gzip
bootstrap/go/constant
bootstrap/internal/profile
bootstrap/cmd/asm
bootstrap/cmd/compile/internal/types
bootstrap/cmd/internal/gcprog
encoding/hex
bootstrap/cmd/compile/internal/syntax
bootstrap/internal/pkgbits
text/template/parse
bootstrap/cmd/compile/internal/ir
bootstrap/cmd/compile/internal/typebits
internal/buildcfg
internal/execabs
internal/goroot
text/template
bootstrap/cmd/internal/archive
runtime/pprof
runtime/trace
bootstrap/cmd/compile/internal/types2
go/doc
bootstrap/cmd/internal/codesign
bootstrap/cmd/link/internal/benchmark
bootstrap/cmd/link/internal/sym
bootstrap/cmd/link/internal/loader
go/build
bootstrap/cmd/compile/internal/objw
bootstrap/cmd/compile/internal/abi
bootstrap/cmd/compile/internal/typecheck
bootstrap/cmd/compile/internal/deadcode
bootstrap/cmd/link/internal/loadelf
bootstrap/cmd/link/internal/loadmacho
bootstrap/cmd/link/internal/loadpe
bootstrap/cmd/link/internal/loadxcoff
bootstrap/cmd/link/internal/dwtest
bootstrap/cmd/link/internal/ld
bootstrap/cmd/compile/internal/compare
bootstrap/cmd/compile/internal/escape
bootstrap/cmd/compile/internal/pgo
bootstrap/cmd/compile/internal/staticdata
bootstrap/cmd/compile/internal/inline
bootstrap/cmd/compile/internal/coverage
bootstrap/cmd/compile/internal/devirtualize
bootstrap/cmd/compile/internal/importer
bootstrap/cmd/compile/internal/reflectdata
bootstrap/cmd/link/internal/amd64
bootstrap/cmd/link/internal/arm
bootstrap/cmd/link/internal/arm64
bootstrap/cmd/link/internal/loong64
bootstrap/cmd/link/internal/mips
bootstrap/cmd/link/internal/mips64
bootstrap/cmd/link/internal/ppc64
bootstrap/cmd/link/internal/riscv64
bootstrap/cmd/link/internal/s390x
bootstrap/cmd/compile/internal/ssa
bootstrap/cmd/compile/internal/staticinit
bootstrap/cmd/link/internal/wasm
bootstrap/cmd/link/internal/x86
bootstrap/cmd/link
bootstrap/cmd/compile/internal/liveness
bootstrap/cmd/compile/internal/ssagen
bootstrap/cmd/compile/internal/arm
bootstrap/cmd/compile/internal/amd64
bootstrap/cmd/compile/internal/arm64
bootstrap/cmd/compile/internal/dwarfgen
bootstrap/cmd/compile/internal/walk
bootstrap/cmd/compile/internal/noder
bootstrap/cmd/compile/internal/loong64
bootstrap/cmd/compile/internal/mips
bootstrap/cmd/compile/internal/mips64
bootstrap/cmd/compile/internal/ppc64
bootstrap/cmd/compile/internal/riscv64
bootstrap/cmd/compile/internal/s390x
bootstrap/cmd/compile/internal/wasm
bootstrap/cmd/compile/internal/x86
bootstrap/cmd/compile/internal/pkginit
bootstrap/cmd/compile/internal/gc
bootstrap/cmd/compile

Building Go bootstrap cmd/go (go_bootstrap) using Go toolchain1.
runtime
internal/goarch
runtime/internal/sys
internal/goexperiment
runtime/internal/syscall
internal/abi
internal/coverage/rtcov
internal/goos
internal/cpu
runtime/internal/math
internal/bytealg
runtime/internal/atomic
cmd/go
cmd/go/internal/clean
cmd/go/internal/fmtcmd
flag
strings
cmd/internal/sys
time
sort
encoding/binary
unicode/utf8
math
math/bits
cmd/go/internal/modget
syscall
cmd/go/internal/bug
regexp
os/exec
regexp/syntax
internal/syscall/execenv
sync
encoding
cmd/go/internal/vet
reflect
context
cmd/go/internal/cmdflag
cmd/go/internal/version
cmd/go/internal/envcmd
cmd/go/internal/cfg
cmd/go/internal/fsys
cmd/go/internal/workcmd
cmd/go/internal/base
cmd/go/internal/trace
cmd/internal/traceviewer
internal/reflectlite
fmt
cmd/go/internal/tool
path/filepath
cmd/go/internal/list
cmd/go/internal/modfetch
log
cmd/go/internal/run
unicode
cmd/go/internal/fix
cmd/go/internal/load
errors
cmd/go/internal/modindex
go/ast
go/token
cmd/go/internal/modinfo
cmd/go/internal/modfetch/codehost
go/scanner
go/build
internal/cfg
bufio
go/build/constraint
internal/goroot
internal/race
bytes
internal/syscall/unix
runtime/debug
internal/godebug
io/fs
internal/oserror
sync/atomic
path
os/signal
internal/itoa
cmd/internal/quoted
internal/unsafeheader
internal/fmtsort
cmd/internal/pkgpattern
cmd/go/internal/par
cmd/vendor/golang.org/x/mod/module
math/rand
cmd/go/internal/help
text/template
cmd/go/internal/generate
cmd/go/internal/get
cmd/go/internal/work
cmd/vendor/golang.org/x/mod/internal/lazyregexp
internal/buildcfg
text/template/parse
cmd/go/internal/modload
cmd/go/internal/test
os
cmd/go/internal/search
cmd/go/internal/imports
cmd/go/internal/cache
cmd/go/internal/modcmd
strconv
io
cmd/go/internal/str
cmd/go/internal/lockedfile
encoding/json
cmd/vendor/golang.org/x/mod/modfile
cmd/vendor/golang.org/x/mod/semver
internal/lazyregexp
internal/platform
cmd/go/internal/robustio
encoding/xml
archive/zip
internal/lazytemplate
go/doc
crypto/sha256
cmd/go/internal/vcs
go/parser
net/url
cmd/go/internal/web
cmd/go/internal/doc
encoding/base64
hash/crc32
compress/flate
hash
cmd/vendor/golang.org/x/mod/zip
debug/buildinfo
cmd/vendor/golang.org/x/mod/sumdb/dirhash
go/doc/comment
crypto/internal/boring
crypto
go/internal/typeparams
io/ioutil
cmd/internal/test2json
cmd/go/internal/mmap
encoding/hex
crypto/internal/boring/sig
debug/elf
internal/saferio
debug/plan9obj
debug/dwarf
debug/macho
internal/singleflight
internal/goversion
cmd/go/internal/modconv
unicode/utf16
crypto/cipher
crypto/subtle
crypto/internal/alias
debug/pe
internal/xcoff
compress/zlib
internal/safefilepath
crypto/sha1
internal/poll
internal/coverage
container/heap
cmd/internal/buildid
cmd/internal/objabi
cmd/internal/pkgpath
internal/testlog
cmd/go/internal/mvs
cmd/internal/codesign
cmd/internal/notsha256
hash/adler32
cmd/go/internal/lockedfile/internal/filelock


Building Go toolchain2 using go_bootstrap and Go toolchain1.
internal/unsafeheader
internal/goarch
internal/coverage/rtcov
internal/cpu
internal/goexperiment
internal/abi
internal/goos
runtime/internal/atomic
runtime/internal/math
runtime/internal/sys
runtime/internal/syscall
internal/race
internal/bytealg
sync/atomic
unicode
unicode/utf8
internal/itoa
math/bits
encoding
runtime
unicode/utf16
math
internal/coverage
internal/platform
internal/goversion
internal/types/errors
runtime/metrics
internal/reflectlite
sync
internal/testlog
internal/godebug
math/rand
errors
sort
internal/oserror
io
strconv
syscall
internal/safefilepath
path
bytes
strings
hash
hash/adler32
reflect
text/tabwriter
hash/crc32
bufio
go/build/constraint
regexp/syntax
container/heap
html
internal/syscall/unix
time
internal/syscall/execenv
crypto
hash/fnv
regexp
context
io/fs
internal/poll
internal/fmtsort
encoding/binary
internal/saferio
os
cmd/internal/sys
cmd/internal/notsha256
encoding/base64
crypto/md5
internal/lazyregexp
path/filepath
fmt
os/exec
log
internal/buildcfg
flag
cmd/internal/src
cmd/internal/bio
text/scanner
cmd/internal/edit
cmd/internal/pkgpath
debug/dwarf
cmd/internal/objabi
cmd/internal/quoted
compress/flate
go/token
cmd/internal/dwarf
cmd/internal/goobj
compress/zlib
go/scanner
go/doc/comment
cmd/internal/obj
go/ast
debug/elf
debug/macho
debug/pe
go/internal/typeparams
go/parser
go/printer
cmd/internal/obj/arm
cmd/internal/obj/arm64
cmd/internal/obj/loong64
cmd/internal/obj/mips
cmd/internal/obj/ppc64
cmd/internal/obj/riscv
cmd/internal/obj/s390x
cmd/internal/obj/wasm
cmd/internal/obj/x86
cmd/asm/internal/flags
cmd/asm/internal/lex
internal/xcoff
encoding/json
cmd/cgo
runtime/debug
math/big
cmd/compile/internal/base
net/url
cmd/asm/internal/arch
cmd/compile/internal/logopt
go/constant
cmd/compile/internal/bitvec
cmd/compile/internal/abt
cmd/asm/internal/asm
cmd/compile/internal/types
compress/gzip
cmd/internal/gcprog
internal/profile
encoding/hex
cmd/compile/internal/syntax
cmd/asm
cmd/compile/internal/ir
cmd/compile/internal/typebits
go/doc
internal/goroot
internal/pkgbits
go/build
cmd/internal/archive
runtime/pprof
cmd/compile/internal/types2
runtime/trace
cmd/internal/codesign
cmd/link/internal/sym
cmd/link/internal/loader
cmd/link/internal/benchmark
cmd/link/internal/loadelf
cmd/link/internal/loadmacho
cmd/link/internal/loadpe
cmd/link/internal/loadxcoff
cmd/link/internal/ld
cmd/compile/internal/objw
cmd/compile/internal/abi
cmd/compile/internal/typecheck
cmd/compile/internal/deadcode
cmd/compile/internal/compare
cmd/compile/internal/escape
cmd/compile/internal/pgo
cmd/compile/internal/staticdata
cmd/compile/internal/coverage
cmd/compile/internal/inline
cmd/compile/internal/devirtualize
cmd/compile/internal/importer
cmd/compile/internal/reflectdata
cmd/link/internal/amd64
cmd/link/internal/arm
cmd/link/internal/arm64
cmd/link/internal/loong64
cmd/link/internal/mips
cmd/link/internal/mips64
cmd/link/internal/ppc64
cmd/link/internal/riscv64
cmd/compile/internal/staticinit
cmd/compile/internal/ssa
cmd/link/internal/s390x
cmd/link/internal/wasm
cmd/link/internal/x86
cmd/link
cmd/compile/internal/liveness
cmd/compile/internal/ssagen
cmd/compile/internal/amd64
cmd/compile/internal/arm
cmd/compile/internal/arm64
cmd/compile/internal/dwarfgen
cmd/compile/internal/walk
cmd/compile/internal/noder
cmd/compile/internal/loong64
cmd/compile/internal/mips
cmd/compile/internal/mips64
cmd/compile/internal/ppc64
cmd/compile/internal/riscv64
cmd/compile/internal/s390x
cmd/compile/internal/wasm
cmd/compile/internal/x86
cmd/compile/internal/pkginit
cmd/compile/internal/gc
cmd/compile

Building Go toolchain3 using go_bootstrap and Go toolchain2.
internal/goarch
internal/unsafeheader
internal/coverage/rtcov
internal/cpu
internal/abi
internal/goexperiment
internal/goos
runtime/internal/atomic
runtime/internal/math
runtime/internal/sys
runtime/internal/syscall
internal/race
sync/atomic
internal/bytealg
unicode/utf8
unicode
internal/itoa
math/bits
encoding
unicode/utf16
internal/coverage
runtime
math
internal/platform
internal/goversion
internal/types/errors
internal/reflectlite
runtime/metrics
sync
internal/testlog
internal/godebug
math/rand
errors
sort
internal/oserror
io
strconv
syscall
internal/safefilepath
path
bytes
strings
reflect
hash
hash/adler32
text/tabwriter
hash/crc32
bufio
go/build/constraint
regexp/syntax
time
internal/syscall/unix
internal/syscall/execenv
container/heap
html
crypto
hash/fnv
regexp
internal/poll
io/fs
context
internal/fmtsort
encoding/binary
internal/saferio
os
cmd/internal/notsha256
encoding/base64
cmd/internal/sys
crypto/md5
internal/lazyregexp
path/filepath
fmt
os/exec
log
internal/buildcfg
flag
cmd/internal/src
cmd/internal/bio
text/scanner
cmd/internal/objabi
cmd/internal/edit
cmd/internal/pkgpath
cmd/internal/quoted
debug/dwarf
compress/flate
go/token
cmd/internal/dwarf
cmd/internal/goobj
go/scanner
compress/zlib
go/doc/comment
cmd/internal/obj
go/ast
encoding/json
debug/elf
debug/macho
debug/pe
go/internal/typeparams
go/printer
cmd/internal/obj/arm
cmd/internal/obj/arm64
cmd/internal/obj/loong64
cmd/internal/obj/mips
cmd/internal/obj/ppc64
cmd/internal/obj/riscv
cmd/internal/obj/s390x
cmd/internal/obj/wasm
cmd/internal/obj/x86
cmd/asm/internal/flags
cmd/asm/internal/lex
go/parser
internal/xcoff
runtime/debug
cmd/compile/internal/base
cmd/cgo
math/big
net/url
cmd/compile/internal/logopt
cmd/compile/internal/bitvec
cmd/compile/internal/abt
cmd/asm/internal/arch
compress/gzip
go/constant
internal/profile
cmd/asm/internal/asm
cmd/compile/internal/types
cmd/internal/gcprog
cmd/asm
encoding/hex
cmd/compile/internal/syntax
go/doc
cmd/compile/internal/ir
cmd/compile/internal/typebits
internal/goroot
internal/pkgbits
go/build
cmd/internal/archive
runtime/pprof
runtime/trace
cmd/internal/codesign
cmd/compile/internal/types2
cmd/link/internal/sym
cmd/link/internal/benchmark
cmd/link/internal/loader
cmd/link/internal/loadelf
cmd/link/internal/loadmacho
cmd/link/internal/loadpe
cmd/link/internal/loadxcoff
cmd/link/internal/ld
cmd/compile/internal/abi
cmd/compile/internal/objw
cmd/compile/internal/typecheck
cmd/compile/internal/deadcode
cmd/compile/internal/compare
cmd/compile/internal/escape
cmd/compile/internal/pgo
cmd/compile/internal/staticdata
cmd/compile/internal/coverage
cmd/compile/internal/devirtualize
cmd/compile/internal/importer
cmd/compile/internal/inline
cmd/compile/internal/reflectdata
cmd/link/internal/amd64
cmd/link/internal/arm64
cmd/link/internal/arm
cmd/compile/internal/ssa
cmd/compile/internal/staticinit
cmd/link/internal/loong64
cmd/link/internal/mips
cmd/link/internal/mips64
cmd/link/internal/ppc64
cmd/link/internal/riscv64
cmd/link/internal/s390x
cmd/link/internal/wasm
cmd/link/internal/x86
cmd/link
cmd/compile/internal/liveness
cmd/compile/internal/ssagen
cmd/compile/internal/amd64
cmd/compile/internal/arm
cmd/compile/internal/arm64
cmd/compile/internal/dwarfgen
cmd/compile/internal/noder
cmd/compile/internal/walk
cmd/compile/internal/loong64
cmd/compile/internal/mips
cmd/compile/internal/mips64
cmd/compile/internal/ppc64
cmd/compile/internal/riscv64
cmd/compile/internal/s390x
cmd/compile/internal/wasm
cmd/compile/internal/x86
cmd/compile/internal/pkginit
cmd/compile/internal/gc
cmd/compile

Building packages and commands for linux/amd64.
container/list
container/ring
crypto/internal/alias
crypto/subtle
compress/bzip2
runtime/cgo
debug/gosym
debug/plan9obj
cmd/vendor/golang.org/x/arch/arm/armasm
cmd/vendor/golang.org/x/arch/arm64/arm64asm
cmd/vendor/golang.org/x/arch/ppc64/ppc64asm
cmd/vendor/golang.org/x/arch/x86/x86asm
archive/zip
compress/lzw
crypto/cipher
crypto/internal/boring/sig
crypto/internal/boring
crypto/des
crypto/aes
crypto/internal/randutil
crypto/dsa
crypto/internal/edwards25519/field
crypto/internal/nistec/fiat
os/user
cmd/internal/objfile
embed
crypto/internal/bigmod
crypto/internal/boring/bbig
crypto/sha512
cmd/addr2line
encoding/asn1
vendor/golang.org/x/crypto/cryptobyte/asn1
crypto/internal/nistec
vendor/golang.org/x/crypto/cryptobyte
crypto/internal/edwards25519
crypto/rand
crypto/hmac
crypto/ed25519
crypto/internal/boring/bcache
archive/tar
crypto/rc4
crypto/rsa
crypto/sha1
crypto/ecdh
crypto/elliptic
crypto/sha256
crypto/x509/pkix
encoding/pem
vendor/golang.org/x/net/dns/dnsmessage
crypto/ecdsa
internal/nettrace
internal/singleflight
internal/intern
vendor/golang.org/x/crypto/internal/alias
net/netip
vendor/golang.org/x/crypto/chacha20
vendor/golang.org/x/crypto/internal/poly1305
io/ioutil
vendor/golang.org/x/crypto/hkdf
vendor/golang.org/x/sys/cpu
database/sql/driver
debug/buildinfo
vendor/golang.org/x/crypto/chacha20poly1305
net
database/sql
encoding/ascii85
encoding/base32
encoding/csv
encoding/gob
encoding/xml
vendor/golang.org/x/text/transform
vendor/golang.org/x/text/unicode/bidi
vendor/golang.org/x/text/unicode/norm
vendor/golang.org/x/text/secure/bidirule
vendor/golang.org/x/net/http2/hpack
mime
mime/quotedprintable
net/http/internal
net/http/internal/ascii
go/format
go/types
hash/crc64
hash/maphash
text/template/parse
vendor/golang.org/x/net/idna
text/template
image/color
image
html/template
image/color/palette
image/internal/imageutil
image/draw
image/gif
image/jpeg
image/png
index/suffixarray
internal/cfg
internal/coverage/calloc
internal/coverage/cmerge
internal/coverage/cformat
internal/coverage/slicereader
internal/coverage/uleb128
internal/coverage/slicewriter
internal/coverage/stringtab
internal/coverage/pods
internal/dag
internal/coverage/decodecounter
internal/coverage/decodemeta
internal/coverage/encodecounter
crypto/x509
net/textproto
vendor/golang.org/x/net/http/httpproxy
internal/coverage/encodemeta
internal/diff
vendor/golang.org/x/net/http/httpguts
mime/multipart
internal/fuzz
go/internal/gccgoimporter
go/internal/gcimporter
go/internal/srcimporter
internal/lazytemplate
crypto/tls
internal/obscuretestdata
internal/sysinfo
testing
internal/testpty
go/importer
internal/trace
internal/txtar
log/syslog
math/cmplx
internal/testenv
net/http/internal/testcert
net/internal/socktest
net/mail
os/exec/internal/fdtest
os/signal
plugin
reflect/internal/example1
reflect/internal/example2
runtime/coverage
runtime/internal/startlinetest
runtime/race/internal/amd64v1
runtime/race
testing/iotest
testing/internal/testdeps
testing/quick
testing/fstest
time/tzdata
vendor/golang.org/x/net/nettest
cmd/internal/buildid
net/http/httptrace
net/smtp
cmd/buildid
cmd/compile/internal/test
net/http
cmd/internal/cov
cmd/internal/pkgpattern
cmd/internal/browser
cmd/covdata
cmd/vendor/golang.org/x/tools/cover
cmd/cover
cmd/dist
cmd/vendor/golang.org/x/mod/semver
cmd/doc
cmd/fix
cmd/go/internal/fsys
cmd/go/internal/str
cmd/go/internal/cfg
cmd/go/internal/lockedfile/internal/filelock
cmd/go/internal/mmap
cmd/go/internal/lockedfile
cmd/go/internal/base
cmd/go/internal/imports
cmd/go/internal/par
cmd/go/internal/cache
cmd/vendor/golang.org/x/mod/internal/lazyregexp
cmd/go/internal/robustio
cmd/internal/traceviewer
cmd/vendor/golang.org/x/mod/module
cmd/go/internal/trace
cmd/go/internal/search
cmd/vendor/golang.org/x/mod/sumdb/note
cmd/vendor/golang.org/x/mod/modfile
cmd/vendor/golang.org/x/mod/sumdb/tlog
cmd/vendor/golang.org/x/mod/sumdb/dirhash
cmd/vendor/golang.org/x/mod/zip
cmd/go/internal/modindex
cmd/go/internal/mvs
cmd/go/internal/modconv
cmd/go/internal/doc
cmd/go/internal/cmdflag
cmd/internal/test2json
cmd/go/internal/tool
cmd/go/internal/version
cmd/go/internal/script
cmd/go/internal/test/internal/genflags
cmd/vendor/golang.org/x/sync/semaphore
cmd/gofmt
cmd/vendor/golang.org/x/sys/unix
expvar
net/http/cgi
net/http/cookiejar
net/http/httptest
net/http/fcgi
net/http/httputil
net/http/pprof
net/rpc
cmd/go/internal/auth
cmd/vendor/golang.org/x/mod/sumdb
cmd/go/internal/web
net/rpc/jsonrpc
cmd/go/internal/script/scripttest
cmd/go/internal/modfetch/codehost
cmd/go/internal/vcs
cmd/go/internal/vcweb
cmd/go/internal/vcweb/vcstest
cmd/go/internal/modfetch
cmd/go/internal/modinfo
cmd/link/internal/dwtest
cmd/nm
cmd/objdump
cmd/internal/osinfo
cmd/pack
cmd/go/internal/modload
cmd/vendor/github.com/google/pprof/internal/elfexec
cmd/vendor/github.com/google/pprof/profile
cmd/vendor/github.com/ianlancetaylor/demangle
cmd/vendor/github.com/google/pprof/third_party/d3flamegraph
cmd/vendor/github.com/google/pprof/third_party/svgpan
cmd/vendor/golang.org/x/term
cmd/test2json
cmd/vendor/golang.org/x/sys/internal/unsafeheader
cmd/vendor/golang.org/x/tools/go/analysis
cmd/vendor/golang.org/x/tools/go/analysis/internal/analysisflags
cmd/vendor/github.com/google/pprof/internal/plugin
cmd/vendor/github.com/google/pprof/internal/measurement
cmd/vendor/github.com/google/pprof/internal/symbolz
cmd/vendor/github.com/google/pprof/internal/graph
cmd/vendor/github.com/google/pprof/internal/transport
cmd/trace
cmd/vendor/github.com/google/pprof/internal/report
cmd/go/internal/load
cmd/go/internal/help
cmd/go/internal/workcmd
cmd/vendor/github.com/google/pprof/internal/binutils
cmd/vendor/golang.org/x/tools/go/analysis/passes/internal/analysisutil
cmd/vendor/golang.org/x/tools/go/analysis/passes/asmdecl
cmd/go/internal/work
cmd/go/internal/fmtcmd
cmd/go/internal/modcmd
cmd/vendor/github.com/google/pprof/internal/symbolizer
cmd/vendor/github.com/google/pprof/internal/driver
cmd/vendor/golang.org/x/tools/internal/typeparams
cmd/vendor/golang.org/x/tools/go/ast/inspector
cmd/vendor/golang.org/x/tools/go/analysis/passes/inspect
cmd/vendor/golang.org/x/tools/go/analysis/passes/assign
cmd/vendor/golang.org/x/tools/go/analysis/passes/atomic
cmd/vendor/golang.org/x/tools/go/analysis/passes/bools
cmd/vendor/golang.org/x/tools/go/analysis/passes/buildtag
cmd/vendor/golang.org/x/tools/go/analysis/passes/cgocall
cmd/vendor/golang.org/x/tools/go/analysis/passes/composite
cmd/vendor/golang.org/x/tools/go/analysis/passes/copylock
cmd/vendor/golang.org/x/tools/go/cfg
cmd/vendor/github.com/google/pprof/driver
cmd/vendor/golang.org/x/tools/go/ast/astutil
cmd/vendor/golang.org/x/tools/go/analysis/passes/framepointer
cmd/vendor/golang.org/x/tools/go/analysis/passes/httpresponse
cmd/pprof
cmd/go/internal/envcmd
cmd/go/internal/clean
cmd/go/internal/fix
cmd/go/internal/bug
cmd/go/internal/generate
cmd/go/internal/get
cmd/go/internal/list
cmd/go/internal/modget
cmd/go/internal/run
cmd/go/internal/test
cmd/go/internal/vet
cmd/vendor/golang.org/x/tools/go/types/typeutil
cmd/vendor/golang.org/x/tools/go/analysis/passes/ifaceassert
cmd/go
cmd/vendor/golang.org/x/tools/go/analysis/passes/nilfunc
cmd/vendor/golang.org/x/tools/go/analysis/passes/ctrlflow
cmd/vendor/golang.org/x/tools/go/analysis/passes/errorsas
cmd/vendor/golang.org/x/tools/go/analysis/passes/loopclosure
cmd/vendor/golang.org/x/tools/go/analysis/passes/lostcancel
cmd/vendor/golang.org/x/tools/go/analysis/passes/printf
cmd/vendor/golang.org/x/tools/go/analysis/passes/shift
cmd/vendor/golang.org/x/tools/go/analysis/passes/sigchanyzer
cmd/vendor/golang.org/x/tools/go/analysis/passes/stdmethods
cmd/vendor/golang.org/x/tools/go/analysis/passes/stringintconv
cmd/vendor/golang.org/x/tools/go/analysis/passes/structtag
cmd/vendor/golang.org/x/tools/go/analysis/passes/testinggoroutine
cmd/vendor/golang.org/x/tools/internal/analysisinternal
cmd/vendor/golang.org/x/tools/go/analysis/passes/timeformat
cmd/vendor/golang.org/x/tools/go/analysis/passes/unmarshal
cmd/vendor/golang.org/x/tools/go/analysis/passes/tests
cmd/vendor/golang.org/x/tools/go/analysis/passes/unreachable
cmd/vendor/golang.org/x/tools/go/analysis/passes/unsafeptr
cmd/vendor/golang.org/x/tools/go/analysis/passes/unusedresult
cmd/vendor/golang.org/x/tools/go/types/objectpath
cmd/vendor/golang.org/x/tools/internal/facts
cmd/vendor/golang.org/x/tools/go/analysis/unitchecker
cmd/vet
cd "/mnt/build_wrt/build_dir/hostpkg/go-1.24.13/.go_bootstrap_1.22/src" ;  GOROOT_BOOTSTRAP="/mnt/build_wrt/build_dir/hostpkg/go-1.24.13/.go_bootstrap_1.20" GOHOSTARCH="amd64" GOCACHE="/mnt/build_wrt/tmp/go-build" GOENV=off CC="/mnt/build_wrt/staging_dir/host/bin/gcc" CXX="/mnt/build_wrt/staging_dir/host/bin/g++"  bash make.bash -v --no-banner
Building Go cmd/dist using /mnt/build_wrt/build_dir/hostpkg/go-1.24.13/.go_bootstrap_1.20. (go1.20.14 linux/amd64)
cmd/dist

Building Go toolchain1 using /mnt/build_wrt/build_dir/hostpkg/go-1.24.13/.go_bootstrap_1.20.
internal/unsafeheader
internal/goarch
internal/coverage/rtcov
internal/cpu
internal/goexperiment
internal/abi
internal/goos
runtime/internal/atomic
runtime/internal/math
runtime/internal/sys
runtime/internal/syscall
internal/bytealg
internal/race
sync/atomic
unicode
unicode/utf8
internal/itoa
math/bits
bootstrap/internal/goexperiment
runtime
bootstrap/math/bits
math
bootstrap/internal/goarch
bootstrap/internal/abi
encoding
bootstrap/internal/coverage
crypto/internal/alias
crypto/internal/boring/sig
bootstrap/internal/platform
bootstrap/internal/unsafeheader
unicode/utf16
bootstrap/internal/goversion
bootstrap/cmp
internal/goversion
bootstrap/internal/gover
bootstrap/internal/race
bootstrap/cmd/compile/internal/test
crypto/subtle
internal/reflectlite
runtime/metrics
sync
internal/testlog
internal/godebug
bootstrap/internal/bisect
math/rand
sort
errors
bootstrap/sort
io
strconv
internal/oserror
internal/safefilepath
path
syscall
bytes
strings
reflect
hash
hash/adler32
bootstrap/internal/saferio
bufio
bootstrap/go/build/constraint
go/build/constraint
text/tabwriter
regexp/syntax
crypto
internal/syscall/unix
time
internal/syscall/execenv
bootstrap/internal/types/errors
bootstrap/container/heap
hash/crc32
html
regexp
bootstrap/go/version
hash/fnv
io/fs
internal/poll
context
internal/fmtsort
encoding/binary
os
bootstrap/cmd/internal/notsha256
encoding/base64
bootstrap/cmd/internal/sys
crypto/cipher
crypto/md5
crypto/internal/boring
crypto/sha256
bootstrap/internal/lazyregexp
fmt
path/filepath
internal/lazyregexp
os/exec
log
bootstrap/cmd/internal/src
bootstrap/internal/buildcfg
flag
text/scanner
bootstrap/cmd/internal/bio
bootstrap/cmd/internal/dwarf
bootstrap/cmd/internal/objabi
bootstrap/cmd/internal/edit
bootstrap/cmd/internal/goobj
bootstrap/cmd/internal/pkgpath
bootstrap/cmd/internal/quoted
bootstrap/debug/dwarf
bootstrap/compress/flate
bootstrap/internal/zstd
bootstrap/cmd/internal/obj
go/token
bootstrap/compress/zlib
go/doc/comment
go/scanner
go/ast
bootstrap/cmd/internal/cov/covcmd
encoding/json
bootstrap/debug/elf
bootstrap/cmd/internal/obj/arm
bootstrap/cmd/internal/obj/arm64
bootstrap/cmd/internal/obj/loong64
bootstrap/cmd/internal/obj/mips
bootstrap/cmd/internal/obj/ppc64
bootstrap/cmd/internal/obj/riscv
bootstrap/cmd/internal/obj/s390x
bootstrap/cmd/internal/obj/wasm
bootstrap/cmd/internal/obj/x86
bootstrap/cmd/asm/internal/flags
bootstrap/cmd/asm/internal/lex
bootstrap/debug/macho
bootstrap/debug/pe
bootstrap/internal/xcoff
go/internal/typeparams
go/parser
go/printer
runtime/debug
bootstrap/cmd/compile/internal/base
bootstrap/cmd/asm/internal/arch
math/big
net/url
go/format
bootstrap/cmd/cgo
bootstrap/cmd/compile/internal/logopt
bootstrap/cmd/asm/internal/asm
bootstrap/cmd/compile/internal/bitvec
bootstrap/cmd/compile/internal/abt
bootstrap/cmd/internal/gcprog
bootstrap/cmd/asm
encoding/hex
compress/flate
bootstrap/go/constant
compress/gzip
bootstrap/internal/profile
bootstrap/cmd/compile/internal/types
bootstrap/cmd/compile/internal/syntax
bootstrap/cmd/compile/internal/pgo/internal/graph
bootstrap/internal/pkgbits
bootstrap/cmd/compile/internal/ir
bootstrap/cmd/compile/internal/typebits
go/doc
internal/buildcfg
internal/goroot
bootstrap/cmd/internal/archive
go/build
runtime/pprof
runtime/trace
bootstrap/cmd/internal/codesign
bootstrap/cmd/compile/internal/types2
bootstrap/cmd/link/internal/benchmark
bootstrap/cmd/link/internal/sym
bootstrap/cmd/link/internal/dwtest
bootstrap/cmd/link/internal/loader
bootstrap/cmd/link/internal/loadmacho
bootstrap/cmd/link/internal/loadelf
bootstrap/cmd/compile/internal/objw
bootstrap/cmd/compile/internal/abi
bootstrap/cmd/compile/internal/typecheck
bootstrap/cmd/compile/internal/rttype
bootstrap/cmd/compile/internal/staticdata
bootstrap/cmd/link/internal/loadpe
bootstrap/cmd/link/internal/loadxcoff
bootstrap/cmd/link/internal/ld
bootstrap/cmd/compile/internal/coverage
bootstrap/cmd/compile/internal/compare
bootstrap/cmd/compile/internal/escape
bootstrap/cmd/compile/internal/reflectdata
bootstrap/cmd/compile/internal/pgo
bootstrap/cmd/compile/internal/loopvar
bootstrap/cmd/compile/internal/inline/inlheur
bootstrap/cmd/compile/internal/ssa
bootstrap/cmd/compile/internal/importer
bootstrap/cmd/compile/internal/rangefunc
bootstrap/cmd/compile/internal/inline
bootstrap/cmd/compile/internal/staticinit
bootstrap/cmd/compile/internal/devirtualize
bootstrap/cmd/compile/internal/inline/interleaved
bootstrap/cmd/link/internal/amd64
bootstrap/cmd/link/internal/arm
bootstrap/cmd/link/internal/arm64
bootstrap/cmd/link/internal/loong64
bootstrap/cmd/link/internal/mips
bootstrap/cmd/link/internal/mips64
bootstrap/cmd/link/internal/ppc64
bootstrap/cmd/link/internal/riscv64
bootstrap/cmd/link/internal/s390x
bootstrap/cmd/link/internal/wasm
bootstrap/cmd/link/internal/x86
bootstrap/cmd/link
bootstrap/cmd/compile/internal/liveness
bootstrap/cmd/compile/internal/ssagen
bootstrap/cmd/compile/internal/arm
bootstrap/cmd/compile/internal/amd64
bootstrap/cmd/compile/internal/dwarfgen
bootstrap/cmd/compile/internal/arm64
bootstrap/cmd/compile/internal/noder
bootstrap/cmd/compile/internal/loong64
bootstrap/cmd/compile/internal/walk
bootstrap/cmd/compile/internal/mips
bootstrap/cmd/compile/internal/mips64
bootstrap/cmd/compile/internal/ppc64
bootstrap/cmd/compile/internal/riscv64
bootstrap/cmd/compile/internal/s390x
bootstrap/cmd/compile/internal/wasm
bootstrap/cmd/compile/internal/x86
bootstrap/cmd/compile/internal/pkginit
bootstrap/cmd/compile/internal/gc
bootstrap/cmd/compile

Building Go bootstrap cmd/go (go_bootstrap) using Go toolchain1.
runtime
internal/cpu
internal/chacha8rand
internal/goarch
internal/godebugs
runtime/internal/syscall
internal/goexperiment
internal/bytealg
runtime/internal/atomic
internal/abi
runtime/internal/sys
internal/goos
runtime/internal/math
internal/coverage/rtcov
time/tzdata
syscall
errors
internal/reflectlite
internal/unsafeheader
sync
internal/oserror
internal/itoa
internal/race
sync/atomic
cmd/go
runtime/trace
path/filepath
cmd/go/internal/envcmd
cmd/go/internal/toolchain
io
unicode
io/fs
cmd/go/internal/modload
flag
os
cmd/go/internal/cfg
cmd/go/internal/trace
cmd/go/internal/modcmd
cmd/go/internal/generate
unicode/utf8
cmd/go/internal/work
cmd/go/internal/base
cmd/go/internal/bug
cmd/go/internal/modget
cmd/go/internal/load
slices
cmd/go/internal/version
cmd/go/internal/fix
cmd/go/internal/workcmd
internal/buildcfg
cmd/go/internal/tool
cmd/go/internal/clean
cmd/go/internal/help
strconv
text/template
bytes
cmd/go/internal/lockedfile
strings
cmd/go/internal/str
reflect
fmt
encoding
cmd/go/internal/test
cmd/go/internal/list
cmd/go/internal/fmtcmd
log
context
cmd/go/internal/fsys
encoding/json
time
bufio
cmd/go/internal/cache
cmd/go/internal/vet
go/build
cmd/go/internal/doc
path
cmd/internal/quoted
cmd/go/internal/run
sort
cmd/internal/sys
net/url
cmd/go/internal/modfetch
text/template/parse
internal/fmtsort
internal/trace/traceviewer/format
log/internal
regexp
internal/godebug
internal/platform
cmd/vendor/golang.org/x/mod/module
encoding/base64
crypto/sha256
encoding/binary
cmd/vendor/golang.org/x/mod/internal/lazyregexp
math
cmd/go/internal/mmap
encoding/hex
hash
cmd/go/internal/imports
cmd/vendor/golang.org/x/mod/modfile
cmd/internal/pkgpattern
cmd/go/internal/search
cmd/go/internal/gover
cmd/go/internal/web
os/signal
os/exec
debug/buildinfo
cmd/go/internal/par
cmd/vendor/golang.org/x/mod/semver
crypto
internal/syscall/unix
internal/gover
internal/cfg
go/scanner
go/ast
go/doc
internal/goroot
go/build/constraint
go/token
go/parser
internal/goversion
internal/safefilepath
cmd/go/internal/modinfo
cmd/internal/pkgpath
cmd/go/internal/modfetch/codehost
math/rand
crypto/sha1
container/heap
cmd/internal/cov/covcmd
crypto/internal/boring
cmd/go/internal/robustio
debug/elf
internal/coverage
cmd/vendor/golang.org/x/sync/semaphore
internal/lazyregexp
cmd/internal/buildid
math/bits
internal/poll
cmp
internal/syscall/execenv
internal/bisect
internal/testlog
runtime/debug
internal/lazytemplate
cmd/go/internal/vcs
encoding/xml
cmd/go/internal/modindex
archive/zip
debug/macho
go/internal/typeparams
debug/pe
internal/xcoff
debug/plan9obj
internal/saferio
debug/dwarf
compress/zlib
cmd/vendor/golang.org/x/mod/sumdb/dirhash
container/list
internal/zstd
cmd/vendor/golang.org/x/mod/zip
cmd/internal/codesign
cmd/internal/notsha256
maps
cmd/go/internal/mvs
internal/singleflight
cmd/go/internal/cmdflag
crypto/internal/boring/sig
crypto/cipher
cmd/go/internal/lockedfile/internal/filelock
unicode/utf16
cmd/internal/test2json
compress/flate
regexp/syntax
go/doc/comment
hash/crc32
hash/adler32
crypto/subtle
crypto/internal/alias


Building Go toolchain2 using go_bootstrap and Go toolchain1.
internal/unsafeheader
internal/goarch
internal/coverage/rtcov
internal/cpu
internal/godebugs
internal/abi
internal/chacha8rand
internal/goexperiment
internal/goos
runtime/internal/atomic
internal/bytealg
runtime/internal/math
runtime/internal/sys
runtime/internal/syscall
internal/race
sync/atomic
unicode
unicode/utf8
internal/itoa
math/bits
cmp
log/internal
slices
math
runtime
encoding
crypto/internal/alias
crypto/subtle
crypto/internal/boring/sig
internal/coverage
unicode/utf16
internal/platform
internal/goversion
internal/gover
internal/reflectlite
runtime/metrics
sync
internal/testlog
internal/bisect
errors
sort
internal/godebug
io
strconv
internal/oserror
syscall
bytes
strings
reflect
internal/safefilepath
path
bufio
hash
go/build/constraint
hash/adler32
internal/saferio
text/tabwriter
regexp/syntax
crypto
internal/types/errors
math/rand
internal/syscall/unix
time
internal/syscall/execenv
container/heap
hash/crc32
html
regexp
go/version
hash/fnv
io/fs
internal/poll
context
internal/fmtsort
encoding/binary
os
cmd/internal/sys
cmd/internal/notsha256
encoding/base64
crypto/cipher
crypto/md5
crypto/internal/boring
crypto/sha256
internal/lazyregexp
fmt
path/filepath
os/exec
internal/goroot
log
cmd/internal/src
internal/buildcfg
flag
text/scanner
cmd/internal/bio
cmd/internal/dwarf
cmd/internal/objabi
cmd/internal/edit
cmd/internal/goobj
cmd/internal/pkgpath
cmd/internal/quoted
debug/dwarf
compress/flate
internal/zstd
cmd/internal/obj
go/token
compress/zlib
go/doc/comment
go/scanner
debug/elf
cmd/internal/obj/arm
cmd/internal/obj/arm64
cmd/internal/obj/loong64
cmd/internal/obj/mips
cmd/internal/obj/ppc64
cmd/internal/obj/riscv
cmd/internal/obj/s390x
cmd/internal/obj/wasm
cmd/internal/obj/x86
cmd/asm/internal/flags
cmd/asm/internal/lex
debug/macho
debug/pe
go/ast
internal/xcoff
cmd/internal/cov/covcmd
encoding/json
runtime/debug
cmd/asm/internal/arch
go/internal/typeparams
go/parser
go/printer
cmd/asm/internal/asm
math/big
go/format
cmd/compile/internal/base
cmd/cgo
cmd/asm
net/url
cmd/compile/internal/bitvec
cmd/compile/internal/logopt
cmd/compile/internal/abt
cmd/internal/gcprog
encoding/hex
compress/gzip
go/constant
go/doc
internal/profile
cmd/compile/internal/types
cmd/compile/internal/syntax
go/build
cmd/compile/internal/ir
cmd/compile/internal/typebits
cmd/compile/internal/pgo/internal/graph
internal/pkgbits
cmd/internal/archive
runtime/pprof
runtime/trace
cmd/internal/codesign
cmd/link/internal/sym
cmd/link/internal/loader
cmd/link/internal/benchmark
cmd/compile/internal/types2
cmd/link/internal/loadelf
cmd/link/internal/loadmacho
cmd/link/internal/loadpe
cmd/link/internal/loadxcoff
cmd/link/internal/ld
cmd/compile/internal/objw
cmd/compile/internal/abi
cmd/compile/internal/typecheck
cmd/compile/internal/rttype
cmd/compile/internal/staticdata
cmd/compile/internal/compare
cmd/compile/internal/coverage
cmd/compile/internal/escape
cmd/compile/internal/reflectdata
cmd/compile/internal/pgo
cmd/compile/internal/inline/inlheur
cmd/compile/internal/loopvar
cmd/compile/internal/ssa
cmd/compile/internal/importer
cmd/compile/internal/inline
cmd/compile/internal/devirtualize
cmd/compile/internal/rangefunc
cmd/compile/internal/inline/interleaved
cmd/compile/internal/staticinit
cmd/link/internal/amd64
cmd/link/internal/arm64
cmd/link/internal/arm
cmd/link/internal/loong64
cmd/link/internal/mips
cmd/link/internal/mips64
cmd/link/internal/ppc64
cmd/link/internal/riscv64
cmd/link/internal/s390x
cmd/link/internal/wasm
cmd/link/internal/x86
cmd/link
cmd/compile/internal/liveness
cmd/compile/internal/ssagen
cmd/compile/internal/amd64
cmd/compile/internal/arm64
cmd/compile/internal/arm
cmd/compile/internal/dwarfgen
cmd/compile/internal/noder
cmd/compile/internal/walk
cmd/compile/internal/loong64
cmd/compile/internal/mips
cmd/compile/internal/mips64
cmd/compile/internal/ppc64
cmd/compile/internal/riscv64
cmd/compile/internal/s390x
cmd/compile/internal/wasm
cmd/compile/internal/x86
cmd/compile/internal/pkginit
cmd/compile/internal/gc
cmd/compile

Building Go toolchain3 using go_bootstrap and Go toolchain2.
internal/goarch
internal/unsafeheader
internal/coverage/rtcov
internal/cpu
internal/abi
internal/chacha8rand
internal/godebugs
internal/goexperiment
internal/goos
runtime/internal/atomic
runtime/internal/math
internal/bytealg
runtime/internal/sys
runtime/internal/syscall
internal/race
sync/atomic
unicode
unicode/utf8
internal/itoa
math/bits
cmp
log/internal
encoding
math
slices
runtime
internal/goarch
internal/abi
internal/unsafeheader
internal/cpu
internal/chacha8rand
internal/bytealg
internal/coverage/rtcov
internal/godebugs
internal/goexperiment
internal/goos
runtime/internal/atomic
runtime/internal/math
runtime/internal/sys
runtime/internal/syscall
internal/race
sync/atomic
runtime
unicode
unicode/utf8
math/bits
math
crypto/internal/alias
crypto/subtle
internal/itoa
crypto/internal/boring/sig
cmp
internal/coverage
slices
log/internal
encoding
unicode/utf16
internal/platform
internal/goversion
internal/gover
unicode/utf16
internal/platform
sync
internal/reflectlite
internal/testlog
internal/bisect
errors
sort
io
strconv
bytes
strings
internal/oserror
syscall
reflect
bufio
internal/safefilepath
path
internal/godebug
hash
go/build/constraint
hash/adler32
internal/saferio
text/tabwriter
regexp/syntax
internal/syscall/unix
time
internal/syscall/execenv
regexp
internal/reflectlite
sync
internal/fmtsort
encoding/binary
internal/poll
io/fs
context
cmd/internal/notsha256
cmd/internal/sys
os
encoding/base64
errors
sort
internal/testlog
io
strconv
internal/oserror
bytes
fmt
path/filepath
os/exec
hash
reflect
syscall
crypto
log
cmd/internal/bio
cmd/internal/src
internal/buildcfg
flag
cmd/internal/dwarf
cmd/internal/goobj
cmd/internal/objabi
text/scanner
cmd/internal/obj
cmd/internal/edit
cmd/internal/pkgpath
cmd/internal/quoted
debug/dwarf
compress/flate
internal/zstd
compress/zlib
go/token
go/scanner
cmd/internal/obj/arm
cmd/internal/obj/arm64
cmd/internal/obj/loong64
cmd/internal/obj/mips
cmd/internal/obj/ppc64
cmd/internal/obj/riscv
cmd/internal/obj/s390x
cmd/internal/obj/wasm
cmd/internal/obj/x86
cmd/asm/internal/flags
cmd/asm/internal/lex
debug/elf
debug/macho
debug/pe
go/ast
go/doc/comment
internal/xcoff
encoding/binary
internal/fmtsort
go/internal/typeparams
go/parser
go/printer
crypto/cipher
cmd/asm/internal/arch
cmd/asm/internal/asm
crypto/internal/boring
internal/syscall/unix
cmd/asm
crypto/sha256
go/format
time
cmd/cgo
internal/safefilepath
internal/syscall/execenv
path
strings
internal/bisect
internal/godebug
cmd/internal/notsha256
bufio
internal/poll
io/fs
context
cmd/internal/sys
encoding/base64
internal/types/errors
os
runtime/metrics
math/rand
regexp/syntax
container/heap
hash/crc32
html
go/build/constraint
go/version
fmt
path/filepath
regexp
crypto/md5
hash/fnv
os/exec
text/tabwriter
internal/lazyregexp
cmd/internal/cov/covcmd
log
cmd/internal/src
internal/buildcfg
flag
cmd/internal/bio
encoding/json
cmd/internal/dwarf
cmd/internal/goobj
cmd/internal/objabi
runtime/debug
go/token
cmd/internal/obj
math/big
net/url
cmd/compile/internal/abt
cmd/internal/gcprog
encoding/hex
compress/flate
go/scanner
go/ast
cmd/compile/internal/base
cmd/compile/internal/logopt
go/constant
cmd/internal/obj/arm
cmd/compile/internal/bitvec
cmd/compile/internal/types
cmd/internal/obj/arm64
cmd/internal/obj/loong64
cmd/internal/obj/mips
cmd/compile/internal/ir
cmd/compile/internal/typebits
cmd/internal/obj/ppc64
cmd/internal/obj/riscv
cmd/internal/obj/s390x
cmd/internal/obj/wasm
cmd/internal/obj/x86
compress/gzip
cmd/compile/internal/syntax
internal/profile
cmd/compile/internal/objw
cmd/compile/internal/abi
cmd/compile/internal/typecheck
cmd/compile/internal/rttype
cmd/compile/internal/staticdata
cmd/compile/internal/pgo/internal/graph
go/doc/comment
go/internal/typeparams
cmd/compile/internal/types2
go/parser
go/doc
cmd/compile/internal/compare
cmd/compile/internal/reflectdata
cmd/compile/internal/coverage
cmd/compile/internal/escape
cmd/compile/internal/pgo
cmd/compile/internal/inline/inlheur
cmd/compile/internal/ssa
cmd/compile/internal/loopvar
internal/goroot
cmd/compile/internal/inline
go/build
cmd/compile/internal/devirtualize
internal/pkgbits
cmd/compile/internal/inline/interleaved
cmd/compile/internal/staticinit
cmd/internal/archive
runtime/pprof
runtime/trace
cmd/compile/internal/importer
cmd/compile/internal/rangefunc
cmd/internal/codesign
cmd/internal/gcprog
hash/crc32
cmd/link/internal/sym
compress/gzip
cmd/link/internal/loader
encoding/hex
runtime/pprof
encoding/json
cmd/link/internal/benchmark
cmd/link/internal/loadelf
cmd/link/internal/loadmacho
cmd/link/internal/loadpe
cmd/link/internal/loadxcoff
cmd/link/internal/ld
cmd/link/internal/arm
cmd/link/internal/arm64
cmd/link/internal/amd64
cmd/link/internal/loong64
cmd/link/internal/mips
cmd/link/internal/mips64
cmd/link/internal/ppc64
cmd/link/internal/riscv64
cmd/link/internal/s390x
cmd/link/internal/wasm
cmd/link/internal/x86
cmd/link
cmd/compile/internal/liveness
cmd/compile/internal/ssagen
cmd/compile/internal/arm
cmd/compile/internal/arm64
cmd/compile/internal/amd64
cmd/compile/internal/dwarfgen
cmd/compile/internal/noder
cmd/compile/internal/walk
cmd/compile/internal/loong64
cmd/compile/internal/mips
cmd/compile/internal/mips64
cmd/compile/internal/ppc64
cmd/compile/internal/riscv64
cmd/compile/internal/s390x
cmd/compile/internal/wasm
cmd/compile/internal/x86
cmd/compile/internal/pkginit
cmd/compile/internal/gc
cmd/compile

Building packages and commands for linux/amd64.
internal/goarch
internal/unsafeheader
internal/coverage/rtcov
internal/cpu
internal/abi
internal/chacha8rand
internal/godebugs
internal/goexperiment
internal/goos
runtime/internal/atomic
runtime/internal/math
internal/bytealg
runtime/internal/sys
runtime/internal/syscall
internal/race
unicode
sync/atomic
unicode/utf8
internal/itoa
math/bits
cmp
container/list
math
slices
runtime
container/ring
crypto/internal/alias
crypto/subtle
crypto/internal/boring/sig
unicode/utf16
vendor/golang.org/x/crypto/cryptobyte/asn1
crypto/internal/boring/bcache
internal/nettrace
vendor/golang.org/x/crypto/internal/alias
encoding
log/internal
internal/goversion
internal/platform
internal/gover
hash/maphash
image/color
internal/cfg
internal/coverage
image/color/palette
internal/coverage/calloc
internal/coverage/uleb128
internal/trace/v2/event
internal/trace/traceviewer/format
log/slog/internal
maps
math/cmplx
reflect/internal/example1
reflect/internal/example2
runtime/internal/startlinetest
runtime/race/internal/amd64v1
runtime/race
internal/reflectlite
runtime/metrics
sync
internal/testlog
internal/bisect
runtime/cgo
internal/singleflight
internal/godebug
sort
errors
io
strconv
internal/oserror
syscall
bytes
internal/safefilepath
path
reflect
strings
bufio
internal/syscall/unix
time
internal/syscall/execenv
hash
hash/crc32
compress/bzip2
hash/adler32
container/heap
crypto
crypto/internal/randutil
math/rand
internal/poll
io/fs
context
os
crypto/internal/nistec/fiat
internal/fmtsort
encoding/binary
embed
crypto/rc4
vendor/golang.org/x/net/dns/dnsmessage
crypto/cipher
crypto/internal/boring
crypto/aes
fmt
path/filepath
crypto/des
crypto/internal/edwards25519/field
crypto/sha512
crypto/internal/nistec
crypto/internal/edwards25519
os/user
compress/flate
compress/lzw
math/big
crypto/ecdh
crypto/hmac
crypto/md5
archive/zip
compress/gzip
compress/zlib
crypto/sha1
crypto/sha256
encoding/hex
encoding/base64
internal/intern
net/netip
encoding/pem
net/url
crypto/dsa
crypto/elliptic
crypto/internal/bigmod
crypto/internal/boring/bbig
archive/tar
encoding/asn1
crypto/rand
net
crypto/ed25519
crypto/rsa
vendor/golang.org/x/crypto/chacha20
vendor/golang.org/x/crypto/cryptobyte
crypto/x509/pkix
vendor/golang.org/x/crypto/internal/poly1305
vendor/golang.org/x/sys/cpu
crypto/ecdsa
vendor/golang.org/x/crypto/hkdf
vendor/golang.org/x/crypto/chacha20poly1305
database/sql/driver
database/sql
debug/dwarf
internal/saferio
internal/zstd
debug/plan9obj
runtime/debug
debug/gosym
encoding/ascii85
encoding/base32
encoding/csv
encoding/gob
debug/elf
debug/macho
debug/pe
internal/xcoff
encoding/json
debug/buildinfo
encoding/xml
log
vendor/golang.org/x/text/transform
vendor/golang.org/x/text/unicode/bidi
vendor/golang.org/x/text/unicode/norm
vendor/golang.org/x/net/http2/hpack
vendor/golang.org/x/text/secure/bidirule
mime
mime/quotedprintable
net/http/internal
net/http/internal/ascii
flag
go/token
go/scanner
go/build/constraint
vendor/golang.org/x/net/idna
go/doc/comment
go/ast
regexp/syntax
internal/buildcfg
os/exec
go/internal/typeparams
regexp
go/parser
internal/goroot
go/constant
internal/lazyregexp
go/doc
crypto/x509
net/textproto
vendor/golang.org/x/net/http/httpguts
vendor/golang.org/x/net/http/httpproxy
mime/multipart
text/tabwriter
go/build
go/printer
go/version
internal/types/errors
go/types
crypto/tls
text/scanner
internal/pkgbits
go/format
hash/crc64
hash/fnv
html
text/template/parse
image
image/internal/imageutil
image/draw
text/template
image/gif
image/jpeg
html/template
image/png
index/suffixarray
internal/coverage/cmerge
internal/coverage/cformat
internal/coverage/slicereader
internal/coverage/stringtab
internal/coverage/slicewriter
internal/coverage/decodecounter
internal/coverage/decodemeta
internal/coverage/encodecounter
internal/coverage/encodemeta
internal/coverage/pods
internal/dag
internal/diff
internal/fuzz
internal/lazytemplate
net/http/httptrace
internal/obscuretestdata
internal/profile
net/http
internal/sysinfo
runtime/trace
testing
internal/testpty
go/internal/gccgoimporter
go/internal/gcimporter
go/internal/srcimporter
internal/testenv
internal/trace/v2/event/go122
internal/trace/v2/version
internal/trace/v2
go/importer
internal/trace/v2/raw
internal/txtar
io/ioutil
log/slog/internal/buffer
log/syslog
log/slog
math/rand/v2
net/http/internal/testcert
runtime/pprof
internal/trace
internal/trace/v2/internal/testgen/go122
internal/trace/v2/testtrace
log/slog/internal/benchmarks
log/slog/internal/slogtest
net/internal/socktest
net/mail
net/smtp
os/exec/internal/fdtest
os/signal
plugin
runtime/coverage
testing/iotest
testing/internal/testdeps
testing/fstest
testing/quick
testing/slogtest
time/tzdata
vendor/golang.org/x/net/nettest
expvar
net/http/cookiejar
net/http/cgi
internal/trace/traceviewer
net/http/httptest
net/http/httputil
net/http/fcgi
net/http/pprof
net/rpc
net/rpc/jsonrpc
container/list
cmd/cgo/internal/test/issue30527
cmd/cgo/internal/test/issue9400
debug/gosym
debug/plan9obj
cmd/vendor/golang.org/x/arch/arm/armasm
cmd/vendor/golang.org/x/arch/arm64/arm64asm
cmd/vendor/golang.org/x/arch/ppc64/ppc64asm
cmd/vendor/golang.org/x/arch/x86/x86asm
cmd/internal/buildid
cmd/buildid
cmd/cgo/internal/cgotest
internal/sysinfo
testing
cmd/cgo/internal/testnocgo
cmd/internal/objfile
cmd/compile/internal/test
internal/coverage/slicereader
internal/coverage/uleb128
internal/coverage/pods
internal/coverage/stringtab
cmd/internal/pkgpattern
internal/coverage/decodecounter
internal/coverage/decodemeta
internal/coverage/calloc
internal/coverage/cmerge
cmd/internal/cov
internal/coverage/cformat
cmd/addr2line
internal/coverage/slicewriter
internal/coverage/encodemeta
internal/coverage/encodecounter
cmd/internal/browser
cmd/vendor/golang.org/x/tools/cover
cmd/covdata
cmd/cgo/internal/test
cmd/cgo/internal/testtls
text/template/parse
cmd/dist
os/user
archive/tar
archive/zip
text/template
cmd/vendor/golang.org/x/mod/semver
cmd/doc
cmd/distpack
html/template
internal/diff
cmd/go/internal/fsys
cmd/fix
cmd/go/internal/par
internal/cfg
cmd/go/internal/str
cmd/go/internal/cfg
os/signal
cmd/go/internal/lockedfile/internal/filelock
cmd/go/internal/base
cmd/go/internal/lockedfile
cmd/cover
cmd/go/internal/mmap
cmd/vendor/golang.org/x/mod/internal/lazyregexp
cmd/go/internal/cache
cmd/vendor/golang.org/x/mod/module
cmd/vendor/golang.org/x/mod/modfile
cmd/go/internal/imports
crypto/internal/randutil
crypto/rand
crypto/aes
crypto/des
crypto/internal/edwards25519/field
crypto/internal/nistec/fiat
embed
crypto/internal/bigmod
crypto/internal/boring/bbig
cmd/go/internal/gover
crypto/sha512
encoding/asn1
vendor/golang.org/x/crypto/cryptobyte/asn1
crypto/internal/edwards25519
crypto/hmac
crypto/rc4
crypto/rsa
crypto/ed25519
vendor/golang.org/x/crypto/cryptobyte
crypto/sha1
crypto/dsa
crypto/x509/pkix
encoding/pem
vendor/golang.org/x/net/dns/dnsmessage
internal/nettrace
internal/singleflight
internal/intern
vendor/golang.org/x/crypto/internal/alias
crypto/internal/nistec
net/netip
vendor/golang.org/x/crypto/chacha20
vendor/golang.org/x/crypto/internal/poly1305
vendor/golang.org/x/sys/cpu
vendor/golang.org/x/crypto/chacha20poly1305
vendor/golang.org/x/crypto/hkdf
net
vendor/golang.org/x/text/transform
vendor/golang.org/x/text/unicode/bidi
crypto/ecdh
crypto/elliptic
vendor/golang.org/x/text/unicode/norm
crypto/ecdsa
vendor/golang.org/x/text/secure/bidirule
vendor/golang.org/x/net/http2/hpack
mime
mime/quotedprintable
net/http/internal
net/http/internal/ascii
encoding/xml
cmd/go/internal/robustio
internal/trace/traceviewer/format
cmd/go/internal/trace
vendor/golang.org/x/net/idna
cmd/go/internal/search
cmd/vendor/golang.org/x/mod/sumdb/note
cmd/vendor/golang.org/x/mod/sumdb/tlog
cmd/vendor/golang.org/x/mod/sumdb/dirhash
cmd/vendor/golang.org/x/mod/zip
cmd/go/internal/mvs
cmd/go/internal/modindex
maps
crypto/x509
net/textproto
vendor/golang.org/x/net/http/httpproxy
internal/lazytemplate
vendor/golang.org/x/net/http/httpguts
mime/multipart
cmd/go/internal/doc
cmd/go/internal/help
cmd/vendor/golang.org/x/sync/semaphore
cmd/go/internal/cmdflag
cmd/internal/test2json
cmd/go/internal/tool
debug/buildinfo
internal/txtar
cmd/go/internal/test/internal/genflags
cmd/go/internal/version
cmd/go/internal/script
internal/testenv
net/http/internal/testcert
cmd/gofmt
crypto/tls
cmd/vendor/golang.org/x/sys/unix
cmd/go/internal/script/scripttest
cmd/link/internal/dwtest
cmd/nm
cmd/objdump
cmd/pack
cmd/vendor/github.com/google/pprof/internal/elfexec
cmd/vendor/github.com/google/pprof/profile
cmd/vendor/github.com/ianlancetaylor/demangle
cmd/vendor/github.com/google/pprof/internal/measurement
cmd/vendor/github.com/google/pprof/internal/graph
cmd/internal/osinfo
cmd/vendor/github.com/google/pprof/third_party/d3flamegraph
cmd/vendor/github.com/google/pprof/third_party/svgpan
cmd/vendor/golang.org/x/term
cmd/test2json
internal/trace/v2/event
internal/trace/v2/event/go122
internal/trace/v2/version
internal/trace/v2
net/http/httptrace
net/http
internal/trace/v2/raw
go/types
encoding/gob
internal/trace
cmd/vendor/golang.org/x/tools/go/ast/inspector
cmd/vendor/golang.org/x/tools/go/ast/astutil
cmd/vendor/golang.org/x/tools/go/cfg
cmd/vendor/golang.org/x/tools/internal/bisect
cmd/vendor/golang.org/x/tools/internal/analysisinternal
cmd/vendor/golang.org/x/tools/go/analysis
cmd/vendor/golang.org/x/tools/internal/typeparams
cmd/vendor/golang.org/x/tools/go/analysis/internal/analysisflags
cmd/vendor/golang.org/x/tools/go/analysis/passes/inspect
cmd/vendor/golang.org/x/tools/go/analysis/passes/internal/analysisutil
cmd/vendor/golang.org/x/tools/go/types/typeutil
cmd/go/internal/auth
cmd/vendor/golang.org/x/mod/sumdb
net/http/cgi
cmd/go/internal/web
net/http/httputil
net/http/httptest
cmd/vendor/github.com/google/pprof/internal/plugin
cmd/go/internal/modfetch/codehost
cmd/go/internal/vcs
cmd/vendor/github.com/google/pprof/internal/binutils
cmd/go/internal/vcweb
cmd/vendor/github.com/google/pprof/internal/report
cmd/vendor/github.com/google/pprof/internal/symbolz
cmd/go/internal/modfetch
cmd/go/internal/modinfo
cmd/vendor/github.com/google/pprof/internal/symbolizer
cmd/go/internal/vcweb/vcstest
cmd/vendor/github.com/google/pprof/internal/transport
internal/trace/traceviewer
net/http/pprof
cmd/vendor/github.com/google/pprof/internal/driver
cmd/vendor/golang.org/x/tools/go/analysis/passes/appends
cmd/vendor/golang.org/x/tools/go/analysis/passes/asmdecl
cmd/trace/v2
cmd/vendor/golang.org/x/tools/go/analysis/passes/assign
cmd/vendor/golang.org/x/tools/go/analysis/passes/atomic
cmd/go/internal/modload
cmd/vendor/golang.org/x/tools/go/analysis/passes/bools
cmd/vendor/golang.org/x/tools/go/analysis/passes/buildtag
cmd/vendor/golang.org/x/tools/go/analysis/passes/cgocall
cmd/vendor/golang.org/x/tools/go/analysis/passes/composite
cmd/vendor/golang.org/x/tools/go/analysis/passes/copylock
cmd/vendor/github.com/google/pprof/driver
cmd/pprof
cmd/vendor/golang.org/x/tools/go/analysis/passes/ctrlflow
cmd/vendor/golang.org/x/tools/go/analysis/passes/defers
cmd/vendor/golang.org/x/tools/go/analysis/passes/directive
cmd/vendor/golang.org/x/tools/go/analysis/passes/errorsas
cmd/vendor/golang.org/x/tools/go/analysis/passes/framepointer
cmd/vendor/golang.org/x/tools/go/analysis/passes/httpresponse
cmd/trace
cmd/vendor/golang.org/x/tools/go/analysis/passes/ifaceassert
cmd/vendor/golang.org/x/tools/internal/versions
cmd/vendor/golang.org/x/tools/go/analysis/passes/loopclosure
cmd/vendor/golang.org/x/tools/go/analysis/passes/lostcancel
cmd/vendor/golang.org/x/tools/go/analysis/passes/nilfunc
cmd/go/internal/load
cmd/vendor/golang.org/x/tools/go/analysis/passes/printf
cmd/vendor/golang.org/x/tools/go/analysis/passes/shift
cmd/vendor/golang.org/x/tools/go/analysis/passes/sigchanyzer
cmd/vendor/golang.org/x/tools/go/analysis/passes/slog
cmd/vendor/golang.org/x/tools/go/analysis/passes/stdmethods
cmd/vendor/golang.org/x/tools/go/analysis/passes/stringintconv
cmd/vendor/golang.org/x/tools/go/analysis/passes/structtag
cmd/vendor/golang.org/x/tools/go/analysis/passes/testinggoroutine
cmd/vendor/golang.org/x/tools/go/analysis/passes/tests
cmd/vendor/golang.org/x/tools/go/analysis/passes/timeformat
cmd/vendor/golang.org/x/tools/go/analysis/passes/unmarshal
cmd/vendor/golang.org/x/tools/go/analysis/passes/unreachable
cmd/vendor/golang.org/x/tools/go/analysis/passes/unsafeptr
cmd/vendor/golang.org/x/tools/go/analysis/passes/unusedresult
go/internal/gccgoimporter
go/internal/gcimporter
go/internal/srcimporter
cmd/go/internal/work
cmd/go/internal/fmtcmd
cmd/vendor/golang.org/x/tools/go/types/objectpath
cmd/vendor/golang.org/x/tools/internal/facts
go/importer
cmd/vendor/golang.org/x/tools/go/analysis/unitchecker
cmd/vet
cmd/go/internal/envcmd
cmd/go/internal/fix
cmd/go/internal/generate
cmd/go/internal/clean
cmd/go/internal/list
cmd/go/internal/run
cmd/go/internal/test
cmd/go/internal/bug
cmd/go/internal/toolchain
cmd/go/internal/vet
cmd/go/internal/modcmd
cmd/go/internal/modget
cmd/go/internal/workcmd
cmd/go
cd "/mnt/build_wrt/build_dir/hostpkg/go-1.24.13/src" ;  GOROOT_BOOTSTRAP="/mnt/build_wrt/build_dir/hostpkg/go-1.24.13/.go_bootstrap_1.22" GO_LDFLAGS="-buildmode pie" GOHOSTARCH="amd64" GOCACHE="/mnt/build_wrt/tmp/go-build" GOENV=off CC="/mnt/build_wrt/staging_dir/host/bin/gcc" CXX="/mnt/build_wrt/staging_dir/host/bin/g++"  bash make.bash -v --no-banner
Building Go cmd/dist using /mnt/build_wrt/build_dir/hostpkg/go-1.24.13/.go_bootstrap_1.22. (go1.22.12 linux/amd64)
cmd/dist

Building Go toolchain1 using /mnt/build_wrt/build_dir/hostpkg/go-1.24.13/.go_bootstrap_1.22.
internal/unsafeheader
internal/goarch
internal/coverage/rtcov
internal/godebugs
internal/cpu
internal/abi
internal/chacha8rand
internal/goexperiment
internal/goos
runtime/internal/atomic
internal/bytealg
runtime/internal/math
runtime/internal/sys
runtime/internal/syscall
internal/race
sync/atomic
unicode
unicode/utf8
internal/itoa
math/bits
cmp
math
slices
log/internal
bootstrap/cmp
runtime
bootstrap/internal/goexperiment
bootstrap/internal/goarch
bootstrap/internal/abi
crypto/internal/alias
crypto/internal/boring/sig
bootstrap/math/bits
encoding
maps
bootstrap/internal/coverage
bootstrap/internal/platform
bootstrap/internal/unsafeheader
unicode/utf16
bootstrap/internal/goversion
bootstrap/internal/gover
internal/goversion
internal/platform
bootstrap/internal/race
bootstrap/cmd/compile/internal/test
bootstrap/cmd/internal/telemetry
crypto/subtle
runtime/metrics
sync
internal/reflectlite
internal/testlog
bootstrap/internal/bisect
internal/bisect
errors
sort
internal/godebug
bootstrap/sort
io
strconv
internal/oserror
bytes
strings
syscall
reflect
internal/safefilepath
bufio
path
hash
crypto
bootstrap/go/build/constraint
hash/adler32
bootstrap/internal/saferio
go/build/constraint
text/tabwriter
regexp/syntax
bootstrap/internal/types/errors
math/rand
internal/syscall/unix
time
internal/syscall/execenv
bootstrap/container/heap
hash/crc32
html
regexp
bootstrap/go/version
hash/fnv
context
internal/poll
io/fs
internal/fmtsort
encoding/binary
os
encoding/base64
crypto/cipher
bootstrap/cmd/internal/sys
crypto/internal/boring
crypto/hmac
crypto/sha256
fmt
path/filepath
bootstrap/internal/lazyregexp
bootstrap/cmd/internal/hash
internal/lazyregexp
os/exec
internal/goroot
log
bootstrap/cmd/internal/src
flag
bootstrap/internal/buildcfg
bootstrap/cmd/internal/bio
text/scanner
bootstrap/cmd/internal/dwarf
bootstrap/cmd/internal/objabi
bootstrap/cmd/internal/goobj
bootstrap/cmd/internal/telemetry/counter
bootstrap/cmd/internal/edit
bootstrap/cmd/internal/pkgpath
bootstrap/cmd/internal/quoted
bootstrap/debug/dwarf
bootstrap/compress/flate
bootstrap/internal/zstd
bootstrap/cmd/internal/obj
go/token
bootstrap/compress/zlib
go/scanner
go/doc/comment
go/ast
bootstrap/cmd/internal/cov/covcmd
bootstrap/debug/elf
bootstrap/debug/macho
bootstrap/cmd/internal/obj/arm
bootstrap/cmd/internal/obj/arm64
bootstrap/cmd/internal/obj/loong64
bootstrap/cmd/internal/obj/mips
bootstrap/cmd/internal/obj/ppc64
bootstrap/cmd/internal/obj/riscv
bootstrap/cmd/internal/obj/s390x
bootstrap/cmd/internal/obj/wasm
bootstrap/cmd/internal/obj/x86
bootstrap/cmd/asm/internal/flags
bootstrap/cmd/asm/internal/lex
bootstrap/debug/pe
bootstrap/internal/xcoff
go/internal/typeparams
go/parser
go/printer
encoding/json
runtime/debug
go/format
bootstrap/cmd/cgo
bootstrap/cmd/asm/internal/arch
math/big
bootstrap/cmd/compile/internal/base
bootstrap/cmd/asm/internal/asm
net/url
bootstrap/cmd/compile/internal/logopt
bootstrap/cmd/asm
bootstrap/cmd/compile/internal/bitvec
bootstrap/cmd/compile/internal/abt
encoding/hex
bootstrap/go/constant
compress/flate
bootstrap/cmd/compile/internal/types
compress/gzip
bootstrap/cmd/compile/internal/syntax
bootstrap/internal/profile
go/doc
bootstrap/cmd/internal/pgo
bootstrap/cmd/compile/internal/ir
bootstrap/cmd/compile/internal/typebits
internal/buildcfg
bootstrap/internal/pkgbits
go/build
bootstrap/cmd/internal/archive
runtime/pprof
bootstrap/internal/exportdata
runtime/trace
bootstrap/cmd/internal/codesign
bootstrap/cmd/internal/gcprog
bootstrap/cmd/internal/macho
bootstrap/cmd/link/internal/benchmark
bootstrap/cmd/compile/internal/types2
bootstrap/cmd/link/internal/sym
bootstrap/cmd/link/internal/dwtest
bootstrap/cmd/link/internal/loader
bootstrap/cmd/link/internal/loadmacho
bootstrap/cmd/link/internal/loadelf
bootstrap/cmd/link/internal/loadpe
bootstrap/cmd/link/internal/loadxcoff
bootstrap/cmd/link/internal/ld
bootstrap/cmd/compile/internal/objw
bootstrap/cmd/compile/internal/abi
bootstrap/cmd/compile/internal/typecheck
bootstrap/cmd/compile/internal/rttype
bootstrap/cmd/compile/internal/staticdata
bootstrap/cmd/compile/internal/deadlocals
bootstrap/cmd/compile/internal/compare
bootstrap/cmd/compile/internal/pgoir
bootstrap/cmd/compile/internal/reflectdata
bootstrap/cmd/compile/internal/inline/inlheur
bootstrap/cmd/compile/internal/ssa
bootstrap/cmd/compile/internal/inline
bootstrap/cmd/compile/internal/coverage
bootstrap/cmd/compile/internal/escape
bootstrap/cmd/compile/internal/devirtualize
bootstrap/cmd/compile/internal/inline/interleaved
bootstrap/cmd/compile/internal/loopvar
bootstrap/cmd/compile/internal/importer
bootstrap/cmd/compile/internal/rangefunc
bootstrap/cmd/compile/internal/staticinit
bootstrap/cmd/link/internal/amd64
bootstrap/cmd/link/internal/arm
bootstrap/cmd/link/internal/arm64
bootstrap/cmd/link/internal/loong64
bootstrap/cmd/link/internal/mips
bootstrap/cmd/link/internal/mips64
bootstrap/cmd/link/internal/ppc64
bootstrap/cmd/link/internal/riscv64
bootstrap/cmd/link/internal/s390x
bootstrap/cmd/link/internal/wasm
bootstrap/cmd/link/internal/x86
bootstrap/cmd/link
bootstrap/cmd/compile/internal/liveness
bootstrap/cmd/compile/internal/ssagen
bootstrap/cmd/compile/internal/amd64
bootstrap/cmd/compile/internal/arm
bootstrap/cmd/compile/internal/arm64
bootstrap/cmd/compile/internal/dwarfgen
bootstrap/cmd/compile/internal/walk
bootstrap/cmd/compile/internal/noder
bootstrap/cmd/compile/internal/loong64
bootstrap/cmd/compile/internal/mips
bootstrap/cmd/compile/internal/mips64
bootstrap/cmd/compile/internal/ppc64
bootstrap/cmd/compile/internal/riscv64
bootstrap/cmd/compile/internal/s390x
bootstrap/cmd/compile/internal/wasm
bootstrap/cmd/compile/internal/x86
bootstrap/cmd/compile/internal/pkginit
bootstrap/cmd/compile/internal/gc
bootstrap/cmd/compile

Building Go bootstrap cmd/go (go_bootstrap) using Go toolchain1.
runtime
internal/byteorder
internal/runtime/atomic
internal/bytealg
internal/godebugs
internal/goos
internal/cpu
internal/runtime/math
internal/stringslite
internal/runtime/syscall
internal/goarch
internal/coverage/rtcov
internal/goexperiment
internal/chacha8rand
internal/runtime/exithook
internal/profilerecord
internal/abi
internal/runtime/sys
time/tzdata
syscall
errors
internal/reflectlite
internal/unsafeheader
internal/oserror
sync
internal/race
sync/atomic
internal/itoa
internal/msan
internal/asan
internal/sync
cmd/go
fmt
cmd/go/internal/envcmd
cmd/go/internal/vet
log
cmd/go/internal/modfetch
cmd/internal/telemetry
cmd/internal/telemetry/counter
flag
os
slices
cmd/go/internal/list
cmd/go/internal/tool
strings
cmd/go/internal/workcmd
cmd/go/internal/generate
cmd/go/internal/clean
cmd/go/internal/fmtcmd
cmd/go/internal/work
cmd/go/internal/modget
cmd/go/internal/help
cmd/go/internal/telemetrycmd
cmd/go/internal/telemetrystats
cmd/go/internal/version
cmd/go/internal/bug
io/fs
regexp
time
strconv
cmd/go/internal/gover
io
cmd/go/internal/web
debug/buildinfo
net/url
unicode/utf8
cmd/go/internal/doc
context
cmd/go/internal/fix
cmd/go/internal/run
cmd/go/internal/test
internal/buildcfg
cmd/go/internal/base
cmd/go/internal/modcmd
cmd/go/internal/toolchain
runtime/trace
cmd/go/internal/cfg
cmd/go/internal/modload
path/filepath
cmd/go/internal/trace
cmd/internal/sys
bytes
unicode
os/exec
path
regexp/syntax
go/token
encoding/binary
cmp
reflect
cmd/go/internal/cmdflag
cmd/go/internal/lockedfile
text/template
cmd/go/internal/lockedfile/internal/filelock
bufio
cmd/go/internal/load
cmd/internal/pathcache
go/parser
cmd/go/internal/str
encoding/json
cmd/go/internal/cache
go/build
cmd/go/internal/fsys
maps
internal/syscall/unix
internal/syslist
math
internal/cfg
internal/godebug
runtime/debug
sort
iter
cmd/vendor/golang.org/x/mod/module
internal/goversion
internal/platform
go/scanner
go/ast
go/doc
go/build/constraint
internal/goroot
log/internal
go/doc/comment
internal/lazyregexp
os/signal
internal/bisect
cmd/go/internal/cacheprog
crypto/sha256
cmd/go/internal/mmap
crypto/internal/boring
cmd/internal/quoted
hash
encoding/hex
encoding/base64
crypto/internal/fips140/sha256
crypto
crypto/internal/impl
crypto/internal/fips140deps/byteorder
crypto/internal/fips140
math/bits
crypto/internal/fips140deps/cpu
internal/filepathlite
encoding
cmd/internal/par
math/rand
cmd/vendor/golang.org/x/mod/internal/lazyregexp
cmd/vendor/golang.org/x/mod/sumdb/dirhash
cmd/vendor/golang.org/x/mod/semver
internal/xcoff
debug/dwarf
cmd/vendor/golang.org/x/mod/modfile
cmd/internal/robustio
archive/zip
cmd/vendor/golang.org/x/mod/zip
debug/plan9obj
debug/macho
cmd/go/internal/modfetch/codehost
cmd/go/internal/vcs
debug/elf
internal/saferio
cmd/go/internal/search
cmd/internal/pkgpattern
encoding/xml
cmd/go/internal/imports
debug/pe
internal/trace/traceviewer/format
compress/zlib
internal/singleflight
internal/zstd
internal/poll
internal/diff
cmd/go/internal/modinfo
cmd/go/internal/mvs
cmd/go/internal/modindex
cmd/go/internal/fips140
internal/gover
unicode/utf16
hash/crc32
compress/flate
go/version
internal/fmtsort
net/netip
text/template/parse
cmd/vendor/golang.org/x/sync/semaphore
crypto/cipher
crypto/internal/fips140/aes
crypto/internal/fips140/subtle
crypto/internal/boring/sig
crypto/internal/fips140/aes/gcm
internal/lazytemplate
crypto/internal/fips140only
crypto/subtle
crypto/internal/fips140deps/godebug
crypto/internal/fips140/alias
crypto/internal/fips140/check
crypto/internal/fips140/drbg
internal/testlog
crypto/internal/fips140/sha512
hash/adler32
internal/syscall/execenv
crypto/internal/fips140/hmac
crypto/internal/fips140/sha3
crypto/sha1
cmd/internal/buildid
container/heap
internal/coverage
cmd/internal/cov/covcmd
cmd/internal/pkgpath
crypto/internal/randutil
unique
math/rand/v2
weak
crypto/internal/sysrand
container/list
cmd/internal/test2json
crypto/internal/entropy
cmd/internal/codesign
cmd/internal/macho
cmd/internal/hash


Building Go toolchain2 using go_bootstrap and Go toolchain1.
internal/goarch
internal/unsafeheader
internal/byteorder
internal/cpu
internal/coverage/rtcov
internal/abi
internal/chacha8rand
internal/godebugs
internal/goexperiment
internal/goos
internal/profilerecord
internal/bytealg
internal/runtime/atomic
internal/asan
internal/msan
internal/runtime/math
internal/runtime/sys
internal/runtime/syscall
internal/runtime/exithook
internal/stringslite
sync/atomic
math/bits
unicode
unicode/utf8
cmp
internal/itoa
math
log/internal
crypto/internal/fips140/alias
internal/race
crypto/internal/fips140deps/byteorder
internal/runtime/maps
internal/sync
crypto/internal/fips140deps/cpu
crypto/internal/fips140/subtle
crypto/internal/boring/sig
encoding
internal/coverage
unicode/utf16
internal/platform
internal/goversion
internal/gover
internal/syslist
runtime
iter
internal/reflectlite
crypto/subtle
sync
slices
maps
runtime/metrics
weak
errors
sort
internal/bisect
internal/testlog
io
strconv
internal/oserror
path
bytes
strings
internal/godebug
reflect
syscall
hash
bufio
crypto
crypto/internal/fips140deps/godebug
crypto/internal/fips140
crypto/internal/impl
crypto/internal/fips140/sha3
crypto/internal/fips140/sha256
crypto/internal/fips140/sha512
math/rand/v2
crypto/internal/fips140/hmac
crypto/internal/randutil
go/build/constraint
crypto/internal/fips140/check
time
internal/syscall/unix
internal/syscall/execenv
crypto/internal/fips140/aes
math/rand
hash/adler32
internal/saferio
regexp/syntax
internal/types/errors
unique
regexp
net/netip
io/fs
internal/poll
internal/filepathlite
internal/fmtsort
context
encoding/binary
os
container/heap
hash/crc32
html
go/version
hash/fnv
cmd/internal/sys
encoding/base64
crypto/sha3
crypto/internal/fips140hash
crypto/internal/sysrand
path/filepath
fmt
internal/lazyregexp
crypto/internal/entropy
crypto/internal/fips140/drbg
crypto/internal/fips140only
crypto/internal/fips140/aes/gcm
os/exec
crypto/cipher
internal/goroot
crypto/internal/boring
crypto/sha256
crypto/hmac
log
cmd/internal/src
internal/buildcfg
cmd/internal/hash
flag
text/scanner
cmd/internal/dwarf
cmd/internal/bio
cmd/internal/goobj
cmd/vendor/golang.org/x/telemetry/internal/mmap
runtime/debug
cmd/internal/edit
cmd/internal/objabi
cmd/internal/pkgpath
cmd/internal/quoted
cmd/vendor/golang.org/x/telemetry/internal/telemetry
debug/dwarf
compress/flate
cmd/vendor/golang.org/x/telemetry/internal/counter
cmd/internal/obj
cmd/vendor/golang.org/x/telemetry/counter
compress/zlib
cmd/internal/telemetry/counter
internal/zstd
go/token
go/scanner
debug/macho
debug/elf
debug/pe
cmd/internal/obj/arm
cmd/internal/obj/arm64
cmd/internal/obj/loong64
cmd/internal/obj/mips
cmd/internal/obj/ppc64
cmd/internal/obj/riscv
cmd/internal/obj/s390x
cmd/internal/obj/wasm
cmd/internal/obj/x86
cmd/asm/internal/flags
go/ast
cmd/asm/internal/lex
go/doc/comment
text/tabwriter
internal/xcoff
cmd/internal/cov/covcmd
encoding/json
cmd/asm/internal/arch
go/parser
go/printer
cmd/asm/internal/asm
cmd/asm
math/big
go/format
cmd/compile/internal/base
cmd/cgo
net/url
cmd/compile/internal/bitvec
cmd/compile/internal/abt
cmd/compile/internal/logopt
encoding/hex
compress/gzip
go/doc
internal/profile
go/constant
cmd/compile/internal/types
cmd/internal/pgo
cmd/compile/internal/syntax
go/build
cmd/compile/internal/ir
cmd/compile/internal/typebits
internal/exportdata
internal/pkgbits
cmd/internal/archive
runtime/pprof
cmd/compile/internal/types2
runtime/trace
cmd/internal/codesign
cmd/internal/gcprog
cmd/internal/macho
cmd/link/internal/sym
cmd/link/internal/loader
cmd/link/internal/benchmark
cmd/preprofile
cmd/link/internal/loadelf
cmd/link/internal/loadmacho
cmd/link/internal/loadpe
cmd/link/internal/loadxcoff
cmd/link/internal/ld
cmd/compile/internal/abi
cmd/compile/internal/objw
cmd/compile/internal/typecheck
cmd/compile/internal/rttype
cmd/compile/internal/staticdata
cmd/compile/internal/deadlocals
cmd/compile/internal/importer
cmd/compile/internal/rangefunc
cmd/compile/internal/compare
cmd/compile/internal/coverage
cmd/compile/internal/pgoir
cmd/compile/internal/escape
cmd/compile/internal/inline/inlheur
cmd/compile/internal/reflectdata
cmd/compile/internal/inline
cmd/compile/internal/loopvar
cmd/compile/internal/ssa
cmd/compile/internal/staticinit
cmd/compile/internal/devirtualize
cmd/compile/internal/inline/interleaved
cmd/link/internal/amd64
cmd/link/internal/arm
cmd/link/internal/arm64
cmd/link/internal/loong64
cmd/link/internal/mips
cmd/link/internal/mips64
cmd/link/internal/ppc64
cmd/link/internal/riscv64
cmd/link/internal/s390x
cmd/link/internal/wasm
cmd/link/internal/x86
cmd/link
cmd/compile/internal/liveness
cmd/compile/internal/ssagen
cmd/compile/internal/amd64
cmd/compile/internal/arm64
cmd/compile/internal/arm
cmd/compile/internal/dwarfgen
cmd/compile/internal/walk
cmd/compile/internal/noder
cmd/compile/internal/loong64
cmd/compile/internal/mips
cmd/compile/internal/mips64
cmd/compile/internal/ppc64
cmd/compile/internal/riscv64
cmd/compile/internal/s390x
cmd/compile/internal/wasm
cmd/compile/internal/x86
cmd/compile/internal/pkginit
cmd/compile/internal/gc
cmd/compile

Building Go toolchain3 using go_bootstrap and Go toolchain2.
internal/goarch
internal/byteorder
internal/unsafeheader
internal/cpu
internal/abi
internal/coverage/rtcov
internal/chacha8rand
internal/godebugs
internal/goexperiment
internal/goos
internal/profilerecord
internal/runtime/atomic
internal/bytealg
internal/asan
internal/msan
internal/runtime/math
internal/runtime/sys
internal/runtime/exithook
internal/runtime/syscall
internal/stringslite
sync/atomic
math/bits
unicode
unicode/utf8
cmp
internal/itoa
math
internal/race
log/internal
internal/runtime/maps
internal/sync
crypto/internal/fips140/alias
crypto/internal/fips140deps/byteorder
crypto/internal/fips140deps/cpu
crypto/internal/fips140/subtle
crypto/internal/boring/sig
encoding
unicode/utf16
internal/platform
runtime
internal/goarch
internal/unsafeheader
internal/cpu
internal/byteorder
internal/abi
internal/chacha8rand
internal/bytealg
internal/coverage/rtcov
internal/godebugs
internal/goexperiment
internal/goos
internal/profilerecord
internal/runtime/atomic
internal/asan
internal/msan
internal/runtime/exithook
internal/runtime/math
internal/runtime/sys
internal/runtime/syscall
internal/race
internal/stringslite
internal/runtime/maps
sync/atomic
math/bits
unicode
internal/sync
unicode/utf8
math
runtime
crypto/internal/fips140/alias
crypto/internal/fips140deps/byteorder
crypto/internal/fips140deps/cpu
crypto/internal/fips140/subtle
internal/itoa
cmp
crypto/internal/boring/sig
internal/coverage
log/internal
encoding
unicode/utf16
internal/platform
internal/goversion
internal/gover
internal/syslist
sync
iter
internal/reflectlite
slices
crypto/subtle
maps
internal/testlog
internal/bisect
errors
sort
io
strconv
bytes
strings
reflect
internal/oserror
path
bufio
internal/godebug
syscall
hash
crypto
crypto/internal/fips140deps/godebug
crypto/internal/fips140
crypto/internal/impl
crypto/internal/fips140/sha256
crypto/internal/fips140/sha3
crypto/internal/fips140/sha512
math/rand/v2
crypto/internal/fips140/hmac
time
internal/syscall/unix
internal/syscall/execenv
crypto/internal/fips140/check
crypto/internal/randutil
go/build/constraint
crypto/internal/fips140/aes
math/rand
hash/adler32
internal/saferio
regexp/syntax
internal/reflectlite
errors
sync
regexp
internal/fmtsort
io/fs
internal/poll
context
internal/filepathlite
encoding/binary
io
iter
strconv
os
bytes
cmd/internal/sys
encoding/base64
hash
internal/bisect
strings
crypto
internal/oserror
syscall
internal/godebug
crypto/internal/impl
path
fmt
path/filepath
crypto/internal/sysrand
crypto/internal/entropy
crypto/internal/fips140/drbg
crypto/internal/fips140/aes/gcm
os/exec
crypto/internal/fips140only
crypto/internal/fips140deps/godebug
crypto/cipher
crypto/internal/fips140
internal/syscall/unix
crypto/internal/fips140/sha256
crypto/internal/fips140/sha3
crypto/internal/boring
log
cmd/internal/src
internal/buildcfg
cmd/internal/bio
crypto/sha256
flag
cmd/internal/hash
cmd/internal/dwarf
text/scanner
cmd/internal/goobj
cmd/vendor/golang.org/x/telemetry/internal/mmap
runtime/debug
cmd/internal/objabi
cmd/internal/edit
cmd/internal/pkgpath
cmd/internal/quoted
debug/dwarf
compress/flate
cmd/vendor/golang.org/x/telemetry/internal/telemetry
cmd/internal/obj
cmd/vendor/golang.org/x/telemetry/internal/counter
cmd/vendor/golang.org/x/telemetry/counter
compress/zlib
cmd/internal/telemetry/counter
internal/zstd
go/token
go/scanner
go/ast
go/doc/comment
debug/elf
cmd/internal/obj/arm
cmd/internal/obj/arm64
cmd/internal/obj/loong64
cmd/internal/obj/mips
cmd/internal/obj/ppc64
cmd/internal/obj/riscv
cmd/internal/obj/s390x
cmd/internal/obj/wasm
cmd/internal/obj/x86
cmd/asm/internal/flags
cmd/asm/internal/lex
debug/macho
debug/pe
go/parser
text/tabwriter
go/printer
internal/xcoff
crypto/internal/fips140/sha512
cmd/asm/internal/arch
slices
time
crypto/internal/fips140/hmac
crypto/internal/fips140/check
cmd/asm/internal/asm
crypto/internal/fips140/aes
go/format
cmd/cgo
internal/syscall/execenv
internal/testlog
cmd/asm
math/rand/v2
io/fs
internal/poll
internal/filepathlite
crypto/internal/randutil
crypto/subtle
os
reflect
bufio
context
sort
math/rand
internal/types/errors
runtime/metrics
crypto/internal/sysrand
path/filepath
regexp/syntax
crypto/internal/entropy
crypto/internal/fips140/drbg
crypto/internal/fips140/aes/gcm
crypto/internal/fips140only
os/exec
crypto/cipher
regexp
maps
crypto/internal/boring
weak
crypto/sha256
cmd/internal/hash
unique
container/heap
hash/crc32
net/netip
html
internal/lazyregexp
go/build/constraint
go/version
internal/goroot
internal/saferio
hash/fnv
cmd/internal/codesign
internal/fmtsort
encoding/binary
cmd/internal/gcprog
fmt
cmd/internal/macho
hash/crc32
compress/gzip
runtime/pprof
cmd/link/internal/sym
cmd/internal/sys
cmd/internal/cov/covcmd
log
cmd/internal/src
internal/buildcfg
cmd/internal/bio
flag
cmd/internal/goobj
cmd/internal/dwarf
cmd/internal/objabi
encoding/base64
cmd/vendor/golang.org/x/telemetry/internal/mmap
runtime/debug
go/token
encoding/json
cmd/vendor/golang.org/x/telemetry/internal/telemetry
cmd/internal/obj
math/big
cmd/vendor/golang.org/x/telemetry/internal/counter
cmd/vendor/golang.org/x/telemetry/counter
cmd/internal/telemetry/counter
net/url
cmd/compile/internal/abt
encoding/hex
compress/flate
go/scanner
go/ast
cmd/compile/internal/base
cmd/compile/internal/logopt
go/constant
cmd/internal/obj/arm
cmd/compile/internal/bitvec
cmd/compile/internal/types
cmd/internal/obj/arm64
cmd/internal/obj/loong64
cmd/internal/obj/mips
cmd/compile/internal/ir
cmd/compile/internal/typebits
cmd/internal/obj/ppc64
cmd/internal/obj/riscv
cmd/internal/obj/s390x
cmd/internal/obj/wasm
cmd/internal/obj/x86
compress/gzip
internal/profile
cmd/internal/pgo
cmd/compile/internal/syntax
cmd/compile/internal/objw
cmd/compile/internal/abi
cmd/compile/internal/typecheck
cmd/compile/internal/rttype
cmd/compile/internal/staticdata
cmd/compile/internal/deadlocals
go/doc/comment
go/parser
go/doc
cmd/compile/internal/types2
cmd/compile/internal/compare
cmd/compile/internal/pgoir
cmd/compile/internal/coverage
cmd/compile/internal/reflectdata
cmd/compile/internal/inline/inlheur
cmd/compile/internal/escape
cmd/compile/internal/inline
cmd/compile/internal/loopvar
cmd/compile/internal/ssa
go/build
cmd/compile/internal/devirtualize
cmd/compile/internal/inline/interleaved
internal/pkgbits
internal/exportdata
cmd/compile/internal/staticinit
cmd/internal/archive
text/tabwriter
runtime/pprof
runtime/trace
cmd/link/internal/benchmark
cmd/link/internal/loader
crypto/sha3
crypto/internal/fips140hash
crypto/hmac
encoding/hex
encoding/json
cmd/link/internal/loadelf
cmd/compile/internal/importer
cmd/compile/internal/rangefunc
cmd/link/internal/loadmacho
cmd/link/internal/loadpe
cmd/link/internal/loadxcoff
internal/profile
cmd/link/internal/ld
cmd/internal/pgo
cmd/preprofile
cmd/link/internal/arm
cmd/link/internal/arm64
cmd/link/internal/amd64
cmd/link/internal/loong64
cmd/link/internal/mips
cmd/link/internal/mips64
cmd/link/internal/ppc64
cmd/link/internal/riscv64
cmd/link/internal/s390x
cmd/link/internal/wasm
cmd/link/internal/x86
cmd/link
cmd/compile/internal/liveness
cmd/compile/internal/ssagen
cmd/compile/internal/amd64
cmd/compile/internal/dwarfgen
cmd/compile/internal/arm
cmd/compile/internal/arm64
cmd/compile/internal/walk
cmd/compile/internal/loong64
cmd/compile/internal/noder
cmd/compile/internal/mips
cmd/compile/internal/mips64
cmd/compile/internal/ppc64
cmd/compile/internal/riscv64
cmd/compile/internal/s390x
cmd/compile/internal/wasm
cmd/compile/internal/x86
cmd/compile/internal/pkginit
cmd/compile/internal/gc
cmd/compile

Building packages and commands for linux/amd64.
internal/goarch
internal/unsafeheader
internal/byteorder
internal/cpu
internal/coverage/rtcov
internal/abi
internal/godebugs
internal/chacha8rand
internal/goexperiment
internal/goos
internal/bytealg
internal/profilerecord
internal/runtime/atomic
internal/asan
internal/msan
internal/runtime/math
internal/runtime/sys
internal/runtime/syscall
internal/runtime/exithook
internal/stringslite
sync/atomic
math/bits
unicode
unicode/utf8
cmp
internal/race
internal/itoa
math
container/list
internal/runtime/maps
internal/sync
container/ring
crypto/internal/fips140/alias
crypto/internal/fips140deps/byteorder
crypto/internal/fips140deps/cpu
crypto/internal/fips140/subtle
crypto/internal/boring/sig
unicode/utf16
vendor/golang.org/x/crypto/cryptobyte/asn1
crypto/internal/boring/bcache
encoding
internal/cfg
internal/platform
crypto/internal/fips140deps
runtime
vendor/golang.org/x/crypto/internal/alias
internal/nettrace
log/internal
internal/goversion
internal/syslist
internal/gover
hash/maphash
image/color
internal/coverage
internal/coverage/calloc
internal/coverage/uleb128
internal/synctest
internal/trace/event
internal/trace/traceviewer/format
image/color/palette
log/slog/internal
math/cmplx
reflect/internal/example1
reflect/internal/example2
runtime/internal/startlinetest
runtime/race/internal/amd64v1
runtime/race
structs
iter
crypto/subtle
internal/reflectlite
sync
slices
maps
weak
runtime/metrics
sort
errors
internal/bisect
internal/testlog
io
strconv
internal/oserror
path
internal/godebug
syscall
bytes
strings
reflect
runtime/cgo
bufio
hash
hash/crc32
time
internal/syscall/unix
internal/syscall/execenv
compress/bzip2
hash/adler32
container/heap
crypto
crypto/internal/fips140deps/godebug
crypto/internal/fips140
crypto/internal/impl
crypto/internal/fips140/sha256
crypto/internal/fips140/sha3
io/fs
internal/poll
internal/filepathlite
internal/fmtsort
encoding/binary
os
context
crypto/internal/fips140/sha512
math/rand/v2
crypto/internal/fips140/hmac
crypto/internal/fips140/check
crypto/internal/randutil
crypto/internal/fips140/aes
math/rand
crypto/internal/fips140/nistec/fiat
crypto/internal/fips140/edwards25519/field
fmt
path/filepath
crypto/internal/sysrand
crypto/internal/fips140/bigmod
crypto/internal/entropy
crypto/internal/fips140/drbg
crypto/internal/fips140/aes/gcm
crypto/internal/fips140only
os/user
compress/flate
compress/lzw
crypto/cipher
math/big
archive/zip
compress/gzip
compress/zlib
crypto/internal/boring
crypto/aes
crypto/des
crypto/internal/fips140/nistec
crypto/sha3
crypto/internal/fips140hash
crypto/sha512
internal/saferio
crypto/internal/fips140/edwards25519
crypto/dsa
archive/tar
crypto/internal/boring/bbig
encoding/asn1
crypto/internal/fips140/ed25519
crypto/rand
crypto/ed25519
crypto/fips140
crypto/internal/fips140/hkdf
vendor/golang.org/x/crypto/cryptobyte
crypto/hkdf
crypto/hmac
encoding/base64
crypto/internal/fips140/ecdh
crypto/elliptic
crypto/ecdh
crypto/internal/fips140/ecdsa
encoding/json
flag
os/exec
crypto/ecdsa
internal/sysinfo
runtime/debug
runtime/trace
crypto/internal/fips140/check/checktest
crypto/internal/fips140/mlkem
testing
crypto/internal/fips140/pbkdf2
crypto/internal/fips140/rsa
crypto/internal/fips140/ssh
crypto/internal/fips140/tls12
crypto/internal/fips140/tls13
vendor/golang.org/x/crypto/chacha20
vendor/golang.org/x/crypto/internal/poly1305
vendor/golang.org/x/sys/cpu
crypto/internal/sysrand/internal/seccomp
crypto/md5
vendor/golang.org/x/crypto/chacha20poly1305
crypto/mlkem
crypto/pbkdf2
crypto/rc4
crypto/rsa
crypto/internal/hpke
crypto/sha1
crypto/sha256
crypto/tls/internal/fips140tls
internal/testenv
encoding/hex
encoding/pem
crypto/x509/pkix
vendor/golang.org/x/net/dns/dnsmessage
internal/singleflight
unique
database/sql/driver
net/netip
crypto/internal/cryptotest
database/sql
debug/dwarf
internal/zstd
debug/plan9obj
debug/gosym
embed
encoding/ascii85
encoding/base32
encoding/csv
net
net/url
debug/elf
debug/macho
debug/pe
internal/xcoff
encoding/gob
encoding/xml
debug/buildinfo
log
vendor/golang.org/x/text/transform
vendor/golang.org/x/text/unicode/bidi
vendor/golang.org/x/text/secure/bidirule
vendor/golang.org/x/text/unicode/norm
vendor/golang.org/x/net/http2/hpack
mime
mime/quotedprintable
net/http/internal
net/http/internal/ascii
go/token
go/build/constraint
go/scanner
go/doc/comment
go/ast
vendor/golang.org/x/net/idna
regexp/syntax
internal/buildcfg
go/parser
internal/goroot
go/constant
regexp
text/tabwriter
go/printer
go/version
internal/types/errors
internal/lazyregexp
go/types
go/doc
go/format
crypto/x509
net/textproto
vendor/golang.org/x/net/http/httpproxy
go/build
vendor/golang.org/x/net/http/httpguts
mime/multipart
text/scanner
internal/pkgbits
internal/exportdata
hash/crc64
hash/fnv
html
crypto/tls
text/template/parse
image
image/internal/imageutil
image/draw
text/template
image/gif
image/jpeg
html/template
image/png
index/suffixarray
internal/coverage/cmerge
go/internal/gccgoimporter
go/internal/gcimporter
go/internal/srcimporter
internal/coverage/cformat
internal/coverage/slicereader
internal/coverage/stringtab
go/importer
internal/coverage/slicewriter
internal/coverage/decodecounter
internal/coverage/decodemeta
internal/coverage/encodecounter
internal/coverage/encodemeta
internal/coverage/pods
internal/dag
internal/diff
internal/fuzz
internal/lazytemplate
internal/coverage/cfile
internal/obscuretestdata
internal/profile
internal/testpty
net/http/httptrace
net/http
internal/trace/event/go122
internal/txtar
internal/trace/version
io/ioutil
internal/trace/internal/oldtrace
internal/trace/raw
log/slog/internal/buffer
log/syslog
log/slog
internal/trace
net/http/internal/testcert
runtime/pprof
log/slog/internal/benchmarks
log/slog/internal/slogtest
net/internal/socktest
net/mail
net/smtp
internal/trace/internal/testgen/go122
internal/trace/testtrace
os/exec/internal/fdtest
os/signal
plugin
runtime/coverage
testing/iotest
testing/internal/testdeps
testing/fstest
testing/quick
testing/slogtest
time/tzdata
vendor/golang.org/x/net/nettest
expvar
net/http/cgi
net/http/cookiejar
internal/trace/traceviewer
net/http/httptest
net/http/fcgi
net/http/httputil
net/http/pprof
net/rpc
net/rpc/jsonrpc
cmd/cgo/internal/test/issue30527
cmd/cgo/internal/test/issue9400
cmd/cgo/internal/testnocgo
internal/sysinfo
cmd/internal/archive
debug/gosym
debug/plan9obj
cmd/internal/buildid
cmd/cgo/internal/cgotest
runtime/trace
testing
cmd/internal/objfile
cmd/buildid
cmd/internal/cov/covcmd
runtime/metrics
cmd/compile/internal/base
cmd/addr2line
math/big
internal/lazyregexp
cmd/compile/internal/abt
weak
unique
cmd/cgo/internal/test
cmd/cgo/internal/testtls
cmd/compile/internal/bitvec
html
net/netip
go/doc
internal/goroot
cmd/compile/internal/test
internal/coverage/slicereader
internal/coverage/uleb128
internal/coverage/stringtab
internal/coverage/decodecounter
go/constant
internal/coverage/decodemeta
go/build
internal/coverage/pods
cmd/internal/cov
cmd/compile/internal/types
cmd/compile/internal/syntax
net/url
internal/exportdata
cmd/compile/internal/logopt
internal/pkgbits
cmd/compile/internal/ir
cmd/compile/internal/typebits
cmd/internal/pkgpattern
internal/coverage/calloc
internal/coverage/cmerge
internal/coverage/slicewriter
internal/coverage/cformat
internal/coverage/encodecounter
internal/coverage/encodemeta
cmd/internal/browser
cmd/vendor/golang.org/x/tools/cover
cmd/covdata
text/template/parse
cmd/compile/internal/types2
text/template
cmd/dist
html/template
cmd/compile/internal/abi
cmd/compile/internal/objw
cmd/compile/internal/typecheck
cmd/compile/internal/deadlocals
cmd/compile/internal/rttype
cmd/compile/internal/staticdata
cmd/cover
os/user
archive/tar
archive/zip
cmd/compile/internal/compare
cmd/compile/internal/pgoir
cmd/compile/internal/inline/inlheur
cmd/compile/internal/reflectdata
cmd/compile/internal/coverage
cmd/compile/internal/escape
cmd/compile/internal/loopvar
cmd/compile/internal/importer
cmd/compile/internal/inline
cmd/compile/internal/rangefunc
cmd/compile/internal/ssa
cmd/compile/internal/staticinit
cmd/distpack
cmd/compile/internal/devirtualize
cmd/vendor/golang.org/x/mod/semver
cmd/doc
cmd/compile/internal/inline/interleaved
internal/diff
cmd/fix
cmd/go/internal/str
cmd/go/internal/fsys
cmd/internal/par
cmd/internal/pathcache
internal/cfg
os/signal
cmd/go/internal/cfg
cmd/go/internal/cacheprog
cmd/go/internal/lockedfile/internal/filelock
cmd/go/internal/lockedfile
cmd/go/internal/base
cmd/go/internal/mmap
cmd/vendor/golang.org/x/mod/internal/lazyregexp
container/list
cmd/vendor/golang.org/x/mod/module
crypto/rand
crypto/aes
crypto/des
cmd/go/internal/cache
cmd/vendor/golang.org/x/mod/modfile
crypto/internal/fips140/nistec/fiat
crypto/internal/fips140/edwards25519/field
crypto/internal/boring/bbig
crypto/internal/fips140/bigmod
cmd/go/internal/gover
crypto/sha512
encoding/asn1
vendor/golang.org/x/crypto/cryptobyte/asn1
crypto/internal/fips140/edwards25519
crypto/internal/fips140/nistec
crypto/internal/fips140/ed25519
vendor/golang.org/x/crypto/cryptobyte
crypto/ed25519
crypto/internal/fips140/hkdf
crypto/internal/fips140/mlkem
crypto/internal/fips140/tls12
crypto/internal/fips140/tls13
vendor/golang.org/x/crypto/internal/alias
vendor/golang.org/x/crypto/chacha20
vendor/golang.org/x/crypto/internal/poly1305
vendor/golang.org/x/sys/cpu
crypto/md5
vendor/golang.org/x/crypto/chacha20poly1305
crypto/rc4
crypto/internal/fips140/rsa
crypto/sha1
crypto/tls/internal/fips140tls
crypto/dsa
crypto/rsa
crypto/internal/fips140/ecdh
crypto/elliptic
crypto/ecdh
crypto/internal/fips140/ecdsa
crypto/internal/hpke
crypto/x509/pkix
encoding/pem
vendor/golang.org/x/net/dns/dnsmessage
crypto/ecdsa
internal/nettrace
internal/singleflight
vendor/golang.org/x/text/transform
vendor/golang.org/x/text/unicode/bidi
net
vendor/golang.org/x/text/secure/bidirule
vendor/golang.org/x/text/unicode/norm
vendor/golang.org/x/net/http2/hpack
mime
mime/quotedprintable
net/http/internal
net/http/internal/ascii
encoding/xml
vendor/golang.org/x/net/idna
internal/trace/traceviewer/format
cmd/go/internal/trace
cmd/go/internal/search
cmd/internal/robustio
cmd/vendor/golang.org/x/mod/sumdb/note
cmd/vendor/golang.org/x/mod/sumdb/tlog
cmd/vendor/golang.org/x/mod/sumdb/dirhash
cmd/vendor/golang.org/x/mod/zip
cmd/go/internal/imports
net/textproto
crypto/x509
vendor/golang.org/x/net/http/httpguts
vendor/golang.org/x/net/http/httpproxy
mime/multipart
cmd/go/internal/modindex
cmd/go/internal/mvs
internal/lazytemplate
cmd/vendor/golang.org/x/sync/errgroup
cmd/vendor/golang.org/x/telemetry/internal/crashmonitor
cmd/vendor/golang.org/x/telemetry/internal/config
cmd/vendor/golang.org/x/telemetry/internal/configstore
cmd/go/internal/doc
cmd/go/internal/help
crypto/tls
cmd/vendor/golang.org/x/sync/semaphore
cmd/vendor/golang.org/x/sys/unix
cmd/go/internal/cmdflag
cmd/internal/test2json
debug/buildinfo
cmd/go/internal/version
cmd/go/internal/test/internal/genflags
internal/txtar
cmd/internal/script
internal/testenv
net/http/internal/testcert
cmd/gofmt
cmd/vendor/golang.org/x/arch/arm/armasm
cmd/vendor/golang.org/x/arch/arm64/arm64asm
cmd/vendor/golang.org/x/arch/loong64/loong64asm
net/http/httptrace
cmd/vendor/golang.org/x/arch/ppc64/ppc64asm
net/http
cmd/vendor/golang.org/x/arch/riscv64/riscv64asm
cmd/vendor/golang.org/x/arch/s390x/s390xasm
cmd/vendor/golang.org/x/arch/x86/x86asm
cmd/internal/osinfo
cmd/internal/script/scripttest
cmd/internal/disasm
cmd/link/internal/dwtest
cmd/nm
cmd/objdump
cmd/pack
embed
cmd/vendor/github.com/google/pprof/internal/elfexec
cmd/vendor/github.com/google/pprof/profile
cmd/vendor/github.com/ianlancetaylor/demangle
cmd/go/internal/web/intercept
cmd/vendor/golang.org/x/mod/sumdb
cmd/go/internal/auth
cmd/go/internal/web
cmd/vendor/golang.org/x/telemetry/internal/upload
cmd/go/internal/modfetch/codehost
cmd/go/internal/vcs
cmd/vendor/golang.org/x/telemetry
cmd/internal/telemetry
cmd/go/internal/telemetrycmd
net/http/cgi
net/http/httputil
cmd/go/internal/modfetch
cmd/go/internal/modinfo
net/http/httptest
cmd/go/internal/vcweb
cmd/vendor/github.com/google/pprof/internal/plugin
cmd/vendor/github.com/google/pprof/internal/binutils
cmd/go/internal/vcweb/vcstest
cmd/vendor/github.com/google/pprof/internal/measurement
cmd/vendor/github.com/google/pprof/internal/graph
cmd/go/internal/fips140
cmd/vendor/github.com/google/pprof/internal/symbolz
cmd/go/internal/modload
cmd/vendor/github.com/google/pprof/internal/symbolizer
cmd/vendor/github.com/google/pprof/internal/transport
cmd/vendor/github.com/google/pprof/third_party/svgpan
cmd/vendor/golang.org/x/term
cmd/vendor/github.com/google/pprof/internal/report
cmd/test2json
internal/trace/event
internal/trace/event/go122
internal/trace/version
internal/trace/internal/oldtrace
cmd/vendor/github.com/google/pprof/internal/driver
internal/trace
internal/trace/raw
cmd/go/internal/load
cmd/go/internal/telemetrystats
cmd/vendor/github.com/google/pprof/driver
internal/trace/traceviewer
cmd/pprof
net/http/pprof
cmd/trace
cmd/go/internal/work
cmd/go/internal/fmtcmd
cmd/vendor/golang.org/x/text/internal/tag
cmd/vendor/golang.org/x/text/internal/language
cmd/vendor/golang.org/x/text/internal/language/compact
cmd/compile/internal/liveness
cmd/vendor/golang.org/x/text/language
cmd/go/internal/envcmd
cmd/go/internal/clean
cmd/compile/internal/ssagen
cmd/go/internal/bug
cmd/go/internal/fix
cmd/go/internal/generate
cmd/go/internal/list
cmd/go/internal/run
cmd/go/internal/test
cmd/go/internal/tool
cmd/go/internal/toolchain
cmd/go/internal/modcmd
cmd/go/internal/modget
cmd/go/internal/vet
cmd/vendor/golang.org/x/text/internal
cmd/go/internal/workcmd
cmd/vendor/golang.org/x/text/transform
cmd/vendor/golang.org/x/telemetry/counter/countertest
go/types
cmd/vendor/golang.org/x/text/unicode/norm
cmd/go
cmd/vendor/golang.org/x/text/cases
cmd/vendor/rsc.io/markdown
encoding/gob
cmd/compile/internal/amd64
cmd/compile/internal/arm
cmd/compile/internal/arm64
cmd/compile/internal/dwarfgen
cmd/compile/internal/walk
cmd/compile/internal/noder
cmd/compile/internal/loong64
cmd/compile/internal/mips
cmd/compile/internal/mips64
cmd/compile/internal/ppc64
cmd/compile/internal/riscv64
cmd/compile/internal/s390x
cmd/compile/internal/wasm
cmd/compile/internal/x86
cmd/vendor/golang.org/x/build/relnote
cmd/vendor/golang.org/x/tools/go/analysis
cmd/vendor/golang.org/x/tools/go/analysis/internal/analysisflags
cmd/vendor/golang.org/x/tools/go/ast/inspector
cmd/vendor/golang.org/x/tools/go/analysis/passes/inspect
cmd/vendor/golang.org/x/tools/internal/analysisinternal
cmd/vendor/golang.org/x/tools/internal/aliases
cmd/vendor/golang.org/x/tools/internal/typeparams
cmd/compile/internal/pkginit
cmd/vendor/golang.org/x/tools/go/analysis/passes/internal/analysisutil
cmd/vendor/golang.org/x/tools/go/types/typeutil
cmd/vendor/golang.org/x/tools/go/analysis/passes/asmdecl
cmd/vendor/golang.org/x/tools/go/analysis/passes/assign
cmd/vendor/golang.org/x/tools/go/analysis/passes/appends
cmd/compile/internal/gc
cmd/vendor/golang.org/x/tools/go/analysis/passes/atomic
cmd/vendor/golang.org/x/tools/go/analysis/passes/bools
cmd/vendor/golang.org/x/tools/go/analysis/passes/buildtag
cmd/vendor/golang.org/x/tools/go/analysis/passes/cgocall
cmd/vendor/golang.org/x/tools/go/analysis/passes/composite
cmd/vendor/golang.org/x/tools/internal/versions
cmd/vendor/golang.org/x/tools/go/cfg
cmd/vendor/golang.org/x/tools/go/analysis/passes/defers
cmd/vendor/golang.org/x/tools/go/analysis/passes/directive
cmd/vendor/golang.org/x/tools/go/analysis/passes/copylock
cmd/vendor/golang.org/x/tools/go/analysis/passes/errorsas
cmd/vendor/golang.org/x/tools/go/analysis/passes/framepointer
cmd/vendor/golang.org/x/tools/internal/stdlib
cmd/vendor/golang.org/x/tools/go/analysis/passes/ifaceassert
cmd/vendor/golang.org/x/tools/go/analysis/passes/nilfunc
cmd/vendor/golang.org/x/tools/go/analysis/passes/ctrlflow
cmd/vendor/golang.org/x/tools/go/analysis/passes/printf
cmd/vendor/golang.org/x/tools/go/analysis/passes/shift
cmd/vendor/golang.org/x/tools/go/analysis/passes/lostcancel
cmd/vendor/golang.org/x/tools/go/analysis/passes/sigchanyzer
cmd/vendor/golang.org/x/tools/go/analysis/passes/stdmethods
cmd/vendor/golang.org/x/tools/go/analysis/passes/stringintconv
cmd/vendor/golang.org/x/tools/go/analysis/passes/structtag
cmd/vendor/golang.org/x/tools/go/analysis/passes/testinggoroutine
cmd/vendor/golang.org/x/tools/go/analysis/passes/tests
cmd/vendor/golang.org/x/tools/go/analysis/passes/timeformat
cmd/vendor/golang.org/x/tools/go/analysis/passes/unreachable
cmd/vendor/golang.org/x/tools/go/analysis/passes/unsafeptr
cmd/vendor/golang.org/x/tools/go/analysis/passes/unusedresult
go/internal/gccgoimporter
go/internal/gcimporter
go/internal/srcimporter
cmd/vendor/golang.org/x/tools/internal/bisect
go/importer
cmd/vendor/golang.org/x/tools/internal/typesinternal
cmd/vendor/golang.org/x/tools/go/analysis/passes/httpresponse
cmd/vendor/golang.org/x/tools/go/analysis/passes/slog
cmd/vendor/golang.org/x/tools/go/analysis/passes/loopclosure
cmd/vendor/golang.org/x/tools/go/analysis/passes/stdversion
cmd/vendor/golang.org/x/tools/go/analysis/passes/unmarshal
cmd/vendor/golang.org/x/tools/go/types/objectpath
cmd/vendor/golang.org/x/tools/internal/facts
cmd/vendor/golang.org/x/tools/go/analysis/unitchecker
cmd/vet
touch /mnt/build_wrt/build_dir/hostpkg/go-1.24.13/.built
rm -f "/mnt/build_wrt/staging_dir/hostpkg/bin/go-strip-helper"
rm -rf "/mnt/build_wrt/staging_dir/hostpkg/lib/go-bootstrap/openwrt"
rm -rf "/mnt/build_wrt/staging_dir/hostpkg/lib/go-bootstrap"
install -d -m0755 "/mnt/build_wrt/staging_dir/hostpkg/lib/go-bootstrap"
cp -fpR "/mnt/build_wrt/build_dir/hostpkg/go-1.24.13/api" "/mnt/build_wrt/staging_dir/hostpkg/lib/go-bootstrap/"
install -m0644 -p "/mnt/build_wrt/build_dir/hostpkg/go-1.24.13/go.env" "/mnt/build_wrt/staging_dir/hostpkg/lib/go-bootstrap/"
install -m0644 -p "/mnt/build_wrt/build_dir/hostpkg/go-1.24.13/VERSION" "/mnt/build_wrt/staging_dir/hostpkg/lib/go-bootstrap/"
for file in CONTRIBUTING.md LICENSE PATENTS README.md SECURITY.md; do if [ -f "/mnt/build_wrt/build_dir/hostpkg/go-1.24.13/$file" ]; then install -m0644 -p "/mnt/build_wrt/build_dir/hostpkg/go-1.24.13/$file" "/mnt/build_wrt/staging_dir/hostpkg/lib/go-bootstrap/" ; fi ; done
install -d -m0755 "/mnt/build_wrt/staging_dir/hostpkg/lib/go-bootstrap/bin"
install -m0755 -p "/mnt/build_wrt/build_dir/hostpkg/go-1.24.13/bin"/* "/mnt/build_wrt/staging_dir/hostpkg/lib/go-bootstrap/bin/"
if [ -d "/mnt/build_wrt/build_dir/hostpkg/go-1.24.13/pkg/linux_amd64" ]; then install -d -m0755 "/mnt/build_wrt/staging_dir/hostpkg/lib/go-bootstrap/pkg" ; cp -fpR "/mnt/build_wrt/build_dir/hostpkg/go-1.24.13/pkg/linux_amd64" "/mnt/build_wrt/staging_dir/hostpkg/lib/go-bootstrap/pkg/" ; fi
install -d -m0755 "/mnt/build_wrt/staging_dir/hostpkg/lib/go-bootstrap/pkg/tool/linux_amd64"
install -m0755 -p "/mnt/build_wrt/build_dir/hostpkg/go-1.24.13/pkg/tool/linux_amd64"/* "/mnt/build_wrt/staging_dir/hostpkg/lib/go-bootstrap/pkg/tool/linux_amd64/"
install -d -m0755 "/mnt/build_wrt/staging_dir/hostpkg/lib/go-bootstrap"
install -d -m0755 "/mnt/build_wrt/staging_dir/hostpkg/lib/go-bootstrap/src"; cd "/mnt/build_wrt/build_dir/hostpkg/go-1.24.13/src" && find . ! -type d -a \( ! -name '*.bat' -a ! -name '*.rc' \) -print0 | cpio --make-directories --null --pass-through --unconditional "/mnt/build_wrt/staging_dir/hostpkg/lib/go-bootstrap/src/"
220381 blocks
if [ -d "/mnt/build_wrt/build_dir/hostpkg/go-1.24.13/pkg/include" ]; then install -d -m0755 "/mnt/build_wrt/staging_dir/hostpkg/lib/go-bootstrap/pkg" ; cp -fpR "/mnt/build_wrt/build_dir/hostpkg/go-1.24.13/pkg/include" "/mnt/build_wrt/staging_dir/hostpkg/lib/go-bootstrap/pkg/" ; fi
rm -rf "/mnt/build_wrt/staging_dir/hostpkg/lib/go-bootstrap/pkg/linux/amd64"
install -d -m0755 "/mnt/build_wrt/staging_dir/hostpkg/bin"
install -m0755 ../go-strip-helper "/mnt/build_wrt/staging_dir/hostpkg/bin"
install -d -m0755 "/mnt/build_wrt/staging_dir/hostpkg/lib/go-bootstrap/openwrt"
install -m0755 ../go-gcc-helper "/mnt/build_wrt/staging_dir/hostpkg/lib/go-bootstrap/openwrt"
ln -sf go-gcc-helper "/mnt/build_wrt/staging_dir/hostpkg/lib/go-bootstrap/openwrt/gcc"
ln -sf go-gcc-helper "/mnt/build_wrt/staging_dir/hostpkg/lib/go-bootstrap/openwrt/g++"
mkdir -p /mnt/build_wrt/staging_dir/hostpkg/stamp
touch /mnt/build_wrt/build_dir/hostpkg/go-1.24.13/.built
touch /mnt/build_wrt/staging_dir/hostpkg/stamp/.golang-bootstrap_installed 
make[2]: Leaving directory '/mnt/build_wrt/feeds/packages/lang/golang/golang-bootstrap'
time: package/feeds/packages/golang-bootstrap/host-compile#1437.87#89.58#472.41
make[2]: Entering directory '/mnt/build_wrt/feeds/packages/lang/golang/golang1.26'
mkdir -p /mnt/build_wrt/dl
SHELL= flock /mnt/build_wrt/tmp/.go1.26.5.src.tar.gz.flock -c '  	/mnt/build_wrt/scripts/download.pl "/mnt/build_wrt/dl" "go1.26.5.src.tar.gz" "495be4bc87176ac567392e5b4116abd98466d33d7b49d41e764ccc6976b2dc42" "" "https://go.dev/dl/" "https://golang.google.cn/dl/" "https://mirrors.nju.edu.cn/golang/" "https://mirrors.ustc.edu.cn/golang/"    '
+ curl -f --connect-timeout 5 --retry 3 --location https://go.dev/dl/go1.26.5.src.tar.gz
  % Total    % Received % Xferd  Average Speed   Time    Time     Time  Current
                                 Dload  Upload   Total   Spent    Left  Speed
  0     0    0     0    0     0      0      0 --:--:-- --:--:-- --:--:--     0100    67  100    67    0     0    943      0 --:--:-- --:--:-- --:--:--   957
100 32.5M  100 32.5M    0     0  63.4M      0 --:--:-- --:--:-- --:--:-- 63.4M
tar -C "/mnt/build_wrt/build_dir/hostpkg/go-1.26.5" --strip-components=1 -xzf "/mnt/build_wrt/dl/go1.26.5.src.tar.gz"
[ ! -d ./src/ ] || cp -fpR ./src/* /mnt/build_wrt/build_dir/hostpkg/go-1.26.5
touch /mnt/build_wrt/build_dir/hostpkg/go-1.26.5/.preparedb055f5cf417b680c5ea33d56ec2ef212_6664517399ebbbc92a37c5bb081b5c53
mkdir -p "/mnt/build_wrt/tmp/go-build"
touch /mnt/build_wrt/build_dir/hostpkg/go-1.26.5/.configured
cd "/mnt/build_wrt/build_dir/hostpkg/go-1.26.5/src" ;  GOROOT_BOOTSTRAP="/mnt/build_wrt/staging_dir/hostpkg/lib/go-bootstrap" GO_LDFLAGS="-buildmode pie" GOHOSTARCH="amd64" GOCACHE="/mnt/build_wrt/tmp/go-build" GOENV=off CC="/mnt/build_wrt/staging_dir/host/bin/gcc" CXX="/mnt/build_wrt/staging_dir/host/bin/g++"  bash make.bash -v --no-banner
Building Go cmd/dist using /mnt/build_wrt/staging_dir/hostpkg/lib/go-bootstrap. (go1.24.13 linux/amd64)
cmd/dist

Building Go toolchain1 using /mnt/build_wrt/staging_dir/hostpkg/lib/go-bootstrap.
internal/unsafeheader
internal/byteorder
internal/goarch
internal/cpu
internal/coverage/rtcov
internal/abi
internal/chacha8rand
internal/godebugs
internal/goexperiment
internal/goos
internal/bytealg
internal/profilerecord
internal/runtime/atomic
internal/runtime/math
internal/runtime/sys
internal/runtime/exithook
internal/runtime/syscall
internal/stringslite
sync/atomic
math/bits
unicode
unicode/utf8
cmp
internal/itoa
math
internal/asan
internal/race
runtime
internal/sync
internal/msan
log/internal
bootstrap/cmp
bootstrap/internal/goexperiment
bootstrap/internal/goarch
bootstrap/internal/abi
crypto/internal/fips140/alias
crypto/internal/fips140deps/byteorder
crypto/internal/fips140deps/cpu
crypto/internal/boring/sig
bootstrap/math/bits
encoding
bootstrap/internal/coverage
bootstrap/internal/platform
bootstrap/internal/unsafeheader
unicode/utf16
bootstrap/internal/goversion
bootstrap/internal/runtime/gc
bootstrap/internal/gover
internal/goversion
internal/platform
internal/syslist
bootstrap/internal/race
bootstrap/cmd/compile/internal/test
bootstrap/cmd/internal/telemetry
iter
internal/reflectlite
crypto/internal/fips140/subtle
sync
slices
crypto/subtle
maps
runtime/metrics
weak
internal/testlog
internal/bisect
bootstrap/internal/bisect
unique
errors
bootstrap/sort
internal/godebug
io
strconv
internal/oserror
path
bytes
strings
syscall
hash
crypto/internal/fips140deps/godebug
reflect
bufio
crypto
crypto/internal/fips140
crypto/internal/fips140/sha256
crypto/internal/fips140/sha3
crypto/internal/fips140/sha512
math/rand/v2
crypto/internal/fips140/hmac
crypto/internal/fips140/check
crypto/internal/fips140/aes
crypto/internal/randutil
time
internal/syscall/unix
internal/syscall/execenv
bootstrap/go/build/constraint
math/rand
hash/adler32
bootstrap/internal/saferio
sort
go/build/constraint
bootstrap/internal/types/errors
net/netip
regexp/syntax
io/fs
internal/filepathlite
internal/poll
context
regexp
internal/fmtsort
encoding/binary
os
bootstrap/container/heap
hash/crc32
html
bootstrap/cmd/internal/sys
encoding/base64
bootstrap/go/version
hash/fnv
crypto/sha3
crypto/internal/fips140hash
bootstrap/internal/lazyregexp
crypto/internal/sysrand
path/filepath
fmt
internal/lazyregexp
crypto/internal/entropy
crypto/internal/fips140/drbg
crypto/internal/fips140/aes/gcm
crypto/internal/fips140only
os/exec
crypto/cipher
internal/goroot
log
bootstrap/cmd/internal/src
bootstrap/internal/buildcfg
crypto/internal/boring
crypto/sha256
bootstrap/cmd/internal/hash
bootstrap/cmd/internal/bio
flag
text/scanner
bootstrap/cmd/internal/dwarf
bootstrap/cmd/internal/goobj
bootstrap/cmd/internal/edit
bootstrap/cmd/internal/par
bootstrap/cmd/internal/objabi
bootstrap/cmd/internal/telemetry/counter
bootstrap/cmd/internal/pkgpath
bootstrap/cmd/internal/quoted
bootstrap/debug/dwarf
bootstrap/compress/flate
bootstrap/internal/zstd
bootstrap/cmd/internal/obj
go/token
bootstrap/compress/zlib
go/doc/comment
go/scanner
bootstrap/debug/elf
bootstrap/debug/macho
bootstrap/debug/pe
bootstrap/internal/xcoff
go/ast
text/tabwriter
bootstrap/cmd/internal/cov/covcmd
encoding/json
runtime/debug
bootstrap/cmd/internal/obj/arm
bootstrap/cmd/internal/obj/arm64
bootstrap/cmd/internal/obj/loong64
bootstrap/cmd/internal/obj/mips
bootstrap/cmd/internal/obj/ppc64
bootstrap/cmd/internal/obj/riscv
bootstrap/cmd/internal/obj/s390x
bootstrap/cmd/internal/obj/wasm
bootstrap/cmd/internal/obj/x86
bootstrap/cmd/asm/internal/flags
bootstrap/cmd/asm/internal/lex
go/parser
go/printer
bootstrap/cmd/compile/internal/base
math/big
bootstrap/cmd/asm/internal/arch
net/url
go/format
bootstrap/cmd/compile/internal/logopt
bootstrap/cmd/cgo
bootstrap/cmd/asm/internal/asm
bootstrap/cmd/compile/internal/bitvec
bootstrap/cmd/compile/internal/abt
encoding/hex
compress/flate
bootstrap/cmd/asm
bootstrap/go/constant
bootstrap/cmd/compile/internal/types
compress/gzip
bootstrap/internal/profile
bootstrap/cmd/compile/internal/syntax
bootstrap/cmd/internal/pgo
bootstrap/cmd/compile/internal/ir
bootstrap/cmd/compile/internal/typebits
go/doc
internal/buildcfg
bootstrap/cmd/compile/internal/types2
bootstrap/internal/pkgbits
go/build
bootstrap/cmd/internal/archive
runtime/pprof
bootstrap/internal/exportdata
runtime/trace
bootstrap/cmd/internal/codesign
bootstrap/cmd/internal/gcprog
bootstrap/cmd/internal/macho
bootstrap/cmd/link/internal/sym
bootstrap/cmd/link/internal/loader
bootstrap/cmd/link/internal/benchmark
crypto/hmac
bootstrap/cmd/link/internal/dwtest
bootstrap/cmd/link/internal/loadelf
bootstrap/cmd/link/internal/loadmacho
bootstrap/cmd/compile/internal/objw
bootstrap/cmd/compile/internal/abi
bootstrap/cmd/compile/internal/typecheck
bootstrap/cmd/compile/internal/rttype
bootstrap/cmd/compile/internal/staticdata
bootstrap/cmd/compile/internal/deadlocals
bootstrap/cmd/link/internal/loadpe
bootstrap/cmd/link/internal/loadxcoff
bootstrap/cmd/link/internal/ld
bootstrap/cmd/compile/internal/compare
bootstrap/cmd/compile/internal/pgoir
bootstrap/cmd/compile/internal/inline/inlheur
bootstrap/cmd/compile/internal/reflectdata
bootstrap/cmd/compile/internal/coverage
bootstrap/cmd/compile/internal/escape
bootstrap/cmd/compile/internal/inline
bootstrap/cmd/compile/internal/ssa
bootstrap/cmd/compile/internal/bloop
bootstrap/cmd/compile/internal/devirtualize
bootstrap/cmd/compile/internal/loopvar
bootstrap/cmd/compile/internal/inline/interleaved
bootstrap/cmd/compile/internal/importer
bootstrap/cmd/compile/internal/rangefunc
bootstrap/cmd/compile/internal/staticinit
bootstrap/cmd/compile/internal/slice
bootstrap/cmd/link/internal/amd64
bootstrap/cmd/link/internal/arm
bootstrap/cmd/link/internal/arm64
bootstrap/cmd/link/internal/loong64
bootstrap/cmd/link/internal/mips
bootstrap/cmd/link/internal/mips64
bootstrap/cmd/link/internal/ppc64
bootstrap/cmd/link/internal/riscv64
bootstrap/cmd/link/internal/s390x
bootstrap/cmd/link/internal/wasm
bootstrap/cmd/link/internal/x86
bootstrap/cmd/link
bootstrap/cmd/compile/internal/liveness
bootstrap/cmd/compile/internal/ssagen
bootstrap/cmd/compile/internal/arm
bootstrap/cmd/compile/internal/arm64
bootstrap/cmd/compile/internal/dwarfgen
bootstrap/cmd/compile/internal/amd64
bootstrap/cmd/compile/internal/walk
bootstrap/cmd/compile/internal/noder
bootstrap/cmd/compile/internal/loong64
bootstrap/cmd/compile/internal/mips
bootstrap/cmd/compile/internal/mips64
bootstrap/cmd/compile/internal/ppc64
bootstrap/cmd/compile/internal/riscv64
bootstrap/cmd/compile/internal/s390x
bootstrap/cmd/compile/internal/wasm
bootstrap/cmd/compile/internal/x86
bootstrap/cmd/compile/internal/pkginit
bootstrap/cmd/compile/internal/gc
bootstrap/cmd/compile

Building Go bootstrap cmd/go (go_bootstrap) using Go toolchain1.
runtime
internal/abi
math/bits
internal/runtime/math
internal/byteorder
internal/godebugs
internal/cpu
internal/stringslite
internal/chacha8rand
internal/runtime/sys
internal/runtime/cgroup
internal/bytealg
internal/profilerecord
internal/runtime/pprof/label
internal/goarch
internal/runtime/gc
internal/strconv
internal/goexperiment
internal/runtime/syscall/linux
internal/runtime/exithook
internal/trace/tracev2
internal/runtime/atomic
internal/goos
internal/coverage/rtcov
internal/runtime/maps
internal/race
internal/asan
internal/msan
time/tzdata
syscall
errors
internal/reflectlite
internal/unsafeheader
sync
sync/atomic
internal/synctest
internal/sync
slices
internal/oserror
iter
cmp
cmd/go
cmd/go/internal/toolchain
cmd/go/internal/test
cmd/internal/telemetry/counter
cmd/go/internal/help
cmd/go/internal/telemetrycmd
fmt
cmd/go/internal/cfg
cmd/go/internal/doc
cmd/go/internal/fmtcmd
os
cmd/internal/sys
runtime/trace
cmd/go/internal/trace
cmd/internal/telemetry
context
cmd/go/internal/envcmd
cmd/go/internal/work
cmd/go/internal/bug
cmd/go/internal/list
cmd/go/internal/version
cmd/go/internal/vet
cmd/go/internal/modload
internal/buildcfg
strings
cmd/go/internal/modfetch
cmd/go/internal/tool
flag
cmd/go/internal/run
cmd/go/internal/modcmd
unicode
text/template
unicode/utf8
log
cmd/go/internal/base
cmd/go/internal/modget
bufio
io
cmd/go/internal/telemetrystats
cmd/go/internal/clean
path/filepath
internal/fmtsort
cmd/go/internal/generate
strconv
reflect
math
cmd/go/internal/cache
cmd/go/internal/fsys
cmd/vendor/golang.org/x/mod/modfile
cmd/go/internal/load
cmd/go/internal/workcmd
encoding/binary
cmd/go/internal/cacheprog
cmd/go/internal/lockedfile
cmd/go/internal/str
encoding/json
bytes
cmd/go/internal/imports
io/fs
path
cmd/vendor/golang.org/x/mod/sumdb/dirhash
cmd/go/internal/gover
cmd/go/internal/modfetch/codehost
time
encoding/hex
crypto/sha256
cmd/go/internal/mmap
hash
internal/godebug
encoding/base64
os/exec
sort
cmd/vendor/golang.org/x/mod/module
cmd/internal/quoted
go/build
internal/trace/traceviewer/format
internal/bisect
cmd/go/internal/web
regexp
net/url
encoding
maps
cmd/internal/par
math/rand
unicode/utf16
go/parser
cmd/go/internal/modindex
internal/platform
go/ast
cmd/go/internal/lockedfile/internal/filelock
go/token
os/signal
go/build/constraint
internal/syslist
go/doc
go/format
go/printer
cmd/vendor/golang.org/x/mod/semver
archive/zip
hash/crc32
internal/lazyregexp
encoding/xml
compress/flate
cmd/go/internal/cmdflag
debug/buildinfo
cmd/go/internal/vcs
go/internal/scannerhooks
crypto/internal/fips140/sha256
crypto/internal/boring
cmd/internal/robustio
cmd/vendor/golang.org/x/mod/zip
crypto
go/scanner
runtime/debug
internal/poll
internal/syscall/unix
internal/diff
internal/goversion
cmd/go/internal/modinfo
cmd/go/internal/search
cmd/go/internal/mvs
cmd/go/internal/fips140
cmd/internal/pkgpattern
internal/gover
internal/goroot
internal/cfg
cmd/internal/pathcache
internal/filepathlite
debug/elf
internal/zstd
internal/saferio
debug/macho
debug/pe
debug/plan9obj
compress/zlib
internal/xcoff
debug/dwarf
internal/singleflight
hash/adler32
net/netip
cmd/vendor/golang.org/x/sync/semaphore
log/internal
internal/syscall/execenv
cmd/vendor/golang.org/x/mod/internal/lazyregexp
crypto/internal/impl
container/list
crypto/internal/fips140
crypto/internal/fips140deps/godebug
crypto/internal/fips140deps/byteorder
crypto/internal/fips140deps/cpu
internal/testlog
text/template/parse
crypto/internal/boring/sig
internal/lazytemplate
regexp/syntax
crypto/cipher
cmd/internal/objabi
go/version
cmd/internal/test2json
internal/coverage
unique
weak
go/doc/comment
text/tabwriter
crypto/internal/fips140/aes/gcm
crypto/subtle
crypto/internal/constanttime
crypto/internal/fips140only
crypto/internal/fips140/drbg
crypto/internal/sysrand
crypto/internal/fips140/sha512
crypto/internal/fips140/aes
crypto/internal/fips140/subtle
crypto/internal/fips140/sha3
crypto/internal/fips140/check
crypto/fips140
crypto/internal/entropy/v1.0.0
crypto/internal/fips140/alias
crypto/internal/fips140deps/time
crypto/sha1
container/heap
cmd/internal/buildid
cmd/internal/macho
cmd/internal/cov/covcmd
cmd/internal/pkgpath
cmd/internal/codesign
crypto/internal/fips140/hmac
cmd/internal/hash


Building Go toolchain2 using go_bootstrap and Go toolchain1.
internal/goarch
internal/byteorder
internal/unsafeheader
internal/cpu
internal/coverage/rtcov
internal/abi
internal/godebugs
internal/goexperiment
internal/goos
internal/profilerecord
internal/runtime/atomic
internal/runtime/syscall/linux
internal/bytealg
internal/chacha8rand
math/bits
internal/runtime/exithook
internal/runtime/gc
internal/strconv
internal/runtime/sys
internal/asan
internal/runtime/gc/scan
internal/msan
internal/runtime/math
internal/runtime/pprof/label
internal/stringslite
internal/race
internal/trace/tracev2
sync/atomic
internal/runtime/maps
internal/synctest
unicode
internal/runtime/cgroup
internal/sync
unicode/utf8
cmp
math
log/internal
crypto/internal/fips140/alias
crypto/internal/fips140deps/byteorder
crypto/internal/fips140deps/cpu
runtime
crypto/internal/constanttime
crypto/internal/fips140/subtle
crypto/subtle
crypto/internal/boring/sig
encoding
internal/gover
internal/coverage
unicode/utf16
internal/platform
internal/goversion
internal/syslist
sync
internal/reflectlite
runtime/metrics
iter
slices
maps
weak
sort
errors
internal/bisect
internal/testlog
io
strconv
internal/oserror
path
internal/godebug
bytes
strings
reflect
hash
syscall
crypto
bufio
crypto/internal/fips140deps/godebug
crypto/internal/fips140
crypto/internal/impl
crypto/internal/fips140/sha256
crypto/internal/fips140/sha3
crypto/internal/fips140/sha512
encoding/base64
crypto/internal/fips140/hmac
crypto/internal/fips140/check
crypto/internal/fips140/aes
crypto/fips140
go/build/constraint
go/version
math/rand
hash/adler32
internal/saferio
regexp/syntax
time
internal/syscall/unix
internal/syscall/execenv
internal/types/errors
unique
net/netip
regexp
internal/fmtsort
encoding/binary
io/fs
internal/poll
internal/filepathlite
context
crypto/internal/fips140deps/time
crypto/internal/entropy/v1.0.0
cmd/internal/sys
container/heap
hash/crc32
html
hash/fnv
crypto/sha3
os
crypto/internal/fips140hash
crypto/internal/sysrand
fmt
path/filepath
internal/lazyregexp
crypto/internal/fips140/drbg
crypto/internal/fips140only
crypto/internal/fips140/aes/gcm
os/exec
crypto/cipher
internal/goroot
crypto/internal/boring
log
cmd/internal/src
internal/buildcfg
crypto/sha256
cmd/internal/hash
flag
cmd/internal/bio
text/scanner
cmd/internal/dwarf
cmd/internal/goobj
cmd/vendor/golang.org/x/telemetry/internal/mmap
cmd/internal/objabi
runtime/debug
cmd/internal/edit
cmd/internal/par
cmd/internal/pkgpath
cmd/internal/quoted
debug/dwarf
compress/flate
cmd/internal/obj
cmd/vendor/golang.org/x/telemetry/internal/telemetry
cmd/vendor/golang.org/x/telemetry/internal/counter
compress/zlib
cmd/vendor/golang.org/x/telemetry/counter
cmd/internal/telemetry/counter
internal/zstd
go/token
debug/macho
debug/pe
debug/elf
cmd/internal/obj/arm
cmd/internal/obj/arm64
cmd/internal/obj/loong64
cmd/internal/obj/mips
cmd/internal/obj/ppc64
cmd/internal/obj/riscv
cmd/internal/obj/s390x
cmd/internal/obj/wasm
cmd/internal/obj/x86
cmd/asm/internal/flags
cmd/asm/internal/lex
go/internal/scannerhooks
go/scanner
go/ast
go/doc/comment
text/tabwriter
internal/xcoff
cmd/internal/cov/covcmd
encoding/json
math/big
cmd/asm/internal/arch
go/parser
cmd/asm/internal/asm
cmd/asm
go/printer
cmd/compile/internal/base
go/constant
net/url
cmd/compile/internal/bitvec
cmd/compile/internal/abt
encoding/hex
compress/gzip
cmd/compile/internal/types
go/format
cmd/compile/internal/logopt
cmd/cgo
internal/profile
cmd/compile/internal/syntax
cmd/compile/internal/ir
cmd/compile/internal/typebits
cmd/internal/pgo
go/doc
cmd/compile/internal/types2
go/build
internal/pkgbits
cmd/internal/archive
runtime/pprof
internal/exportdata
runtime/trace
cmd/compile/internal/objw
cmd/compile/internal/abi
cmd/compile/internal/typecheck
cmd/compile/internal/rttype
cmd/compile/internal/staticdata
cmd/compile/internal/deadlocals
cmd/internal/codesign
cmd/internal/gcprog
cmd/internal/macho
cmd/link/internal/benchmark
cmd/link/internal/sym
crypto/hmac
cmd/preprofile
cmd/link/internal/loader
cmd/compile/internal/compare
cmd/compile/internal/reflectdata
cmd/compile/internal/pgoir
cmd/compile/internal/inline/inlheur
cmd/compile/internal/ssa
cmd/compile/internal/inline
cmd/compile/internal/bloop
cmd/compile/internal/coverage
cmd/compile/internal/escape
cmd/compile/internal/devirtualize
cmd/compile/internal/loopvar
cmd/compile/internal/importer
cmd/compile/internal/inline/interleaved
cmd/compile/internal/rangefunc
cmd/compile/internal/staticinit
cmd/compile/internal/slice
cmd/link/internal/loadelf
cmd/link/internal/loadmacho
cmd/link/internal/loadpe
cmd/link/internal/loadxcoff
cmd/link/internal/ld
cmd/link/internal/amd64
cmd/link/internal/arm
cmd/link/internal/arm64
cmd/link/internal/loong64
cmd/link/internal/mips
cmd/link/internal/mips64
cmd/link/internal/ppc64
cmd/link/internal/riscv64
cmd/link/internal/s390x
cmd/link/internal/wasm
cmd/link/internal/x86
cmd/link
cmd/compile/internal/liveness
cmd/compile/internal/ssagen
cmd/compile/internal/arm64
cmd/compile/internal/arm
cmd/compile/internal/dwarfgen
cmd/compile/internal/amd64
cmd/compile/internal/noder
cmd/compile/internal/walk
cmd/compile/internal/loong64
cmd/compile/internal/mips
cmd/compile/internal/mips64
cmd/compile/internal/ppc64
cmd/compile/internal/riscv64
cmd/compile/internal/s390x
cmd/compile/internal/wasm
cmd/compile/internal/x86
cmd/compile/internal/pkginit
cmd/compile/internal/gc
cmd/compile

Building Go toolchain3 using go_bootstrap and Go toolchain2.
internal/goarch
internal/unsafeheader
internal/byteorder
internal/cpu
internal/coverage/rtcov
internal/abi
internal/godebugs
internal/goexperiment
internal/goos
internal/profilerecord
internal/runtime/atomic
internal/runtime/syscall/linux
internal/bytealg
internal/chacha8rand
math/bits
internal/strconv
internal/runtime/exithook
internal/runtime/gc
internal/runtime/sys
internal/asan
internal/msan
internal/runtime/gc/scan
internal/runtime/math
internal/runtime/pprof/label
internal/race
internal/stringslite
internal/runtime/maps
internal/runtime/cgroup
internal/trace/tracev2
sync/atomic
internal/synctest
unicode
unicode/utf8
cmp
internal/sync
math
log/internal
crypto/internal/fips140/alias
crypto/internal/fips140deps/byteorder
runtime
crypto/internal/fips140deps/cpu
crypto/internal/constanttime
crypto/internal/fips140/subtle
crypto/subtle
crypto/internal/boring/sig
encoding
internal/gover
unicode/utf16
internal/platform
internal/goarch
internal/unsafeheader
internal/abi
internal/cpu
internal/byteorder
internal/coverage/rtcov
internal/godebugs
internal/bytealg
internal/chacha8rand
internal/goexperiment
internal/goos
internal/profilerecord
internal/runtime/atomic
internal/runtime/syscall/linux
math/bits
internal/runtime/exithook
internal/runtime/gc
internal/strconv
internal/runtime/sys
internal/asan
internal/msan
internal/runtime/gc/scan
internal/race
internal/runtime/math
internal/runtime/maps
internal/runtime/pprof/label
internal/runtime/cgroup
internal/stringslite
internal/trace/tracev2
sync/atomic
internal/synctest
unicode
internal/sync
unicode/utf8
runtime
crypto/internal/fips140/alias
crypto/internal/fips140deps/byteorder
crypto/internal/fips140deps/cpu
crypto/internal/constanttime
crypto/internal/fips140/subtle
cmp
math
crypto/subtle
crypto/internal/boring/sig
internal/coverage
log/internal
encoding
internal/gover
unicode/utf16
internal/platform
internal/goversion
internal/syslist
internal/reflectlite
sync
iter
slices
maps
internal/testlog
internal/bisect
internal/godebug
errors
sort
io
strconv
bytes
strings
reflect
internal/oserror
path
syscall
bufio
hash
crypto
crypto/internal/fips140deps/godebug
crypto/internal/fips140
crypto/internal/impl
crypto/internal/fips140/sha256
crypto/internal/fips140/sha3
crypto/internal/fips140/sha512
time
internal/syscall/unix
internal/syscall/execenv
crypto/internal/fips140/hmac
encoding/base64
crypto/internal/fips140/check
crypto/internal/fips140/aes
crypto/fips140
go/build/constraint
go/version
math/rand
hash/adler32
internal/saferio
regexp/syntax
internal/fmtsort
encoding/binary
internal/reflectlite
io/fs
internal/filepathlite
internal/poll
context
crypto/internal/fips140deps/time
crypto/internal/entropy/v1.0.0
cmd/internal/sys
regexp
errors
sync
iter
strconv
os
internal/oserror
slices
path
sort
io
internal/bisect
internal/godebug
bytes
hash
crypto
strings
crypto/internal/fips140deps/godebug
syscall
internal/testlog
reflect
fmt
path/filepath
os/exec
crypto/internal/sysrand
crypto/internal/fips140/drbg
log
cmd/internal/src
internal/buildcfg
cmd/internal/bio
crypto/internal/fips140/aes/gcm
crypto/internal/fips140only
cmd/internal/dwarf
cmd/internal/goobj
crypto/cipher
crypto/internal/boring
flag
crypto/sha256
text/scanner
cmd/internal/hash
cmd/vendor/golang.org/x/telemetry/internal/mmap
runtime/debug
cmd/internal/edit
cmd/internal/par
cmd/internal/objabi
cmd/internal/pkgpath
cmd/internal/quoted
cmd/vendor/golang.org/x/telemetry/internal/telemetry
debug/dwarf
compress/flate
cmd/vendor/golang.org/x/telemetry/internal/counter
cmd/internal/obj
compress/zlib
cmd/vendor/golang.org/x/telemetry/counter
cmd/internal/telemetry/counter
internal/zstd
go/token
go/internal/scannerhooks
go/scanner
go/doc/comment
debug/elf
debug/macho
debug/pe
cmd/internal/obj/arm
cmd/internal/obj/arm64
cmd/internal/obj/loong64
cmd/internal/obj/mips
cmd/internal/obj/ppc64
cmd/internal/obj/riscv
cmd/internal/obj/s390x
cmd/internal/obj/wasm
cmd/internal/obj/x86
cmd/asm/internal/flags
cmd/asm/internal/lex
go/ast
text/tabwriter
internal/xcoff
crypto/internal/fips140
crypto/internal/impl
crypto/internal/fips140/sha256
crypto/internal/fips140/sha3
crypto/internal/fips140/sha512
time
crypto/internal/fips140/hmac
cmd/asm/internal/arch
go/parser
go/printer
cmd/asm/internal/asm
cmd/asm
crypto/internal/fips140/check
crypto/internal/fips140/aes
crypto/internal/fips140deps/time
go/format
crypto/internal/entropy/v1.0.0
cmd/cgo
internal/syscall/unix
io/fs
internal/poll
internal/filepathlite
internal/syscall/execenv
crypto/fips140
internal/fmtsort
bufio
os
context
encoding/binary
encoding/base64
go/version
math/rand
cmd/internal/sys
internal/types/errors
runtime/metrics
regexp/syntax
weak
unique
container/heap
hash/crc32
net/netip
crypto/internal/sysrand
fmt
path/filepath
crypto/internal/fips140/drbg
crypto/internal/fips140/aes/gcm
crypto/internal/fips140only
os/exec
crypto/cipher
regexp
crypto/internal/boring
crypto/sha256
cmd/internal/hash
cmd/internal/cov/covcmd
log
cmd/internal/src
internal/buildcfg
flag
cmd/internal/bio
cmd/vendor/golang.org/x/telemetry/internal/mmap
runtime/debug
cmd/internal/dwarf
cmd/internal/goobj
cmd/internal/objabi
cmd/vendor/golang.org/x/telemetry/internal/telemetry
cmd/vendor/golang.org/x/telemetry/internal/counter
encoding/json
go/token
cmd/internal/obj
math/big
cmd/vendor/golang.org/x/telemetry/counter
cmd/internal/telemetry/counter
internal/lazyregexp
net/url
cmd/compile/internal/abt
encoding/hex
html
compress/flate
go/constant
maps
go/build/constraint
cmd/compile/internal/base
cmd/compile/internal/logopt
cmd/internal/obj/arm
cmd/internal/obj/arm64
cmd/internal/obj/loong64
cmd/compile/internal/types
cmd/compile/internal/bitvec
cmd/internal/obj/mips
cmd/compile/internal/ir
cmd/compile/internal/typebits
cmd/internal/obj/ppc64
cmd/internal/obj/riscv
cmd/internal/obj/s390x
cmd/internal/obj/wasm
cmd/internal/obj/x86
compress/gzip
internal/profile
cmd/compile/internal/objw
cmd/compile/internal/abi
cmd/compile/internal/typecheck
cmd/compile/internal/rttype
cmd/compile/internal/staticdata
cmd/internal/pgo
cmd/compile/internal/deadlocals
cmd/compile/internal/syntax
go/internal/scannerhooks
go/scanner
go/doc/comment
go/ast
internal/goroot
internal/saferio
internal/pkgbits
cmd/compile/internal/compare
cmd/compile/internal/pgoir
cmd/compile/internal/reflectdata
cmd/compile/internal/coverage
cmd/compile/internal/inline/inlheur
cmd/compile/internal/escape
cmd/compile/internal/loopvar
cmd/compile/internal/types2
cmd/compile/internal/ssa
cmd/compile/internal/inline
cmd/compile/internal/bloop
go/doc
cmd/compile/internal/devirtualize
cmd/compile/internal/inline/interleaved
go/parser
cmd/compile/internal/staticinit
cmd/compile/internal/slice
hash/fnv
go/build
cmd/internal/archive
text/tabwriter
runtime/pprof
internal/exportdata
runtime/trace
cmd/internal/codesign
cmd/internal/gcprog
cmd/internal/macho
hash/crc32
cmd/link/internal/sym
compress/gzip
cmd/link/internal/loader
runtime/pprof
cmd/link/internal/loadelf
cmd/link/internal/benchmark
cmd/link/internal/loadmacho
cmd/compile/internal/importer
cmd/compile/internal/rangefunc
cmd/link/internal/loadpe
cmd/link/internal/loadxcoff
crypto/sha3
encoding/hex
encoding/json
crypto/internal/fips140hash
internal/profile
crypto/hmac
cmd/internal/pgo
cmd/preprofile
cmd/link/internal/ld
cmd/link/internal/amd64
cmd/link/internal/arm64
cmd/link/internal/arm
cmd/link/internal/loong64
cmd/link/internal/mips
cmd/link/internal/mips64
cmd/link/internal/ppc64
cmd/link/internal/riscv64
cmd/link/internal/s390x
cmd/link/internal/wasm
cmd/link/internal/x86
cmd/link
cmd/compile/internal/liveness
cmd/compile/internal/ssagen
cmd/compile/internal/arm
cmd/compile/internal/arm64
cmd/compile/internal/amd64
cmd/compile/internal/dwarfgen
cmd/compile/internal/walk
cmd/compile/internal/loong64
cmd/compile/internal/noder
cmd/compile/internal/mips
cmd/compile/internal/mips64
cmd/compile/internal/ppc64
cmd/compile/internal/riscv64
cmd/compile/internal/s390x
cmd/compile/internal/wasm
cmd/compile/internal/x86
cmd/compile/internal/pkginit
cmd/compile/internal/gc
cmd/compile

Building packages and commands for linux/amd64.
internal/goarch
internal/unsafeheader
internal/byteorder
internal/cpu
internal/coverage/rtcov
internal/abi
internal/godebugs
internal/goexperiment
internal/goos
internal/profilerecord
internal/runtime/atomic
internal/chacha8rand
internal/bytealg
internal/runtime/syscall/linux
math/bits
internal/runtime/gc
internal/runtime/exithook
internal/runtime/sys
internal/strconv
internal/asan
internal/msan
internal/runtime/gc/scan
internal/runtime/math
internal/race
internal/runtime/pprof/label
internal/runtime/maps
internal/stringslite
internal/trace/tracev2
sync/atomic
internal/synctest
unicode
internal/runtime/cgroup
unicode/utf8
internal/sync
cmp
math
container/list
runtime
container/ring
crypto/internal/fips140/alias
crypto/internal/fips140deps/byteorder
crypto/internal/fips140deps/cpu
crypto/internal/constanttime
crypto/internal/boring/sig
crypto/internal/fips140/subtle
unicode/utf16
crypto/subtle
vendor/golang.org/x/crypto/cryptobyte/asn1
vendor/golang.org/x/crypto/internal/alias
crypto/internal/boring/bcache
encoding
internal/cfg
internal/platform
crypto/internal/fips140deps
internal/nettrace
log/internal
internal/goversion
internal/syslist
internal/gover
image/color
internal/coverage
internal/coverage/calloc
internal/coverage/uleb128
image/color/palette
internal/runtime/startlinetest
internal/trace/traceviewer/format
log/slog/internal
math/cmplx
reflect/internal/example1
reflect/internal/example2
runtime/race/internal/amd64v1
structs
runtime/race
iter
internal/reflectlite
sync
weak
runtime/metrics
slices
maps
internal/testlog
internal/bisect
errors
sort
io
strconv
internal/oserror
path
reflect
internal/godebug
bytes
syscall
strings
time
internal/syscall/unix
internal/syscall/execenv
bufio
hash
runtime/cgo
hash/crc32
compress/bzip2
internal/fmtsort
encoding/binary
io/fs
internal/poll
hash/adler32
internal/filepathlite
container/heap
context
crypto
crypto/internal/fips140deps/godebug
crypto/internal/fips140
crypto/internal/impl
crypto/internal/fips140/sha3
crypto/internal/fips140deps/time
os
crypto/internal/fips140/sha256
crypto/internal/fips140/sha512
crypto/internal/entropy/v1.0.0
math/rand/v2
crypto/internal/fips140/hmac
math/rand
crypto/internal/fips140/check
crypto/internal/randutil
crypto/internal/fips140/aes
crypto/fips140
crypto/internal/fips140/edwards25519/field
crypto/internal/fips140/nistec/fiat
crypto/internal/fips140/bigmod
crypto/internal/fips140cache
crypto/sha3
crypto/internal/fips140hash
internal/saferio
crypto/internal/fips140/edwards25519
crypto/internal/fips140/hkdf
vendor/golang.org/x/crypto/internal/poly1305
encoding/base64
fmt
path/filepath
crypto/internal/sysrand
crypto/internal/fips140/drbg
vendor/golang.org/x/sys/cpu
crypto/internal/fips140/aes/gcm
crypto/internal/fips140only
crypto/internal/fips140/nistec
crypto/internal/fips140/ed25519
crypto/cipher
crypto/hkdf
crypto/internal/fips140/mlkem
compress/flate
compress/lzw
crypto/internal/boring
crypto/aes
crypto/des
archive/zip
compress/gzip
os/user
compress/zlib
crypto/internal/rand
math/big
crypto/internal/fips140/ecdh
archive/tar
crypto/ecdh
crypto/internal/fips140/ecdsa
crypto/sha512
crypto/hmac
crypto/mlkem
crypto/sha256
vendor/golang.org/x/crypto/chacha20
encoding/json
vendor/golang.org/x/crypto/chacha20poly1305
crypto/hpke
flag
crypto/dsa
crypto/elliptic
crypto/internal/boring/bbig
encoding/asn1
crypto/rand
crypto/ed25519
os/exec
internal/sysinfo
runtime/debug
runtime/trace
crypto/internal/entropy
crypto/internal/fips140/check/checktest
crypto/internal/fips140/mldsa
crypto/internal/fips140/pbkdf2
vendor/golang.org/x/crypto/cryptobyte
crypto/internal/fips140/rsa
testing
crypto/ecdsa
crypto/internal/fips140/ssh
crypto/internal/fips140/tls12
crypto/internal/fips140/tls13
crypto/md5
crypto/mlkem/mlkemtest
crypto/pbkdf2
crypto/rc4
crypto/rsa
crypto/internal/sysrand/internal/seccomp
crypto/sha1
crypto/tls/internal/fips140tls
encoding/hex
encoding/pem
internal/testenv
internal/testhash
crypto/x509/pkix
vendor/golang.org/x/net/dns/dnsmessage
internal/singleflight
unique
database/sql/driver
database/sql
net/netip
crypto/internal/cryptotest
debug/dwarf
internal/zstd
net/url
debug/macho
debug/elf
debug/pe
debug/plan9obj
internal/xcoff
debug/gosym
embed
encoding/ascii85
encoding/base32
debug/buildinfo
encoding/csv
encoding/gob
encoding/xml
log
net
vendor/golang.org/x/text/transform
vendor/golang.org/x/text/unicode/bidi
vendor/golang.org/x/text/unicode/norm
vendor/golang.org/x/text/secure/bidirule
vendor/golang.org/x/net/http2/hpack
mime
mime/quotedprintable
net/http/internal
net/http/internal/ascii
go/token
go/build/constraint
vendor/golang.org/x/net/idna
go/internal/scannerhooks
go/doc/comment
go/scanner
go/ast
regexp/syntax
internal/buildcfg
internal/goroot
go/constant
crypto/x509
net/textproto
vendor/golang.org/x/net/http/httpproxy
regexp
vendor/golang.org/x/net/http/httpguts
mime/multipart
go/parser
internal/lazyregexp
text/tabwriter
go/doc
go/printer
go/version
go/build
internal/types/errors
go/types
crypto/tls
go/format
text/scanner
internal/pkgbits
internal/exportdata
hash/crc64
hash/fnv
hash/maphash
html
text/template/parse
image
text/template
image/internal/imageutil
image/draw
image/gif
image/jpeg
html/template
image/png
index/suffixarray
internal/cgrouptest
internal/coverage/cmerge
internal/coverage/cformat
internal/coverage/slicereader
internal/coverage/stringtab
net/http/httptrace
internal/coverage/decodecounter
internal/coverage/decodemeta
net/http/internal/httpcommon
internal/coverage/slicewriter
internal/coverage/encodemeta
internal/coverage/encodecounter
internal/coverage/pods
net/http
internal/dag
internal/coverage/cfile
internal/diff
internal/fuzz
internal/lazytemplate
internal/obscuretestdata
internal/profile
go/internal/gccgoimporter
go/internal/gcimporter
go/internal/srcimporter
internal/runtime/gc/internal/gen
go/importer
internal/runtime/cgobench
internal/trace/version
internal/trace/internal/tracev1
internal/testpty
internal/trace/raw
internal/trace
internal/txtar
io/ioutil
log/slog/internal/buffer
log/slog
log/syslog
math/big/internal/asmgen
net/http/internal/testcert
runtime/pprof
log/slog/internal/benchmarks
net/internal/socktest
net/mail
internal/trace/internal/testgen
internal/trace/testtrace
net/smtp
os/exec/internal/fdtest
os/signal
runtime/coverage
testing/cryptotest
testing/iotest
testing/internal/testdeps
testing/quick
testing/fstest
testing/slogtest
testing/synctest
time/tzdata
plugin
vendor/golang.org/x/net/nettest
expvar
internal/trace/traceviewer
net/http/cgi
net/http/cookiejar
net/http/httptest
net/http/httputil
net/http/fcgi
net/http/pprof
net/rpc
net/rpc/jsonrpc
internal/cfg
container/list
vendor/golang.org/x/crypto/cryptobyte/asn1
cmd/go/internal/str
cmd/internal/pathcache
os/signal
cmd/go/internal/cacheprog
cmd/go/internal/lockedfile/internal/filelock
cmd/go/internal/fsys
cmd/go/internal/lockedfile
cmd/go/internal/mmap
archive/zip
cmd/vendor/golang.org/x/mod/internal/lazyregexp
cmd/vendor/golang.org/x/mod/semver
cmd/vendor/golang.org/x/mod/module
math/rand/v2
cmd/go/internal/cfg
crypto/internal/randutil
cmd/go/internal/base
crypto/internal/rand
cmd/vendor/golang.org/x/mod/modfile
crypto/rand
crypto/aes
crypto/des
crypto/internal/fips140/nistec/fiat
crypto/internal/fips140/edwards25519/field
cmd/go/internal/cache
crypto/internal/boring/bbig
crypto/internal/fips140/bigmod
cmd/go/internal/gover
crypto/internal/fips140cache
crypto/sha512
encoding/asn1
crypto/internal/fips140/edwards25519
crypto/internal/fips140/hkdf
crypto/hkdf
crypto/internal/fips140/mlkem
crypto/internal/fips140/ed25519
crypto/mlkem
crypto/ed25519
vendor/golang.org/x/crypto/internal/alias
vendor/golang.org/x/crypto/chacha20
vendor/golang.org/x/crypto/cryptobyte
crypto/internal/fips140/nistec
vendor/golang.org/x/crypto/internal/poly1305
vendor/golang.org/x/sys/cpu
crypto/internal/fips140/tls12
vendor/golang.org/x/crypto/chacha20poly1305
crypto/internal/fips140/tls13
crypto/md5
crypto/rc4
crypto/internal/fips140/rsa
crypto/sha1
crypto/tls/internal/fips140tls
crypto/dsa
crypto/x509/pkix
encoding/pem
vendor/golang.org/x/net/dns/dnsmessage
internal/nettrace
internal/singleflight
vendor/golang.org/x/text/transform
crypto/rsa
vendor/golang.org/x/text/unicode/bidi
vendor/golang.org/x/text/unicode/norm
net
crypto/internal/fips140/ecdh
crypto/elliptic
crypto/ecdh
crypto/internal/fips140/ecdsa
crypto/hpke
crypto/ecdsa
vendor/golang.org/x/text/secure/bidirule
vendor/golang.org/x/net/http2/hpack
vendor/golang.org/x/net/idna
mime
mime/quotedprintable
net/http/internal
net/http/internal/ascii
cmd/internal/browser
encoding/xml
internal/trace/traceviewer/format
cmd/go/internal/trace
cmd/internal/pkgpattern
cmd/internal/robustio
cmd/go/internal/search
cmd/vendor/golang.org/x/mod/sumdb/note
crypto/x509
net/textproto
vendor/golang.org/x/net/http/httpproxy
cmd/vendor/golang.org/x/mod/sumdb/tlog
vendor/golang.org/x/net/http/httpguts
mime/multipart
cmd/vendor/golang.org/x/mod/sumdb/dirhash
cmd/vendor/golang.org/x/mod/zip
cmd/go/internal/imports
cmd/go/internal/mvs
cmd/go/internal/modindex
internal/diff
text/template/parse
cmd/internal/buildid
cmd/vendor/golang.org/x/sync/errgroup
cmd/vendor/golang.org/x/telemetry/internal/crashmonitor
text/template
cmd/vendor/golang.org/x/telemetry/internal/config
cmd/vendor/golang.org/x/telemetry/internal/configstore
crypto/tls
cmd/go/internal/doc
cmd/vendor/golang.org/x/sync/semaphore
cmd/vendor/golang.org/x/sys/unix
cmd/go/internal/cmdflag
cmd/internal/test2json
debug/plan9obj
internal/lazytemplate
cmd/go/internal/help
debug/buildinfo
cmd/gofmt
cmd/go/internal/version
cmd/vendor/golang.org/x/tools/cover
html/template
internal/coverage/slicereader
internal/coverage/uleb128
internal/coverage/stringtab
internal/coverage/encodemeta
internal/coverage/slicewriter
go/types
cmd/vendor/golang.org/x/tools/internal/packagepath
cmd/cover
cmd/vendor/golang.org/x/tools/internal/stdlib
net/http/httptrace
net/http/internal/httpcommon
net/http
cmd/vendor/golang.org/x/tools/go/ast/edge
cmd/vendor/golang.org/x/tools/go/ast/inspector
hash/maphash
embed
cmd/vendor/golang.org/x/tools/internal/moreiters
encoding/gob
cmd/vendor/golang.org/x/tools/go/ast/astutil
cmd/vendor/golang.org/x/tools/internal/astutil/free
cmd/vendor/golang.org/x/tools/internal/diff/lcs
cmd/vendor/golang.org/x/tools/internal/diff
cmd/vendor/golang.org/x/tools/internal/cfginternal
cmd/vendor/golang.org/x/tools/go/cfg
cmd/vendor/golang.org/x/tools/internal/fmtstr
cmd/vendor/golang.org/x/tools/go/analysis
cmd/vendor/golang.org/x/tools/internal/versions
cmd/vendor/golang.org/x/tools/internal/aliases
go/internal/gccgoimporter
cmd/vendor/golang.org/x/tools/internal/typeparams
cmd/vendor/golang.org/x/tools/internal/analysis/analyzerutil
cmd/vendor/golang.org/x/tools/go/analysis/passes/buildtag
cmd/vendor/golang.org/x/tools/go/analysis/passes/inspect
cmd/vendor/golang.org/x/tools/go/types/typeutil
cmd/vendor/golang.org/x/tools/internal/astutil
cmd/vendor/golang.org/x/tools/internal/goplsexport
go/internal/gcimporter
cmd/vendor/golang.org/x/tools/internal/typesinternal
cmd/vendor/golang.org/x/tools/go/analysis/passes/internal/gofixdirective
go/internal/srcimporter
cmd/vendor/golang.org/x/tools/go/analysis/internal/analysisflags
go/importer
cmd/vendor/golang.org/x/tools/internal/typesinternal/typeindex
cmd/vendor/golang.org/x/tools/internal/analysis/driverutil
cmd/vendor/golang.org/x/tools/go/types/objectpath
cmd/vendor/golang.org/x/tools/go/analysis/passes/appends
cmd/vendor/golang.org/x/tools/internal/analysis/typeindex
cmd/vendor/golang.org/x/tools/go/analysis/passes/hostport
cmd/vendor/golang.org/x/tools/internal/refactor
cmd/vendor/golang.org/x/tools/internal/facts
cmd/vendor/golang.org/x/tools/go/analysis/passes/asmdecl
cmd/vendor/golang.org/x/tools/internal/refactor/inline
cmd/vendor/golang.org/x/tools/go/analysis/passes/modernize
cmd/go/internal/web/intercept
cmd/go/internal/auth
cmd/vendor/golang.org/x/mod/sumdb
cmd/go/internal/web
cmd/vendor/golang.org/x/telemetry/internal/upload
cmd/go/internal/modfetch/codehost
cmd/go/internal/vcs
cmd/vendor/golang.org/x/telemetry
cmd/internal/telemetry
cmd/vendor/golang.org/x/tools/go/analysis/passes/inline
cmd/vendor/golang.org/x/tools/go/analysis/unitchecker
cmd/go/internal/telemetrycmd
cmd/vendor/golang.org/x/tools/go/analysis/passes/assign
cmd/vendor/golang.org/x/tools/go/analysis/passes/atomic
cmd/vendor/golang.org/x/tools/go/analysis/passes/bools
cmd/vendor/golang.org/x/tools/go/analysis/passes/cgocall
cmd/fix
cmd/go/internal/modfetch
cmd/go/internal/modinfo
cmd/vendor/golang.org/x/tools/go/analysis/passes/composite
cmd/vendor/golang.org/x/tools/go/analysis/passes/copylock
cmd/vendor/golang.org/x/tools/go/analysis/passes/defers
cmd/vendor/golang.org/x/tools/go/analysis/passes/directive
cmd/vendor/golang.org/x/tools/go/analysis/passes/errorsas
cmd/vendor/golang.org/x/tools/go/analysis/passes/framepointer
cmd/vendor/golang.org/x/tools/go/analysis/passes/httpresponse
cmd/vendor/golang.org/x/tools/go/analysis/passes/ifaceassert
cmd/vendor/golang.org/x/tools/go/analysis/passes/loopclosure
cmd/vendor/golang.org/x/tools/go/analysis/passes/internal/ctrlflowinternal
cmd/vendor/golang.org/x/tools/go/analysis/passes/ctrlflow
cmd/vendor/golang.org/x/tools/go/analysis/passes/nilfunc
cmd/vendor/golang.org/x/tools/go/analysis/passes/lostcancel
cmd/vendor/golang.org/x/tools/refactor/satisfy
cmd/vendor/golang.org/x/tools/go/analysis/passes/shift
cmd/go/internal/fips140
cmd/vendor/golang.org/x/tools/go/analysis/passes/printf
cmd/vendor/golang.org/x/tools/go/analysis/passes/sigchanyzer
cmd/vendor/golang.org/x/tools/go/analysis/passes/slog
cmd/vendor/golang.org/x/tools/go/analysis/passes/stdmethods
cmd/vendor/golang.org/x/tools/go/analysis/passes/stdversion
cmd/go/internal/modload
cmd/vendor/golang.org/x/tools/go/analysis/passes/stringintconv
cmd/vendor/golang.org/x/tools/go/analysis/passes/structtag
cmd/vendor/golang.org/x/tools/go/analysis/passes/testinggoroutine
cmd/vendor/golang.org/x/tools/go/analysis/passes/tests
cmd/vendor/golang.org/x/tools/go/analysis/passes/timeformat
cmd/vendor/golang.org/x/tools/go/analysis/passes/unmarshal
cmd/vendor/golang.org/x/tools/go/analysis/passes/unreachable
cmd/vendor/golang.org/x/tools/go/analysis/passes/unsafeptr
cmd/vendor/golang.org/x/tools/go/analysis/passes/unusedresult
cmd/vendor/golang.org/x/tools/go/analysis/passes/waitgroup
cmd/vet
cmd/go/internal/telemetrystats
cmd/go/internal/load
cmd/go/internal/fmtcmd
cmd/go/internal/work
cmd/go/internal/clean
cmd/go/internal/envcmd
cmd/go/internal/generate
cmd/go/internal/list
cmd/go/internal/run
cmd/go/internal/test
cmd/go/internal/bug
cmd/go/internal/tool
cmd/go/internal/toolchain
cmd/go/internal/vet
cmd/go/internal/modget
cmd/go/internal/modcmd
cmd/go/internal/workcmd
cmd/go
touch /mnt/build_wrt/build_dir/hostpkg/go-1.26.5/.built
rm -rf "/mnt/build_wrt/staging_dir/hostpkg/lib/go-1.26/openwrt"
rm -f "/mnt/build_wrt/staging_dir/hostpkg/bin/go1.26"
rm -f "/mnt/build_wrt/staging_dir/hostpkg/bin/gofmt1.26"
rm -rf "/mnt/build_wrt/staging_dir/hostpkg/lib/go-1.26"
install -d -m0755 "/mnt/build_wrt/staging_dir/hostpkg/lib/go-1.26"
cp -fpR "/mnt/build_wrt/build_dir/hostpkg/go-1.26.5/api" "/mnt/build_wrt/staging_dir/hostpkg/lib/go-1.26/"
install -m0644 -p "/mnt/build_wrt/build_dir/hostpkg/go-1.26.5/go.env" "/mnt/build_wrt/staging_dir/hostpkg/lib/go-1.26/"
install -m0644 -p "/mnt/build_wrt/build_dir/hostpkg/go-1.26.5/VERSION" "/mnt/build_wrt/staging_dir/hostpkg/lib/go-1.26/"
for file in CONTRIBUTING.md LICENSE PATENTS README.md SECURITY.md; do if [ -f "/mnt/build_wrt/build_dir/hostpkg/go-1.26.5/$file" ]; then install -m0644 -p "/mnt/build_wrt/build_dir/hostpkg/go-1.26.5/$file" "/mnt/build_wrt/staging_dir/hostpkg/lib/go-1.26/" ; fi ; done
install -d -m0755 "/mnt/build_wrt/staging_dir/hostpkg/lib/go-1.26/bin"
install -m0755 -p "/mnt/build_wrt/build_dir/hostpkg/go-1.26.5/bin"/* "/mnt/build_wrt/staging_dir/hostpkg/lib/go-1.26/bin/"
if [ -d "/mnt/build_wrt/build_dir/hostpkg/go-1.26.5/pkg/linux_amd64" ]; then install -d -m0755 "/mnt/build_wrt/staging_dir/hostpkg/lib/go-1.26/pkg" ; cp -fpR "/mnt/build_wrt/build_dir/hostpkg/go-1.26.5/pkg/linux_amd64" "/mnt/build_wrt/staging_dir/hostpkg/lib/go-1.26/pkg/" ; fi
install -d -m0755 "/mnt/build_wrt/staging_dir/hostpkg/lib/go-1.26/pkg/tool/linux_amd64"
install -m0755 -p "/mnt/build_wrt/build_dir/hostpkg/go-1.26.5/pkg/tool/linux_amd64"/* "/mnt/build_wrt/staging_dir/hostpkg/lib/go-1.26/pkg/tool/linux_amd64/"
install -d -m0755 "/mnt/build_wrt/staging_dir/hostpkg/lib/go-1.26"
install -d -m0755 "/mnt/build_wrt/staging_dir/hostpkg/lib/go-1.26/src"; cd "/mnt/build_wrt/build_dir/hostpkg/go-1.26.5/src" && find . ! -type d -a \( ! -name '*.bat' -a ! -name '*.rc' \) -print0 | cpio --make-directories --null --pass-through --unconditional "/mnt/build_wrt/staging_dir/hostpkg/lib/go-1.26/src/"
248983 blocks
if [ -d "/mnt/build_wrt/build_dir/hostpkg/go-1.26.5/pkg/include" ]; then install -d -m0755 "/mnt/build_wrt/staging_dir/hostpkg/lib/go-1.26/pkg" ; cp -fpR "/mnt/build_wrt/build_dir/hostpkg/go-1.26.5/pkg/include" "/mnt/build_wrt/staging_dir/hostpkg/lib/go-1.26/pkg/" ; fi
install -d -m0755 "/mnt/build_wrt/staging_dir/hostpkg/bin"
ln -sf "../lib/go-1.26/bin/go" "/mnt/build_wrt/staging_dir/hostpkg/bin/go1.26"
ln -sf "../lib/go-1.26/bin/gofmt" "/mnt/build_wrt/staging_dir/hostpkg/bin/gofmt1.26"
rm -rf "/mnt/build_wrt/staging_dir/hostpkg/lib/go-1.26/pkg/linux/amd64"
install -d -m0755 "/mnt/build_wrt/staging_dir/hostpkg/lib/go-1.26/openwrt"
install -m0755 ../go-gcc-helper "/mnt/build_wrt/staging_dir/hostpkg/lib/go-1.26/openwrt"
ln -sf go-gcc-helper "/mnt/build_wrt/staging_dir/hostpkg/lib/go-1.26/openwrt/gcc"
ln -sf go-gcc-helper "/mnt/build_wrt/staging_dir/hostpkg/lib/go-1.26/openwrt/g++"
mkdir -p /mnt/build_wrt/staging_dir/hostpkg/stamp
touch /mnt/build_wrt/build_dir/hostpkg/go-1.26.5/.built
touch /mnt/build_wrt/staging_dir/hostpkg/stamp/.golang1.26_installed 
make[2]: Leaving directory '/mnt/build_wrt/feeds/packages/lang/golang/golang1.26'
time: package/feeds/packages/golang1.26/host-compile#459.81#28.33#144.23
make[2]: Entering directory '/mnt/build_wrt/feeds/packages/lang/golang/golang'
[ ! -d ./src/ ] || cp -fpR ./src/* /mnt/build_wrt/build_dir/hostpkg/golang-1.26
touch /mnt/build_wrt/build_dir/hostpkg/golang-1.26/.prepared47e2037fac54ea1818bfd734483be4a0_6664517399ebbbc92a37c5bb081b5c53
(cd /mnt/build_wrt/build_dir/hostpkg/golang-1.26/; if [ -x configure ]; then cp -fpR /mnt/build_wrt/scripts/config.{guess,sub} /mnt/build_wrt/build_dir/hostpkg/golang-1.26// && CC="ccache /mnt/build_wrt/staging_dir/host/bin/gcc" CFLAGS="-O2 -I/mnt/build_wrt/staging_dir/host/include -I/mnt/build_wrt/staging_dir/hostpkg/include -I/mnt/build_wrt/staging_dir/target-aarch64_cortex-a53_musl/host/include" CXX="ccache /mnt/build_wrt/staging_dir/host/bin/g++" CPPFLAGS="-I/mnt/build_wrt/staging_dir/host/include -I/mnt/build_wrt/staging_dir/hostpkg/include -I/mnt/build_wrt/staging_dir/target-aarch64_cortex-a53_musl/host/include" CXXFLAGS="-O2 -I/mnt/build_wrt/staging_dir/host/include -I/mnt/build_wrt/staging_dir/hostpkg/include -I/mnt/build_wrt/staging_dir/target-aarch64_cortex-a53_musl/host/include" LDFLAGS="-L/mnt/build_wrt/staging_dir/host/lib -L/mnt/build_wrt/staging_dir/hostpkg/lib -L/mnt/build_wrt/staging_dir/target-aarch64_cortex-a53_musl/host/lib" CONFIG_SHELL="/usr/bin/env bash"  bash ./configure --target=x86_64-pc-linux-gnu --host=x86_64-pc-linux-gnu --build=x86_64-pc-linux-gnu --disable-dependency-tracking --program-prefix="" --program-suffix="" --prefix=/mnt/build_wrt/staging_dir/hostpkg --exec-prefix=/mnt/build_wrt/staging_dir/hostpkg --sysconfdir=/mnt/build_wrt/staging_dir/hostpkg/etc --localstatedir=/mnt/build_wrt/staging_dir/hostpkg/var --sbindir=/mnt/build_wrt/staging_dir/hostpkg/bin ; fi )
touch /mnt/build_wrt/build_dir/hostpkg/golang-1.26/.configured
touch /mnt/build_wrt/build_dir/hostpkg/golang-1.26/.built
mkdir -p /mnt/build_wrt/staging_dir/hostpkg/stamp
touch /mnt/build_wrt/build_dir/hostpkg/golang-1.26/.built
touch /mnt/build_wrt/staging_dir/hostpkg/stamp/.golang_installed 
make[2]: Leaving directory '/mnt/build_wrt/feeds/packages/lang/golang/golang'
time: package/feeds/packages/golang/host-compile#0.08#0.07#0.14
+ mkdir -p /mnt/build_wrt/staging_dir/target-aarch64_cortex-a53_musl
+ cd /mnt/build_wrt/staging_dir/target-aarch64_cortex-a53_musl
+ mkdir -p bin lib stamp usr/include usr/lib
mkdir -p /mnt/build_wrt/build_dir/target-aarch64_cortex-a53_musl/stamp
touch /mnt/build_wrt/staging_dir/target-aarch64_cortex-a53_musl/.prepared
make[2]: Entering directory '/mnt/build_wrt/package/utils/lua'
mkdir -p /mnt/build_wrt/dl
SHELL= flock /mnt/build_wrt/tmp/.lua-5.1.5.tar.gz.flock -c '  	/mnt/build_wrt/scripts/download.pl "/mnt/build_wrt/dl" "lua-5.1.5.tar.gz" "2640fc56a795f29d28ef15e13c34a47e223960b0240e8cb0a82d9b0738695333" "" "https://www.lua.org/ftp/" "https://www.tecgraf.puc-rio.br/lua/ftp/"    '
+ curl -f --connect-timeout 5 --retry 3 --location https://www.lua.org/ftp/lua-5.1.5.tar.gz
  % Total    % Received % Xferd  Average Speed   Time    Time     Time  Current
                                 Dload  Upload   Total   Spent    Left  Speed
  0     0    0     0    0     0      0      0 --:--:-- --:--:-- --:--:--     0  0     0    0     0    0     0      0      0 --:--:-- --:--:-- --:--:--     0100  216k  100  216k    0     0   175k      0  0:00:01  0:00:01 --:--:--  175k
. /mnt/build_wrt/include/shell.sh; /mnt/build_wrt/staging_dir/host/bin/libdeflate-gzip -dc /mnt/build_wrt/dl/lua-5.1.5.tar.gz | tar -C /mnt/build_wrt/build_dir/hostpkg/lua-5.1.5/.. -xf -
[ ! -d ./src/ ] || cp -fpR ./src/* /mnt/build_wrt/build_dir/hostpkg/lua-5.1.5

Applying ./patches-host/001-include-version-number.patch using plaintext: 
patching file Makefile
patching file doc/lua5.1.1 (renamed from doc/lua.1)
patching file doc/luac5.1.1 (renamed from doc/luac.1)
patching file src/Makefile

Applying ./patches-host/010-lua-5.1.3-lnum-full-260308.patch using plaintext: 
patching file Makefile
patching file src/Makefile
patching file src/lapi.c
patching file src/lapi.h
patching file src/lauxlib.c
patching file src/lauxlib.h
patching file src/lbaselib.c
patching file src/lcode.c
patching file src/lcode.h
patching file src/ldebug.c
patching file src/ldo.c
patching file src/ldump.c
patching file src/liolib.c
patching file src/llex.c
patching file src/llex.h
patching file src/llimits.h
patching file src/lmathlib.c
patching file src/lnum.c
patching file src/lnum.h
patching file src/lnum_config.h
patching file src/lobject.c
patching file src/lobject.h
patching file src/loslib.c
patching file src/lparser.c
patching file src/lparser.h
patching file src/lstrlib.c
patching file src/ltable.c
patching file src/ltable.h
patching file src/ltm.c
patching file src/lua.c
patching file src/lua.h
patching file src/luaconf.h
patching file src/lundump.c
patching file src/lvm.c
patching file src/lvm.h
patching file src/print.c

Applying ./patches-host/011-lnum-use-double.patch using plaintext: 
patching file src/lnum_config.h

Applying ./patches-host/012-lnum-fix-ltle-relational-operators.patch using plaintext: 
patching file src/lvm.c

Applying ./patches-host/013-lnum-strtoul-parsing-fixes.patch using plaintext: 
patching file src/lnum.c
patching file src/lnum_config.h

Applying ./patches-host/015-lnum-ppc-compat.patch using plaintext: 
patching file src/lua.h

Applying ./patches-host/030-archindependent-bytecode.patch using plaintext: 
patching file src/ldump.c
patching file src/lundump.c

Applying ./patches-host/100-no_readline.patch using plaintext: 
patching file src/luaconf.h
patching file src/Makefile

Applying ./patches-host/400-CVE-2014-5461.patch using plaintext: 
patching file src/ldo.c
touch /mnt/build_wrt/build_dir/hostpkg/lua-5.1.5/.prepared983f943be7a5a8af657d7610816d9c73_6664517399ebbbc92a37c5bb081b5c53
/mnt/build_wrt/staging_dir/host/bin/sed -i -e 's,"/usr/local/","/mnt/build_wrt/staging_dir/hostpkg/",' /mnt/build_wrt/build_dir/hostpkg/lua-5.1.5/src/luaconf.h
touch /mnt/build_wrt/build_dir/hostpkg/lua-5.1.5/.configured
make -C /mnt/build_wrt/build_dir/hostpkg/lua-5.1.5 CC="ccache /mnt/build_wrt/staging_dir/host/bin/gcc -DPIC -fPIC -std=gnu99" linux
make[3]: Entering directory '/mnt/build_wrt/build_dir/hostpkg/lua-5.1.5'
cd src && make linux V=5.1
make[4]: Entering directory '/mnt/build_wrt/build_dir/hostpkg/lua-5.1.5/src'
make all MYCFLAGS="-DLUA_USE_LINUX " MYLIBS="-Wl,-E -ldl "
make[5]: Entering directory '/mnt/build_wrt/build_dir/hostpkg/lua-5.1.5/src'
ccache /mnt/build_wrt/staging_dir/host/bin/gcc -DPIC -fPIC -std=gnu99 -O2 -Wall -DLUA_USE_LINUX    -c -o lapi.o lapi.c
ccache /mnt/build_wrt/staging_dir/host/bin/gcc -DPIC -fPIC -std=gnu99 -O2 -Wall -DLUA_USE_LINUX    -c -o lcode.o lcode.c
ccache /mnt/build_wrt/staging_dir/host/bin/gcc -DPIC -fPIC -std=gnu99 -O2 -Wall -DLUA_USE_LINUX    -c -o ldebug.o ldebug.c
ccache /mnt/build_wrt/staging_dir/host/bin/gcc -DPIC -fPIC -std=gnu99 -O2 -Wall -DLUA_USE_LINUX    -c -o ldo.o ldo.c
ccache /mnt/build_wrt/staging_dir/host/bin/gcc -DPIC -fPIC -std=gnu99 -O2 -Wall -DLUA_USE_LINUX    -c -o ldump.o ldump.c
ldump.c: In function 'DumpString':
ldump.c:68:26: warning: the comparison will always evaluate as 'false' for the pointer operand in 's + 24' must not be NULL [-Waddress]
   68 |  if (s==NULL || getstr(s)==NULL)
      |                          ^~
ccache /mnt/build_wrt/staging_dir/host/bin/gcc -DPIC -fPIC -std=gnu99 -O2 -Wall -DLUA_USE_LINUX    -c -o lfunc.o lfunc.c
ccache /mnt/build_wrt/staging_dir/host/bin/gcc -DPIC -fPIC -std=gnu99 -O2 -Wall -DLUA_USE_LINUX    -c -o lgc.o lgc.c
ccache /mnt/build_wrt/staging_dir/host/bin/gcc -DPIC -fPIC -std=gnu99 -O2 -Wall -DLUA_USE_LINUX    -c -o llex.o llex.c
ccache /mnt/build_wrt/staging_dir/host/bin/gcc -DPIC -fPIC -std=gnu99 -O2 -Wall -DLUA_USE_LINUX    -c -o lmem.o lmem.c
ccache /mnt/build_wrt/staging_dir/host/bin/gcc -DPIC -fPIC -std=gnu99 -O2 -Wall -DLUA_USE_LINUX    -c -o lobject.o lobject.c
ccache /mnt/build_wrt/staging_dir/host/bin/gcc -DPIC -fPIC -std=gnu99 -O2 -Wall -DLUA_USE_LINUX    -c -o lopcodes.o lopcodes.c
ccache /mnt/build_wrt/staging_dir/host/bin/gcc -DPIC -fPIC -std=gnu99 -O2 -Wall -DLUA_USE_LINUX    -c -o lparser.o lparser.c
ccache /mnt/build_wrt/staging_dir/host/bin/gcc -DPIC -fPIC -std=gnu99 -O2 -Wall -DLUA_USE_LINUX    -c -o lstate.o lstate.c
ccache /mnt/build_wrt/staging_dir/host/bin/gcc -DPIC -fPIC -std=gnu99 -O2 -Wall -DLUA_USE_LINUX    -c -o lstring.o lstring.c
ccache /mnt/build_wrt/staging_dir/host/bin/gcc -DPIC -fPIC -std=gnu99 -O2 -Wall -DLUA_USE_LINUX    -c -o ltable.o ltable.c
ccache /mnt/build_wrt/staging_dir/host/bin/gcc -DPIC -fPIC -std=gnu99 -O2 -Wall -DLUA_USE_LINUX    -c -o ltm.o ltm.c
ccache /mnt/build_wrt/staging_dir/host/bin/gcc -DPIC -fPIC -std=gnu99 -O2 -Wall -DLUA_USE_LINUX    -c -o lundump.o lundump.c
ccache /mnt/build_wrt/staging_dir/host/bin/gcc -DPIC -fPIC -std=gnu99 -O2 -Wall -DLUA_USE_LINUX    -c -o lvm.o lvm.c
ccache /mnt/build_wrt/staging_dir/host/bin/gcc -DPIC -fPIC -std=gnu99 -O2 -Wall -DLUA_USE_LINUX    -c -o lzio.o lzio.c
ccache /mnt/build_wrt/staging_dir/host/bin/gcc -DPIC -fPIC -std=gnu99 -O2 -Wall -DLUA_USE_LINUX    -c -o lnum.o lnum.c
ccache /mnt/build_wrt/staging_dir/host/bin/gcc -DPIC -fPIC -std=gnu99 -O2 -Wall -DLUA_USE_LINUX    -c -o lauxlib.o lauxlib.c
lauxlib.c: In function 'luaL_loadfile':
lauxlib.c:587:4: warning: this 'while' clause does not guard... [-Wmisleading-indentation]
  587 |    while ((c = getc(lf.f)) != EOF && c != LUA_SIGNATURE[0]) ;
      |    ^~~~~
lauxlib.c:588:5: note: ...this statement, but the latter is misleadingly indented as if it were guarded by the 'while'
  588 |     lf.extraline = 0;
      |     ^~
ccache /mnt/build_wrt/staging_dir/host/bin/gcc -DPIC -fPIC -std=gnu99 -O2 -Wall -DLUA_USE_LINUX    -c -o lbaselib.o lbaselib.c
ccache /mnt/build_wrt/staging_dir/host/bin/gcc -DPIC -fPIC -std=gnu99 -O2 -Wall -DLUA_USE_LINUX    -c -o ldblib.o ldblib.c
ccache /mnt/build_wrt/staging_dir/host/bin/gcc -DPIC -fPIC -std=gnu99 -O2 -Wall -DLUA_USE_LINUX    -c -o liolib.o liolib.c
ccache /mnt/build_wrt/staging_dir/host/bin/gcc -DPIC -fPIC -std=gnu99 -O2 -Wall -DLUA_USE_LINUX    -c -o lmathlib.o lmathlib.c
ccache /mnt/build_wrt/staging_dir/host/bin/gcc -DPIC -fPIC -std=gnu99 -O2 -Wall -DLUA_USE_LINUX    -c -o loslib.o loslib.c
ccache /mnt/build_wrt/staging_dir/host/bin/gcc -DPIC -fPIC -std=gnu99 -O2 -Wall -DLUA_USE_LINUX    -c -o ltablib.o ltablib.c
ltablib.c: In function 'addfield':
ltablib.c:137:3: warning: this 'if' clause does not guard... [-Wmisleading-indentation]
  137 |   if (!lua_isstring(L, -1))
      |   ^~
ltablib.c:140:5: note: ...this statement, but the latter is misleadingly indented as if it were guarded by the 'if'
  140 |     luaL_addvalue(b);
      |     ^~~~~~~~~~~~~
ccache /mnt/build_wrt/staging_dir/host/bin/gcc -DPIC -fPIC -std=gnu99 -O2 -Wall -DLUA_USE_LINUX    -c -o lstrlib.o lstrlib.c
ccache /mnt/build_wrt/staging_dir/host/bin/gcc -DPIC -fPIC -std=gnu99 -O2 -Wall -DLUA_USE_LINUX    -c -o loadlib.o loadlib.c
ccache /mnt/build_wrt/staging_dir/host/bin/gcc -DPIC -fPIC -std=gnu99 -O2 -Wall -DLUA_USE_LINUX    -c -o linit.o linit.c
ar rcu liblua.a lapi.o lcode.o ldebug.o ldo.o ldump.o lfunc.o lgc.o llex.o lmem.o lobject.o lopcodes.o lparser.o lstate.o lstring.o ltable.o ltm.o lundump.o lvm.o lzio.o lnum.o lauxlib.o lbaselib.o ldblib.o liolib.o lmathlib.o loslib.o ltablib.o lstrlib.o loadlib.o linit.o	# DLL needs all object files
ar: `u' modifier ignored since `D' is the default (see `U')
ranlib liblua.a
ccache /mnt/build_wrt/staging_dir/host/bin/gcc -DPIC -fPIC -std=gnu99 -O2 -Wall -DLUA_USE_LINUX    -c -o lua.o lua.c
ccache /mnt/build_wrt/staging_dir/host/bin/gcc -DPIC -fPIC -std=gnu99 -o lua5.1  lua.o liblua.a -lm -Wl,-E -ldl 
ccache /mnt/build_wrt/staging_dir/host/bin/gcc -DPIC -fPIC -std=gnu99 -O2 -Wall -DLUA_USE_LINUX    -c -o luac.o luac.c
ccache /mnt/build_wrt/staging_dir/host/bin/gcc -DPIC -fPIC -std=gnu99 -O2 -Wall -DLUA_USE_LINUX    -c -o print.o print.c
ccache /mnt/build_wrt/staging_dir/host/bin/gcc -DPIC -fPIC -std=gnu99 -o luac5.1  luac.o print.o liblua.a -lm -Wl,-E -ldl 
make[5]: Leaving directory '/mnt/build_wrt/build_dir/hostpkg/lua-5.1.5/src'
make[4]: Leaving directory '/mnt/build_wrt/build_dir/hostpkg/lua-5.1.5/src'
make[3]: Leaving directory '/mnt/build_wrt/build_dir/hostpkg/lua-5.1.5'
touch /mnt/build_wrt/build_dir/hostpkg/lua-5.1.5/.built
make -C /mnt/build_wrt/build_dir/hostpkg/lua-5.1.5 INSTALL_TOP="/mnt/build_wrt/staging_dir/hostpkg" install
make[3]: Entering directory '/mnt/build_wrt/build_dir/hostpkg/lua-5.1.5'
cd src && mkdir -p /mnt/build_wrt/staging_dir/hostpkg/bin /mnt/build_wrt/staging_dir/hostpkg/include /mnt/build_wrt/staging_dir/hostpkg/lib /mnt/build_wrt/staging_dir/hostpkg/man/man1 /mnt/build_wrt/staging_dir/hostpkg/share/lua/5.1 /mnt/build_wrt/staging_dir/hostpkg/lib/lua/5.1
cd src && install -p -m 0755 lua5.1 luac5.1 /mnt/build_wrt/staging_dir/hostpkg/bin
cd src && install -p -m 0644 lua.h luaconf.h lualib.h lauxlib.h lnum_config.h ../etc/lua.hpp /mnt/build_wrt/staging_dir/hostpkg/include
cd src && install -p -m 0644 liblua.a /mnt/build_wrt/staging_dir/hostpkg/lib
cd doc && install -p -m 0644 lua5.1.1 luac5.1.1 /mnt/build_wrt/staging_dir/hostpkg/man/man1
make[3]: Leaving directory '/mnt/build_wrt/build_dir/hostpkg/lua-5.1.5'
install -d -m0755 /mnt/build_wrt/staging_dir/hostpkg/lib/pkgconfig
cp -fpR /mnt/build_wrt/build_dir/hostpkg/lua-5.1.5/etc/lua.pc /mnt/build_wrt/staging_dir/hostpkg/lib/pkgconfig/lua5.1.pc
ln -sf lua5.1 /mnt/build_wrt/staging_dir/hostpkg/bin/lua
ln -sf luac5.1 /mnt/build_wrt/staging_dir/hostpkg/bin/luac
ln -sf lua5.1.pc /mnt/build_wrt/staging_dir/hostpkg/lib/pkgconfig/lua.pc
mkdir -p /mnt/build_wrt/staging_dir/hostpkg/stamp
touch /mnt/build_wrt/build_dir/hostpkg/lua-5.1.5/.built
touch /mnt/build_wrt/staging_dir/hostpkg/stamp/.lua_installed 
make[2]: Leaving directory '/mnt/build_wrt/package/utils/lua'
time: package/utils/lua/host-compile#4.14#0.84#6.15
make[2]: Entering directory '/mnt/build_wrt/package/system/apk'
mkdir -p /mnt/build_wrt/dl
SHELL= flock /mnt/build_wrt/tmp/.apk-3.0.5.tar.zst.flock -c '  	/mnt/build_wrt/scripts/download.pl "/mnt/build_wrt/dl" "apk-3.0.5.tar.zst" "bdb70571302d4baeafd4558522a49ce4c834c2acb51b954a19a3eea7f20b01b7" "" || (  	echo "Checking out files from the git repository..."; mkdir -p /mnt/build_wrt/tmp/dl && cd /mnt/build_wrt/tmp/dl && rm -rf apk-3.0.5 && [ \! -d apk-3.0.5 ] && git clone --filter=blob:none  https://gitlab.alpinelinux.org/alpine/apk-tools.git apk-3.0.5 && (cd apk-3.0.5 && git checkout b5a31c0d865342ad80be10d68f1bb3d3ad9b0866) && export TAR_TIMESTAMP=`cd apk-3.0.5 && git log -1 --no-show-signature --format='\''@%ct'\''` && echo "Generating formal git archive (apply .gitattributes rules)" && (cd apk-3.0.5 && git config core.abbrev 8 && git archive --format=tar HEAD --output=../apk-3.0.5.tar.git) &&  tar --numeric-owner --owner=0 --group=0 --ignore-failed-read -C apk-3.0.5 -f apk-3.0.5.tar.git -r .git .gitmodules 2>/dev/null  && rm -rf apk-3.0.5 && mkdir apk-3.0.5 && tar -C apk-3.0.5 -xf apk-3.0.5.tar.git && (cd apk-3.0.5 && git submodule update --init --recursive --  && rm -rf .git .gitmodules) && echo "Packing checkout..." && 	tar --numeric-owner --owner=0 --group=0 --mode=a-s --sort=name ${TAR_TIMESTAMP:+--mtime="$TAR_TIMESTAMP"} -c apk-3.0.5 | 	zstd -T0 --ultra -20 -c > /mnt/build_wrt/tmp/dl/apk-3.0.5.tar.zst && mv /mnt/build_wrt/tmp/dl/apk-3.0.5.tar.zst /mnt/build_wrt/dl/ && rm -rf apk-3.0.5;  )  && ( file_hash="$(/mnt/build_wrt/staging_dir/host/bin/mkhash sha256 "/mnt/build_wrt/dl/apk-3.0.5.tar.zst")"; [ "$file_hash" = "bdb70571302d4baeafd4558522a49ce4c834c2acb51b954a19a3eea7f20b01b7" ] || [ "bdb70571302d4baeafd4558522a49ce4c834c2acb51b954a19a3eea7f20b01b7" = "skip" ] || { echo "Hash mismatch for file apk-3.0.5.tar.zst: expected bdb70571302d4baeafd4558522a49ce4c834c2acb51b954a19a3eea7f20b01b7, got $file_hash"; false; }; )    '
+ curl -f --connect-timeout 5 --retry 3 --location https://mirror2.immortalwrt.org/sources/apk-3.0.5.tar.zst
  % Total    % Received % Xferd  Average Speed   Time    Time     Time  Current
                                 Dload  Upload   Total   Spent    Left  Speed
  0     0    0     0    0     0      0      0 --:--:-- --:--:-- --:--:--     0100   138    0   138    0     0    363      0 --:--:-- --:--:-- --:--:--   364
  0     0    0     0    0     0      0      0 --:--:-- --:--:-- --:--:--     0  0   154    0     0    0     0      0      0 --:--:-- --:--:-- --:--:--     0
curl: (22) The requested URL returned error: 404
Download failed.
+ curl -f --connect-timeout 5 --retry 3 --location https://mirror.immortalwrt.org/sources/apk-3.0.5.tar.zst
  % Total    % Received % Xferd  Average Speed   Time    Time     Time  Current
                                 Dload  Upload   Total   Spent    Left  Speed
  0     0    0     0    0     0      0      0 --:--:-- --:--:-- --:--:--     0100   138    0   138    0     0    671      0 --:--:-- --:--:-- --:--:--   673
  0     0    0     0    0     0      0      0 --:--:-- --:--:-- --:--:--     0  0   291    0     0    0     0      0      0 --:--:--  0:00:01 --:--:--     0
curl: (22) The requested URL returned error: 404
Download failed.
+ curl -f --connect-timeout 5 --retry 3 --location https://sources-cdn.immortalwrt.org/apk-3.0.5.tar.zst
  % Total    % Received % Xferd  Average Speed   Time    Time     Time  Current
                                 Dload  Upload   Total   Spent    Left  Speed
  0     0    0     0    0     0      0      0 --:--:-- --:--:-- --:--:--     0100  307k  100  307k    0     0  1455k      0 --:--:-- --:--:-- --:--:-- 1459k
. /mnt/build_wrt/include/shell.sh; zstdcat /mnt/build_wrt/dl/apk-3.0.5.tar.zst | tar -C /mnt/build_wrt/build_dir/hostpkg/apk-3.0.5/.. -xf -
[ ! -d ./src/ ] || cp -fpR ./src/* /mnt/build_wrt/build_dir/hostpkg/apk-3.0.5

Applying /mnt/build_wrt/package/system/apk/patches/0001-openwrt-move-layer-db-to-temp-folder.patch using plaintext: 
patching file src/database.c

Applying /mnt/build_wrt/package/system/apk/patches/0002-openwrt-wiki-help-link.patch using plaintext: 
patching file src/genhelp_apk.lua

Applying /mnt/build_wrt/package/system/apk/patches/0010-app_list-add-full-print.patch using plaintext: 
patching file src/app_list.c

Applying /mnt/build_wrt/package/system/apk/patches/0011-genhelp-reproducible-gzip.patch using plaintext: 
patching file src/genhelp.lua

Applying /mnt/build_wrt/package/system/apk/patches/0100-add-add-force-reinstall-option.patch using plaintext: 
patching file src/app_add.c
patching file doc/apk-add.8.scd
touch /mnt/build_wrt/build_dir/hostpkg/apk-3.0.5/.prepareddad75e2ea5e049bbc5a77ae05c5534c2_6664517399ebbbc92a37c5bb081b5c53
/mnt/build_wrt/staging_dir/host/bin/sed -e "s|@CC@|'ccache', '/mnt/build_wrt/staging_dir/host/bin/gcc',|" -e "s|@CXX@|'ccache', '/mnt/build_wrt/staging_dir/host/bin/g++',|" -e "s|@PKGCONFIG@|/mnt/build_wrt/staging_dir/host/bin/pkg-config|" -e "s|@CMAKE@|/mnt/build_wrt/staging_dir/host/bin/cmake|" -e "s|@PYTHON@|/mnt/build_wrt/staging_dir/host/bin/python3|" -e "s|@CFLAGS@|'-O2', '-I/mnt/build_wrt/staging_dir/host/include', '-I/mnt/build_wrt/staging_dir/hostpkg/include', '-I/mnt/build_wrt/staging_dir/target-aarch64_cortex-a53_musl/host/include', '-I/mnt/build_wrt/staging_dir/host/include', '-I/mnt/build_wrt/staging_dir/hostpkg/include', '-I/mnt/build_wrt/staging_dir/target-aarch64_cortex-a53_musl/host/include',|" -e "s|@CXXFLAGS@|'-O2', '-I/mnt/build_wrt/staging_dir/host/include', '-I/mnt/build_wrt/staging_dir/hostpkg/include', '-I/mnt/build_wrt/staging_dir/target-aarch64_cortex-a53_musl/host/include', '-I/mnt/build_wrt/staging_dir/host/include', '-I/mnt/build_wrt/staging_dir/hostpkg/include', '-I/mnt/build_wrt/staging_dir/target-aarch64_cortex-a53_musl/host/include',|" -e "s|@LDFLAGS@|'-L/mnt/build_wrt/staging_dir/host/lib', '-L/mnt/build_wrt/staging_dir/hostpkg/lib', '-L/mnt/build_wrt/staging_dir/target-aarch64_cortex-a53_musl/host/lib',|" -e "s|@PREFIX@|/mnt/build_wrt/staging_dir/host|" < /mnt/build_wrt/staging_dir/host/lib/meson/openwrt-native.txt.in > /mnt/build_wrt/build_dir/hostpkg/apk-3.0.5/openwrt-native.txt
VERSION=3.0.5 /mnt/build_wrt/staging_dir/host/bin/python3 /mnt/build_wrt/staging_dir/host/bin/meson.py  setup --native-file /mnt/build_wrt/build_dir/hostpkg/apk-3.0.5/openwrt-native.txt -Ddefault_library=static -Db_lto=true -Ddocs=disabled -Dhelp=enabled -Dlua_version=5.1 -Ddefault_library=static -Durl_backend=wget -Dzstd=disabled -Dpython=disabled -Dtests=disabled -Dcrypto_backend=openssl /mnt/build_wrt/build_dir/hostpkg/apk-3.0.5/openwrt-build /mnt/build_wrt/build_dir/hostpkg/apk-3.0.5/openwrt-build/..
The Meson build system
Version: 1.6.1
Source dir: /mnt/build_wrt/build_dir/hostpkg/apk-3.0.5
Build dir: /mnt/build_wrt/build_dir/hostpkg/apk-3.0.5/openwrt-build
Build type: native build
Project name: apk-tools
Project version: 3.0.5
C compiler for the host machine: ccache /mnt/build_wrt/staging_dir/host/bin/gcc (gcc 13.3.0 "gcc (Ubuntu 13.3.0-6ubuntu2~24.04.1) 13.3.0")
C linker for the host machine: /mnt/build_wrt/staging_dir/host/bin/gcc ld.bfd 2.42
Host machine cpu family: x86_64
Host machine cpu: x86_64
Program lua5.1 found: YES (/mnt/build_wrt/staging_dir/hostpkg/bin/lua5.1)
Found pkg-config: YES (/mnt/build_wrt/staging_dir/host/bin/pkg-config) 2.5.1
Found CMake: /mnt/build_wrt/staging_dir/host/bin/cmake (4.3.4)
Run-time dependency lua5.1 found: NO (tried pkgconfig and cmake)
Dependency python3 skipped: feature python disabled
Dependency scdoc skipped: feature docs disabled
Run-time dependency zlib found: YES 1.3.2
Dependency libzstd skipped: feature zstd disabled
Run-time dependency openssl found: YES 4.2.1
Header "sys/random.h" has symbol "getrandom" : YES 
Header "string.h" has symbol "memrchr" : YES 
Header "sys/mman.h" has symbol "memfd_create" : YES 
Header "sys/stat.h" has symbol "mknodat" : YES 
Header "unistd.h" has symbol "pipe2" : YES 
Header "stdlib.h" has symbol "qsort_r" : YES 
Header "stdlib.h" has symbol "reallocarray" : YES 
Header "string.h" has symbol "strchrnul" : YES 
Header "string.h" has symbol "strlcpy" : YES 
Header "sys/socket.h" has symbol "SOCK_CLOEXEC" : YES 
Header "sched.h" has symbol "unshare" : YES 
Checking if "Test qsort_r non-POSIX prototype" compiles: NO 
Dependency cmocka skipped: feature tests disabled
Program enum.sh skipped: feature tests disabled
Program solver.sh skipped: feature tests disabled
Program shellcheck.sh skipped: feature tests disabled
Program shellcheck found: YES (/usr/bin/shellcheck)
Build targets in project: 4

apk-tools 3.0.5

  User defined options
    Native files   : /mnt/build_wrt/build_dir/hostpkg/apk-3.0.5/openwrt-native.txt
    b_lto          : true
    crypto_backend : openssl
    default_library: static
    docs           : disabled
    help           : enabled
    lua_version    : 5.1
    python         : disabled
    tests          : disabled
    url_backend    : wget
    zstd           : disabled

Found ninja-1.13.2 at /mnt/build_wrt/staging_dir/host/bin/ninja
touch /mnt/build_wrt/build_dir/hostpkg/apk-3.0.5/.configured
VERSION=3.0.5 MAKEFLAGS="" /mnt/build_wrt/staging_dir/host/bin/ninja  -j1 -C /mnt/build_wrt/build_dir/hostpkg/apk-3.0.5/openwrt-build 
ninja: Entering directory `/mnt/build_wrt/build_dir/hostpkg/apk-3.0.5/openwrt-build'
[1/69] Generating src/help.h with a custom command (wrapped by meson to set env, to capture output)
[2/69] Compiling C object src/libapk.a.p/adb.c.o
[3/69] Compiling C object src/libapk.a.p/adb_comp.c.o
[4/69] Compiling C object src/libapk.a.p/adb_walk_adb.c.o
In file included from ../src/apk_applet.h:14,
                 from ../src/adb_walk_adb.c:7:
../src/apk_database.h:33:9: warning: 'counted_by' attribute directive ignored [-Wattributes]
   33 |         uint8_t xattr_hash[] __attribute__((counted_by(xattr_hash_len)));
      |         ^~~~~~~
[5/69] Compiling C object src/libapk.a.p/apk_adb.c.o
[6/69] Compiling C object src/libapk.a.p/atom.c.o
[7/69] Compiling C object src/libapk.a.p/balloc.c.o
[8/69] Compiling C object src/libapk.a.p/blob.c.o
[9/69] Compiling C object src/libapk.a.p/commit.c.o
In file included from ../src/commit.c:12:
../src/apk_database.h:33:9: warning: 'counted_by' attribute directive ignored [-Wattributes]
   33 |         uint8_t xattr_hash[] __attribute__((counted_by(xattr_hash_len)));
      |         ^~~~~~~
[10/69] Compiling C object src/libapk.a.p/common.c.o
[11/69] Compiling C object src/libapk.a.p/context.c.o
[12/69] Compiling C object src/libapk.a.p/crypto.c.o
[13/69] Compiling C object src/libapk.a.p/crypto_openssl.c.o
[14/69] Compiling C object src/libapk.a.p/ctype.c.o
[15/69] Compiling C object src/libapk.a.p/database.c.o
In file included from ../src/database.c:36:
../src/apk_database.h:33:9: warning: 'counted_by' attribute directive ignored [-Wattributes]
   33 |         uint8_t xattr_hash[] __attribute__((counted_by(xattr_hash_len)));
      |         ^~~~~~~
[16/69] Compiling C object src/libapk.a.p/extract_v2.c.o
[17/69] Compiling C object src/libapk.a.p/extract_v3.c.o
[18/69] Compiling C object src/libapk.a.p/fs_fsys.c.o
In file included from ../src/fs_fsys.c:16:
../src/apk_database.h:33:9: warning: 'counted_by' attribute directive ignored [-Wattributes]
   33 |         uint8_t xattr_hash[] __attribute__((counted_by(xattr_hash_len)));
      |         ^~~~~~~
[19/69] Compiling C object src/libapk.a.p/fs_uvol.c.o
[20/69] Compiling C object src/libapk.a.p/hash.c.o
[21/69] Compiling C object src/libapk.a.p/io.c.o
[22/69] Compiling C object src/libapk.a.p/io_gunzip.c.o
[23/69] Compiling C object src/libapk.a.p/io_url_wget.c.o
[24/69] Compiling C object src/libapk.a.p/package.c.o
In file included from ../src/package.c:23:
../src/apk_database.h:33:9: warning: 'counted_by' attribute directive ignored [-Wattributes]
   33 |         uint8_t xattr_hash[] __attribute__((counted_by(xattr_hash_len)));
      |         ^~~~~~~
[25/69] Compiling C object src/libapk.a.p/pathbuilder.c.o
[26/69] Compiling C object src/libapk.a.p/print.c.o
[27/69] Compiling C object src/libapk.a.p/process.c.o
[28/69] Compiling C object src/libapk.a.p/query.c.o
In file included from ../src/query.c:12:
../src/apk_database.h:33:9: warning: 'counted_by' attribute directive ignored [-Wattributes]
   33 |         uint8_t xattr_hash[] __attribute__((counted_by(xattr_hash_len)));
      |         ^~~~~~~
[29/69] Compiling C object src/libapk.a.p/repoparser.c.o
[30/69] Compiling C object src/libapk.a.p/serialize.c.o
[31/69] Compiling C object src/libapk.a.p/serialize_json.c.o
[32/69] Compiling C object src/libapk.a.p/serialize_query.c.o
[33/69] Compiling C object src/libapk.a.p/serialize_yaml.c.o
[34/69] Compiling C object src/libapk.a.p/solver.c.o
In file included from ../src/solver.c:14:
../src/apk_database.h:33:9: warning: 'counted_by' attribute directive ignored [-Wattributes]
   33 |         uint8_t xattr_hash[] __attribute__((counted_by(xattr_hash_len)));
      |         ^~~~~~~
[35/69] Compiling C object src/libapk.a.p/tar.c.o
[36/69] Compiling C object src/libapk.a.p/trust.c.o
[37/69] Compiling C object src/libapk.a.p/version.c.o
[38/69] Linking static target src/libapk.a
[39/69] Compiling C object src/apk.p/apk.c.o
In file included from ../src/apk.c:23:
../src/apk_database.h:33:9: warning: 'counted_by' attribute directive ignored [-Wattributes]
   33 |         uint8_t xattr_hash[] __attribute__((counted_by(xattr_hash_len)));
      |         ^~~~~~~
[40/69] Compiling C object src/apk.p/applet.c.o
In file included from ../src/apk_applet.h:14,
                 from ../src/applet.c:10:
../src/apk_database.h:33:9: warning: 'counted_by' attribute directive ignored [-Wattributes]
   33 |         uint8_t xattr_hash[] __attribute__((counted_by(xattr_hash_len)));
      |         ^~~~~~~
[41/69] Compiling C object src/apk.p/app_adbdump.c.o
In file included from ../src/apk_applet.h:14,
                 from ../src/app_adbdump.c:4:
../src/apk_database.h:33:9: warning: 'counted_by' attribute directive ignored [-Wattributes]
   33 |         uint8_t xattr_hash[] __attribute__((counted_by(xattr_hash_len)));
      |         ^~~~~~~
[42/69] Compiling C object src/apk.p/app_add.c.o
In file included from ../src/apk_applet.h:14,
                 from ../src/app_add.c:13:
../src/apk_database.h:33:9: warning: 'counted_by' attribute directive ignored [-Wattributes]
   33 |         uint8_t xattr_hash[] __attribute__((counted_by(xattr_hash_len)));
      |         ^~~~~~~
[43/69] Compiling C object src/apk.p/app_audit.c.o
In file included from ../src/apk_applet.h:14,
                 from ../src/app_audit.c:17:
../src/apk_database.h:33:9: warning: 'counted_by' attribute directive ignored [-Wattributes]
   33 |         uint8_t xattr_hash[] __attribute__((counted_by(xattr_hash_len)));
      |         ^~~~~~~
[44/69] Compiling C object src/apk.p/app_cache.c.o
In file included from ../src/apk_applet.h:14,
                 from ../src/app_cache.c:17:
../src/apk_database.h:33:9: warning: 'counted_by' attribute directive ignored [-Wattributes]
   33 |         uint8_t xattr_hash[] __attribute__((counted_by(xattr_hash_len)));
      |         ^~~~~~~
[45/69] Compiling C object src/apk.p/app_del.c.o
In file included from ../src/apk_applet.h:14,
                 from ../src/app_del.c:11:
../src/apk_database.h:33:9: warning: 'counted_by' attribute directive ignored [-Wattributes]
   33 |         uint8_t xattr_hash[] __attribute__((counted_by(xattr_hash_len)));
      |         ^~~~~~~
[46/69] Compiling C object src/apk.p/app_extract.c.o
In file included from ../src/apk_applet.h:14,
                 from ../src/app_extract.c:15:
../src/apk_database.h:33:9: warning: 'counted_by' attribute directive ignored [-Wattributes]
   33 |         uint8_t xattr_hash[] __attribute__((counted_by(xattr_hash_len)));
      |         ^~~~~~~
[47/69] Compiling C object src/apk.p/app_fetch.c.o
In file included from ../src/apk_applet.h:14,
                 from ../src/app_fetch.c:16:
../src/apk_database.h:33:9: warning: 'counted_by' attribute directive ignored [-Wattributes]
   33 |         uint8_t xattr_hash[] __attribute__((counted_by(xattr_hash_len)));
      |         ^~~~~~~
[48/69] Compiling C object src/apk.p/app_fix.c.o
In file included from ../src/apk_applet.h:14,
                 from ../src/app_fix.c:12:
../src/apk_database.h:33:9: warning: 'counted_by' attribute directive ignored [-Wattributes]
   33 |         uint8_t xattr_hash[] __attribute__((counted_by(xattr_hash_len)));
      |         ^~~~~~~
[49/69] Compiling C object src/apk.p/app_info.c.o
In file included from ../src/apk_applet.h:14,
                 from ../src/app_info.c:13:
../src/apk_database.h:33:9: warning: 'counted_by' attribute directive ignored [-Wattributes]
   33 |         uint8_t xattr_hash[] __attribute__((counted_by(xattr_hash_len)));
      |         ^~~~~~~
[50/69] Compiling C object src/apk.p/app_list.c.o
In file included from ../src/apk_applet.h:14,
                 from ../src/app_list.c:14:
../src/apk_database.h:33:9: warning: 'counted_by' attribute directive ignored [-Wattributes]
   33 |         uint8_t xattr_hash[] __attribute__((counted_by(xattr_hash_len)));
      |         ^~~~~~~
[51/69] Compiling C object src/apk.p/app_manifest.c.o
In file included from ../src/apk_applet.h:14,
                 from ../src/app_manifest.c:15:
../src/apk_database.h:33:9: warning: 'counted_by' attribute directive ignored [-Wattributes]
   33 |         uint8_t xattr_hash[] __attribute__((counted_by(xattr_hash_len)));
      |         ^~~~~~~
[52/69] Compiling C object src/apk.p/app_policy.c.o
In file included from ../src/apk_applet.h:14,
                 from ../src/app_policy.c:11:
../src/apk_database.h:33:9: warning: 'counted_by' attribute directive ignored [-Wattributes]
   33 |         uint8_t xattr_hash[] __attribute__((counted_by(xattr_hash_len)));
      |         ^~~~~~~
[53/69] Compiling C object src/apk.p/app_query.c.o
In file included from ../src/app_query.c:10:
../src/apk_database.h:33:9: warning: 'counted_by' attribute directive ignored [-Wattributes]
   33 |         uint8_t xattr_hash[] __attribute__((counted_by(xattr_hash_len)));
      |         ^~~~~~~
[54/69] Compiling C object src/apk.p/app_update.c.o
In file included from ../src/apk_applet.h:14,
                 from ../src/app_update.c:12:
../src/apk_database.h:33:9: warning: 'counted_by' attribute directive ignored [-Wattributes]
   33 |         uint8_t xattr_hash[] __attribute__((counted_by(xattr_hash_len)));
      |         ^~~~~~~
[55/69] Compiling C object src/apk.p/app_upgrade.c.o
In file included from ../src/apk_applet.h:14,
                 from ../src/app_upgrade.c:14:
../src/apk_database.h:33:9: warning: 'counted_by' attribute directive ignored [-Wattributes]
   33 |         uint8_t xattr_hash[] __attribute__((counted_by(xattr_hash_len)));
      |         ^~~~~~~
[56/69] Compiling C object src/apk.p/app_search.c.o
In file included from ../src/apk_applet.h:14,
                 from ../src/app_search.c:13:
../src/apk_database.h:33:9: warning: 'counted_by' attribute directive ignored [-Wattributes]
   33 |         uint8_t xattr_hash[] __attribute__((counted_by(xattr_hash_len)));
      |         ^~~~~~~
[57/69] Compiling C object src/apk.p/app_stats.c.o
In file included from ../src/apk_applet.h:14,
                 from ../src/app_stats.c:11:
../src/apk_database.h:33:9: warning: 'counted_by' attribute directive ignored [-Wattributes]
   33 |         uint8_t xattr_hash[] __attribute__((counted_by(xattr_hash_len)));
      |         ^~~~~~~
[58/69] Compiling C object src/apk.p/app_verify.c.o
In file included from ../src/apk_applet.h:14,
                 from ../src/app_verify.c:14:
../src/apk_database.h:33:9: warning: 'counted_by' attribute directive ignored [-Wattributes]
   33 |         uint8_t xattr_hash[] __attribute__((counted_by(xattr_hash_len)));
      |         ^~~~~~~
[59/69] Compiling C object src/apk.p/app_version.c.o
In file included from ../src/apk_applet.h:14,
                 from ../src/app_version.c:12:
../src/apk_database.h:33:9: warning: 'counted_by' attribute directive ignored [-Wattributes]
   33 |         uint8_t xattr_hash[] __attribute__((counted_by(xattr_hash_len)));
      |         ^~~~~~~
[60/69] Compiling C object src/apk.p/app_adbgen.c.o
In file included from ../src/apk_applet.h:14,
                 from ../src/app_adbgen.c:6:
../src/apk_database.h:33:9: warning: 'counted_by' attribute directive ignored [-Wattributes]
   33 |         uint8_t xattr_hash[] __attribute__((counted_by(xattr_hash_len)));
      |         ^~~~~~~
[61/69] Compiling C object src/apk.p/app_adbsign.c.o
In file included from ../src/apk_applet.h:14,
                 from ../src/app_adbsign.c:6:
../src/apk_database.h:33:9: warning: 'counted_by' attribute directive ignored [-Wattributes]
   33 |         uint8_t xattr_hash[] __attribute__((counted_by(xattr_hash_len)));
      |         ^~~~~~~
[62/69] Compiling C object src/apk.p/app_convdb.c.o
In file included from ../src/apk_applet.h:14,
                 from ../src/app_convdb.c:7:
../src/apk_database.h:33:9: warning: 'counted_by' attribute directive ignored [-Wattributes]
   33 |         uint8_t xattr_hash[] __attribute__((counted_by(xattr_hash_len)));
      |         ^~~~~~~
[63/69] Compiling C object src/apk.p/app_convndx.c.o
In file included from ../src/apk_applet.h:14,
                 from ../src/app_convndx.c:6:
../src/apk_database.h:33:9: warning: 'counted_by' attribute directive ignored [-Wattributes]
   33 |         uint8_t xattr_hash[] __attribute__((counted_by(xattr_hash_len)));
      |         ^~~~~~~
[64/69] Compiling C object src/apk.p/app_dot.c.o
In file included from ../src/apk_applet.h:14,
                 from ../src/app_dot.c:12:
../src/apk_database.h:33:9: warning: 'counted_by' attribute directive ignored [-Wattributes]
   33 |         uint8_t xattr_hash[] __attribute__((counted_by(xattr_hash_len)));
      |         ^~~~~~~
[65/69] Compiling C object src/apk.p/app_index.c.o
In file included from ../src/apk_applet.h:14,
                 from ../src/app_index.c:16:
../src/apk_database.h:33:9: warning: 'counted_by' attribute directive ignored [-Wattributes]
   33 |         uint8_t xattr_hash[] __attribute__((counted_by(xattr_hash_len)));
      |         ^~~~~~~
[66/69] Compiling C object src/apk.p/app_mkndx.c.o
In file included from ../src/apk_applet.h:14,
                 from ../src/app_mkndx.c:19:
../src/apk_database.h:33:9: warning: 'counted_by' attribute directive ignored [-Wattributes]
   33 |         uint8_t xattr_hash[] __attribute__((counted_by(xattr_hash_len)));
      |         ^~~~~~~
[67/69] Compiling C object src/apk.p/app_mkpkg.c.o
In file included from ../src/apk_applet.h:14,
                 from ../src/app_mkpkg.c:20:
../src/apk_database.h:33:9: warning: 'counted_by' attribute directive ignored [-Wattributes]
   33 |         uint8_t xattr_hash[] __attribute__((counted_by(xattr_hash_len)));
      |         ^~~~~~~
[68/69] Generating src/apk.bash-completion with a custom command (wrapped by meson to set env, to capture output)
[69/69] Linking target src/apk
touch /mnt/build_wrt/build_dir/hostpkg/apk-3.0.5/.built
MAKEFLAGS="" /mnt/build_wrt/staging_dir/host/bin/ninja  -j1 -C /mnt/build_wrt/build_dir/hostpkg/apk-3.0.5/openwrt-build install
ninja: Entering directory `/mnt/build_wrt/build_dir/hostpkg/apk-3.0.5/openwrt-build'
[0/1] Installing files.
Installing src/_apk to /mnt/build_wrt/staging_dir/host/share/bash-completion/completions
Installing src/libapk.a to /mnt/build_wrt/staging_dir/host/lib
Installing src/apk to /mnt/build_wrt/staging_dir/host/bin
Installing /mnt/build_wrt/build_dir/hostpkg/apk-3.0.5/src/adb.h to /mnt/build_wrt/staging_dir/host/include/apk
Installing /mnt/build_wrt/build_dir/hostpkg/apk-3.0.5/src/apk_atom.h to /mnt/build_wrt/staging_dir/host/include/apk
Installing /mnt/build_wrt/build_dir/hostpkg/apk-3.0.5/src/apk_balloc.h to /mnt/build_wrt/staging_dir/host/include/apk
Installing /mnt/build_wrt/build_dir/hostpkg/apk-3.0.5/src/apk_blob.h to /mnt/build_wrt/staging_dir/host/include/apk
Installing /mnt/build_wrt/build_dir/hostpkg/apk-3.0.5/src/apk_context.h to /mnt/build_wrt/staging_dir/host/include/apk
Installing /mnt/build_wrt/build_dir/hostpkg/apk-3.0.5/src/apk_crypto.h to /mnt/build_wrt/staging_dir/host/include/apk
Installing /mnt/build_wrt/build_dir/hostpkg/apk-3.0.5/src/apk_ctype.h to /mnt/build_wrt/staging_dir/host/include/apk
Installing /mnt/build_wrt/build_dir/hostpkg/apk-3.0.5/src/apk_database.h to /mnt/build_wrt/staging_dir/host/include/apk
Installing /mnt/build_wrt/build_dir/hostpkg/apk-3.0.5/src/apk_defines.h to /mnt/build_wrt/staging_dir/host/include/apk
Installing /mnt/build_wrt/build_dir/hostpkg/apk-3.0.5/src/apk_extract.h to /mnt/build_wrt/staging_dir/host/include/apk
Installing /mnt/build_wrt/build_dir/hostpkg/apk-3.0.5/src/apk_fs.h to /mnt/build_wrt/staging_dir/host/include/apk
Installing /mnt/build_wrt/build_dir/hostpkg/apk-3.0.5/src/apk_hash.h to /mnt/build_wrt/staging_dir/host/include/apk
Installing /mnt/build_wrt/build_dir/hostpkg/apk-3.0.5/src/apk_io.h to /mnt/build_wrt/staging_dir/host/include/apk
Installing /mnt/build_wrt/build_dir/hostpkg/apk-3.0.5/src/apk_package.h to /mnt/build_wrt/staging_dir/host/include/apk
Installing /mnt/build_wrt/build_dir/hostpkg/apk-3.0.5/src/apk_pathbuilder.h to /mnt/build_wrt/staging_dir/host/include/apk
Installing /mnt/build_wrt/build_dir/hostpkg/apk-3.0.5/src/apk_print.h to /mnt/build_wrt/staging_dir/host/include/apk
Installing /mnt/build_wrt/build_dir/hostpkg/apk-3.0.5/src/apk_provider_data.h to /mnt/build_wrt/staging_dir/host/include/apk
Installing /mnt/build_wrt/build_dir/hostpkg/apk-3.0.5/src/apk_query.h to /mnt/build_wrt/staging_dir/host/include/apk
Installing /mnt/build_wrt/build_dir/hostpkg/apk-3.0.5/src/apk_repoparser.h to /mnt/build_wrt/staging_dir/host/include/apk
Installing /mnt/build_wrt/build_dir/hostpkg/apk-3.0.5/src/apk_serialize.h to /mnt/build_wrt/staging_dir/host/include/apk
Installing /mnt/build_wrt/build_dir/hostpkg/apk-3.0.5/src/apk_solver_data.h to /mnt/build_wrt/staging_dir/host/include/apk
Installing /mnt/build_wrt/build_dir/hostpkg/apk-3.0.5/src/apk_solver.h to /mnt/build_wrt/staging_dir/host/include/apk
Installing /mnt/build_wrt/build_dir/hostpkg/apk-3.0.5/src/apk_tar.h to /mnt/build_wrt/staging_dir/host/include/apk
Installing /mnt/build_wrt/build_dir/hostpkg/apk-3.0.5/src/apk_trust.h to /mnt/build_wrt/staging_dir/host/include/apk
Installing /mnt/build_wrt/build_dir/hostpkg/apk-3.0.5/src/apk_version.h to /mnt/build_wrt/staging_dir/host/include/apk
Installing /mnt/build_wrt/build_dir/hostpkg/apk-3.0.5/openwrt-build/meson-private/apk.pc to /mnt/build_wrt/staging_dir/host/lib/pkgconfig
mkdir -p /mnt/build_wrt/staging_dir/host/stamp
touch /mnt/build_wrt/build_dir/hostpkg/apk-3.0.5/.built
touch /mnt/build_wrt/staging_dir/host/stamp/.apk_installed 
make[2]: Leaving directory '/mnt/build_wrt/package/system/apk'
time: package/system/apk/host-compile#16.34#2.54#15.99
/mnt/build_wrt/staging_dir/host/bin/openssl ecparam -name prime256v1 -genkey -noout -out /mnt/build_wrt/private-key.pem
/mnt/build_wrt/staging_dir/host/bin/openssl ec -in /mnt/build_wrt/private-key.pem -pubout > /mnt/build_wrt/public-key.pem
read EC key
writing EC key
make[2]: Entering directory '/mnt/build_wrt/package/libs/toolchain'
touch /mnt/build_wrt/build_dir/target-aarch64_cortex-a53_musl/toolchain/.prepared_3855ba31b34d202498c3aeb94890952e_6664517399ebbbc92a37c5bb081b5c53_check
mkdir -p /mnt/build_wrt/build_dir/target-aarch64_cortex-a53_musl/toolchain
touch /mnt/build_wrt/build_dir/target-aarch64_cortex-a53_musl/toolchain/.prepared_3855ba31b34d202498c3aeb94890952e_6664517399ebbbc92a37c5bb081b5c53
rm -f /mnt/build_wrt/build_dir/target-aarch64_cortex-a53_musl/toolchain/.configured_*
rm -f /mnt/build_wrt/staging_dir/target-aarch64_cortex-a53_musl/stamp/.toolchain_installed
(cd /mnt/build_wrt/build_dir/target-aarch64_cortex-a53_musl/toolchain/./; if [ -x ./configure ]; then find /mnt/build_wrt/build_dir/target-aarch64_cortex-a53_musl/toolchain/ -name config.guess | xargs -r chmod u+w; find /mnt/build_wrt/build_dir/target-aarch64_cortex-a53_musl/toolchain/ -name config.guess | xargs -r -n1 cp --remove-destination /mnt/build_wrt/scripts/config.guess; find /mnt/build_wrt/build_dir/target-aarch64_cortex-a53_musl/toolchain/ -name config.sub | xargs -r chmod u+w; find /mnt/build_wrt/build_dir/target-aarch64_cortex-a53_musl/toolchain/ -name config.sub | xargs -r -n1 cp --remove-destination /mnt/build_wrt/scripts/config.sub; AR="aarch64-openwrt-linux-musl-gcc-ar" AS="ccache aarch64-openwrt-linux-musl-gcc -c -Os -pipe -mcpu=cortex-a53 -fno-caller-saves -fno-plt -fhonour-copts -fmacro-prefix-map=/mnt/build_wrt/build_dir/target-aarch64_cortex-a53_musl/toolchain=toolchain -Wl,-z,max-page-size=4096 -Wformat -Werror=format-security -fstack-protector -D_FORTIFY_SOURCE=1 -Wl,-z,now -Wl,-z,relro -Wl,-z,pack-relative-relocs" LD="aarch64-openwrt-linux-musl-ld.bfd" NM="aarch64-openwrt-linux-musl-gcc-nm" CC="ccache aarch64-openwrt-linux-musl-gcc" GCC="ccache aarch64-openwrt-linux-musl-gcc" CXX="ccache aarch64-openwrt-linux-musl-g++" RANLIB="aarch64-openwrt-linux-musl-gcc-ranlib" STRIP=aarch64-openwrt-linux-musl-strip OBJCOPY=aarch64-openwrt-linux-musl-objcopy OBJDUMP=aarch64-openwrt-linux-musl-objdump SIZE=aarch64-openwrt-linux-musl-size CFLAGS="-Os -pipe -mcpu=cortex-a53 -fno-caller-saves -fno-plt -fhonour-copts -fmacro-prefix-map=/mnt/build_wrt/build_dir/target-aarch64_cortex-a53_musl/toolchain=toolchain -Wl,-z,max-page-size=4096 -Wformat -Werror=format-security -fstack-protector -D_FORTIFY_SOURCE=1 -Wl,-z,now -Wl,-z,relro -Wl,-z,pack-relative-relocs " CXXFLAGS="-Os -pipe -mcpu=cortex-a53 -fno-caller-saves -fno-plt -fhonour-copts -fmacro-prefix-map=/mnt/build_wrt/build_dir/target-aarch64_cortex-a53_musl/toolchain=toolchain -Wl,-z,max-page-size=4096 -Wformat -Werror=format-security -fstack-protector -D_FORTIFY_SOURCE=1 -Wl,-z,now -Wl,-z,relro -Wl,-z,pack-relative-relocs " CPPFLAGS="-I/mnt/build_wrt/staging_dir/toolchain-aarch64_cortex-a53_gcc-14.4.0_musl/usr/include -I/mnt/build_wrt/staging_dir/toolchain-aarch64_cortex-a53_gcc-14.4.0_musl/include -I/mnt/build_wrt/staging_dir/toolchain-aarch64_cortex-a53_gcc-14.4.0_musl/include/fortify " LDFLAGS="-L/mnt/build_wrt/staging_dir/toolchain-aarch64_cortex-a53_gcc-14.4.0_musl/usr/lib -L/mnt/build_wrt/staging_dir/toolchain-aarch64_cortex-a53_gcc-14.4.0_musl/lib -fuse-ld=bfd -zmax-page-size=4096 -znow -zrelro -zpack-relative-relocs "   ./configure --target=aarch64-openwrt-linux --host=aarch64-openwrt-linux --build=x86_64-pc-linux-gnu --disable-dependency-tracking --program-prefix="" --program-suffix="" --prefix=/usr --exec-prefix=/usr --bindir=/usr/bin --sbindir=/usr/sbin --libexecdir=/usr/lib --sysconfdir=/etc --datadir=/usr/share --localstatedir=/var --mandir=/usr/man --infodir=/usr/info --disable-nls  ; fi; )
touch /mnt/build_wrt/build_dir/target-aarch64_cortex-a53_musl/toolchain/.configured_68b329da9893e34099c7d8ad5cb9c940
rm -f /mnt/build_wrt/build_dir/target-aarch64_cortex-a53_musl/toolchain/.built
touch /mnt/build_wrt/build_dir/target-aarch64_cortex-a53_musl/toolchain/.built_check
cp -fpR /mnt/build_wrt/staging_dir/toolchain-aarch64_cortex-a53_gcc-14.4.0_musl/lib/libgcc_s.so.1 /mnt/build_wrt/build_dir/target-aarch64_cortex-a53_musl/toolchain/
touch /mnt/build_wrt/build_dir/target-aarch64_cortex-a53_musl/toolchain/.built
rm -rf /mnt/build_wrt/build_dir/target-aarch64_cortex-a53_musl/toolchain/ipkg-aarch64_cortex-a53/libgcc
mkdir -p /mnt/build_wrt/bin/targets/qualcommax/ipq60xx/packages /mnt/build_wrt/build_dir/target-aarch64_cortex-a53_musl/toolchain/ipkg-aarch64_cortex-a53/libgcc /mnt/build_wrt/staging_dir/target-aarch64_cortex-a53_musl/pkginfo
install -d -m0755 /mnt/build_wrt/build_dir/target-aarch64_cortex-a53_musl/toolchain/ipkg-aarch64_cortex-a53/libgcc/lib
cp -fpR /mnt/build_wrt/staging_dir/toolchain-aarch64_cortex-a53_gcc-14.4.0_musl/lib/libgcc_s.so.* /mnt/build_wrt/build_dir/target-aarch64_cortex-a53_musl/toolchain/ipkg-aarch64_cortex-a53/libgcc/lib/
find /mnt/build_wrt/build_dir/target-aarch64_cortex-a53_musl/toolchain/ipkg-aarch64_cortex-a53/libgcc -name '.svn' -o -name '.#*' -o -name '*~'| xargs -r rm -rf
export CROSS="aarch64-openwrt-linux-musl-"  NO_RENAME=1 ; NM="aarch64-openwrt-linux-musl-nm" STRIP="/mnt/build_wrt/staging_dir/host/bin/sstrip -z" STRIP_KMOD="/mnt/build_wrt/scripts/strip-kmod.sh" PATCHELF="/mnt/build_wrt/staging_dir/host/bin/patchelf" /mnt/build_wrt/scripts/rstrip.sh /mnt/build_wrt/build_dir/target-aarch64_cortex-a53_musl/toolchain/ipkg-aarch64_cortex-a53/libgcc
rstrip.sh: /mnt/build_wrt/build_dir/target-aarch64_cortex-a53_musl/toolchain/ipkg-aarch64_cortex-a53/libgcc/lib/libgcc_s.so.1: shared object
install -d -m0755 /mnt/build_wrt/bin/targets/qualcommax/ipq60xx/packages
mkdir -p /mnt/build_wrt/build_dir/target-aarch64_cortex-a53_musl/toolchain/apk-aarch64_cortex-a53/libgcc/
mkdir -p /mnt/build_wrt/build_dir/target-aarch64_cortex-a53_musl/toolchain/ipkg-aarch64_cortex-a53/libgcc/lib/apk/packages/
(cd /mnt/build_wrt/build_dir/target-aarch64_cortex-a53_musl/toolchain/apk-aarch64_cortex-a53/libgcc; )
( echo "#!/bin/sh"; echo "[ \"\${IPKG_NO_SCRIPT}\" = \"1\" ] && exit 0"; echo "[ -s "\${IPKG_INSTROOT}/lib/functions.sh" ] || exit 0"; echo ". \${IPKG_INSTROOT}/lib/functions.sh"; echo 'export root="${IPKG_INSTROOT}"'; echo 'export pkgname="libgcc1"'; echo "add_group_and_user"; echo "default_postinst"; [ ! -f /mnt/build_wrt/build_dir/target-aarch64_cortex-a53_musl/toolchain/apk-aarch64_cortex-a53/libgcc/postinst-pkg ] || sed '/^\s*#!/d' "/mnt/build_wrt/build_dir/target-aarch64_cortex-a53_musl/toolchain/apk-aarch64_cortex-a53/libgcc/postinst-pkg"; ) > /mnt/build_wrt/build_dir/target-aarch64_cortex-a53_musl/toolchain/apk-aarch64_cortex-a53/libgcc/post-install;
( echo "#!/bin/sh"; echo 'export PKG_UPGRADE=1'; [ ! -f /mnt/build_wrt/build_dir/target-aarch64_cortex-a53_musl/toolchain/apk-aarch64_cortex-a53/libgcc/post-install ] || sed '/^\s*#!/d' "/mnt/build_wrt/build_dir/target-aarch64_cortex-a53_musl/toolchain/apk-aarch64_cortex-a53/libgcc/post-install"; ) > /mnt/build_wrt/build_dir/target-aarch64_cortex-a53_musl/toolchain/apk-aarch64_cortex-a53/libgcc/post-upgrade;
( echo "#!/bin/sh"; echo "[ -s "\${IPKG_INSTROOT}/lib/functions.sh" ] || exit 0"; echo ". \${IPKG_INSTROOT}/lib/functions.sh"; echo 'export root="${IPKG_INSTROOT}"'; echo 'export pkgname="libgcc1"'; echo "default_prerm"; [ ! -f /mnt/build_wrt/build_dir/target-aarch64_cortex-a53_musl/toolchain/apk-aarch64_cortex-a53/libgcc/prerm-pkg ] || sed '/^\s*#!/d' "/mnt/build_wrt/build_dir/target-aarch64_cortex-a53_musl/toolchain/apk-aarch64_cortex-a53/libgcc/prerm-pkg"; ) > /mnt/build_wrt/build_dir/target-aarch64_cortex-a53_musl/toolchain/apk-aarch64_cortex-a53/libgcc/pre-deinstall;
[ ! -f /mnt/build_wrt/build_dir/target-aarch64_cortex-a53_musl/toolchain/apk-aarch64_cortex-a53/libgcc/postrm ] || sed -zi 's/^\s*#!/#!/' "/mnt/build_wrt/build_dir/target-aarch64_cortex-a53_musl/toolchain/apk-aarch64_cortex-a53/libgcc/postrm";
if [ -n "" ]; then echo  > /mnt/build_wrt/build_dir/target-aarch64_cortex-a53_musl/toolchain/ipkg-aarch64_cortex-a53/libgcc/lib/apk/packages/libgcc1.rusers; fi;
if [ -n "" ]; then echo  > /mnt/build_wrt/build_dir/target-aarch64_cortex-a53_musl/toolchain/ipkg-aarch64_cortex-a53/libgcc/lib/apk/packages/libgcc1.alternatives; fi;
(cd /mnt/build_wrt/build_dir/target-aarch64_cortex-a53_musl/toolchain/ipkg-aarch64_cortex-a53/libgcc && find . -type f,l -printf "/%P\n" | sort > /mnt/build_wrt/tmp/libgcc.list && mv /mnt/build_wrt/tmp/libgcc.list /mnt/build_wrt/build_dir/target-aarch64_cortex-a53_musl/toolchain/ipkg-aarch64_cortex-a53/libgcc/lib/apk/packages/libgcc1.list)
# Move conffiles to IDIR and build conffiles_static with csums
if [ -f /mnt/build_wrt/build_dir/target-aarch64_cortex-a53_musl/toolchain/apk-aarch64_cortex-a53/libgcc/conffiles ]; then mv -f /mnt/build_wrt/build_dir/target-aarch64_cortex-a53_musl/toolchain/apk-aarch64_cortex-a53/libgcc/conffiles /mnt/build_wrt/build_dir/target-aarch64_cortex-a53_musl/toolchain/ipkg-aarch64_cortex-a53/libgcc/lib/apk/packages/libgcc1.conffiles; for file in $(cat /mnt/build_wrt/build_dir/target-aarch64_cortex-a53_musl/toolchain/ipkg-aarch64_cortex-a53/libgcc/lib/apk/packages/libgcc1.conffiles); do [ -f /mnt/build_wrt/build_dir/target-aarch64_cortex-a53_musl/toolchain/ipkg-aarch64_cortex-a53/libgcc/$file ] || continue; csum=$(/mnt/build_wrt/staging_dir/host/bin/mkhash sha256 /mnt/build_wrt/build_dir/target-aarch64_cortex-a53_musl/toolchain/ipkg-aarch64_cortex-a53/libgcc/$file); echo $file $csum >> /mnt/build_wrt/build_dir/target-aarch64_cortex-a53_musl/toolchain/ipkg-aarch64_cortex-a53/libgcc/lib/apk/packages/libgcc1.conffiles_static; done; fi
# Some package (base-files) manually append stuff to conffiles
# Append stuff from it and delete the CONTROL directory since everything else should be migrated
if [ -f /mnt/build_wrt/build_dir/target-aarch64_cortex-a53_musl/toolchain/ipkg-aarch64_cortex-a53/libgcc/CONTROL/conffiles ]; then echo $(IDIR_libgcc)/CONTROL/conffiles >> /mnt/build_wrt/build_dir/target-aarch64_cortex-a53_musl/toolchain/ipkg-aarch64_cortex-a53/libgcc/lib/apk/packages/libgcc1.conffiles; for file in $(cat /mnt/build_wrt/build_dir/target-aarch64_cortex-a53_musl/toolchain/ipkg-aarch64_cortex-a53/libgcc/CONTROL/conffiles); do [ -f /mnt/build_wrt/build_dir/target-aarch64_cortex-a53_musl/toolchain/ipkg-aarch64_cortex-a53/libgcc/$file ] || continue; csum=$(/mnt/build_wrt/staging_dir/host/bin/mkhash sha256 /mnt/build_wrt/build_dir/target-aarch64_cortex-a53_musl/toolchain/ipkg-aarch64_cortex-a53/libgcc/$file); echo $file $csum >> /mnt/build_wrt/build_dir/target-aarch64_cortex-a53_musl/toolchain/ipkg-aarch64_cortex-a53/libgcc/lib/apk/packages/libgcc1.conffiles_static; done; rm -rf /mnt/build_wrt/build_dir/target-aarch64_cortex-a53_musl/toolchain/ipkg-aarch64_cortex-a53/libgcc/CONTROL/conffiles; fi
if [ -z "$(ls -A /mnt/build_wrt/build_dir/target-aarch64_cortex-a53_musl/toolchain/ipkg-aarch64_cortex-a53/libgcc/CONTROL 2>/dev/null)" ]; then rm -rf /mnt/build_wrt/build_dir/target-aarch64_cortex-a53_musl/toolchain/ipkg-aarch64_cortex-a53/libgcc/CONTROL; else echo "CONTROL directory /mnt/build_wrt/build_dir/target-aarch64_cortex-a53_musl/toolchain/ipkg-aarch64_cortex-a53/libgcc/CONTROL is not empty! This is not right and should be checked!" >&2; exit 1; fi
SOURCE_DATE_EPOCH=0 /mnt/build_wrt/staging_dir/host/bin/fakeroot /mnt/build_wrt/staging_dir/host/bin/apk mkpkg --info "name:libgcc1" --info "version:14.4.0-r5" --info "tags:openwrt:abiversion=1 openwrt:section=libs" --info "description:GCC support library" --info "arch:aarch64_cortex-a53" --info "license:GPL-3.0-with-GCC-exception" --info "origin:feeds/base/libs/toolchain" --info "url:https://gcc.gnu.org/" --info "maintainer:Felix Fietkau <nbd@nbd.name>" --info "provides:libgcc libgcc-any" --info "provider-priority:10" --script "post-install:/mnt/build_wrt/build_dir/target-aarch64_cortex-a53_musl/toolchain/apk-aarch64_cortex-a53/libgcc/post-install" --script "post-upgrade:/mnt/build_wrt/build_dir/target-aarch64_cortex-a53_musl/toolchain/apk-aarch64_cortex-a53/libgcc/post-upgrade" --script "pre-deinstall:/mnt/build_wrt/build_dir/target-aarch64_cortex-a53_musl/toolchain/apk-aarch64_cortex-a53/libgcc/pre-deinstall" --info "depends:" --files "/mnt/build_wrt/build_dir/target-aarch64_cortex-a53_musl/toolchain/ipkg-aarch64_cortex-a53/libgcc" --sign /mnt/build_wrt/private-key.pem --output "/mnt/build_wrt/bin/targets/qualcommax/ipq60xx/packages/libgcc1-14.4.0-r5.apk"
rm -rf /mnt/build_wrt/build_dir/target-aarch64_cortex-a53_musl/toolchain/ipkg-aarch64_cortex-a53/libc
mkdir -p /mnt/build_wrt/bin/targets/qualcommax/ipq60xx/packages /mnt/build_wrt/build_dir/target-aarch64_cortex-a53_musl/toolchain/ipkg-aarch64_cortex-a53/libc /mnt/build_wrt/staging_dir/target-aarch64_cortex-a53_musl/pkginfo
echo 1.2.6-r5 > /mnt/build_wrt/staging_dir/target-aarch64_cortex-a53_musl/libc.version; 	install -d -m0755 /mnt/build_wrt/build_dir/target-aarch64_cortex-a53_musl/toolchain/ipkg-aarch64_cortex-a53/libc/lib /mnt/build_wrt/build_dir/target-aarch64_cortex-a53_musl/toolchain/ipkg-aarch64_cortex-a53/libc/usr/bin
cp -fpR /mnt/build_wrt/staging_dir/toolchain-aarch64_cortex-a53_gcc-14.4.0_musl/lib/ld-musl-*.so* /mnt/build_wrt/build_dir/target-aarch64_cortex-a53_musl/toolchain/ipkg-aarch64_cortex-a53/libc/lib/
cp -fpR /mnt/build_wrt/staging_dir/toolchain-aarch64_cortex-a53_gcc-14.4.0_musl/lib/libc.so* /mnt/build_wrt/build_dir/target-aarch64_cortex-a53_musl/toolchain/ipkg-aarch64_cortex-a53/libc/lib/
ln -sf ../../lib/libc.so /mnt/build_wrt/build_dir/target-aarch64_cortex-a53_musl/toolchain/ipkg-aarch64_cortex-a53/libc/usr/bin/ldd
find /mnt/build_wrt/build_dir/target-aarch64_cortex-a53_musl/toolchain/ipkg-aarch64_cortex-a53/libc -name '.svn' -o -name '.#*' -o -name '*~'| xargs -r rm -rf
export CROSS="aarch64-openwrt-linux-musl-"  NO_RENAME=1 ; NM="aarch64-openwrt-linux-musl-nm" STRIP="/mnt/build_wrt/staging_dir/host/bin/sstrip -z" STRIP_KMOD="/mnt/build_wrt/scripts/strip-kmod.sh" PATCHELF="/mnt/build_wrt/staging_dir/host/bin/patchelf" /mnt/build_wrt/scripts/rstrip.sh /mnt/build_wrt/build_dir/target-aarch64_cortex-a53_musl/toolchain/ipkg-aarch64_cortex-a53/libc
rstrip.sh: /mnt/build_wrt/build_dir/target-aarch64_cortex-a53_musl/toolchain/ipkg-aarch64_cortex-a53/libc/lib/libc.so: shared object
install -d -m0755 /mnt/build_wrt/bin/targets/qualcommax/ipq60xx/packages
mkdir -p /mnt/build_wrt/build_dir/target-aarch64_cortex-a53_musl/toolchain/apk-aarch64_cortex-a53/libc/
mkdir -p /mnt/build_wrt/build_dir/target-aarch64_cortex-a53_musl/toolchain/ipkg-aarch64_cortex-a53/libc/lib/apk/packages/
(cd /mnt/build_wrt/build_dir/target-aarch64_cortex-a53_musl/toolchain/apk-aarch64_cortex-a53/libc; )
( echo "#!/bin/sh"; echo "[ \"\${IPKG_NO_SCRIPT}\" = \"1\" ] && exit 0"; echo "[ -s "\${IPKG_INSTROOT}/lib/functions.sh" ] || exit 0"; echo ". \${IPKG_INSTROOT}/lib/functions.sh"; echo 'export root="${IPKG_INSTROOT}"'; echo 'export pkgname="libc"'; echo "add_group_and_user"; echo "default_postinst"; [ ! -f /mnt/build_wrt/build_dir/target-aarch64_cortex-a53_musl/toolchain/apk-aarch64_cortex-a53/libc/postinst-pkg ] || sed '/^\s*#!/d' "/mnt/build_wrt/build_dir/target-aarch64_cortex-a53_musl/toolchain/apk-aarch64_cortex-a53/libc/postinst-pkg"; ) > /mnt/build_wrt/build_dir/target-aarch64_cortex-a53_musl/toolchain/apk-aarch64_cortex-a53/libc/post-install;
( echo "#!/bin/sh"; echo 'export PKG_UPGRADE=1'; [ ! -f /mnt/build_wrt/build_dir/target-aarch64_cortex-a53_musl/toolchain/apk-aarch64_cortex-a53/libc/post-install ] || sed '/^\s*#!/d' "/mnt/build_wrt/build_dir/target-aarch64_cortex-a53_musl/toolchain/apk-aarch64_cortex-a53/libc/post-install"; ) > /mnt/build_wrt/build_dir/target-aarch64_cortex-a53_musl/toolchain/apk-aarch64_cortex-a53/libc/post-upgrade;
( echo "#!/bin/sh"; echo "[ -s "\${IPKG_INSTROOT}/lib/functions.sh" ] || exit 0"; echo ". \${IPKG_INSTROOT}/lib/functions.sh"; echo 'export root="${IPKG_INSTROOT}"'; echo 'export pkgname="libc"'; echo "default_prerm"; [ ! -f /mnt/build_wrt/build_dir/target-aarch64_cortex-a53_musl/toolchain/apk-aarch64_cortex-a53/libc/prerm-pkg ] || sed '/^\s*#!/d' "/mnt/build_wrt/build_dir/target-aarch64_cortex-a53_musl/toolchain/apk-aarch64_cortex-a53/libc/prerm-pkg"; ) > /mnt/build_wrt/build_dir/target-aarch64_cortex-a53_musl/toolchain/apk-aarch64_cortex-a53/libc/pre-deinstall;
[ ! -f /mnt/build_wrt/build_dir/target-aarch64_cortex-a53_musl/toolchain/apk-aarch64_cortex-a53/libc/postrm ] || sed -zi 's/^\s*#!/#!/' "/mnt/build_wrt/build_dir/target-aarch64_cortex-a53_musl/toolchain/apk-aarch64_cortex-a53/libc/postrm";
if [ -n "" ]; then echo  > /mnt/build_wrt/build_dir/target-aarch64_cortex-a53_musl/toolchain/ipkg-aarch64_cortex-a53/libc/lib/apk/packages/libc.rusers; fi;
if [ -n "" ]; then echo  > /mnt/build_wrt/build_dir/target-aarch64_cortex-a53_musl/toolchain/ipkg-aarch64_cortex-a53/libc/lib/apk/packages/libc.alternatives; fi;
(cd /mnt/build_wrt/build_dir/target-aarch64_cortex-a53_musl/toolchain/ipkg-aarch64_cortex-a53/libc && find . -type f,l -printf "/%P\n" | sort > /mnt/build_wrt/tmp/libc.list && mv /mnt/build_wrt/tmp/libc.list /mnt/build_wrt/build_dir/target-aarch64_cortex-a53_musl/toolchain/ipkg-aarch64_cortex-a53/libc/lib/apk/packages/libc.list)
# Move conffiles to IDIR and build conffiles_static with csums
if [ -f /mnt/build_wrt/build_dir/target-aarch64_cortex-a53_musl/toolchain/apk-aarch64_cortex-a53/libc/conffiles ]; then mv -f /mnt/build_wrt/build_dir/target-aarch64_cortex-a53_musl/toolchain/apk-aarch64_cortex-a53/libc/conffiles /mnt/build_wrt/build_dir/target-aarch64_cortex-a53_musl/toolchain/ipkg-aarch64_cortex-a53/libc/lib/apk/packages/libc.conffiles; for file in $(cat /mnt/build_wrt/build_dir/target-aarch64_cortex-a53_musl/toolchain/ipkg-aarch64_cortex-a53/libc/lib/apk/packages/libc.conffiles); do [ -f /mnt/build_wrt/build_dir/target-aarch64_cortex-a53_musl/toolchain/ipkg-aarch64_cortex-a53/libc/$file ] || continue; csum=$(/mnt/build_wrt/staging_dir/host/bin/mkhash sha256 /mnt/build_wrt/build_dir/target-aarch64_cortex-a53_musl/toolchain/ipkg-aarch64_cortex-a53/libc/$file); echo $file $csum >> /mnt/build_wrt/build_dir/target-aarch64_cortex-a53_musl/toolchain/ipkg-aarch64_cortex-a53/libc/lib/apk/packages/libc.conffiles_static; done; fi
# Some package (base-files) manually append stuff to conffiles
# Append stuff from it and delete the CONTROL directory since everything else should be migrated
if [ -f /mnt/build_wrt/build_dir/target-aarch64_cortex-a53_musl/toolchain/ipkg-aarch64_cortex-a53/libc/CONTROL/conffiles ]; then echo $(IDIR_libc)/CONTROL/conffiles >> /mnt/build_wrt/build_dir/target-aarch64_cortex-a53_musl/toolchain/ipkg-aarch64_cortex-a53/libc/lib/apk/packages/libc.conffiles; for file in $(cat /mnt/build_wrt/build_dir/target-aarch64_cortex-a53_musl/toolchain/ipkg-aarch64_cortex-a53/libc/CONTROL/conffiles); do [ -f /mnt/build_wrt/build_dir/target-aarch64_cortex-a53_musl/toolchain/ipkg-aarch64_cortex-a53/libc/$file ] || continue; csum=$(/mnt/build_wrt/staging_dir/host/bin/mkhash sha256 /mnt/build_wrt/build_dir/target-aarch64_cortex-a53_musl/toolchain/ipkg-aarch64_cortex-a53/libc/$file); echo $file $csum >> /mnt/build_wrt/build_dir/target-aarch64_cortex-a53_musl/toolchain/ipkg-aarch64_cortex-a53/libc/lib/apk/packages/libc.conffiles_static; done; rm -rf /mnt/build_wrt/build_dir/target-aarch64_cortex-a53_musl/toolchain/ipkg-aarch64_cortex-a53/libc/CONTROL/conffiles; fi
if [ -z "$(ls -A /mnt/build_wrt/build_dir/target-aarch64_cortex-a53_musl/toolchain/ipkg-aarch64_cortex-a53/libc/CONTROL 2>/dev/null)" ]; then rm -rf /mnt/build_wrt/build_dir/target-aarch64_cortex-a53_musl/toolchain/ipkg-aarch64_cortex-a53/libc/CONTROL; else echo "CONTROL directory /mnt/build_wrt/build_dir/target-aarch64_cortex-a53_musl/toolchain/ipkg-aarch64_cortex-a53/libc/CONTROL is not empty! This is not right and should be checked!" >&2; exit 1; fi
SOURCE_DATE_EPOCH=0 /mnt/build_wrt/staging_dir/host/bin/fakeroot /mnt/build_wrt/staging_dir/host/bin/apk mkpkg --info "name:libc" --info "version:1.2.6-r5" --info "tags:openwrt:section=libs" --info "description:C library" --info "arch:aarch64_cortex-a53" --info "license:GPL-3.0-with-GCC-exception" --info "origin:feeds/base/libs/toolchain" --info "url:http://www.musl-libc.org/" --info "maintainer:Felix Fietkau <nbd@nbd.name>" --info "provides:libc-any"  --script "post-install:/mnt/build_wrt/build_dir/target-aarch64_cortex-a53_musl/toolchain/apk-aarch64_cortex-a53/libc/post-install" --script "post-upgrade:/mnt/build_wrt/build_dir/target-aarch64_cortex-a53_musl/toolchain/apk-aarch64_cortex-a53/libc/post-upgrade" --script "pre-deinstall:/mnt/build_wrt/build_dir/target-aarch64_cortex-a53_musl/toolchain/apk-aarch64_cortex-a53/libc/pre-deinstall" --info "depends:libgcc1" --files "/mnt/build_wrt/build_dir/target-aarch64_cortex-a53_musl/toolchain/ipkg-aarch64_cortex-a53/libc" --sign /mnt/build_wrt/private-key.pem --output "/mnt/build_wrt/bin/targets/qualcommax/ipq60xx/packages/libc-1.2.6-r5.apk"
rm -rf /mnt/build_wrt/build_dir/target-aarch64_cortex-a53_musl/toolchain/ipkg-aarch64_cortex-a53/libatomic
mkdir -p /mnt/build_wrt/bin/targets/qualcommax/ipq60xx/packages /mnt/build_wrt/build_dir/target-aarch64_cortex-a53_musl/toolchain/ipkg-aarch64_cortex-a53/libatomic /mnt/build_wrt/staging_dir/target-aarch64_cortex-a53_musl/pkginfo
install -d -m0755 /mnt/build_wrt/build_dir/target-aarch64_cortex-a53_musl/toolchain/ipkg-aarch64_cortex-a53/libatomic/lib
cp -fpR /mnt/build_wrt/staging_dir/toolchain-aarch64_cortex-a53_gcc-14.4.0_musl/lib/libatomic.so.* /mnt/build_wrt/build_dir/target-aarch64_cortex-a53_musl/toolchain/ipkg-aarch64_cortex-a53/libatomic/lib/
find /mnt/build_wrt/build_dir/target-aarch64_cortex-a53_musl/toolchain/ipkg-aarch64_cortex-a53/libatomic -name '.svn' -o -name '.#*' -o -name '*~'| xargs -r rm -rf
export CROSS="aarch64-openwrt-linux-musl-"  NO_RENAME=1 ; NM="aarch64-openwrt-linux-musl-nm" STRIP="/mnt/build_wrt/staging_dir/host/bin/sstrip -z" STRIP_KMOD="/mnt/build_wrt/scripts/strip-kmod.sh" PATCHELF="/mnt/build_wrt/staging_dir/host/bin/patchelf" /mnt/build_wrt/scripts/rstrip.sh /mnt/build_wrt/build_dir/target-aarch64_cortex-a53_musl/toolchain/ipkg-aarch64_cortex-a53/libatomic
rstrip.sh: /mnt/build_wrt/build_dir/target-aarch64_cortex-a53_musl/toolchain/ipkg-aarch64_cortex-a53/libatomic/lib/libatomic.so.1.2.0: shared object
install -d -m0755 /mnt/build_wrt/bin/targets/qualcommax/ipq60xx/packages
mkdir -p /mnt/build_wrt/build_dir/target-aarch64_cortex-a53_musl/toolchain/apk-aarch64_cortex-a53/libatomic/
mkdir -p /mnt/build_wrt/build_dir/target-aarch64_cortex-a53_musl/toolchain/ipkg-aarch64_cortex-a53/libatomic/lib/apk/packages/
(cd /mnt/build_wrt/build_dir/target-aarch64_cortex-a53_musl/toolchain/apk-aarch64_cortex-a53/libatomic; )
( echo "#!/bin/sh"; echo "[ \"\${IPKG_NO_SCRIPT}\" = \"1\" ] && exit 0"; echo "[ -s "\${IPKG_INSTROOT}/lib/functions.sh" ] || exit 0"; echo ". \${IPKG_INSTROOT}/lib/functions.sh"; echo 'export root="${IPKG_INSTROOT}"'; echo 'export pkgname="libatomic1"'; echo "add_group_and_user"; echo "default_postinst"; [ ! -f /mnt/build_wrt/build_dir/target-aarch64_cortex-a53_musl/toolchain/apk-aarch64_cortex-a53/libatomic/postinst-pkg ] || sed '/^\s*#!/d' "/mnt/build_wrt/build_dir/target-aarch64_cortex-a53_musl/toolchain/apk-aarch64_cortex-a53/libatomic/postinst-pkg"; ) > /mnt/build_wrt/build_dir/target-aarch64_cortex-a53_musl/toolchain/apk-aarch64_cortex-a53/libatomic/post-install;
( echo "#!/bin/sh"; echo 'export PKG_UPGRADE=1'; [ ! -f /mnt/build_wrt/build_dir/target-aarch64_cortex-a53_musl/toolchain/apk-aarch64_cortex-a53/libatomic/post-install ] || sed '/^\s*#!/d' "/mnt/build_wrt/build_dir/target-aarch64_cortex-a53_musl/toolchain/apk-aarch64_cortex-a53/libatomic/post-install"; ) > /mnt/build_wrt/build_dir/target-aarch64_cortex-a53_musl/toolchain/apk-aarch64_cortex-a53/libatomic/post-upgrade;
( echo "#!/bin/sh"; echo "[ -s "\${IPKG_INSTROOT}/lib/functions.sh" ] || exit 0"; echo ". \${IPKG_INSTROOT}/lib/functions.sh"; echo 'export root="${IPKG_INSTROOT}"'; echo 'export pkgname="libatomic1"'; echo "default_prerm"; [ ! -f /mnt/build_wrt/build_dir/target-aarch64_cortex-a53_musl/toolchain/apk-aarch64_cortex-a53/libatomic/prerm-pkg ] || sed '/^\s*#!/d' "/mnt/build_wrt/build_dir/target-aarch64_cortex-a53_musl/toolchain/apk-aarch64_cortex-a53/libatomic/prerm-pkg"; ) > /mnt/build_wrt/build_dir/target-aarch64_cortex-a53_musl/toolchain/apk-aarch64_cortex-a53/libatomic/pre-deinstall;
[ ! -f /mnt/build_wrt/build_dir/target-aarch64_cortex-a53_musl/toolchain/apk-aarch64_cortex-a53/libatomic/postrm ] || sed -zi 's/^\s*#!/#!/' "/mnt/build_wrt/build_dir/target-aarch64_cortex-a53_musl/toolchain/apk-aarch64_cortex-a53/libatomic/postrm";
if [ -n "" ]; then echo  > /mnt/build_wrt/build_dir/target-aarch64_cortex-a53_musl/toolchain/ipkg-aarch64_cortex-a53/libatomic/lib/apk/packages/libatomic1.rusers; fi;
if [ -n "" ]; then echo  > /mnt/build_wrt/build_dir/target-aarch64_cortex-a53_musl/toolchain/ipkg-aarch64_cortex-a53/libatomic/lib/apk/packages/libatomic1.alternatives; fi;
(cd /mnt/build_wrt/build_dir/target-aarch64_cortex-a53_musl/toolchain/ipkg-aarch64_cortex-a53/libatomic && find . -type f,l -printf "/%P\n" | sort > /mnt/build_wrt/tmp/libatomic.list && mv /mnt/build_wrt/tmp/libatomic.list /mnt/build_wrt/build_dir/target-aarch64_cortex-a53_musl/toolchain/ipkg-aarch64_cortex-a53/libatomic/lib/apk/packages/libatomic1.list)
# Move conffiles to IDIR and build conffiles_static with csums
if [ -f /mnt/build_wrt/build_dir/target-aarch64_cortex-a53_musl/toolchain/apk-aarch64_cortex-a53/libatomic/conffiles ]; then mv -f /mnt/build_wrt/build_dir/target-aarch64_cortex-a53_musl/toolchain/apk-aarch64_cortex-a53/libatomic/conffiles /mnt/build_wrt/build_dir/target-aarch64_cortex-a53_musl/toolchain/ipkg-aarch64_cortex-a53/libatomic/lib/apk/packages/libatomic1.conffiles; for file in $(cat /mnt/build_wrt/build_dir/target-aarch64_cortex-a53_musl/toolchain/ipkg-aarch64_cortex-a53/libatomic/lib/apk/packages/libatomic1.conffiles); do [ -f /mnt/build_wrt/build_dir/target-aarch64_cortex-a53_musl/toolchain/ipkg-aarch64_cortex-a53/libatomic/$file ] || continue; csum=$(/mnt/build_wrt/staging_dir/host/bin/mkhash sha256 /mnt/build_wrt/build_dir/target-aarch64_cortex-a53_musl/toolchain/ipkg-aarch64_cortex-a53/libatomic/$file); echo $file $csum >> /mnt/build_wrt/build_dir/target-aarch64_cortex-a53_musl/toolchain/ipkg-aarch64_cortex-a53/libatomic/lib/apk/packages/libatomic1.conffiles_static; done; fi
# Some package (base-files) manually append stuff to conffiles
# Append stuff from it and delete the CONTROL directory since everything else should be migrated
if [ -f /mnt/build_wrt/build_dir/target-aarch64_cortex-a53_musl/toolchain/ipkg-aarch64_cortex-a53/libatomic/CONTROL/conffiles ]; then echo $(IDIR_libatomic)/CONTROL/conffiles >> /mnt/build_wrt/build_dir/target-aarch64_cortex-a53_musl/toolchain/ipkg-aarch64_cortex-a53/libatomic/lib/apk/packages/libatomic1.conffiles; for file in $(cat /mnt/build_wrt/build_dir/target-aarch64_cortex-a53_musl/toolchain/ipkg-aarch64_cortex-a53/libatomic/CONTROL/conffiles); do [ -f /mnt/build_wrt/build_dir/target-aarch64_cortex-a53_musl/toolchain/ipkg-aarch64_cortex-a53/libatomic/$file ] || continue; csum=$(/mnt/build_wrt/staging_dir/host/bin/mkhash sha256 /mnt/build_wrt/build_dir/target-aarch64_cortex-a53_musl/toolchain/ipkg-aarch64_cortex-a53/libatomic/$file); echo $file $csum >> /mnt/build_wrt/build_dir/target-aarch64_cortex-a53_musl/toolchain/ipkg-aarch64_cortex-a53/libatomic/lib/apk/packages/libatomic1.conffiles_static; done; rm -rf /mnt/build_wrt/build_dir/target-aarch64_cortex-a53_musl/toolchain/ipkg-aarch64_cortex-a53/libatomic/CONTROL/conffiles; fi
if [ -z "$(ls -A /mnt/build_wrt/build_dir/target-aarch64_cortex-a53_musl/toolchain/ipkg-aarch64_cortex-a53/libatomic/CONTROL 2>/dev/null)" ]; then rm -rf /mnt/build_wrt/build_dir/target-aarch64_cortex-a53_musl/toolchain/ipkg-aarch64_cortex-a53/libatomic/CONTROL; else echo "CONTROL directory /mnt/build_wrt/build_dir/target-aarch64_cortex-a53_musl/toolchain/ipkg-aarch64_cortex-a53/libatomic/CONTROL is not empty! This is not right and should be checked!" >&2; exit 1; fi
SOURCE_DATE_EPOCH=0 /mnt/build_wrt/staging_dir/host/bin/fakeroot /mnt/build_wrt/staging_dir/host/bin/apk mkpkg --info "name:libatomic1" --info "version:14.4.0-r5" --info "tags:openwrt:abiversion=1 openwrt:section=libs" --info "description:Atomic support library" --info "arch:aarch64_cortex-a53" --info "license:GPL-3.0-with-GCC-exception" --info "origin:feeds/base/libs/toolchain" --info "url:https://gcc.gnu.org/" --info "maintainer:Felix Fietkau <nbd@nbd.name>" --info "provides:libatomic libatomic-any" --info "provider-priority:10" --script "post-install:/mnt/build_wrt/build_dir/target-aarch64_cortex-a53_musl/toolchain/apk-aarch64_cortex-a53/libatomic/post-install" --script "post-upgrade:/mnt/build_wrt/build_dir/target-aarch64_cortex-a53_musl/toolchain/apk-aarch64_cortex-a53/libatomic/post-upgrade" --script "pre-deinstall:/mnt/build_wrt/build_dir/target-aarch64_cortex-a53_musl/toolchain/apk-aarch64_cortex-a53/libatomic/pre-deinstall" --info "depends:libgcc1" --files "/mnt/build_wrt/build_dir/target-aarch64_cortex-a53_musl/toolchain/ipkg-aarch64_cortex-a53/libatomic" --sign /mnt/build_wrt/private-key.pem --output "/mnt/build_wrt/bin/targets/qualcommax/ipq60xx/packages/libatomic1-14.4.0-r5.apk"
rm -rf /mnt/build_wrt/build_dir/target-aarch64_cortex-a53_musl/toolchain/ipkg-aarch64_cortex-a53/libstdcpp
mkdir -p /mnt/build_wrt/bin/targets/qualcommax/ipq60xx/packages /mnt/build_wrt/build_dir/target-aarch64_cortex-a53_musl/toolchain/ipkg-aarch64_cortex-a53/libstdcpp /mnt/build_wrt/staging_dir/target-aarch64_cortex-a53_musl/pkginfo
install -d -m0755 /mnt/build_wrt/build_dir/target-aarch64_cortex-a53_musl/toolchain/ipkg-aarch64_cortex-a53/libstdcpp/usr/lib
cp -fpR /mnt/build_wrt/staging_dir/toolchain-aarch64_cortex-a53_gcc-14.4.0_musl/lib/libstdc++.so.* /mnt/build_wrt/build_dir/target-aarch64_cortex-a53_musl/toolchain/ipkg-aarch64_cortex-a53/libstdcpp/usr/lib/
rm -rf /mnt/build_wrt/build_dir/target-aarch64_cortex-a53_musl/toolchain/ipkg-aarch64_cortex-a53/libstdcpp/usr/lib/*-gdb.py
find /mnt/build_wrt/build_dir/target-aarch64_cortex-a53_musl/toolchain/ipkg-aarch64_cortex-a53/libstdcpp -name '.svn' -o -name '.#*' -o -name '*~'| xargs -r rm -rf
export CROSS="aarch64-openwrt-linux-musl-"  NO_RENAME=1 ; NM="aarch64-openwrt-linux-musl-nm" STRIP="/mnt/build_wrt/staging_dir/host/bin/sstrip -z" STRIP_KMOD="/mnt/build_wrt/scripts/strip-kmod.sh" PATCHELF="/mnt/build_wrt/staging_dir/host/bin/patchelf" /mnt/build_wrt/scripts/rstrip.sh /mnt/build_wrt/build_dir/target-aarch64_cortex-a53_musl/toolchain/ipkg-aarch64_cortex-a53/libstdcpp
rstrip.sh: /mnt/build_wrt/build_dir/target-aarch64_cortex-a53_musl/toolchain/ipkg-aarch64_cortex-a53/libstdcpp/usr/lib/libstdc++.so.6.0.33: shared object
install -d -m0755 /mnt/build_wrt/bin/targets/qualcommax/ipq60xx/packages
mkdir -p /mnt/build_wrt/build_dir/target-aarch64_cortex-a53_musl/toolchain/apk-aarch64_cortex-a53/libstdcpp/
mkdir -p /mnt/build_wrt/build_dir/target-aarch64_cortex-a53_musl/toolchain/ipkg-aarch64_cortex-a53/libstdcpp/lib/apk/packages/
(cd /mnt/build_wrt/build_dir/target-aarch64_cortex-a53_musl/toolchain/apk-aarch64_cortex-a53/libstdcpp; )
( echo "#!/bin/sh"; echo "[ \"\${IPKG_NO_SCRIPT}\" = \"1\" ] && exit 0"; echo "[ -s "\${IPKG_INSTROOT}/lib/functions.sh" ] || exit 0"; echo ". \${IPKG_INSTROOT}/lib/functions.sh"; echo 'export root="${IPKG_INSTROOT}"'; echo 'export pkgname="libstdcpp6"'; echo "add_group_and_user"; echo "default_postinst"; [ ! -f /mnt/build_wrt/build_dir/target-aarch64_cortex-a53_musl/toolchain/apk-aarch64_cortex-a53/libstdcpp/postinst-pkg ] || sed '/^\s*#!/d' "/mnt/build_wrt/build_dir/target-aarch64_cortex-a53_musl/toolchain/apk-aarch64_cortex-a53/libstdcpp/postinst-pkg"; ) > /mnt/build_wrt/build_dir/target-aarch64_cortex-a53_musl/toolchain/apk-aarch64_cortex-a53/libstdcpp/post-install;
( echo "#!/bin/sh"; echo 'export PKG_UPGRADE=1'; [ ! -f /mnt/build_wrt/build_dir/target-aarch64_cortex-a53_musl/toolchain/apk-aarch64_cortex-a53/libstdcpp/post-install ] || sed '/^\s*#!/d' "/mnt/build_wrt/build_dir/target-aarch64_cortex-a53_musl/toolchain/apk-aarch64_cortex-a53/libstdcpp/post-install"; ) > /mnt/build_wrt/build_dir/target-aarch64_cortex-a53_musl/toolchain/apk-aarch64_cortex-a53/libstdcpp/post-upgrade;
( echo "#!/bin/sh"; echo "[ -s "\${IPKG_INSTROOT}/lib/functions.sh" ] || exit 0"; echo ". \${IPKG_INSTROOT}/lib/functions.sh"; echo 'export root="${IPKG_INSTROOT}"'; echo 'export pkgname="libstdcpp6"'; echo "default_prerm"; [ ! -f /mnt/build_wrt/build_dir/target-aarch64_cortex-a53_musl/toolchain/apk-aarch64_cortex-a53/libstdcpp/prerm-pkg ] || sed '/^\s*#!/d' "/mnt/build_wrt/build_dir/target-aarch64_cortex-a53_musl/toolchain/apk-aarch64_cortex-a53/libstdcpp/prerm-pkg"; ) > /mnt/build_wrt/build_dir/target-aarch64_cortex-a53_musl/toolchain/apk-aarch64_cortex-a53/libstdcpp/pre-deinstall;
[ ! -f /mnt/build_wrt/build_dir/target-aarch64_cortex-a53_musl/toolchain/apk-aarch64_cortex-a53/libstdcpp/postrm ] || sed -zi 's/^\s*#!/#!/' "/mnt/build_wrt/build_dir/target-aarch64_cortex-a53_musl/toolchain/apk-aarch64_cortex-a53/libstdcpp/postrm";
if [ -n "" ]; then echo  > /mnt/build_wrt/build_dir/target-aarch64_cortex-a53_musl/toolchain/ipkg-aarch64_cortex-a53/libstdcpp/lib/apk/packages/libstdcpp6.rusers; fi;
if [ -n "" ]; then echo  > /mnt/build_wrt/build_dir/target-aarch64_cortex-a53_musl/toolchain/ipkg-aarch64_cortex-a53/libstdcpp/lib/apk/packages/libstdcpp6.alternatives; fi;
(cd /mnt/build_wrt/build_dir/target-aarch64_cortex-a53_musl/toolchain/ipkg-aarch64_cortex-a53/libstdcpp && find . -type f,l -printf "/%P\n" | sort > /mnt/build_wrt/tmp/libstdcpp.list && mv /mnt/build_wrt/tmp/libstdcpp.list /mnt/build_wrt/build_dir/target-aarch64_cortex-a53_musl/toolchain/ipkg-aarch64_cortex-a53/libstdcpp/lib/apk/packages/libstdcpp6.list)
# Move conffiles to IDIR and build conffiles_static with csums
if [ -f /mnt/build_wrt/build_dir/target-aarch64_cortex-a53_musl/toolchain/apk-aarch64_cortex-a53/libstdcpp/conffiles ]; then mv -f /mnt/build_wrt/build_dir/target-aarch64_cortex-a53_musl/toolchain/apk-aarch64_cortex-a53/libstdcpp/conffiles /mnt/build_wrt/build_dir/target-aarch64_cortex-a53_musl/toolchain/ipkg-aarch64_cortex-a53/libstdcpp/lib/apk/packages/libstdcpp6.conffiles; for file in $(cat /mnt/build_wrt/build_dir/target-aarch64_cortex-a53_musl/toolchain/ipkg-aarch64_cortex-a53/libstdcpp/lib/apk/packages/libstdcpp6.conffiles); do [ -f /mnt/build_wrt/build_dir/target-aarch64_cortex-a53_musl/toolchain/ipkg-aarch64_cortex-a53/libstdcpp/$file ] || continue; csum=$(/mnt/build_wrt/staging_dir/host/bin/mkhash sha256 /mnt/build_wrt/build_dir/target-aarch64_cortex-a53_musl/toolchain/ipkg-aarch64_cortex-a53/libstdcpp/$file); echo $file $csum >> /mnt/build_wrt/build_dir/target-aarch64_cortex-a53_musl/toolchain/ipkg-aarch64_cortex-a53/libstdcpp/lib/apk/packages/libstdcpp6.conffiles_static; done; fi
# Some package (base-files) manually append stuff to conffiles
# Append stuff from it and delete the CONTROL directory since everything else should be migrated
if [ -f /mnt/build_wrt/build_dir/target-aarch64_cortex-a53_musl/toolchain/ipkg-aarch64_cortex-a53/libstdcpp/CONTROL/conffiles ]; then echo $(IDIR_libstdcpp)/CONTROL/conffiles >> /mnt/build_wrt/build_dir/target-aarch64_cortex-a53_musl/toolchain/ipkg-aarch64_cortex-a53/libstdcpp/lib/apk/packages/libstdcpp6.conffiles; for file in $(cat /mnt/build_wrt/build_dir/target-aarch64_cortex-a53_musl/toolchain/ipkg-aarch64_cortex-a53/libstdcpp/CONTROL/conffiles); do [ -f /mnt/build_wrt/build_dir/target-aarch64_cortex-a53_musl/toolchain/ipkg-aarch64_cortex-a53/libstdcpp/$file ] || continue; csum=$(/mnt/build_wrt/staging_dir/host/bin/mkhash sha256 /mnt/build_wrt/build_dir/target-aarch64_cortex-a53_musl/toolchain/ipkg-aarch64_cortex-a53/libstdcpp/$file); echo $file $csum >> /mnt/build_wrt/build_dir/target-aarch64_cortex-a53_musl/toolchain/ipkg-aarch64_cortex-a53/libstdcpp/lib/apk/packages/libstdcpp6.conffiles_static; done; rm -rf /mnt/build_wrt/build_dir/target-aarch64_cortex-a53_musl/toolchain/ipkg-aarch64_cortex-a53/libstdcpp/CONTROL/conffiles; fi
if [ -z "$(ls -A /mnt/build_wrt/build_dir/target-aarch64_cortex-a53_musl/toolchain/ipkg-aarch64_cortex-a53/libstdcpp/CONTROL 2>/dev/null)" ]; then rm -rf /mnt/build_wrt/build_dir/target-aarch64_cortex-a53_musl/toolchain/ipkg-aarch64_cortex-a53/libstdcpp/CONTROL; else echo "CONTROL directory /mnt/build_wrt/build_dir/target-aarch64_cortex-a53_musl/toolchain/ipkg-aarch64_cortex-a53/libstdcpp/CONTROL is not empty! This is not right and should be checked!" >&2; exit 1; fi
SOURCE_DATE_EPOCH=0 /mnt/build_wrt/staging_dir/host/bin/fakeroot /mnt/build_wrt/staging_dir/host/bin/apk mkpkg --info "name:libstdcpp6" --info "version:14.4.0-r5" --info "tags:openwrt:abiversion=6 openwrt:section=libs" --info "description:GNU Standard C++ Library v3" --info "arch:aarch64_cortex-a53" --info "license:GPL-3.0-with-GCC-exception" --info "origin:feeds/base/libs/toolchain" --info "url:https://gcc.gnu.org/" --info "maintainer:Felix Fietkau <nbd@nbd.name>" --info "provides:libstdcpp libstdcpp-any" --info "provider-priority:10" --script "post-install:/mnt/build_wrt/build_dir/target-aarch64_cortex-a53_musl/toolchain/apk-aarch64_cortex-a53/libstdcpp/post-install" --script "post-upgrade:/mnt/build_wrt/build_dir/target-aarch64_cortex-a53_musl/toolchain/apk-aarch64_cortex-a53/libstdcpp/post-upgrade" --script "pre-deinstall:/mnt/build_wrt/build_dir/target-aarch64_cortex-a53_musl/toolchain/apk-aarch64_cortex-a53/libstdcpp/pre-deinstall" --info "depends:" --files "/mnt/build_wrt/build_dir/target-aarch64_cortex-a53_musl/toolchain/ipkg-aarch64_cortex-a53/libstdcpp" --sign /mnt/build_wrt/private-key.pem --output "/mnt/build_wrt/bin/targets/qualcommax/ipq60xx/packages/libstdcpp6-14.4.0-r5.apk"
rm -rf /mnt/build_wrt/build_dir/target-aarch64_cortex-a53_musl/toolchain/ipkg-aarch64_cortex-a53/libpthread
mkdir -p /mnt/build_wrt/bin/targets/qualcommax/ipq60xx/packages /mnt/build_wrt/build_dir/target-aarch64_cortex-a53_musl/toolchain/ipkg-aarch64_cortex-a53/libpthread /mnt/build_wrt/staging_dir/target-aarch64_cortex-a53_musl/pkginfo
install -d -m0755 /mnt/build_wrt/build_dir/target-aarch64_cortex-a53_musl/toolchain/ipkg-aarch64_cortex-a53/libpthread/lib
find /mnt/build_wrt/build_dir/target-aarch64_cortex-a53_musl/toolchain/ipkg-aarch64_cortex-a53/libpthread -name '.svn' -o -name '.#*' -o -name '*~'| xargs -r rm -rf
export CROSS="aarch64-openwrt-linux-musl-"  NO_RENAME=1 ; NM="aarch64-openwrt-linux-musl-nm" STRIP="/mnt/build_wrt/staging_dir/host/bin/sstrip -z" STRIP_KMOD="/mnt/build_wrt/scripts/strip-kmod.sh" PATCHELF="/mnt/build_wrt/staging_dir/host/bin/patchelf" /mnt/build_wrt/scripts/rstrip.sh /mnt/build_wrt/build_dir/target-aarch64_cortex-a53_musl/toolchain/ipkg-aarch64_cortex-a53/libpthread
install -d -m0755 /mnt/build_wrt/bin/targets/qualcommax/ipq60xx/packages
mkdir -p /mnt/build_wrt/build_dir/target-aarch64_cortex-a53_musl/toolchain/apk-aarch64_cortex-a53/libpthread/
mkdir -p /mnt/build_wrt/build_dir/target-aarch64_cortex-a53_musl/toolchain/ipkg-aarch64_cortex-a53/libpthread/lib/apk/packages/
(cd /mnt/build_wrt/build_dir/target-aarch64_cortex-a53_musl/toolchain/apk-aarch64_cortex-a53/libpthread; )
( echo "#!/bin/sh"; echo "[ \"\${IPKG_NO_SCRIPT}\" = \"1\" ] && exit 0"; echo "[ -s "\${IPKG_INSTROOT}/lib/functions.sh" ] || exit 0"; echo ". \${IPKG_INSTROOT}/lib/functions.sh"; echo 'export root="${IPKG_INSTROOT}"'; echo 'export pkgname="libpthread"'; echo "add_group_and_user"; echo "default_postinst"; [ ! -f /mnt/build_wrt/build_dir/target-aarch64_cortex-a53_musl/toolchain/apk-aarch64_cortex-a53/libpthread/postinst-pkg ] || sed '/^\s*#!/d' "/mnt/build_wrt/build_dir/target-aarch64_cortex-a53_musl/toolchain/apk-aarch64_cortex-a53/libpthread/postinst-pkg"; ) > /mnt/build_wrt/build_dir/target-aarch64_cortex-a53_musl/toolchain/apk-aarch64_cortex-a53/libpthread/post-install;
( echo "#!/bin/sh"; echo 'export PKG_UPGRADE=1'; [ ! -f /mnt/build_wrt/build_dir/target-aarch64_cortex-a53_musl/toolchain/apk-aarch64_cortex-a53/libpthread/post-install ] || sed '/^\s*#!/d' "/mnt/build_wrt/build_dir/target-aarch64_cortex-a53_musl/toolchain/apk-aarch64_cortex-a53/libpthread/post-install"; ) > /mnt/build_wrt/build_dir/target-aarch64_cortex-a53_musl/toolchain/apk-aarch64_cortex-a53/libpthread/post-upgrade;
( echo "#!/bin/sh"; echo "[ -s "\${IPKG_INSTROOT}/lib/functions.sh" ] || exit 0"; echo ". \${IPKG_INSTROOT}/lib/functions.sh"; echo 'export root="${IPKG_INSTROOT}"'; echo 'export pkgname="libpthread"'; echo "default_prerm"; [ ! -f /mnt/build_wrt/build_dir/target-aarch64_cortex-a53_musl/toolchain/apk-aarch64_cortex-a53/libpthread/prerm-pkg ] || sed '/^\s*#!/d' "/mnt/build_wrt/build_dir/target-aarch64_cortex-a53_musl/toolchain/apk-aarch64_cortex-a53/libpthread/prerm-pkg"; ) > /mnt/build_wrt/build_dir/target-aarch64_cortex-a53_musl/toolchain/apk-aarch64_cortex-a53/libpthread/pre-deinstall;
[ ! -f /mnt/build_wrt/build_dir/target-aarch64_cortex-a53_musl/toolchain/apk-aarch64_cortex-a53/libpthread/postrm ] || sed -zi 's/^\s*#!/#!/' "/mnt/build_wrt/build_dir/target-aarch64_cortex-a53_musl/toolchain/apk-aarch64_cortex-a53/libpthread/postrm";
if [ -n "" ]; then echo  > /mnt/build_wrt/build_dir/target-aarch64_cortex-a53_musl/toolchain/ipkg-aarch64_cortex-a53/libpthread/lib/apk/packages/libpthread.rusers; fi;
if [ -n "" ]; then echo  > /mnt/build_wrt/build_dir/target-aarch64_cortex-a53_musl/toolchain/ipkg-aarch64_cortex-a53/libpthread/lib/apk/packages/libpthread.alternatives; fi;
(cd /mnt/build_wrt/build_dir/target-aarch64_cortex-a53_musl/toolchain/ipkg-aarch64_cortex-a53/libpthread && find . -type f,l -printf "/%P\n" | sort > /mnt/build_wrt/tmp/libpthread.list && mv /mnt/build_wrt/tmp/libpthread.list /mnt/build_wrt/build_dir/target-aarch64_cortex-a53_musl/toolchain/ipkg-aarch64_cortex-a53/libpthread/lib/apk/packages/libpthread.list)
# Move conffiles to IDIR and build conffiles_static with csums
if [ -f /mnt/build_wrt/build_dir/target-aarch64_cortex-a53_musl/toolchain/apk-aarch64_cortex-a53/libpthread/conffiles ]; then mv -f /mnt/build_wrt/build_dir/target-aarch64_cortex-a53_musl/toolchain/apk-aarch64_cortex-a53/libpthread/conffiles /mnt/build_wrt/build_dir/target-aarch64_cortex-a53_musl/toolchain/ipkg-aarch64_cortex-a53/libpthread/lib/apk/packages/libpthread.conffiles; for file in $(cat /mnt/build_wrt/build_dir/target-aarch64_cortex-a53_musl/toolchain/ipkg-aarch64_cortex-a53/libpthread/lib/apk/packages/libpthread.conffiles); do [ -f /mnt/build_wrt/build_dir/target-aarch64_cortex-a53_musl/toolchain/ipkg-aarch64_cortex-a53/libpthread/$file ] || continue; csum=$(/mnt/build_wrt/staging_dir/host/bin/mkhash sha256 /mnt/build_wrt/build_dir/target-aarch64_cortex-a53_musl/toolchain/ipkg-aarch64_cortex-a53/libpthread/$file); echo $file $csum >> /mnt/build_wrt/build_dir/target-aarch64_cortex-a53_musl/toolchain/ipkg-aarch64_cortex-a53/libpthread/lib/apk/packages/libpthread.conffiles_static; done; fi
# Some package (base-files) manually append stuff to conffiles
# Append stuff from it and delete the CONTROL directory since everything else should be migrated
if [ -f /mnt/build_wrt/build_dir/target-aarch64_cortex-a53_musl/toolchain/ipkg-aarch64_cortex-a53/libpthread/CONTROL/conffiles ]; then echo $(IDIR_libpthread)/CONTROL/conffiles >> /mnt/build_wrt/build_dir/target-aarch64_cortex-a53_musl/toolchain/ipkg-aarch64_cortex-a53/libpthread/lib/apk/packages/libpthread.conffiles; for file in $(cat /mnt/build_wrt/build_dir/target-aarch64_cortex-a53_musl/toolchain/ipkg-aarch64_cortex-a53/libpthread/CONTROL/conffiles); do [ -f /mnt/build_wrt/build_dir/target-aarch64_cortex-a53_musl/toolchain/ipkg-aarch64_cortex-a53/libpthread/$file ] || continue; csum=$(/mnt/build_wrt/staging_dir/host/bin/mkhash sha256 /mnt/build_wrt/build_dir/target-aarch64_cortex-a53_musl/toolchain/ipkg-aarch64_cortex-a53/libpthread/$file); echo $file $csum >> /mnt/build_wrt/build_dir/target-aarch64_cortex-a53_musl/toolchain/ipkg-aarch64_cortex-a53/libpthread/lib/apk/packages/libpthread.conffiles_static; done; rm -rf /mnt/build_wrt/build_dir/target-aarch64_cortex-a53_musl/toolchain/ipkg-aarch64_cortex-a53/libpthread/CONTROL/conffiles; fi
if [ -z "$(ls -A /mnt/build_wrt/build_dir/target-aarch64_cortex-a53_musl/toolchain/ipkg-aarch64_cortex-a53/libpthread/CONTROL 2>/dev/null)" ]; then rm -rf /mnt/build_wrt/build_dir/target-aarch64_cortex-a53_musl/toolchain/ipkg-aarch64_cortex-a53/libpthread/CONTROL; else echo "CONTROL directory /mnt/build_wrt/build_dir/target-aarch64_cortex-a53_musl/toolchain/ipkg-aarch64_cortex-a53/libpthread/CONTROL is not empty! This is not right and should be checked!" >&2; exit 1; fi
SOURCE_DATE_EPOCH=0 /mnt/build_wrt/staging_dir/host/bin/fakeroot /mnt/build_wrt/staging_dir/host/bin/apk mkpkg --info "name:libpthread" --info "version:1.2.6-r5" --info "tags:openwrt:section=libs" --info "description:POSIX thread library" --info "arch:aarch64_cortex-a53" --info "license:GPL-3.0-with-GCC-exception" --info "origin:feeds/base/libs/toolchain" --info "url:http://www.musl-libc.org/" --info "maintainer:Felix Fietkau <nbd@nbd.name>" --info "provides:libpthread-any"  --script "post-install:/mnt/build_wrt/build_dir/target-aarch64_cortex-a53_musl/toolchain/apk-aarch64_cortex-a53/libpthread/post-install" --script "post-upgrade:/mnt/build_wrt/build_dir/target-aarch64_cortex-a53_musl/toolchain/apk-aarch64_cortex-a53/libpthread/post-upgrade" --script "pre-deinstall:/mnt/build_wrt/build_dir/target-aarch64_cortex-a53_musl/toolchain/apk-aarch64_cortex-a53/libpthread/pre-deinstall" --info "depends:libgcc1" --files "/mnt/build_wrt/build_dir/target-aarch64_cortex-a53_musl/toolchain/ipkg-aarch64_cortex-a53/libpthread" --sign /mnt/build_wrt/private-key.pem --output "/mnt/build_wrt/bin/targets/qualcommax/ipq60xx/packages/libpthread-1.2.6-r5.apk"
rm -rf /mnt/build_wrt/build_dir/target-aarch64_cortex-a53_musl/toolchain/ipkg-aarch64_cortex-a53/librt
mkdir -p /mnt/build_wrt/bin/targets/qualcommax/ipq60xx/packages /mnt/build_wrt/build_dir/target-aarch64_cortex-a53_musl/toolchain/ipkg-aarch64_cortex-a53/librt /mnt/build_wrt/staging_dir/target-aarch64_cortex-a53_musl/pkginfo
install -d -m0755 /mnt/build_wrt/build_dir/target-aarch64_cortex-a53_musl/toolchain/ipkg-aarch64_cortex-a53/librt/lib
find /mnt/build_wrt/build_dir/target-aarch64_cortex-a53_musl/toolchain/ipkg-aarch64_cortex-a53/librt -name '.svn' -o -name '.#*' -o -name '*~'| xargs -r rm -rf
export CROSS="aarch64-openwrt-linux-musl-"  NO_RENAME=1 ; NM="aarch64-openwrt-linux-musl-nm" STRIP="/mnt/build_wrt/staging_dir/host/bin/sstrip -z" STRIP_KMOD="/mnt/build_wrt/scripts/strip-kmod.sh" PATCHELF="/mnt/build_wrt/staging_dir/host/bin/patchelf" /mnt/build_wrt/scripts/rstrip.sh /mnt/build_wrt/build_dir/target-aarch64_cortex-a53_musl/toolchain/ipkg-aarch64_cortex-a53/librt
install -d -m0755 /mnt/build_wrt/bin/targets/qualcommax/ipq60xx/packages
mkdir -p /mnt/build_wrt/build_dir/target-aarch64_cortex-a53_musl/toolchain/apk-aarch64_cortex-a53/librt/
mkdir -p /mnt/build_wrt/build_dir/target-aarch64_cortex-a53_musl/toolchain/ipkg-aarch64_cortex-a53/librt/lib/apk/packages/
(cd /mnt/build_wrt/build_dir/target-aarch64_cortex-a53_musl/toolchain/apk-aarch64_cortex-a53/librt; )
( echo "#!/bin/sh"; echo "[ \"\${IPKG_NO_SCRIPT}\" = \"1\" ] && exit 0"; echo "[ -s "\${IPKG_INSTROOT}/lib/functions.sh" ] || exit 0"; echo ". \${IPKG_INSTROOT}/lib/functions.sh"; echo 'export root="${IPKG_INSTROOT}"'; echo 'export pkgname="librt"'; echo "add_group_and_user"; echo "default_postinst"; [ ! -f /mnt/build_wrt/build_dir/target-aarch64_cortex-a53_musl/toolchain/apk-aarch64_cortex-a53/librt/postinst-pkg ] || sed '/^\s*#!/d' "/mnt/build_wrt/build_dir/target-aarch64_cortex-a53_musl/toolchain/apk-aarch64_cortex-a53/librt/postinst-pkg"; ) > /mnt/build_wrt/build_dir/target-aarch64_cortex-a53_musl/toolchain/apk-aarch64_cortex-a53/librt/post-install;
( echo "#!/bin/sh"; echo 'export PKG_UPGRADE=1'; [ ! -f /mnt/build_wrt/build_dir/target-aarch64_cortex-a53_musl/toolchain/apk-aarch64_cortex-a53/librt/post-install ] || sed '/^\s*#!/d' "/mnt/build_wrt/build_dir/target-aarch64_cortex-a53_musl/toolchain/apk-aarch64_cortex-a53/librt/post-install"; ) > /mnt/build_wrt/build_dir/target-aarch64_cortex-a53_musl/toolchain/apk-aarch64_cortex-a53/librt/post-upgrade;
( echo "#!/bin/sh"; echo "[ -s "\${IPKG_INSTROOT}/lib/functions.sh" ] || exit 0"; echo ". \${IPKG_INSTROOT}/lib/functions.sh"; echo 'export root="${IPKG_INSTROOT}"'; echo 'export pkgname="librt"'; echo "default_prerm"; [ ! -f /mnt/build_wrt/build_dir/target-aarch64_cortex-a53_musl/toolchain/apk-aarch64_cortex-a53/librt/prerm-pkg ] || sed '/^\s*#!/d' "/mnt/build_wrt/build_dir/target-aarch64_cortex-a53_musl/toolchain/apk-aarch64_cortex-a53/librt/prerm-pkg"; ) > /mnt/build_wrt/build_dir/target-aarch64_cortex-a53_musl/toolchain/apk-aarch64_cortex-a53/librt/pre-deinstall;
[ ! -f /mnt/build_wrt/build_dir/target-aarch64_cortex-a53_musl/toolchain/apk-aarch64_cortex-a53/librt/postrm ] || sed -zi 's/^\s*#!/#!/' "/mnt/build_wrt/build_dir/target-aarch64_cortex-a53_musl/toolchain/apk-aarch64_cortex-a53/librt/postrm";
if [ -n "" ]; then echo  > /mnt/build_wrt/build_dir/target-aarch64_cortex-a53_musl/toolchain/ipkg-aarch64_cortex-a53/librt/lib/apk/packages/librt.rusers; fi;
if [ -n "" ]; then echo  > /mnt/build_wrt/build_dir/target-aarch64_cortex-a53_musl/toolchain/ipkg-aarch64_cortex-a53/librt/lib/apk/packages/librt.alternatives; fi;
(cd /mnt/build_wrt/build_dir/target-aarch64_cortex-a53_musl/toolchain/ipkg-aarch64_cortex-a53/librt && find . -type f,l -printf "/%P\n" | sort > /mnt/build_wrt/tmp/librt.list && mv /mnt/build_wrt/tmp/librt.list /mnt/build_wrt/build_dir/target-aarch64_cortex-a53_musl/toolchain/ipkg-aarch64_cortex-a53/librt/lib/apk/packages/librt.list)
# Move conffiles to IDIR and build conffiles_static with csums
if [ -f /mnt/build_wrt/build_dir/target-aarch64_cortex-a53_musl/toolchain/apk-aarch64_cortex-a53/librt/conffiles ]; then mv -f /mnt/build_wrt/build_dir/target-aarch64_cortex-a53_musl/toolchain/apk-aarch64_cortex-a53/librt/conffiles /mnt/build_wrt/build_dir/target-aarch64_cortex-a53_musl/toolchain/ipkg-aarch64_cortex-a53/librt/lib/apk/packages/librt.conffiles; for file in $(cat /mnt/build_wrt/build_dir/target-aarch64_cortex-a53_musl/toolchain/ipkg-aarch64_cortex-a53/librt/lib/apk/packages/librt.conffiles); do [ -f /mnt/build_wrt/build_dir/target-aarch64_cortex-a53_musl/toolchain/ipkg-aarch64_cortex-a53/librt/$file ] || continue; csum=$(/mnt/build_wrt/staging_dir/host/bin/mkhash sha256 /mnt/build_wrt/build_dir/target-aarch64_cortex-a53_musl/toolchain/ipkg-aarch64_cortex-a53/librt/$file); echo $file $csum >> /mnt/build_wrt/build_dir/target-aarch64_cortex-a53_musl/toolchain/ipkg-aarch64_cortex-a53/librt/lib/apk/packages/librt.conffiles_static; done; fi
# Some package (base-files) manually append stuff to conffiles
# Append stuff from it and delete the CONTROL directory since everything else should be migrated
if [ -f /mnt/build_wrt/build_dir/target-aarch64_cortex-a53_musl/toolchain/ipkg-aarch64_cortex-a53/librt/CONTROL/conffiles ]; then echo $(IDIR_librt)/CONTROL/conffiles >> /mnt/build_wrt/build_dir/target-aarch64_cortex-a53_musl/toolchain/ipkg-aarch64_cortex-a53/librt/lib/apk/packages/librt.conffiles; for file in $(cat /mnt/build_wrt/build_dir/target-aarch64_cortex-a53_musl/toolchain/ipkg-aarch64_cortex-a53/librt/CONTROL/conffiles); do [ -f /mnt/build_wrt/build_dir/target-aarch64_cortex-a53_musl/toolchain/ipkg-aarch64_cortex-a53/librt/$file ] || continue; csum=$(/mnt/build_wrt/staging_dir/host/bin/mkhash sha256 /mnt/build_wrt/build_dir/target-aarch64_cortex-a53_musl/toolchain/ipkg-aarch64_cortex-a53/librt/$file); echo $file $csum >> /mnt/build_wrt/build_dir/target-aarch64_cortex-a53_musl/toolchain/ipkg-aarch64_cortex-a53/librt/lib/apk/packages/librt.conffiles_static; done; rm -rf /mnt/build_wrt/build_dir/target-aarch64_cortex-a53_musl/toolchain/ipkg-aarch64_cortex-a53/librt/CONTROL/conffiles; fi
if [ -z "$(ls -A /mnt/build_wrt/build_dir/target-aarch64_cortex-a53_musl/toolchain/ipkg-aarch64_cortex-a53/librt/CONTROL 2>/dev/null)" ]; then rm -rf /mnt/build_wrt/build_dir/target-aarch64_cortex-a53_musl/toolchain/ipkg-aarch64_cortex-a53/librt/CONTROL; else echo "CONTROL directory /mnt/build_wrt/build_dir/target-aarch64_cortex-a53_musl/toolchain/ipkg-aarch64_cortex-a53/librt/CONTROL is not empty! This is not right and should be checked!" >&2; exit 1; fi
SOURCE_DATE_EPOCH=0 /mnt/build_wrt/staging_dir/host/bin/fakeroot /mnt/build_wrt/staging_dir/host/bin/apk mkpkg --info "name:librt" --info "version:1.2.6-r5" --info "tags:openwrt:section=libs" --info "description:POSIX.1b RealTime extension library" --info "arch:aarch64_cortex-a53" --info "license:GPL-3.0-with-GCC-exception" --info "origin:feeds/base/libs/toolchain" --info "url:http://www.musl-libc.org/" --info "maintainer:Felix Fietkau <nbd@nbd.name>" --info "provides:librt-any"  --script "post-install:/mnt/build_wrt/build_dir/target-aarch64_cortex-a53_musl/toolchain/apk-aarch64_cortex-a53/librt/post-install" --script "post-upgrade:/mnt/build_wrt/build_dir/target-aarch64_cortex-a53_musl/toolchain/apk-aarch64_cortex-a53/librt/post-upgrade" --script "pre-deinstall:/mnt/build_wrt/build_dir/target-aarch64_cortex-a53_musl/toolchain/apk-aarch64_cortex-a53/librt/pre-deinstall" --info "depends:libpthread" --files "/mnt/build_wrt/build_dir/target-aarch64_cortex-a53_musl/toolchain/ipkg-aarch64_cortex-a53/librt" --sign /mnt/build_wrt/private-key.pem --output "/mnt/build_wrt/bin/targets/qualcommax/ipq60xx/packages/librt-1.2.6-r5.apk"
rm -rf /mnt/build_wrt/build_dir/target-aarch64_cortex-a53_musl/toolchain/.pkgdir/libgcc.installed /mnt/build_wrt/build_dir/target-aarch64_cortex-a53_musl/toolchain/.pkgdir/libgcc
mkdir -p /mnt/build_wrt/build_dir/target-aarch64_cortex-a53_musl/toolchain/.pkgdir/libgcc
install -d -m0755 /mnt/build_wrt/build_dir/target-aarch64_cortex-a53_musl/toolchain/.pkgdir/libgcc/lib
cp -fpR /mnt/build_wrt/staging_dir/toolchain-aarch64_cortex-a53_gcc-14.4.0_musl/lib/libgcc_s.so.* /mnt/build_wrt/build_dir/target-aarch64_cortex-a53_musl/toolchain/.pkgdir/libgcc/lib/
touch /mnt/build_wrt/build_dir/target-aarch64_cortex-a53_musl/toolchain/.pkgdir/libgcc.installed
mkdir -p /mnt/build_wrt/staging_dir/target-aarch64_cortex-a53_musl/root-qualcommax/stamp
echo '1' | cmp -s - /mnt/build_wrt/staging_dir/target-aarch64_cortex-a53_musl/pkginfo/libgcc.version || { mkdir -p /mnt/build_wrt/staging_dir/target-aarch64_cortex-a53_musl/pkginfo; echo '1' > /mnt/build_wrt/staging_dir/target-aarch64_cortex-a53_musl/pkginfo/libgcc.version;  cp /mnt/build_wrt/staging_dir/target-aarch64_cortex-a53_musl/pkginfo/libgcc.version /mnt/build_wrt/staging_dir/target-aarch64_cortex-a53_musl/pkginfo/libgcc-any.version;  } 
SHELL= flock /mnt/build_wrt/tmp/.root-copy.flock -c 'cp -fpR /mnt/build_wrt/build_dir/target-aarch64_cortex-a53_musl/toolchain/.pkgdir/libgcc/. /mnt/build_wrt/staging_dir/target-aarch64_cortex-a53_musl/root-qualcommax/'
touch /mnt/build_wrt/staging_dir/target-aarch64_cortex-a53_musl/root-qualcommax/stamp/.libgcc_installed
echo "libgcc" >> /mnt/build_wrt/staging_dir/target-aarch64_cortex-a53_musl/pkginfo/toolchain.default.install
rm -rf /mnt/build_wrt/build_dir/target-aarch64_cortex-a53_musl/toolchain/.pkgdir/libc.installed /mnt/build_wrt/build_dir/target-aarch64_cortex-a53_musl/toolchain/.pkgdir/libc
mkdir -p /mnt/build_wrt/build_dir/target-aarch64_cortex-a53_musl/toolchain/.pkgdir/libc
echo 1.2.6-r5 > /mnt/build_wrt/staging_dir/target-aarch64_cortex-a53_musl/libc.version; 	install -d -m0755 /mnt/build_wrt/build_dir/target-aarch64_cortex-a53_musl/toolchain/.pkgdir/libc/lib /mnt/build_wrt/build_dir/target-aarch64_cortex-a53_musl/toolchain/.pkgdir/libc/usr/bin
cp -fpR /mnt/build_wrt/staging_dir/toolchain-aarch64_cortex-a53_gcc-14.4.0_musl/lib/ld-musl-*.so* /mnt/build_wrt/build_dir/target-aarch64_cortex-a53_musl/toolchain/.pkgdir/libc/lib/
cp -fpR /mnt/build_wrt/staging_dir/toolchain-aarch64_cortex-a53_gcc-14.4.0_musl/lib/libc.so* /mnt/build_wrt/build_dir/target-aarch64_cortex-a53_musl/toolchain/.pkgdir/libc/lib/
ln -sf ../../lib/libc.so /mnt/build_wrt/build_dir/target-aarch64_cortex-a53_musl/toolchain/.pkgdir/libc/usr/bin/ldd
cp -fpR /mnt/build_wrt/staging_dir/toolchain-aarch64_cortex-a53_gcc-14.4.0_musl/lib/libatomic.a /mnt/build_wrt/staging_dir/toolchain-aarch64_cortex-a53_gcc-14.4.0_musl/lib/libc.a /mnt/build_wrt/staging_dir/toolchain-aarch64_cortex-a53_gcc-14.4.0_musl/lib/libcrypt.a /mnt/build_wrt/staging_dir/toolchain-aarch64_cortex-a53_gcc-14.4.0_musl/lib/libdl.a /mnt/build_wrt/staging_dir/toolchain-aarch64_cortex-a53_gcc-14.4.0_musl/lib/libitm.a /mnt/build_wrt/staging_dir/toolchain-aarch64_cortex-a53_gcc-14.4.0_musl/lib/libm.a /mnt/build_wrt/staging_dir/toolchain-aarch64_cortex-a53_gcc-14.4.0_musl/lib/libpthread.a /mnt/build_wrt/staging_dir/toolchain-aarch64_cortex-a53_gcc-14.4.0_musl/lib/libresolv.a /mnt/build_wrt/staging_dir/toolchain-aarch64_cortex-a53_gcc-14.4.0_musl/lib/librt.a /mnt/build_wrt/staging_dir/toolchain-aarch64_cortex-a53_gcc-14.4.0_musl/lib/libssp_nonshared.a /mnt/build_wrt/staging_dir/toolchain-aarch64_cortex-a53_gcc-14.4.0_musl/lib/libstdc++.a /mnt/build_wrt/staging_dir/toolchain-aarch64_cortex-a53_gcc-14.4.0_musl/lib/libstdc++exp.a /mnt/build_wrt/staging_dir/toolchain-aarch64_cortex-a53_gcc-14.4.0_musl/lib/libstdc++fs.a /mnt/build_wrt/staging_dir/toolchain-aarch64_cortex-a53_gcc-14.4.0_musl/lib/libsupc++.a /mnt/build_wrt/staging_dir/toolchain-aarch64_cortex-a53_gcc-14.4.0_musl/lib/libutil.a /mnt/build_wrt/staging_dir/toolchain-aarch64_cortex-a53_gcc-14.4.0_musl/lib/libxnet.a /mnt/build_wrt/build_dir/target-aarch64_cortex-a53_musl/toolchain/.pkgdir/libc/lib/
cp -fpR /mnt/build_wrt/staging_dir/toolchain-aarch64_cortex-a53_gcc-14.4.0_musl/lib/gcc/aarch64-openwrt-linux-musl/14.4.0/libgcc_pic.a /mnt/build_wrt/build_dir/target-aarch64_cortex-a53_musl/toolchain/.pkgdir/libc/lib/libgcc_s_pic.a; cp -fpR /mnt/build_wrt/staging_dir/toolchain-aarch64_cortex-a53_gcc-14.4.0_musl/lib/gcc/aarch64-openwrt-linux-musl/14.4.0/libgcc.map /mnt/build_wrt/build_dir/target-aarch64_cortex-a53_musl/toolchain/.pkgdir/libc/lib/libgcc_s_pic.map 
touch /mnt/build_wrt/build_dir/target-aarch64_cortex-a53_musl/toolchain/.pkgdir/libc.installed
rm -rf /mnt/build_wrt/build_dir/target-aarch64_cortex-a53_musl/toolchain/.pkgdir/libatomic.installed /mnt/build_wrt/build_dir/target-aarch64_cortex-a53_musl/toolchain/.pkgdir/libatomic
mkdir -p /mnt/build_wrt/build_dir/target-aarch64_cortex-a53_musl/toolchain/.pkgdir/libatomic
install -d -m0755 /mnt/build_wrt/build_dir/target-aarch64_cortex-a53_musl/toolchain/.pkgdir/libatomic/lib
cp -fpR /mnt/build_wrt/staging_dir/toolchain-aarch64_cortex-a53_gcc-14.4.0_musl/lib/libatomic.so.* /mnt/build_wrt/build_dir/target-aarch64_cortex-a53_musl/toolchain/.pkgdir/libatomic/lib/
touch /mnt/build_wrt/build_dir/target-aarch64_cortex-a53_musl/toolchain/.pkgdir/libatomic.installed
rm -rf /mnt/build_wrt/build_dir/target-aarch64_cortex-a53_musl/toolchain/.pkgdir/libstdcpp.installed /mnt/build_wrt/build_dir/target-aarch64_cortex-a53_musl/toolchain/.pkgdir/libstdcpp
mkdir -p /mnt/build_wrt/build_dir/target-aarch64_cortex-a53_musl/toolchain/.pkgdir/libstdcpp
install -d -m0755 /mnt/build_wrt/build_dir/target-aarch64_cortex-a53_musl/toolchain/.pkgdir/libstdcpp/usr/lib
cp -fpR /mnt/build_wrt/staging_dir/toolchain-aarch64_cortex-a53_gcc-14.4.0_musl/lib/libstdc++.so.* /mnt/build_wrt/build_dir/target-aarch64_cortex-a53_musl/toolchain/.pkgdir/libstdcpp/usr/lib/
rm -rf /mnt/build_wrt/build_dir/target-aarch64_cortex-a53_musl/toolchain/.pkgdir/libstdcpp/usr/lib/*-gdb.py
touch /mnt/build_wrt/build_dir/target-aarch64_cortex-a53_musl/toolchain/.pkgdir/libstdcpp.installed
rm -rf /mnt/build_wrt/build_dir/target-aarch64_cortex-a53_musl/toolchain/.pkgdir/libpthread.installed /mnt/build_wrt/build_dir/target-aarch64_cortex-a53_musl/toolchain/.pkgdir/libpthread
mkdir -p /mnt/build_wrt/build_dir/target-aarch64_cortex-a53_musl/toolchain/.pkgdir/libpthread
install -d -m0755 /mnt/build_wrt/build_dir/target-aarch64_cortex-a53_musl/toolchain/.pkgdir/libpthread/lib
touch /mnt/build_wrt/build_dir/target-aarch64_cortex-a53_musl/toolchain/.pkgdir/libpthread.installed
rm -rf /mnt/build_wrt/build_dir/target-aarch64_cortex-a53_musl/toolchain/.pkgdir/librt.installed /mnt/build_wrt/build_dir/target-aarch64_cortex-a53_musl/toolchain/.pkgdir/librt
mkdir -p /mnt/build_wrt/build_dir/target-aarch64_cortex-a53_musl/toolchain/.pkgdir/librt
install -d -m0755 /mnt/build_wrt/build_dir/target-aarch64_cortex-a53_musl/toolchain/.pkgdir/librt/lib
touch /mnt/build_wrt/build_dir/target-aarch64_cortex-a53_musl/toolchain/.pkgdir/librt.installed
mkdir -p /mnt/build_wrt/staging_dir/target-aarch64_cortex-a53_musl/root-qualcommax/stamp
SHELL= flock /mnt/build_wrt/tmp/.root-copy.flock -c 'cp -fpR /mnt/build_wrt/build_dir/target-aarch64_cortex-a53_musl/toolchain/.pkgdir/libc/. /mnt/build_wrt/staging_dir/target-aarch64_cortex-a53_musl/root-qualcommax/'
touch /mnt/build_wrt/staging_dir/target-aarch64_cortex-a53_musl/root-qualcommax/stamp/.libc_installed
echo "libc" >> /mnt/build_wrt/staging_dir/target-aarch64_cortex-a53_musl/pkginfo/toolchain.default.install
mkdir -p /mnt/build_wrt/staging_dir/target-aarch64_cortex-a53_musl/root-qualcommax/stamp
echo '1' | cmp -s - /mnt/build_wrt/staging_dir/target-aarch64_cortex-a53_musl/pkginfo/libatomic.version || { mkdir -p /mnt/build_wrt/staging_dir/target-aarch64_cortex-a53_musl/pkginfo; echo '1' > /mnt/build_wrt/staging_dir/target-aarch64_cortex-a53_musl/pkginfo/libatomic.version;  cp /mnt/build_wrt/staging_dir/target-aarch64_cortex-a53_musl/pkginfo/libatomic.version /mnt/build_wrt/staging_dir/target-aarch64_cortex-a53_musl/pkginfo/libatomic-any.version;  } 
SHELL= flock /mnt/build_wrt/tmp/.root-copy.flock -c 'cp -fpR /mnt/build_wrt/build_dir/target-aarch64_cortex-a53_musl/toolchain/.pkgdir/libatomic/. /mnt/build_wrt/staging_dir/target-aarch64_cortex-a53_musl/root-qualcommax/'
touch /mnt/build_wrt/staging_dir/target-aarch64_cortex-a53_musl/root-qualcommax/stamp/.libatomic_installed
echo "libatomic" >> /mnt/build_wrt/staging_dir/target-aarch64_cortex-a53_musl/pkginfo/toolchain.default.install
mkdir -p /mnt/build_wrt/staging_dir/target-aarch64_cortex-a53_musl/root-qualcommax/stamp
echo '6' | cmp -s - /mnt/build_wrt/staging_dir/target-aarch64_cortex-a53_musl/pkginfo/libstdcpp.version || { mkdir -p /mnt/build_wrt/staging_dir/target-aarch64_cortex-a53_musl/pkginfo; echo '6' > /mnt/build_wrt/staging_dir/target-aarch64_cortex-a53_musl/pkginfo/libstdcpp.version;  cp /mnt/build_wrt/staging_dir/target-aarch64_cortex-a53_musl/pkginfo/libstdcpp.version /mnt/build_wrt/staging_dir/target-aarch64_cortex-a53_musl/pkginfo/libstdcpp-any.version;  } 
SHELL= flock /mnt/build_wrt/tmp/.root-copy.flock -c 'cp -fpR /mnt/build_wrt/build_dir/target-aarch64_cortex-a53_musl/toolchain/.pkgdir/libstdcpp/. /mnt/build_wrt/staging_dir/target-aarch64_cortex-a53_musl/root-qualcommax/'
touch /mnt/build_wrt/staging_dir/target-aarch64_cortex-a53_musl/root-qualcommax/stamp/.libstdcpp_installed
echo "libstdcpp" >> /mnt/build_wrt/staging_dir/target-aarch64_cortex-a53_musl/pkginfo/toolchain.default.install
mkdir -p /mnt/build_wrt/staging_dir/target-aarch64_cortex-a53_musl/root-qualcommax/stamp
SHELL= flock /mnt/build_wrt/tmp/.root-copy.flock -c 'cp -fpR /mnt/build_wrt/build_dir/target-aarch64_cortex-a53_musl/toolchain/.pkgdir/libpthread/. /mnt/build_wrt/staging_dir/target-aarch64_cortex-a53_musl/root-qualcommax/'
touch /mnt/build_wrt/staging_dir/target-aarch64_cortex-a53_musl/root-qualcommax/stamp/.libpthread_installed
echo "libpthread" >> /mnt/build_wrt/staging_dir/target-aarch64_cortex-a53_musl/pkginfo/toolchain.default.install
mkdir -p /mnt/build_wrt/staging_dir/target-aarch64_cortex-a53_musl/root-qualcommax/stamp
SHELL= flock /mnt/build_wrt/tmp/.root-copy.flock -c 'cp -fpR /mnt/build_wrt/build_dir/target-aarch64_cortex-a53_musl/toolchain/.pkgdir/librt/. /mnt/build_wrt/staging_dir/target-aarch64_cortex-a53_musl/root-qualcommax/'
touch /mnt/build_wrt/staging_dir/target-aarch64_cortex-a53_musl/root-qualcommax/stamp/.librt_installed
echo "librt" >> /mnt/build_wrt/staging_dir/target-aarch64_cortex-a53_musl/pkginfo/toolchain.default.install
make[2]: Leaving directory '/mnt/build_wrt/package/libs/toolchain'
time: package/libs/toolchain/compile#0.80#0.71#1.46
make[2]: Entering directory '/mnt/build_wrt/package/kernel/bpf-headers'
mkdir -p /mnt/build_wrt/dl
SHELL= flock /mnt/build_wrt/tmp/.linux-6.12.94.tar.xz.flock -c '  	/mnt/build_wrt/scripts/download.pl "/mnt/build_wrt/dl" "linux-6.12.94.tar.xz" "e998a232b9418db3301cb58468e291a4f41d6ab8306029b30d991f56251dc8d2" "" "@KERNEL/linux/kernel/v6.x"    '
+ curl -f --connect-timeout 5 --retry 3 --location https://cdn.kernel.org/pub/linux/kernel/v6.x/linux-6.12.94.tar.xz
  % Total    % Received % Xferd  Average Speed   Time    Time     Time  Current
                                 Dload  Upload   Total   Spent    Left  Speed
  0     0    0     0    0     0      0      0 --:--:-- --:--:-- --:--:--     0 50  141M   50 70.9M    0     0   104M      0  0:00:01 --:--:--  0:00:01  104M100  141M  100  141M    0     0   106M      0  0:00:01  0:00:01 --:--:--  106M
touch /mnt/build_wrt/build_dir/target-aarch64_cortex-a53_musl/linux-qualcommax_ipq60xx/bpf-headers/linux-6.12.94/.prepared_d0bbdd27f15d2489479314ec5ed30577_6664517399ebbbc92a37c5bb081b5c53_check
. /mnt/build_wrt/include/shell.sh; xzcat /mnt/build_wrt/dl/linux-6.12.94.tar.xz | tar -C /mnt/build_wrt/build_dir/target-aarch64_cortex-a53_musl/linux-qualcommax_ipq60xx/bpf-headers/linux-6.12.94/.. -xf -
find /mnt/build_wrt/build_dir/target-aarch64_cortex-a53_musl/linux-qualcommax_ipq60xx/bpf-headers/linux-6.12.94 -mindepth 1 -type f -not -name '.*' -not -name 'version.date' -printf '%T@\n' 2>/dev/null | cut -d. -f1 | sort -n | tail -n1 > /mnt/build_wrt/build_dir/target-aarch64_cortex-a53_musl/linux-qualcommax_ipq60xx/bpf-headers/linux-6.12.94/version.date
[ ! -d ./src/ ] || cp -fpR ./src/. /mnt/build_wrt/build_dir/target-aarch64_cortex-a53_musl/linux-qualcommax_ipq60xx/bpf-headers/linux-6.12.94
cp -fpR "/mnt/build_wrt/package/kernel/bpf-headers/../../../target/linux/generic/files"/. "/mnt/build_wrt/package/kernel/bpf-headers/../../../target/linux/generic/files-6.12"/. /mnt/build_wrt/build_dir/target-aarch64_cortex-a53_musl/linux-qualcommax_ipq60xx/bpf-headers/linux-6.12.94/
find /mnt/build_wrt/build_dir/target-aarch64_cortex-a53_musl/linux-qualcommax_ipq60xx/bpf-headers/linux-6.12.94/ -name \*.rej -or -name \*.orig | xargs -r rm -f
if [ -d /mnt/build_wrt/package/kernel/bpf-headers/../../../target/linux/generic/patches ]; then echo "generic patches directory is present. please move your patches to the pending directory" ; exit 1; fi

Applying /mnt/build_wrt/package/kernel/bpf-headers/../../../target/linux/generic/backport-6.12/010-v6.19-nvmem-layouts-u-boot-env-add-optional-env-size-property.patch using plaintext: 
patching file Documentation/devicetree/bindings/nvmem/layouts/u-boot,env.yaml
patching file drivers/nvmem/layouts/u-boot-env.c

Applying /mnt/build_wrt/package/kernel/bpf-headers/../../../target/linux/generic/backport-6.12/152-v6.16-net-wireguard-add-nonstring-annotation-to-fix-build-with-GCC15.patch using plaintext: 
patching file drivers/net/wireguard/cookie.c
patching file drivers/net/wireguard/noise.c

Applying /mnt/build_wrt/package/kernel/bpf-headers/../../../target/linux/generic/backport-6.12/200-01-v6.13-jiffies-Define-secs_to_jiffies.patch using plaintext: 
patching file include/linux/jiffies.h
patching file net/bluetooth/hci_event.c

Applying /mnt/build_wrt/package/kernel/bpf-headers/../../../target/linux/generic/backport-6.12/200-02-v6.14-jiffies-Cast-to-unsigned-long-in-secs_to_jiffies-con.patch using plaintext: 
patching file include/linux/jiffies.h

Applying /mnt/build_wrt/package/kernel/bpf-headers/../../../target/linux/generic/backport-6.12/201-v6.13-of-property-add-of_graph_get_next_port.patch using plaintext: 
patching file drivers/of/property.c
patching file include/linux/of_graph.h

Applying /mnt/build_wrt/package/kernel/bpf-headers/../../../target/linux/generic/backport-6.12/202-v6.13-clk-Provide-devm_clk_bulk_get_all_enabled-helper.patch using plaintext: 
patching file drivers/clk/clk-devres.c
patching file include/linux/clk.h

Applying /mnt/build_wrt/package/kernel/bpf-headers/../../../target/linux/generic/backport-6.12/203-01-v6.13-of-address-Rework-bus-matching-to-avoid-warnings.patch using plaintext: 
patching file drivers/of/address.c

Applying /mnt/build_wrt/package/kernel/bpf-headers/../../../target/linux/generic/backport-6.12/203-02-v6.13-of-address-Fix-WARN-when-attempting-translating-non-.patch using plaintext: 
patching file drivers/of/address.c

Applying /mnt/build_wrt/package/kernel/bpf-headers/../../../target/linux/generic/backport-6.12/203-v6.15-drivers-base-component-add-function-to-query-the-bound.patch using plaintext: 
patching file drivers/base/component.c
patching file include/linux/component.h

Applying /mnt/build_wrt/package/kernel/bpf-headers/../../../target/linux/generic/backport-6.12/205-v6.16-of-reserved_mem-Add-functions-to-parse-memory-region.patch using plaintext: 
patching file drivers/of/of_reserved_mem.c
patching file include/linux/of_reserved_mem.h

Applying /mnt/build_wrt/package/kernel/bpf-headers/../../../target/linux/generic/backport-6.12/206-v6.18-bitmap-introduce-hardware-specific-bitfield-operations.patch using plaintext: 
patching file MAINTAINERS
patching file include/linux/hw_bitfield.h

Applying /mnt/build_wrt/package/kernel/bpf-headers/../../../target/linux/generic/backport-6.12/210-v6.13-fortify-Hide-run-time-copy-size-from-value-range-tracking.patch using plaintext: 
patching file include/linux/fortify-string.h

Applying /mnt/build_wrt/package/kernel/bpf-headers/../../../target/linux/generic/backport-6.12/211-01-v6.19-bitfield-Add-less-checking-__FIELD_-GET-PREP.patch using plaintext: 
patching file include/linux/bitfield.h

Applying /mnt/build_wrt/package/kernel/bpf-headers/../../../target/linux/generic/backport-6.12/211-02-v6.19-bitfield-Add-non-constant-field_-prep-get-helpers.patch using plaintext: 
patching file include/linux/bitfield.h

Applying /mnt/build_wrt/package/kernel/bpf-headers/../../../target/linux/generic/backport-6.12/212-v6.17-of-reserved_mem-Add-missing-IORESOURCE_MEM-flag-on-r.patch using plaintext: 
patching file drivers/of/of_reserved_mem.c

Applying /mnt/build_wrt/package/kernel/bpf-headers/../../../target/linux/generic/backport-6.12/400-v6.14-mtd-spinand-add-support-for-FORESEE-F35SQA001G.patch using plaintext: 
patching file drivers/mtd/nand/spi/foresee.c

Applying /mnt/build_wrt/package/kernel/bpf-headers/../../../target/linux/generic/backport-6.12/401-01-v6.18-mtd-spinand-add-support-for-FudanMicro-FM25S01A.patch using plaintext: 
patching file drivers/mtd/nand/spi/Makefile
patching file drivers/mtd/nand/spi/core.c
patching file drivers/mtd/nand/spi/fmsh.c
patching file include/linux/mtd/spinand.h

Applying /mnt/build_wrt/package/kernel/bpf-headers/../../../target/linux/generic/backport-6.12/401-02-v6.18-mtd-spinand-fmsh-remove-QE-bit-for-FM25S01A-flash.patch using plaintext: 
patching file drivers/mtd/nand/spi/fmsh.c

Applying /mnt/build_wrt/package/kernel/bpf-headers/../../../target/linux/generic/backport-6.12/402-v6.18-mtd-nand-move-chunk-to-core.patch using plaintext: 
patching file drivers/mtd/nand/core.c
patching file drivers/mtd/nand/raw/nand_base.c
patching file include/linux/mtd/nand.h
patching file include/linux/mtd/rawnand.h

Applying /mnt/build_wrt/package/kernel/bpf-headers/../../../target/linux/generic/backport-6.12/410-01-v6.14-mtd-rawnand-qcom-cleanup-qcom_nandc-driver.patch using plaintext: 
patching file drivers/mtd/nand/raw/qcom_nandc.c

Applying /mnt/build_wrt/package/kernel/bpf-headers/../../../target/linux/generic/backport-6.12/410-02-v6.14-mtd-rawnand-qcom-Add-qcom-prefix-to-common-api.patch using plaintext: 
patching file drivers/mtd/nand/raw/qcom_nandc.c

Applying /mnt/build_wrt/package/kernel/bpf-headers/../../../target/linux/generic/backport-6.12/410-03-v6.14-mtd-nand-Add-qpic_common-API-file.patch using plaintext: 
patching file drivers/mtd/nand/Makefile
patching file drivers/mtd/nand/qpic_common.c
patching file drivers/mtd/nand/raw/qcom_nandc.c
patching file include/linux/mtd/nand-qpic-common.h

Applying /mnt/build_wrt/package/kernel/bpf-headers/../../../target/linux/generic/backport-6.12/410-04-v6.14-mtd-rawnand-qcom-use-FIELD_PREP-and-GENMASK.patch using plaintext: 
patching file drivers/mtd/nand/raw/qcom_nandc.c
patching file include/linux/mtd/nand-qpic-common.h

Applying /mnt/build_wrt/package/kernel/bpf-headers/../../../target/linux/generic/backport-6.12/410-05-v6.14-mtd-rawnand-qcom-fix-broken-config-in-qcom_param_pag.patch using plaintext: 
patching file drivers/mtd/nand/raw/qcom_nandc.c

Applying /mnt/build_wrt/package/kernel/bpf-headers/../../../target/linux/generic/backport-6.12/410-06-v6.14-mtd-rawnand-qcom-Fix-build-issue-on-x86-architecture.patch using plaintext: 
patching file drivers/mtd/nand/qpic_common.c
patching file include/linux/mtd/nand-qpic-common.h

Applying /mnt/build_wrt/package/kernel/bpf-headers/../../../target/linux/generic/backport-6.12/410-07-v6.15-spi-spi-qpic-add-driver-for-QCOM-SPI-NAND-flash-Inte.patch using plaintext: 
patching file drivers/mtd/nand/Makefile
patching file drivers/spi/Kconfig
patching file drivers/spi/Makefile
patching file drivers/spi/spi-qpic-snand.c
patching file include/linux/mtd/nand-qpic-common.h

Applying /mnt/build_wrt/package/kernel/bpf-headers/../../../target/linux/generic/backport-6.12/410-08-v6.15-spi-spi-qpic-snand-Fix-ECC_CFG_ECC_DISABLE-shift-in-.patch using plaintext: 
patching file drivers/spi/spi-qpic-snand.c

Applying /mnt/build_wrt/package/kernel/bpf-headers/../../../target/linux/generic/backport-6.12/410-09-v6.15-spi-spi-qpic-snand-avoid-memleak-in-qcom_spi_ecc_ini.patch using plaintext: 
patching file drivers/spi/spi-qpic-snand.c

Applying /mnt/build_wrt/package/kernel/bpf-headers/../../../target/linux/generic/backport-6.12/410-10-v6.15-spi-SPI_QPIC_SNAND-should-be-tristate-and-depend-on-.patch using plaintext: 
patching file drivers/spi/Kconfig
patching file drivers/spi/spi-qpic-snand.c

Applying /mnt/build_wrt/package/kernel/bpf-headers/../../../target/linux/generic/backport-6.12/410-11-v6.15-spi-spi-qpic-snand-propagate-errors-from-qcom_spi_block_erase.patch using plaintext: 
patching file drivers/spi/spi-qpic-snand.c

Applying /mnt/build_wrt/package/kernel/bpf-headers/../../../target/linux/generic/backport-6.12/410-12-v6.15-spi-spi-qpic-snand-fix-NAND_READ_LOCATION_2-register-handling.patch using plaintext: 
patching file drivers/spi/spi-qpic-snand.c

Applying /mnt/build_wrt/package/kernel/bpf-headers/../../../target/linux/generic/backport-6.12/410-13-v6.15-spi-spi-qpic-snand-use-kmalloc-for-OOB-buffer-alloca.patch using plaintext: 
patching file drivers/spi/spi-qpic-snand.c

Applying /mnt/build_wrt/package/kernel/bpf-headers/../../../target/linux/generic/backport-6.12/410-14-v6.16-spi-spi-qpic-snand-remove-unused-wlen-member-of-struct-qpic_spi_nand.patch using plaintext: 
patching file drivers/spi/spi-qpic-snand.c

Applying /mnt/build_wrt/package/kernel/bpf-headers/../../../target/linux/generic/backport-6.12/411-v6.15-mtd-nand-Drop-explicit-test-for-built-in-CONFIG_SPI_.patch using plaintext: 
patching file drivers/mtd/nand/Makefile

Applying /mnt/build_wrt/package/kernel/bpf-headers/../../../target/linux/generic/backport-6.12/412-v6.16-next-spi-spi-qpic-snand-validate-user-chip-specific-ECC-properties.patch using plaintext: 
patching file drivers/spi/spi-qpic-snand.c

Applying /mnt/build_wrt/package/kernel/bpf-headers/../../../target/linux/generic/backport-6.12/413-v6.16-spi-spi-qpic-snand-use-CW_PER_PAGE_MASK-bitmask.patch using plaintext: 
patching file drivers/spi/spi-qpic-snand.c

Applying /mnt/build_wrt/package/kernel/bpf-headers/../../../target/linux/generic/backport-6.12/414-v6.16-spi-spi-qpic-snand-reallocate-BAM-transactions.patch using plaintext: 
patching file drivers/spi/spi-qpic-snand.c

Applying /mnt/build_wrt/package/kernel/bpf-headers/../../../target/linux/generic/backport-6.12/415-v6.16-spi-spi-qpic-snand-don-t-hardcode-ECC-steps.patch using plaintext: 
patching file drivers/spi/spi-qpic-snand.c

Applying /mnt/build_wrt/package/kernel/bpf-headers/../../../target/linux/generic/backport-6.12/416-v6.17-mtd-nand-qpic-common-add-defines-for-ECC_MODE-values.patch using plaintext: 
patching file drivers/mtd/nand/raw/qcom_nandc.c
patching file drivers/spi/spi-qpic-snand.c
patching file include/linux/mtd/nand-qpic-common.h

Applying /mnt/build_wrt/package/kernel/bpf-headers/../../../target/linux/generic/backport-6.12/417-v6.17-spi-spi-qpic-snand-add-support-for-8-bits-ECC-strength.patch using plaintext: 
patching file drivers/spi/spi-qpic-snand.c

Applying /mnt/build_wrt/package/kernel/bpf-headers/../../../target/linux/generic/backport-6.12/418-v6.17-spi-spi-qpic-snand-use-correct-CW_PER_PAGE-value-for.patch using plaintext: 
patching file drivers/spi/spi-qpic-snand.c

Applying /mnt/build_wrt/package/kernel/bpf-headers/../../../target/linux/generic/backport-6.12/419-v6.17-spi-spi-qpic-snand-fix-calculating-of-ECC-OOB-region.patch using plaintext: 
patching file drivers/spi/spi-qpic-snand.c

Applying /mnt/build_wrt/package/kernel/bpf-headers/../../../target/linux/generic/backport-6.12/420-01-v6.16-mtd-rawnand-brcmnand-remove-unused-parameters.patch using plaintext: 
patching file drivers/mtd/nand/raw/brcmnand/brcmnand.c

Applying /mnt/build_wrt/package/kernel/bpf-headers/../../../target/linux/generic/backport-6.12/420-02-v6.16-mtd-nand-brcmnand-fix-NAND-timeout-when-accessing-eM.patch using plaintext: 
patching file drivers/mtd/nand/raw/brcmnand/brcmnand.c

Applying /mnt/build_wrt/package/kernel/bpf-headers/../../../target/linux/generic/backport-6.12/420-03-v6.16-mtd-rawnand-brcmnand-legacy-exec_op-implementation.patch using plaintext: 
patching file drivers/mtd/nand/raw/brcmnand/brcmnand.c

Applying /mnt/build_wrt/package/kernel/bpf-headers/../../../target/linux/generic/backport-6.12/422-v6.17-spi-spi-qpic-snand-unregister-ECC-engine-on-probe-er.patch using plaintext: 
patching file drivers/spi/spi-qpic-snand.c

Applying /mnt/build_wrt/package/kernel/bpf-headers/../../../target/linux/generic/backport-6.12/429-01-v6.18-mtd-spinand-fix-direct-mapping-creation-sizes.patch using plaintext: 
patching file drivers/mtd/nand/spi/core.c

Applying /mnt/build_wrt/package/kernel/bpf-headers/../../../target/linux/generic/backport-6.12/429-02-v6.18-mtd-spinand-try-a-regular-dirmap-if-creating-a-di.patch using plaintext: 
patching file drivers/mtd/nand/spi/core.c

Applying /mnt/build_wrt/package/kernel/bpf-headers/../../../target/linux/generic/backport-6.12/429-03-v6.18-mtd-spinand-repeat-reading-in-regular-mode-if-con.patch using plaintext: 
patching file drivers/mtd/nand/spi/core.c

Applying /mnt/build_wrt/package/kernel/bpf-headers/../../../target/linux/generic/backport-6.12/430-v6.14-mtd-spinand-Introduce-a-way-to-avoid-raw-access.patch using plaintext: 
patching file drivers/mtd/nand/spi/core.c
patching file include/linux/mtd/spinand.h

Applying /mnt/build_wrt/package/kernel/bpf-headers/../../../target/linux/generic/backport-6.12/431-v6.14-mtd-spinand-Add-support-for-SkyHigh-S35ML-3-family.patch using plaintext: 
patching file drivers/mtd/nand/spi/Makefile
patching file drivers/mtd/nand/spi/core.c
patching file drivers/mtd/nand/spi/skyhigh.c
patching file include/linux/mtd/spinand.h

Applying /mnt/build_wrt/package/kernel/bpf-headers/../../../target/linux/generic/backport-6.12/434-v6.19-mtd-spinand-esmt-add-support-for-F50L1G41LC.patch using plaintext: 
patching file drivers/mtd/nand/spi/core.c
patching file drivers/mtd/nand/spi/esmt.c
patching file include/linux/mtd/spinand.h

Applying /mnt/build_wrt/package/kernel/bpf-headers/../../../target/linux/generic/backport-6.12/500-01-v6.13-block-add-support-for-defining-read-only-partitions.patch using plaintext: 
patching file block/blk.h
patching file block/partitions/cmdline.c
patching file block/partitions/core.c

Applying /mnt/build_wrt/package/kernel/bpf-headers/../../../target/linux/generic/backport-6.12/500-02-v6.13-block-introduce-add_disk_fwnode.patch using plaintext: 
patching file block/genhd.c
patching file include/linux/blkdev.h

Applying /mnt/build_wrt/package/kernel/bpf-headers/../../../target/linux/generic/backport-6.12/500-03-v6.13-mmc-block-attach-partitions-fwnode-if-found-in-mmc-c.patch using plaintext: 
patching file drivers/mmc/core/block.c

Applying /mnt/build_wrt/package/kernel/bpf-headers/../../../target/linux/generic/backport-6.12/500-04-v6.13-block-add-support-for-partition-table-defined-in-OF.patch using plaintext: 
patching file block/partitions/Kconfig
patching file block/partitions/Makefile
patching file block/partitions/check.h
patching file block/partitions/core.c
patching file block/partitions/of.c

Applying /mnt/build_wrt/package/kernel/bpf-headers/../../../target/linux/generic/backport-6.12/600-01-v6.13-net-phylink-move-manual-flow-control-setting.patch using plaintext: 
patching file drivers/net/phy/phylink.c

Applying /mnt/build_wrt/package/kernel/bpf-headers/../../../target/linux/generic/backport-6.12/600-02-v6.13-net-phylink-move-MLO_AN_FIXED-resolve-handling-to-if.patch using plaintext: 
patching file drivers/net/phy/phylink.c

Applying /mnt/build_wrt/package/kernel/bpf-headers/../../../target/linux/generic/backport-6.12/600-03-v6.13-net-phylink-move-MLO_AN_PHY-resolve-handling-to-if-s.patch using plaintext: 
patching file drivers/net/phy/phylink.c

Applying /mnt/build_wrt/package/kernel/bpf-headers/../../../target/linux/generic/backport-6.12/600-04-v6.13-net-phylink-remove-switch-statement-in-resolve-handl.patch using plaintext: 
patching file drivers/net/phy/phylink.c

Applying /mnt/build_wrt/package/kernel/bpf-headers/../../../target/linux/generic/backport-6.12/600-05-v6.13-net-phylink-clean-up-phylink_resolve.patch using plaintext: 
patching file drivers/net/phy/phylink.c

Applying /mnt/build_wrt/package/kernel/bpf-headers/../../../target/linux/generic/backport-6.12/601-01-v6.14-net-phylink-pass-phylink-and-pcs-into-phylink_pcs_ne.patch using plaintext: 
patching file drivers/net/phy/phylink.c

Applying /mnt/build_wrt/package/kernel/bpf-headers/../../../target/linux/generic/backport-6.12/601-02-v6.14-net-phylink-split-cur_link_an_mode-into-requested-an.patch using plaintext: 
patching file drivers/net/phy/phylink.c

Applying /mnt/build_wrt/package/kernel/bpf-headers/../../../target/linux/generic/backport-6.12/601-03-v6.14-net-phylink-add-debug-for-phylink_major_config.patch using plaintext: 
patching file drivers/net/phy/phylink.c

Applying /mnt/build_wrt/package/kernel/bpf-headers/../../../target/linux/generic/backport-6.12/601-04-v6.14-net-phy-add-phy_inband_caps.patch using plaintext: 
patching file drivers/net/phy/phy.c
patching file include/linux/phy.h

Applying /mnt/build_wrt/package/kernel/bpf-headers/../../../target/linux/generic/backport-6.12/601-05-v6.14-net-phy-bcm84881-implement-phy_inband_caps-method.patch using plaintext: 
patching file drivers/net/phy/bcm84881.c

Applying /mnt/build_wrt/package/kernel/bpf-headers/../../../target/linux/generic/backport-6.12/601-06-v6.14-net-phy-marvell-implement-phy_inband_caps-method.patch using plaintext: 
patching file drivers/net/phy/marvell.c

Applying /mnt/build_wrt/package/kernel/bpf-headers/../../../target/linux/generic/backport-6.12/601-07-v6.14-net-phy-add-phy_config_inband.patch using plaintext: 
patching file drivers/net/phy/phy.c
patching file include/linux/phy.h

Applying /mnt/build_wrt/package/kernel/bpf-headers/../../../target/linux/generic/backport-6.12/601-08-v6.14-net-phy-marvell-implement-config_inband-method.patch using plaintext: 
patching file drivers/net/phy/marvell.c

Applying /mnt/build_wrt/package/kernel/bpf-headers/../../../target/linux/generic/backport-6.12/601-09-v6.14-net-phylink-add-pcs_inband_caps-method.patch using plaintext: 
patching file drivers/net/phy/phylink.c
patching file include/linux/phylink.h

Applying /mnt/build_wrt/package/kernel/bpf-headers/../../../target/linux/generic/backport-6.12/601-10-v6.14-net-mvneta-implement-pcs_inband_caps-method.patch using plaintext: 
patching file drivers/net/ethernet/marvell/mvneta.c

Applying /mnt/build_wrt/package/kernel/bpf-headers/../../../target/linux/generic/backport-6.12/601-11-v6.14-net-mvpp2-implement-pcs_inband_caps-method.patch using plaintext: 
patching file drivers/net/ethernet/marvell/mvpp2/mvpp2_main.c

Applying /mnt/build_wrt/package/kernel/bpf-headers/../../../target/linux/generic/backport-6.12/601-12-v6.14-net-phylink-add-negotiation-of-in-band-capabilities.patch using plaintext: 
patching file drivers/net/phy/phylink.c

Applying /mnt/build_wrt/package/kernel/bpf-headers/../../../target/linux/generic/backport-6.12/601-13-v6.14-net-phylink-remove-phylink_phy_no_inband.patch using plaintext: 
patching file drivers/net/phy/phylink.c

Applying /mnt/build_wrt/package/kernel/bpf-headers/../../../target/linux/generic/backport-6.12/602-01-v6.14-net-pcs-pcs-lynx-implement-pcs_inband_caps-method.patch using plaintext: 
patching file drivers/net/pcs/pcs-lynx.c

Applying /mnt/build_wrt/package/kernel/bpf-headers/../../../target/linux/generic/backport-6.12/602-02-v6.14-net-pcs-pcs-mtk-lynxi-implement-pcs_inband_caps-meth.patch using plaintext: 
patching file drivers/net/pcs/pcs-mtk-lynxi.c

Applying /mnt/build_wrt/package/kernel/bpf-headers/../../../target/linux/generic/backport-6.12/602-03-v6.14-net-pcs-xpcs-implement-pcs_inband_caps-method.patch using plaintext: 
patching file drivers/net/pcs/pcs-xpcs.c

Applying /mnt/build_wrt/package/kernel/bpf-headers/../../../target/linux/generic/backport-6.12/605-02-v6.17-net-phylink-provide-phylink_get_inband_type.patch using plaintext: 
patching file drivers/net/phy/phylink.c

Applying /mnt/build_wrt/package/kernel/bpf-headers/../../../target/linux/generic/backport-6.12/605-03-v6.17-net-phylink-disable-autoneg-for-interfaces-that-have.patch using plaintext: 
patching file drivers/net/phy/phylink.c

Applying /mnt/build_wrt/package/kernel/bpf-headers/../../../target/linux/generic/backport-6.12/610-01-v6.13-net-dsa-use-ethtool-string-helpers.patch using plaintext: 
patching file drivers/net/dsa/b53/b53_common.c

Applying /mnt/build_wrt/package/kernel/bpf-headers/../../../target/linux/generic/backport-6.12/610-02-v6.15-net-dsa-b53-mdio-add-support-for-BCM53101.patch using plaintext: 
patching file drivers/net/dsa/b53/b53_common.c
patching file drivers/net/dsa/b53/b53_mdio.c
patching file drivers/net/dsa/b53/b53_priv.h

Applying /mnt/build_wrt/package/kernel/bpf-headers/../../../target/linux/generic/backport-6.12/610-03-v6.16-net-dsa-b53-implement-setting-ageing-time.patch using plaintext: 
patching file drivers/net/dsa/b53/b53_common.c
patching file drivers/net/dsa/b53/b53_priv.h
patching file drivers/net/dsa/b53/b53_regs.h

Applying /mnt/build_wrt/package/kernel/bpf-headers/../../../target/linux/generic/backport-6.12/610-04-v6.16-net-dsa-b53-do-not-configure-bcm63xx-s-IMP-port-inte.patch using plaintext: 
patching file drivers/net/dsa/b53/b53_common.c

Applying /mnt/build_wrt/package/kernel/bpf-headers/../../../target/linux/generic/backport-6.12/611-01-v6.17-net-dsa-tag_brcm-add-support-for-legacy-FCS-tags.patch using plaintext: 
patching file include/net/dsa.h
patching file net/dsa/Kconfig
patching file net/dsa/tag_brcm.c

Applying /mnt/build_wrt/package/kernel/bpf-headers/../../../target/linux/generic/backport-6.12/611-02-v6.17-net-dsa-b53-support-legacy-FCS-tags.patch using plaintext: 
patching file drivers/net/dsa/b53/Kconfig
patching file drivers/net/dsa/b53/b53_common.c

Applying /mnt/build_wrt/package/kernel/bpf-headers/../../../target/linux/generic/backport-6.12/611-03-v6.17-net-dsa-b53-detect-BCM5325-variants.patch using plaintext: 
patching file drivers/net/dsa/b53/b53_common.c
patching file drivers/net/dsa/b53/b53_priv.h

Applying /mnt/build_wrt/package/kernel/bpf-headers/../../../target/linux/generic/backport-6.12/611-04-v6.17-net-dsa-b53-add-support-for-FDB-operations-on-5325-5365.patch using plaintext: 
patching file drivers/net/dsa/b53/b53_common.c
patching file drivers/net/dsa/b53/b53_priv.h
patching file drivers/net/dsa/b53/b53_regs.h

Applying /mnt/build_wrt/package/kernel/bpf-headers/../../../target/linux/generic/backport-6.12/611-05-v6.17-net-dsa-b53-prevent-FAST_AGE-access-on-BCM5325.patch using plaintext: 
patching file drivers/net/dsa/b53/b53_common.c

Applying /mnt/build_wrt/package/kernel/bpf-headers/../../../target/linux/generic/backport-6.12/611-06-v6.17-net-dsa-b53-prevent-BRCM_HDR-access-on-older-devices.patch using plaintext: 
patching file drivers/net/dsa/b53/b53_common.c

Applying /mnt/build_wrt/package/kernel/bpf-headers/../../../target/linux/generic/backport-6.12/611-07-v6.17-net-dsa-b53-fix-unicast-multicast-flooding-on-BCM5325.patch using plaintext: 
patching file drivers/net/dsa/b53/b53_common.c
patching file drivers/net/dsa/b53/b53_regs.h

Applying /mnt/build_wrt/package/kernel/bpf-headers/../../../target/linux/generic/backport-6.12/611-08-v6.18-net-dsa-b53-Add-phy_enable-phy_disable-methods.patch using plaintext: 
patching file drivers/net/dsa/b53/b53_common.c
patching file drivers/net/dsa/b53/b53_priv.h

Applying /mnt/build_wrt/package/kernel/bpf-headers/../../../target/linux/generic/backport-6.12/611-09-v6.18-net-dsa-b53-Define-chip-IDs-for-more-bcm63xx-SoCs.patch using plaintext: 
patching file drivers/net/dsa/b53/b53_common.c
patching file drivers/net/dsa/b53/b53_mmap.c
patching file drivers/net/dsa/b53/b53_priv.h

Applying /mnt/build_wrt/package/kernel/bpf-headers/../../../target/linux/generic/backport-6.12/611-10-v6.18-net-dsa-b53-mmap-Add-syscon-reference-and-register-layout-for-bcm63268.patch using plaintext: 
patching file drivers/net/dsa/b53/b53_mmap.c

Applying /mnt/build_wrt/package/kernel/bpf-headers/../../../target/linux/generic/backport-6.12/611-11-v6.18-net-dsa-b53-mmap-Add-register-layout-for-bcm6318.patch using plaintext: 
patching file drivers/net/dsa/b53/b53_mmap.c

Applying /mnt/build_wrt/package/kernel/bpf-headers/../../../target/linux/generic/backport-6.12/611-12-v6.18-net-dsa-b53-mmap-Add-register-layout-for-bcm6368.patch using plaintext: 
patching file drivers/net/dsa/b53/b53_mmap.c

Applying /mnt/build_wrt/package/kernel/bpf-headers/../../../target/linux/generic/backport-6.12/611-13-v6.18-net-dsa-b53-mmap-Implement-bcm63xx-ephy-power-control.patch using plaintext: 
patching file drivers/net/dsa/b53/b53_mmap.c

Applying /mnt/build_wrt/package/kernel/bpf-headers/../../../target/linux/generic/backport-6.12/611-14-v6.18-net-dsa-b53-mmap-Add-gphy-port-to-phy-info-for-bcm63268.patch using plaintext: 
patching file drivers/net/dsa/b53/b53_mmap.c

Applying /mnt/build_wrt/package/kernel/bpf-headers/../../../target/linux/generic/backport-6.12/611-15-v6.18-net-dsa-b53-mmap-Implement-bcm63268-gphy-power-control.patch using plaintext: 
patching file drivers/net/dsa/b53/b53_mmap.c

Applying /mnt/build_wrt/package/kernel/bpf-headers/../../../target/linux/generic/backport-6.12/611-16-v6.18-net-dsa-b53-fix-reserved-register-access-in-b53_fdb_dump.patch using plaintext: 
patching file drivers/net/dsa/b53/b53_common.c

Applying /mnt/build_wrt/package/kernel/bpf-headers/../../../target/linux/generic/backport-6.12/611-17-v6.18-net-dsa-b53-fix-ageing-time-for-BCM53101.patch using plaintext: 
patching file drivers/net/dsa/b53/b53_common.c

Applying /mnt/build_wrt/package/kernel/bpf-headers/../../../target/linux/generic/backport-6.12/611-18-v6.18-net-dsa-b53-properly-bound-ARL-searches-for-4-ARL-bin-chips.patch using plaintext: 
patching file drivers/net/dsa/b53/b53_common.c

Applying /mnt/build_wrt/package/kernel/bpf-headers/../../../target/linux/generic/backport-6.12/611-19-v6.18-net-dsa-tag_brcm-do-not-mark-link-local-traffic-as-offloaded.patch using plaintext: 
patching file net/dsa/tag_brcm.c

Applying /mnt/build_wrt/package/kernel/bpf-headers/../../../target/linux/generic/backport-6.12/612-01-v6.19-net-dsa-b53-b53_arl_read-25-use-the-entry-for-comparision.patch using plaintext: 
patching file drivers/net/dsa/b53/b53_common.c

Applying /mnt/build_wrt/package/kernel/bpf-headers/../../../target/linux/generic/backport-6.12/612-02-v6.19-net-dsa-b53-move-reading-ARL-entries-into-their-own-function.patch using plaintext: 
patching file drivers/net/dsa/b53/b53_common.c

Applying /mnt/build_wrt/package/kernel/bpf-headers/../../../target/linux/generic/backport-6.12/612-03-v6.19-net-dsa-b53-move-writing-ARL-entries-into-their-own-functions.patch using plaintext: 
patching file drivers/net/dsa/b53/b53_common.c

Applying /mnt/build_wrt/package/kernel/bpf-headers/../../../target/linux/generic/backport-6.12/612-04-v6.19-net-dsa-b53-provide-accessors-for-accessing-ARL_SRCH_CTL.patch using plaintext: 
patching file drivers/net/dsa/b53/b53_common.c

Applying /mnt/build_wrt/package/kernel/bpf-headers/../../../target/linux/generic/backport-6.12/612-05-v6.19-net-dsa-b53-split-reading-search-entry-into-their-own-functions.patch using plaintext: 
patching file drivers/net/dsa/b53/b53_common.c

Applying /mnt/build_wrt/package/kernel/bpf-headers/../../../target/linux/generic/backport-6.12/612-06-v6.19-net-dsa-b53-move-ARL-entry-functions-into-ops-struct.patch using plaintext: 
patching file drivers/net/dsa/b53/b53_common.c
patching file drivers/net/dsa/b53/b53_priv.h

Applying /mnt/build_wrt/package/kernel/bpf-headers/../../../target/linux/generic/backport-6.12/612-07-v6.19-net-dsa-b53-add-support-for-5389-5397-5398-ARL-entry-format.patch using plaintext: 
patching file drivers/net/dsa/b53/b53_common.c
patching file drivers/net/dsa/b53/b53_priv.h
patching file drivers/net/dsa/b53/b53_regs.h

Applying /mnt/build_wrt/package/kernel/bpf-headers/../../../target/linux/generic/backport-6.12/612-08-v6.19-net-dsa-b53-add-support-for-bcm63xx-ARL-entry-format.patch using plaintext: 
patching file drivers/net/dsa/b53/b53_common.c
patching file drivers/net/dsa/b53/b53_priv.h
patching file drivers/net/dsa/b53/b53_regs.h

Applying /mnt/build_wrt/package/kernel/bpf-headers/../../../target/linux/generic/backport-6.12/613-01-v6.19-net-dsa-b53-fix-VLAN_ID_IDX-write-size-for-BCM5325-65.patch using plaintext: 
patching file drivers/net/dsa/b53/b53_common.c

Applying /mnt/build_wrt/package/kernel/bpf-headers/../../../target/linux/generic/backport-6.12/613-02-v6.19-net-dsa-b53-fix-extracting-VID-from-entry-for-BCM5325-65.patch using plaintext: 
patching file drivers/net/dsa/b53/b53_priv.h

Applying /mnt/build_wrt/package/kernel/bpf-headers/../../../target/linux/generic/backport-6.12/613-03-v6.19-net-dsa-b53-use-same-ARL-search-result-offset-for-BCM5325-65.patch using plaintext: 
patching file drivers/net/dsa/b53/b53_common.c
patching file drivers/net/dsa/b53/b53_regs.h

Applying /mnt/build_wrt/package/kernel/bpf-headers/../../../target/linux/generic/backport-6.12/613-04-v6.19-net-dsa-b53-fix-CPU-port-unicast-ARL-entries-for-BCM5325-65.patch using plaintext: 
patching file drivers/net/dsa/b53/b53_priv.h

Applying /mnt/build_wrt/package/kernel/bpf-headers/../../../target/linux/generic/backport-6.12/613-05-v6.19-net-dsa-b53-fix-BCM5325-65-ARL-entry-multicast-port-masks.patch using plaintext: 
patching file drivers/net/dsa/b53/b53_common.c
patching file drivers/net/dsa/b53/b53_priv.h
patching file drivers/net/dsa/b53/b53_regs.h

Applying /mnt/build_wrt/package/kernel/bpf-headers/../../../target/linux/generic/backport-6.12/613-06-v6.19-net-dsa-b53-fix-BCM5325-65-ARL-entry-VIDs.patch using plaintext: 
patching file drivers/net/dsa/b53/b53_common.c
patching file drivers/net/dsa/b53/b53_priv.h
patching file drivers/net/dsa/b53/b53_regs.h

Applying /mnt/build_wrt/package/kernel/bpf-headers/../../../target/linux/generic/backport-6.12/613-07-v6.19-net-dsa-b53-allow-VID-0-for-BCM5325-65.patch using plaintext: 
patching file drivers/net/dsa/b53/b53_common.c

Applying /mnt/build_wrt/package/kernel/bpf-headers/../../../target/linux/generic/backport-6.12/620-v6.15-ppp-use-IFF_NO_QUEUE-in-virtual-interfaces.patch using plaintext: 
patching file drivers/net/ppp/ppp_generic.c
patching file drivers/net/ppp/pppoe.c
patching file drivers/net/ppp/pptp.c
patching file include/linux/ppp_channel.h
patching file net/l2tp/l2tp_ppp.c

Applying /mnt/build_wrt/package/kernel/bpf-headers/../../../target/linux/generic/backport-6.12/621-v6.17-ppp-convert-to-percpu-netstats.patch using plaintext: 
patching file drivers/net/ppp/ppp_generic.c

Applying /mnt/build_wrt/package/kernel/bpf-headers/../../../target/linux/generic/backport-6.12/622-v6.18-ppp-remove-rwlock-usage.patch using plaintext: 
patching file drivers/net/ppp/ppp_generic.c

Applying /mnt/build_wrt/package/kernel/bpf-headers/../../../target/linux/generic/backport-6.12/623-v6.18-pppoe-remove-rwlock-usage.patch using plaintext: 
patching file drivers/net/ppp/pppoe.c
patching file include/linux/if_pppox.h

Applying /mnt/build_wrt/package/kernel/bpf-headers/../../../target/linux/generic/backport-6.12/624-v6.18-pppoe-drop-sock-reference-counting-on-fast-path.patch using plaintext: 
patching file drivers/net/ppp/pppoe.c

Applying /mnt/build_wrt/package/kernel/bpf-headers/../../../target/linux/generic/backport-6.12/625-v7.0-ppp-enable-TX-scatter-gather.patch using plaintext: 
patching file drivers/net/ppp/ppp_generic.c

Applying /mnt/build_wrt/package/kernel/bpf-headers/../../../target/linux/generic/backport-6.12/626-01-v6.13-net-pse-pd-Add-power-limit-check.patch using plaintext: 
patching file drivers/net/pse-pd/pse_core.c
patching file include/linux/pse-pd/pse.h

Applying /mnt/build_wrt/package/kernel/bpf-headers/../../../target/linux/generic/backport-6.12/626-02-v6.13-net-pse-pd-tps23881-Simplify-function-returns.patch using plaintext: 
patching file drivers/net/pse-pd/tps23881.c

Applying /mnt/build_wrt/package/kernel/bpf-headers/../../../target/linux/generic/backport-6.12/626-03-v6.13-net-pse-pd-tps23881-Use-helpers-to-calculate-bit-offset.patch using plaintext: 
patching file drivers/net/pse-pd/tps23881.c

Applying /mnt/build_wrt/package/kernel/bpf-headers/../../../target/linux/generic/backport-6.12/626-04-v6.13-net-pse-pd-tps23881-Add-missing-configuration-register.patch using plaintext: 
patching file drivers/net/pse-pd/tps23881.c

Applying /mnt/build_wrt/package/kernel/bpf-headers/../../../target/linux/generic/backport-6.12/626-05-v6.13-net-pse-pd-Split-ethtool_get_status-into-multiple-callbacks.patch using plaintext: 
patching file drivers/net/pse-pd/pd692x0.c
patching file drivers/net/pse-pd/pse_core.c
patching file drivers/net/pse-pd/pse_regulator.c
patching file drivers/net/pse-pd/tps23881.c
patching file include/linux/pse-pd/pse.h
patching file net/ethtool/pse-pd.c

Applying /mnt/build_wrt/package/kernel/bpf-headers/../../../target/linux/generic/backport-6.12/626-06-v6.13-net-pse-pd-Remove-is_enabled-callback-from-drivers.patch using plaintext: 
patching file drivers/net/pse-pd/pd692x0.c
patching file drivers/net/pse-pd/pse_core.c
patching file drivers/net/pse-pd/pse_regulator.c
patching file drivers/net/pse-pd/tps23881.c
patching file include/linux/pse-pd/pse.h

Applying /mnt/build_wrt/package/kernel/bpf-headers/../../../target/linux/generic/backport-6.12/626-07-v6.13-net-pse-pd-tps23881-Add-power-limit-and-measurement-features.patch using plaintext: 
patching file drivers/net/pse-pd/tps23881.c

Applying /mnt/build_wrt/package/kernel/bpf-headers/../../../target/linux/generic/backport-6.12/626-08-v6.13-net-pse-pd-Fix-missing-PI-of_node-description.patch using plaintext: 
patching file drivers/net/pse-pd/pse_core.c

Applying /mnt/build_wrt/package/kernel/bpf-headers/../../../target/linux/generic/backport-6.12/626-09-v6.13-net-pse-pd-Clean-ethtool-header-of-PSE-structures.patch using plaintext: 
patching file drivers/net/pse-pd/pse_core.c
patching file include/linux/ethtool.h
patching file include/linux/pse-pd/pse.h

Applying /mnt/build_wrt/package/kernel/bpf-headers/../../../target/linux/generic/backport-6.12/626-10-v6.17-net-pse-pd-Introduce-attached_phydev-to-pse-control.patch using plaintext: 
patching file drivers/net/mdio/fwnode_mdio.c
patching file drivers/net/pse-pd/pse_core.c
patching file include/linux/pse-pd/pse.h

Applying /mnt/build_wrt/package/kernel/bpf-headers/../../../target/linux/generic/backport-6.12/626-11-v6.17-net-pse-pd-Add-support-for-reporting-events.patch using plaintext: 
patching file drivers/net/pse-pd/pse_core.c
patching file include/linux/ethtool_netlink.h
patching file include/linux/pse-pd/pse.h
patching file net/ethtool/pse-pd.c

Applying /mnt/build_wrt/package/kernel/bpf-headers/../../../target/linux/generic/backport-6.12/626-12-v6.17-net-pse-pd-tps23881-Add-support-for-PSE-events.patch using plaintext: 
patching file drivers/net/pse-pd/tps23881.c

Applying /mnt/build_wrt/package/kernel/bpf-headers/../../../target/linux/generic/backport-6.12/626-13-v6.17-net-pse-pd-Add-support-for-PSE-power-domains.patch using plaintext: 
patching file drivers/net/pse-pd/pse_core.c
patching file include/linux/pse-pd/pse.h

Applying /mnt/build_wrt/package/kernel/bpf-headers/../../../target/linux/generic/backport-6.12/626-14-v6.17-net-pse-pd-ethtool-Add-support-for-power-domains-index.patch using plaintext: 
patching file drivers/net/pse-pd/pse_core.c
patching file include/linux/pse-pd/pse.h
patching file net/ethtool/pse-pd.c

Applying /mnt/build_wrt/package/kernel/bpf-headers/../../../target/linux/generic/backport-6.12/626-15-v6.17-net-pse-pd-Add-helper-to-report-hw-enable-status.patch using plaintext: 
patching file drivers/net/pse-pd/pse_core.c

Applying /mnt/build_wrt/package/kernel/bpf-headers/../../../target/linux/generic/backport-6.12/626-16-v6.17-net-pse-pd-Add-support-for-budget-evaluation-strategies.patch using plaintext: 
patching file drivers/net/pse-pd/pse_core.c
patching file include/linux/pse-pd/pse.h

Applying /mnt/build_wrt/package/kernel/bpf-headers/../../../target/linux/generic/backport-6.12/626-16b-v6.17-regulator-Add-support-for-power-budget.patch using plaintext: 
patching file drivers/regulator/core.c
patching file drivers/regulator/of_regulator.c
patching file include/linux/regulator/consumer.h
patching file include/linux/regulator/driver.h
patching file include/linux/regulator/machine.h

Applying /mnt/build_wrt/package/kernel/bpf-headers/../../../target/linux/generic/backport-6.12/626-17-v6.17-net-pse-pd-pd692x0-Add-PSE-PI-priority-feature.patch using plaintext: 
patching file drivers/net/pse-pd/pd692x0.c

Applying /mnt/build_wrt/package/kernel/bpf-headers/../../../target/linux/generic/backport-6.12/626-18-v6.17-net-pse-pd-pd692x0-Add-controller-and-manager-power.patch using plaintext: 
patching file drivers/net/pse-pd/pd692x0.c

Applying /mnt/build_wrt/package/kernel/bpf-headers/../../../target/linux/generic/backport-6.12/626-19-v6.17-net-pse-pd-tps23881-Add-static-port-priority-feature.patch using plaintext: 
patching file drivers/net/pse-pd/tps23881.c

Applying /mnt/build_wrt/package/kernel/bpf-headers/../../../target/linux/generic/backport-6.12/626-20-v6.17-net-pse-pd-pd692x0-reduce-stack-usage.patch using plaintext: 
patching file drivers/net/pse-pd/pd692x0.c

Applying /mnt/build_wrt/package/kernel/bpf-headers/../../../target/linux/generic/backport-6.12/626-21-v6.18-net-pse-pd-pd692x0-Fix-power-budget-leak.patch using plaintext: 
patching file drivers/net/pse-pd/pd692x0.c

Applying /mnt/build_wrt/package/kernel/bpf-headers/../../../target/linux/generic/backport-6.12/626-22-v6.18-net-pse-pd-pd692x0-Skip-power-budget-when-undefined.patch using plaintext: 
patching file drivers/net/pse-pd/pd692x0.c

Applying /mnt/build_wrt/package/kernel/bpf-headers/../../../target/linux/generic/backport-6.12/626-23-v6.18-net-pse-pd-Add-Si3474-PSE-controller-driver.patch using plaintext: 
patching file drivers/net/pse-pd/Kconfig
patching file drivers/net/pse-pd/Makefile
patching file drivers/net/pse-pd/si3474.c

Applying /mnt/build_wrt/package/kernel/bpf-headers/../../../target/linux/generic/backport-6.12/626-24-v6.19-net-pse-pd-tps23881-Fix-current-measurement-scaling.patch using plaintext: 
patching file drivers/net/pse-pd/tps23881.c

Applying /mnt/build_wrt/package/kernel/bpf-headers/../../../target/linux/generic/backport-6.12/626-25-v6.19-net-pse-pd-pd692x0-Replace-__free-macro.patch using plaintext: 
patching file drivers/net/pse-pd/pd692x0.c

Applying /mnt/build_wrt/package/kernel/bpf-headers/../../../target/linux/generic/backport-6.12/626-26-v6.19-net-pse-pd-pd692x0-Separate-configuration-parsing.patch using plaintext: 
patching file drivers/net/pse-pd/pd692x0.c

Applying /mnt/build_wrt/package/kernel/bpf-headers/../../../target/linux/generic/backport-6.12/626-27-v6.19-net-pse-pd-pd692x0-Preserve-PSE-configuration.patch using plaintext: 
patching file drivers/net/pse-pd/pd692x0.c

Applying /mnt/build_wrt/package/kernel/bpf-headers/../../../target/linux/generic/backport-6.12/626-28-v6.19-net-pse-pd-tps23881-Add-support-for-TPS23881B.patch using plaintext: 
patching file drivers/net/pse-pd/tps23881.c

Applying /mnt/build_wrt/package/kernel/bpf-headers/../../../target/linux/generic/backport-6.12/626-v6.16-net-bridge-locally-receive-all-multicast-packets-if-.patch using plaintext: 
patching file net/bridge/br_input.c

Applying /mnt/build_wrt/package/kernel/bpf-headers/../../../target/linux/generic/backport-6.12/627-01-v6.17-net-pse-pd-Add-ethtool_netlink_generated-header.patch using plaintext: 
patching file include/uapi/linux/ethtool_netlink.h
patching file include/uapi/linux/ethtool_netlink_generated.h

Applying /mnt/build_wrt/package/kernel/bpf-headers/../../../target/linux/generic/backport-6.12/627-02-v6.17-net-ethtool-Add-PSE-port-priority-support.patch using plaintext: 
patching file net/ethtool/pse-pd.c

Applying /mnt/build_wrt/package/kernel/bpf-headers/../../../target/linux/generic/backport-6.12/630-v6.13-net-usb-qmi_wwan-add-Quectel-RG255C.patch using plaintext: 
patching file drivers/net/usb/qmi_wwan.c

Applying /mnt/build_wrt/package/kernel/bpf-headers/../../../target/linux/generic/backport-6.12/630-v6.14-PM-sleep-wakeirq-Introduce-device-managed-variant-of.patch using plaintext: 
patching file drivers/base/power/wakeirq.c
patching file include/linux/pm_wakeirq.h

Applying /mnt/build_wrt/package/kernel/bpf-headers/../../../target/linux/generic/backport-6.12/650-v6.13-net-phylink-allow-mac_select_pcs-to-remove-a-PCS.patch using plaintext: 
patching file drivers/net/phy/phylink.c

Applying /mnt/build_wrt/package/kernel/bpf-headers/../../../target/linux/generic/backport-6.12/650-v7.2-net-pppoe-implement-GRO-GSO-support.patch using plaintext: 
patching file drivers/net/ppp/pppoe.c
patching file net/ipv4/af_inet.c
patching file net/ipv6/ip6_offload.c

Applying /mnt/build_wrt/package/kernel/bpf-headers/../../../target/linux/generic/backport-6.12/651-v6.14-net-phylink-add-support-for-PCS-supported_interfaces.patch using plaintext: 
patching file drivers/net/phy/phylink.c
patching file include/linux/phylink.h

Applying /mnt/build_wrt/package/kernel/bpf-headers/../../../target/linux/generic/backport-6.12/652-v6.15-net-phylink-force-link-down-on-major_config-failure.patch using plaintext: 
patching file drivers/net/phy/phylink.c

Applying /mnt/build_wrt/package/kernel/bpf-headers/../../../target/linux/generic/backport-6.12/653-01-v7.0-net-phylink-simplify-phylink_resolve-phylink_major_c.patch using plaintext: 
patching file drivers/net/phy/phylink.c

Applying /mnt/build_wrt/package/kernel/bpf-headers/../../../target/linux/generic/backport-6.12/653-02-v7.0-net-phylink-introduce-helpers-for-replaying-link-cal.patch using plaintext: 
patching file drivers/net/phy/phylink.c
patching file include/linux/phylink.h

Applying /mnt/build_wrt/package/kernel/bpf-headers/../../../target/linux/generic/backport-6.12/700-01-v7.0-net-sched-Export-mq-functions-for-reuse.patch using plaintext: 
patching file MAINTAINERS
patching file include/net/sch_priv.h
patching file net/sched/sch_mq.c

Applying /mnt/build_wrt/package/kernel/bpf-headers/../../../target/linux/generic/backport-6.12/700-02-v7.0-net-sched-sch_cake-Factor-out-config-variables-into-.patch using plaintext: 
patching file net/sched/sch_cake.c

Applying /mnt/build_wrt/package/kernel/bpf-headers/../../../target/linux/generic/backport-6.12/700-03-v7.0-net-sched-sch_cake-Add-cake_mq-qdisc-for-using-cake-.patch using plaintext: 
patching file net/sched/sch_cake.c

Applying /mnt/build_wrt/package/kernel/bpf-headers/../../../target/linux/generic/backport-6.12/700-04-v7.0-net-sched-sch_cake-Share-config-across-cake_mq-sub-q.patch using plaintext: 
patching file net/sched/sch_cake.c

Applying /mnt/build_wrt/package/kernel/bpf-headers/../../../target/linux/generic/backport-6.12/700-05-v7.0-net-sched-sch_cake-share-shaper-state-across-sub-ins.patch using plaintext: 
patching file Documentation/netlink/specs/tc.yaml
patching file include/uapi/linux/pkt_sched.h
patching file net/sched/sch_cake.c

Applying /mnt/build_wrt/package/kernel/bpf-headers/../../../target/linux/generic/backport-6.12/700-06-v7.0-selftests-tc-testing-add-selftests-for-cake_mq-qdisc.patch using plaintext: 
patching file tools/testing/selftests/tc-testing/tc-tests/qdiscs/cake_mq.json

Applying /mnt/build_wrt/package/kernel/bpf-headers/../../../target/linux/generic/backport-6.12/700-07-v7.0-net-sched-cake-avoid-separate-allocation-of-struct-c.patch using plaintext: 
patching file net/sched/sch_cake.c

Applying /mnt/build_wrt/package/kernel/bpf-headers/../../../target/linux/generic/backport-6.12/701-01-v7.0-net-sched-sch_cake-avoid-sync-overhead-when-unlimite.patch using plaintext: 
patching file net/sched/sch_cake.c

Applying /mnt/build_wrt/package/kernel/bpf-headers/../../../target/linux/generic/backport-6.12/701-02-v7.0-net-sched-sch_cake-fixup-cake_mq-rate-adjustment-for.patch using plaintext: 
patching file net/sched/sch_cake.c

Applying /mnt/build_wrt/package/kernel/bpf-headers/../../../target/linux/generic/backport-6.12/702-v7.0-net-phylink-fix-NULL-pointer-deref-in-phylink_major_.patch using plaintext: 
patching file drivers/net/phy/phylink.c

Applying /mnt/build_wrt/package/kernel/bpf-headers/../../../target/linux/generic/backport-6.12/705-01-v6.18-net-phy-motorcomm-Add-support-for-PHY-LEDs-on-YT8521.patch using plaintext: 
patching file drivers/net/phy/motorcomm.c

Applying /mnt/build_wrt/package/kernel/bpf-headers/../../../target/linux/generic/backport-6.12/705-02-v6.19-net-phy-motorcomm-Add-support-for-PHY-LEDs-on-YT8531.patch using plaintext: 
patching file drivers/net/phy/motorcomm.c

Applying /mnt/build_wrt/package/kernel/bpf-headers/../../../target/linux/generic/backport-6.12/705-03-v7.0-net-phy-motorcomm-Support-YT8531S-PHY-in-YT6801-Ethernet.patch using plaintext: 
patching file drivers/net/phy/motorcomm.c

Applying /mnt/build_wrt/package/kernel/bpf-headers/../../../target/linux/generic/backport-6.12/705-04-v7.0-net-stmmac-Add-glue-driver-for-Motorcomm-YT6801-ethernet.patch using plaintext: 
patching file drivers/net/ethernet/stmicro/stmmac/Kconfig
patching file drivers/net/ethernet/stmicro/stmmac/Makefile
patching file drivers/net/ethernet/stmicro/stmmac/dwmac-motorcomm.c

Applying /mnt/build_wrt/package/kernel/bpf-headers/../../../target/linux/generic/backport-6.12/706-v7.2-bus-mhi-host-pci_generic-round-up-nr_irqs-to-a-power-of-two.patch using plaintext: 
patching file drivers/bus/mhi/host/pci_generic.c

Applying /mnt/build_wrt/package/kernel/bpf-headers/../../../target/linux/generic/backport-6.12/710-v6.16-igc-enable-HW-vlan-tag-insertion-stripping-by-defaul.patch using plaintext: 
patching file drivers/net/ethernet/intel/igc/igc_main.c

Applying /mnt/build_wrt/package/kernel/bpf-headers/../../../target/linux/generic/backport-6.12/720-01-v6.13-net-phy-mediatek-ge-soc-Fix-coding-style.patch using plaintext: 
patching file drivers/net/phy/mediatek-ge-soc.c

Applying /mnt/build_wrt/package/kernel/bpf-headers/../../../target/linux/generic/backport-6.12/720-02-v6.13-net-phy-mediatek-ge-soc-Shrink-line-wrapping-to-80-c.patch using plaintext: 
patching file drivers/net/phy/mediatek-ge-soc.c

Applying /mnt/build_wrt/package/kernel/bpf-headers/../../../target/linux/generic/backport-6.12/720-03-v6.13-net-phy-mediatek-ge-soc-Propagate-error-code-correct.patch using plaintext: 
patching file drivers/net/phy/mediatek-ge-soc.c

Applying /mnt/build_wrt/package/kernel/bpf-headers/../../../target/linux/generic/backport-6.12/720-04-v6.13-net-phy-mediatek-Re-organize-MediaTek-ethernet-phy-d.patch using plaintext: 
patching file MAINTAINERS
patching file drivers/net/phy/Kconfig
patching file drivers/net/phy/Makefile
patching file drivers/net/phy/mediatek/Kconfig
patching file drivers/net/phy/mediatek/Makefile
patching file drivers/net/phy/mediatek-ge-soc.c
patching file drivers/net/phy/mediatek-ge.c
patching file drivers/net/phy/mediatek/mtk-ge-soc.c
patching file drivers/net/phy/mediatek/mtk-ge.c

Applying /mnt/build_wrt/package/kernel/bpf-headers/../../../target/linux/generic/backport-6.12/720-05-v6.13-net-phy-mediatek-Move-LED-helper-functions-into-mtk-.patch using plaintext: 
patching file MAINTAINERS
patching file drivers/net/phy/mediatek/Kconfig
patching file drivers/net/phy/mediatek/Makefile
patching file drivers/net/phy/mediatek/mtk-ge-soc.c
patching file drivers/net/phy/mediatek/mtk-phy-lib.c
patching file drivers/net/phy/mediatek/mtk.h

Applying /mnt/build_wrt/package/kernel/bpf-headers/../../../target/linux/generic/backport-6.12/720-06-v6.13-net-phy-mediatek-Improve-readability-of-mtk-phy-lib..patch using plaintext: 
patching file drivers/net/phy/mediatek/mtk-phy-lib.c

Applying /mnt/build_wrt/package/kernel/bpf-headers/../../../target/linux/generic/backport-6.12/720-07-v6.13-net-phy-mediatek-Integrate-read-write-page-helper-fu.patch using plaintext: 
patching file drivers/net/phy/mediatek/Kconfig
patching file drivers/net/phy/mediatek/mtk-ge-soc.c
patching file drivers/net/phy/mediatek/mtk-ge.c
patching file drivers/net/phy/mediatek/mtk-phy-lib.c
patching file drivers/net/phy/mediatek/mtk.h

Applying /mnt/build_wrt/package/kernel/bpf-headers/../../../target/linux/generic/backport-6.12/720-08-v6.13-net-phy-mediatek-add-MT7530-MT7531-s-PHY-ID-macros.patch using plaintext: 
patching file drivers/net/phy/mediatek/mtk-ge.c

Applying /mnt/build_wrt/package/kernel/bpf-headers/../../../target/linux/generic/backport-6.12/720-09-v6.14-net-phy-Constify-struct-mdio_device_id.patch using plaintext: 
patching file drivers/net/phy/adin.c
patching file drivers/net/phy/adin1100.c
patching file drivers/net/phy/air_en8811h.c
patching file drivers/net/phy/amd.c
patching file drivers/net/phy/aquantia/aquantia_main.c
patching file drivers/net/phy/ax88796b.c
patching file drivers/net/phy/bcm-cygnus.c
patching file drivers/net/phy/bcm54140.c
patching file drivers/net/phy/bcm63xx.c
patching file drivers/net/phy/bcm7xxx.c
patching file drivers/net/phy/bcm84881.c
patching file drivers/net/phy/broadcom.c
patching file drivers/net/phy/cicada.c
patching file drivers/net/phy/cortina.c
patching file drivers/net/phy/davicom.c
patching file drivers/net/phy/dp83640.c
patching file drivers/net/phy/dp83822.c
patching file drivers/net/phy/dp83848.c
patching file drivers/net/phy/dp83867.c
patching file drivers/net/phy/dp83869.c
patching file drivers/net/phy/dp83tc811.c
patching file drivers/net/phy/dp83td510.c
patching file drivers/net/phy/dp83tg720.c
patching file drivers/net/phy/et1011c.c
patching file drivers/net/phy/icplus.c
patching file drivers/net/phy/intel-xway.c
patching file drivers/net/phy/lxt.c
patching file drivers/net/phy/marvell-88q2xxx.c
patching file drivers/net/phy/marvell-88x2222.c
patching file drivers/net/phy/marvell.c
patching file drivers/net/phy/marvell10g.c
patching file drivers/net/phy/mediatek/mtk-ge-soc.c
patching file drivers/net/phy/mediatek/mtk-ge.c
patching file drivers/net/phy/meson-gxl.c
patching file drivers/net/phy/micrel.c
patching file drivers/net/phy/microchip.c
patching file drivers/net/phy/microchip_t1.c
patching file drivers/net/phy/microchip_t1s.c
patching file drivers/net/phy/mscc/mscc_main.c
patching file drivers/net/phy/mxl-gpy.c
patching file drivers/net/phy/national.c
patching file drivers/net/phy/ncn26000.c
patching file drivers/net/phy/nxp-c45-tja11xx.c
patching file drivers/net/phy/nxp-cbtx.c
patching file drivers/net/phy/nxp-tja11xx.c
patching file drivers/net/phy/qcom/at803x.c
patching file drivers/net/phy/qcom/qca807x.c
patching file drivers/net/phy/qcom/qca808x.c
patching file drivers/net/phy/qcom/qca83xx.c
patching file drivers/net/phy/qsemi.c
patching file drivers/net/phy/rockchip.c
patching file drivers/net/phy/smsc.c
patching file drivers/net/phy/ste10Xp.c
patching file drivers/net/phy/teranetics.c
patching file drivers/net/phy/uPD60620.c
patching file drivers/net/phy/vitesse.c

Applying /mnt/build_wrt/package/kernel/bpf-headers/../../../target/linux/generic/backport-6.12/720-10-v6.15-net-phy-mediatek-Change-to-more-meaningful-macros.patch using plaintext: 
patching file drivers/net/phy/mediatek/mtk-ge-soc.c
patching file drivers/net/phy/mediatek/mtk-ge.c
patching file drivers/net/phy/mediatek/mtk.h

Applying /mnt/build_wrt/package/kernel/bpf-headers/../../../target/linux/generic/backport-6.12/720-11-v6.15-net-phy-mediatek-Add-token-ring-access-helper-functi.patch using plaintext: 
patching file drivers/net/phy/mediatek/mtk-ge-soc.c
patching file drivers/net/phy/mediatek/mtk-ge.c
patching file drivers/net/phy/mediatek/mtk-phy-lib.c
patching file drivers/net/phy/mediatek/mtk.h

Applying /mnt/build_wrt/package/kernel/bpf-headers/../../../target/linux/generic/backport-6.12/720-12-v6.15-net-phy-mediatek-Add-token-ring-set-bit-operation-su.patch using plaintext: 
patching file drivers/net/phy/mediatek/mtk-ge-soc.c
patching file drivers/net/phy/mediatek/mtk-phy-lib.c
patching file drivers/net/phy/mediatek/mtk.h

Applying /mnt/build_wrt/package/kernel/bpf-headers/../../../target/linux/generic/backport-6.12/720-13-v6.15-net-phy-mediatek-Add-token-ring-clear-bit-operation-.patch using plaintext: 
patching file drivers/net/phy/mediatek/mtk-ge-soc.c
patching file drivers/net/phy/mediatek/mtk-phy-lib.c
patching file drivers/net/phy/mediatek/mtk.h

Applying /mnt/build_wrt/package/kernel/bpf-headers/../../../target/linux/generic/backport-6.12/720-14-v6.15-net-phy-mediatek-Move-some-macros-to-phy-lib-for-lat.patch using plaintext: 
patching file drivers/net/phy/mediatek/mtk-ge.c
patching file drivers/net/phy/mediatek/mtk.h

Applying /mnt/build_wrt/package/kernel/bpf-headers/../../../target/linux/generic/backport-6.12/720-15-v6.16-net-phy-mediatek-permit-to-compile-test-GE-SOC-PHY-d.patch using plaintext: 
patching file drivers/net/phy/mediatek/Kconfig

Applying /mnt/build_wrt/package/kernel/bpf-headers/../../../target/linux/generic/backport-6.12/720-16-v6.16-net-phy-mediatek-add-Airoha-PHY-ID-to-SoC-driver.patch using plaintext: 
patching file drivers/net/phy/mediatek/Kconfig
patching file drivers/net/phy/mediatek/mtk-ge-soc.c

Applying /mnt/build_wrt/package/kernel/bpf-headers/../../../target/linux/generic/backport-6.12/720-17-v6.16-net-phy-mediatek-init-val-in-.phy_led_polarity_set-f.patch using plaintext: 
patching file drivers/net/phy/mediatek/mtk-ge-soc.c

Applying /mnt/build_wrt/package/kernel/bpf-headers/../../../target/linux/generic/backport-6.12/721-01-v6.15-net-ethernet-mediatek-add-EEE-support.patch using plaintext: 
patching file drivers/net/ethernet/mediatek/mtk_eth_soc.c
patching file drivers/net/ethernet/mediatek/mtk_eth_soc.h

Applying /mnt/build_wrt/package/kernel/bpf-headers/../../../target/linux/generic/backport-6.12/730-01-v6.13-net-phy-aquantia-allow-forcing-order-of-MDI-pairs.patch using plaintext: 
patching file drivers/net/phy/aquantia/aquantia_main.c

Applying /mnt/build_wrt/package/kernel/bpf-headers/../../../target/linux/generic/backport-6.12/730-02-v6.13-net-phy-aquantia-fix-return-value-check-in-aqr107_co.patch using plaintext: 
patching file drivers/net/phy/aquantia/aquantia_main.c

Applying /mnt/build_wrt/package/kernel/bpf-headers/../../../target/linux/generic/backport-6.12/730-03-v6.13-net-phy-support-active-high-property-for-PHY-LEDs.patch using plaintext: 
patching file drivers/net/phy/phy_device.c
patching file include/linux/phy.h

Applying /mnt/build_wrt/package/kernel/bpf-headers/../../../target/linux/generic/backport-6.12/730-04-v6.13-net-phy-aquantia-correctly-describe-LED-polarity-ove.patch using plaintext: 
patching file drivers/net/phy/aquantia/aquantia.h
patching file drivers/net/phy/aquantia/aquantia_leds.c
patching file drivers/net/phy/aquantia/aquantia_main.c

Applying /mnt/build_wrt/package/kernel/bpf-headers/../../../target/linux/generic/backport-6.12/730-05-v6.13-net-phy-mxl-gpy-add-basic-LED-support.patch using plaintext: 
patching file drivers/net/phy/mxl-gpy.c

Applying /mnt/build_wrt/package/kernel/bpf-headers/../../../target/linux/generic/backport-6.12/730-06-v6.13-net-phy-mxl-gpy-add-missing-support-for-TRIGGER_NETD.patch using plaintext: 
patching file drivers/net/phy/mxl-gpy.c

Applying /mnt/build_wrt/package/kernel/bpf-headers/../../../target/linux/generic/backport-6.12/730-07-v6.13-net-phy-mxl-gpy-correctly-describe-LED-polarity.patch using plaintext: 
patching file drivers/net/phy/mxl-gpy.c

Applying /mnt/build_wrt/package/kernel/bpf-headers/../../../target/linux/generic/backport-6.12/730-08-v6.13-net-phy-intel-xway-add-support-for-PHY-LEDs.patch using plaintext: 
patching file drivers/net/phy/intel-xway.c

Applying /mnt/build_wrt/package/kernel/bpf-headers/../../../target/linux/generic/backport-6.12/730-09-v6.18-net-phy-mxl-gpy-fix-link-properties-on-USXGMII-and-i.patch using plaintext: 
patching file drivers/net/phy/mxl-gpy.c

Applying /mnt/build_wrt/package/kernel/bpf-headers/../../../target/linux/generic/backport-6.12/730-10-v6.19-net-phy-mxl-gpy-add-support-for-MxL86211C.patch using plaintext: 
patching file drivers/net/phy/mxl-gpy.c

Applying /mnt/build_wrt/package/kernel/bpf-headers/../../../target/linux/generic/backport-6.12/730-11-v7.0-net-phy-mxl-gpy-implement-SGMII-in-band-configuratio.patch using plaintext: 
patching file drivers/net/phy/mxl-gpy.c

Applying /mnt/build_wrt/package/kernel/bpf-headers/../../../target/linux/generic/backport-6.12/731-v6.18-net-mediatek-wed-Introduce-MT7992-WED-support-to-MT7.patch using plaintext: 
patching file drivers/net/ethernet/mediatek/mtk_wed.c
patching file drivers/net/ethernet/mediatek/mtk_wed.h
patching file include/linux/soc/mediatek/mtk_wed.h

Applying /mnt/build_wrt/package/kernel/bpf-headers/../../../target/linux/generic/backport-6.12/732-v6.18-wifi-mt76-wed-use-proper-wed-reference-in-mt76-wed-d.patch using plaintext: 
patching file include/linux/soc/mediatek/mtk_wed.h

Applying /mnt/build_wrt/package/kernel/bpf-headers/../../../target/linux/generic/backport-6.12/733-v6.18-net-mtk-wed-add-dma-mask-limitation-and-GFP_DMA32-fo.patch using plaintext: 
patching file drivers/net/ethernet/mediatek/mtk_wed.c

Applying /mnt/build_wrt/package/kernel/bpf-headers/../../../target/linux/generic/backport-6.12/735-v6.13-net-phy-avoid-undefined-behavior-in-_led_polarity_se.patch using plaintext: 
patching file drivers/net/phy/aquantia/aquantia_leds.c
patching file drivers/net/phy/intel-xway.c
patching file drivers/net/phy/mxl-gpy.c

Applying /mnt/build_wrt/package/kernel/bpf-headers/../../../target/linux/generic/backport-6.12/740-v6.13-net-dsa-mv88e6xxx-Support-LED-control.patch using plaintext: 
patching file drivers/net/dsa/mv88e6xxx/Kconfig
patching file drivers/net/dsa/mv88e6xxx/Makefile
patching file drivers/net/dsa/mv88e6xxx/chip.c
patching file drivers/net/dsa/mv88e6xxx/chip.h
patching file drivers/net/dsa/mv88e6xxx/leds.c
patching file drivers/net/dsa/mv88e6xxx/port.c
patching file drivers/net/dsa/mv88e6xxx/port.h

Applying /mnt/build_wrt/package/kernel/bpf-headers/../../../target/linux/generic/backport-6.12/741-v6.13-net-dsa-mv88e6xxx-fix-unreleased-fwnode_handle-in-se.patch using plaintext: 
patching file drivers/net/dsa/mv88e6xxx/chip.c

Applying /mnt/build_wrt/package/kernel/bpf-headers/../../../target/linux/generic/backport-6.12/742-v6.17-net-dsa-mv88e6xxx-Fix-fwnode-reference-leaks-in-mv88.patch using plaintext: 
patching file drivers/net/dsa/mv88e6xxx/leds.c

Applying /mnt/build_wrt/package/kernel/bpf-headers/../../../target/linux/generic/backport-6.12/750-v7.0-net-phy-move-mmd_phy_read-and-mmd_phy_write-to-phyli.patch using plaintext: 
patching file drivers/net/phy/phy-core.c
patching file include/linux/phy.h

Applying /mnt/build_wrt/package/kernel/bpf-headers/../../../target/linux/generic/backport-6.12/751-v7.2-net-dsa-qca8k-add-support-for-force-mode-for-fixed-l.patch using plaintext: 
patching file drivers/net/dsa/qca/qca8k-8xxx.c
patching file drivers/net/dsa/qca/qca8k.h

Applying /mnt/build_wrt/package/kernel/bpf-headers/../../../target/linux/generic/backport-6.12/752-v7.2-net-dsa-qca8k-fix-led-devicename-when-using-external.patch using plaintext: 
patching file drivers/net/dsa/qca/qca8k-leds.c

Applying /mnt/build_wrt/package/kernel/bpf-headers/../../../target/linux/generic/backport-6.12/760-v6.18-net-phy-introduce-phy_id_compare_model-PHY-ID-helper.patch using plaintext: 
patching file include/linux/phy.h

Applying /mnt/build_wrt/package/kernel/bpf-headers/../../../target/linux/generic/backport-6.12/761-v6.19-net-phy-mxl-gpy-add-support-for-mxl86252-and-mxl86282.patch using plaintext: 
patching file drivers/net/phy/mxl-gpy.c

Applying /mnt/build_wrt/package/kernel/bpf-headers/../../../target/linux/generic/backport-6.12/762-v7.0-net-dsa-add-tag-format-for-MxL862xx-switches.patch using plaintext: 
patching file include/net/dsa.h
patching file net/dsa/Kconfig
patching file net/dsa/Makefile
patching file net/dsa/tag_mxl862xx.c
patching file include/uapi/linux/if_ether.h

Applying /mnt/build_wrt/package/kernel/bpf-headers/../../../target/linux/generic/backport-6.12/763-v7.0-net-mdio-add-unlocked-mdiodev-C45-bus-accessors.patch using plaintext: 
patching file include/linux/mdio.h

Applying /mnt/build_wrt/package/kernel/bpf-headers/../../../target/linux/generic/backport-6.12/764-v7.0-net-dsa-add-basic-initial-driver-for-MxL862xx-switch.patch using plaintext: 
patching file drivers/net/dsa/Kconfig
patching file drivers/net/dsa/Makefile
patching file drivers/net/dsa/mxl862xx/Kconfig
patching file drivers/net/dsa/mxl862xx/Makefile
patching file drivers/net/dsa/mxl862xx/mxl862xx-api.h
patching file drivers/net/dsa/mxl862xx/mxl862xx-cmd.h
patching file drivers/net/dsa/mxl862xx/mxl862xx-host.c
patching file drivers/net/dsa/mxl862xx/mxl862xx-host.h
patching file drivers/net/dsa/mxl862xx/mxl862xx.c
patching file drivers/net/dsa/mxl862xx/mxl862xx.h

Applying /mnt/build_wrt/package/kernel/bpf-headers/../../../target/linux/generic/backport-6.12/765-v7.0-net-dsa-mxl862xx-rename-MDIO-op-arguments.patch using plaintext: 
patching file drivers/net/dsa/mxl862xx/mxl862xx.c

Applying /mnt/build_wrt/package/kernel/bpf-headers/../../../target/linux/generic/backport-6.12/766-v7.0-net-dsa-mxl862xx-don-t-set-user_mii_bus.patch using plaintext: 
patching file drivers/net/dsa/mxl862xx/mxl862xx.c

Applying /mnt/build_wrt/package/kernel/bpf-headers/../../../target/linux/generic/backport-6.12/767-v7.0-net-dsa-MxL862xx-don-t-force-enable-MAXLINEAR_GPHY.patch using plaintext: 
patching file drivers/net/dsa/mxl862xx/mxl862xx-host.c

Applying /mnt/build_wrt/package/kernel/bpf-headers/../../../target/linux/generic/backport-6.12/768-v7.1-net-dsa-MxL862xx-don-t-force-enable-MAXLINEAR_GPHY.patch using plaintext: 
patching file drivers/net/dsa/mxl862xx/Kconfig

Applying /mnt/build_wrt/package/kernel/bpf-headers/../../../target/linux/generic/backport-6.12/769-v7.1-net-dsa-mxl862xx-add-CRC-for-MDIO-communication.patch using plaintext: 
patching file drivers/net/dsa/mxl862xx/Kconfig
patching file drivers/net/dsa/mxl862xx/mxl862xx-host.c
patching file drivers/net/dsa/mxl862xx/mxl862xx-host.h
patching file drivers/net/dsa/mxl862xx/mxl862xx.c
patching file drivers/net/dsa/mxl862xx/mxl862xx.h

Applying /mnt/build_wrt/package/kernel/bpf-headers/../../../target/linux/generic/backport-6.12/770-v7.1-net-dsa-mxl862xx-use-RST_DATA-to-skip-writing-zero-w.patch using plaintext: 
patching file drivers/net/dsa/mxl862xx/mxl862xx-host.c

Applying /mnt/build_wrt/package/kernel/bpf-headers/../../../target/linux/generic/backport-6.12/771-v7.1-net-dsa-mxl862xx-cancel-pending-work-on-probe-error.patch using plaintext: 
patching file drivers/net/dsa/mxl862xx/mxl862xx.c

Applying /mnt/build_wrt/package/kernel/bpf-headers/../../../target/linux/generic/backport-6.12/772-v7.1-net-dsa-move-dsa_bridge_ports-helper-to-dsa.h.patch using plaintext: 
patching file include/net/dsa.h

Applying /mnt/build_wrt/package/kernel/bpf-headers/../../../target/linux/generic/backport-6.12/773-v7.1-net-dsa-add-bridge-member-iteration-macro.patch using plaintext: 
patching file include/net/dsa.h

Applying /mnt/build_wrt/package/kernel/bpf-headers/../../../target/linux/generic/backport-6.12/774-v7.1-dsa-tag_mxl862xx-set-dsa_default_offload_fwd_mark.patch using plaintext: 
patching file net/dsa/tag_mxl862xx.c

Applying /mnt/build_wrt/package/kernel/bpf-headers/../../../target/linux/generic/backport-6.12/775-v7.1-net-dsa-mxl862xx-implement-bridge-offloading.patch using plaintext: 
patching file drivers/net/dsa/mxl862xx/mxl862xx-api.h
patching file drivers/net/dsa/mxl862xx/mxl862xx-cmd.h
patching file drivers/net/dsa/mxl862xx/mxl862xx.c
patching file drivers/net/dsa/mxl862xx/mxl862xx.h

Applying /mnt/build_wrt/package/kernel/bpf-headers/../../../target/linux/generic/backport-6.12/776-v7.1-net-dsa-mxl862xx-reject-DSA_PORT_TYPE_DSA.patch using plaintext: 
patching file drivers/net/dsa/mxl862xx/mxl862xx.c

Applying /mnt/build_wrt/package/kernel/bpf-headers/../../../target/linux/generic/backport-6.12/777-v7.1-net-dsa-mxl862xx-don-t-skip-early-bridge-port-config.patch using plaintext: 
patching file drivers/net/dsa/mxl862xx/mxl862xx.c

Applying /mnt/build_wrt/package/kernel/bpf-headers/../../../target/linux/generic/backport-6.12/778-v7.1-net-dsa-mxl862xx-implement-VLAN-functionality.patch using plaintext: 
patching file drivers/net/dsa/mxl862xx/mxl862xx-api.h
patching file drivers/net/dsa/mxl862xx/mxl862xx-cmd.h
patching file drivers/net/dsa/mxl862xx/mxl862xx.c
patching file drivers/net/dsa/mxl862xx/mxl862xx.h

Applying /mnt/build_wrt/package/kernel/bpf-headers/../../../target/linux/generic/backport-6.12/779-v7.1-net-dsa-mxl862xx-add-ethtool-statistics-support.patch using plaintext: 
patching file drivers/net/dsa/mxl862xx/mxl862xx-api.h
patching file drivers/net/dsa/mxl862xx/mxl862xx-cmd.h
patching file drivers/net/dsa/mxl862xx/mxl862xx.c

Applying /mnt/build_wrt/package/kernel/bpf-headers/../../../target/linux/generic/backport-6.12/780-01-v6.13-r8169-remove-original-workaround-for-RTL8125-broken-.patch using plaintext: 
patching file drivers/net/ethernet/realtek/r8169_main.c

Applying /mnt/build_wrt/package/kernel/bpf-headers/../../../target/linux/generic/backport-6.12/780-02-v6.13-r8169-enable-SG-TSO-on-selected-chip-versions-per-de.patch using plaintext: 
patching file drivers/net/ethernet/realtek/r8169_main.c

Applying /mnt/build_wrt/package/kernel/bpf-headers/../../../target/linux/generic/backport-6.12/780-03-v6.13-r8169-implement-additional-ethtool-stats-ops.patch using plaintext: 
patching file drivers/net/ethernet/realtek/r8169_main.c

Applying /mnt/build_wrt/package/kernel/bpf-headers/../../../target/linux/generic/backport-6.12/780-04-v6.13-r8169-don-t-take-RTNL-lock-in-rtl_task.patch using plaintext: 
patching file drivers/net/ethernet/realtek/r8169_main.c

Applying /mnt/build_wrt/package/kernel/bpf-headers/../../../target/linux/generic/backport-6.12/780-05-v6.13-replace-custom-flag-with-disable_work-et-al.patch using plaintext: 
patching file drivers/net/ethernet/realtek/r8169_main.c

Applying /mnt/build_wrt/package/kernel/bpf-headers/../../../target/linux/generic/backport-6.12/780-06-v6.13-r8169-avoid-duplicated-messages-if-loading-firmware-.patch using plaintext: 
patching file drivers/net/ethernet/realtek/r8169_firmware.c

Applying /mnt/build_wrt/package/kernel/bpf-headers/../../../target/linux/generic/backport-6.12/780-07-v6.13-r8169-remove-rtl_dash_loop_wait_high-low.patch using plaintext: 
patching file drivers/net/ethernet/realtek/r8169_main.c

Applying /mnt/build_wrt/package/kernel/bpf-headers/../../../target/linux/generic/backport-6.12/780-08-v6.13-r8169-enable-EEE-at-2.5G-per-default-on-RTL8125B.patch using plaintext: 
patching file drivers/net/ethernet/realtek/r8169_phy_config.c

Applying /mnt/build_wrt/package/kernel/bpf-headers/../../../target/linux/generic/backport-6.12/780-10-v6.13-r8169-fix-inconsistent-indenting-in-rtl8169_get_eth_.patch using plaintext: 
patching file drivers/net/ethernet/realtek/r8169_main.c

Applying /mnt/build_wrt/package/kernel/bpf-headers/../../../target/linux/generic/backport-6.12/780-11-v6.13-r8169-align-RTL8125-EEE-config-with-vendor-driver.patch using plaintext: 
patching file drivers/net/ethernet/realtek/r8169_phy_config.c

Applying /mnt/build_wrt/package/kernel/bpf-headers/../../../target/linux/generic/backport-6.12/780-12-v6.13-r8169-align-RTL8125-RTL8126-PHY-config-with-vendor-d.patch using plaintext: 
patching file drivers/net/ethernet/realtek/r8169_phy_config.c

Applying /mnt/build_wrt/package/kernel/bpf-headers/../../../target/linux/generic/backport-6.12/780-13-v6.13-r8169-align-RTL8126-EEE-config-with-vendor-driver.patch using plaintext: 
patching file drivers/net/ethernet/realtek/r8169_phy_config.c

Applying /mnt/build_wrt/package/kernel/bpf-headers/../../../target/linux/generic/backport-6.12/780-14-v6.13-r8169-improve-initialization-of-RSS-registers-on-RTL.patch using plaintext: 
patching file drivers/net/ethernet/realtek/r8169_main.c

Applying /mnt/build_wrt/package/kernel/bpf-headers/../../../target/linux/generic/backport-6.12/780-15-v6.13-r8169-remove-leftover-locks-after-reverted-change.patch using plaintext: 
patching file drivers/net/ethernet/realtek/r8169_main.c

Applying /mnt/build_wrt/package/kernel/bpf-headers/../../../target/linux/generic/backport-6.12/780-16-v6.13-r8169-improve-__rtl8169_set_wol.patch using plaintext: 
patching file drivers/net/ethernet/realtek/r8169_main.c

Applying /mnt/build_wrt/package/kernel/bpf-headers/../../../target/linux/generic/backport-6.12/780-17-v6.13-r8169-improve-rtl_set_d3_pll_down.patch using plaintext: 
patching file drivers/net/ethernet/realtek/r8169_main.c

Applying /mnt/build_wrt/package/kernel/bpf-headers/../../../target/linux/generic/backport-6.12/780-18-v6.13-r8169-align-WAKE_PHY-handling-with-r8125-r8126-vendo.patch using plaintext: 
patching file drivers/net/ethernet/realtek/r8169_main.c

Applying /mnt/build_wrt/package/kernel/bpf-headers/../../../target/linux/generic/backport-6.12/780-19-v6.13-r8169-use-helper-r8169_mod_reg8_cond-to-simplify-rtl.patch using plaintext: 
patching file drivers/net/ethernet/realtek/r8169_main.c

Applying /mnt/build_wrt/package/kernel/bpf-headers/../../../target/linux/generic/backport-6.12/780-20-v6.13-r8169-copy-vendor-driver-2.5G-5G-EEE-advertisement-c.patch using plaintext: 
patching file drivers/net/ethernet/realtek/r8169_main.c
patching file drivers/net/ethernet/realtek/r8169_phy_config.c

Applying /mnt/build_wrt/package/kernel/bpf-headers/../../../target/linux/generic/backport-6.12/780-21-v6.14-r8169-remove-unused-flag-RTL_FLAG_TASK_RESET_NO_QUEU.patch using plaintext: 
patching file drivers/net/ethernet/realtek/r8169_main.c

Applying /mnt/build_wrt/package/kernel/bpf-headers/../../../target/linux/generic/backport-6.12/780-22-v6.14-r8169-remove-support-for-chip-version-11.patch using plaintext: 
patching file drivers/net/ethernet/realtek/r8169.h
patching file drivers/net/ethernet/realtek/r8169_main.c
patching file drivers/net/ethernet/realtek/r8169_phy_config.c

Applying /mnt/build_wrt/package/kernel/bpf-headers/../../../target/linux/generic/backport-6.12/780-23-v6.14-r8169-adjust-version-numbering-for-RTL8126.patch using plaintext: 
patching file drivers/net/ethernet/realtek/r8169.h
patching file drivers/net/ethernet/realtek/r8169_main.c
patching file drivers/net/ethernet/realtek/r8169_phy_config.c

Applying /mnt/build_wrt/package/kernel/bpf-headers/../../../target/linux/generic/backport-6.12/780-24-v6.14-r8169-add-support-for-RTL8125D-rev.b.patch using plaintext: 
patching file drivers/net/ethernet/realtek/r8169.h
patching file drivers/net/ethernet/realtek/r8169_main.c
patching file drivers/net/ethernet/realtek/r8169_phy_config.c

Applying /mnt/build_wrt/package/kernel/bpf-headers/../../../target/linux/generic/backport-6.12/780-25-v6.14-r8169-add-support-for-RTL8125BP-rev.b.patch using plaintext: 
patching file drivers/net/ethernet/realtek/r8169.h
patching file drivers/net/ethernet/realtek/r8169_main.c
patching file drivers/net/ethernet/realtek/r8169_phy_config.c

Applying /mnt/build_wrt/package/kernel/bpf-headers/../../../target/linux/generic/backport-6.12/780-26-v6.15-r8169-make-Kconfig-option-for-LED-support-user-visib.patch using plaintext: 
patching file drivers/net/ethernet/realtek/Kconfig

Applying /mnt/build_wrt/package/kernel/bpf-headers/../../../target/linux/generic/backport-6.12/780-28-v6.15-r8169-add-support-for-Intel-Killer-E5000.patch using plaintext: 
patching file drivers/net/ethernet/realtek/r8169_main.c

Applying /mnt/build_wrt/package/kernel/bpf-headers/../../../target/linux/generic/backport-6.12/780-29-v6.15-r8169-add-PHY-c45-ops-for-MDIO_MMD_VENDOR2-registers.patch using plaintext: 
patching file drivers/net/ethernet/realtek/r8169_main.c

Applying /mnt/build_wrt/package/kernel/bpf-headers/../../../target/linux/generic/backport-6.12/780-30-v6.15-r8169-increase-max-jumbo-packet-size-on-RTL8125-RTL8.patch using plaintext: 
patching file drivers/net/ethernet/realtek/r8169_main.c

Applying /mnt/build_wrt/package/kernel/bpf-headers/../../../target/linux/generic/backport-6.12/780-31-v6.15-r8169-switch-away-from-deprecated-pcim_iomap_table.patch using plaintext: 
patching file drivers/net/ethernet/realtek/r8169_main.c

Applying /mnt/build_wrt/package/kernel/bpf-headers/../../../target/linux/generic/backport-6.12/780-32-v6.15-r8169-enable-RTL8168H-RTL8168EP-RTL8168FP-ASPM-suppo.patch using plaintext: 
patching file drivers/net/ethernet/realtek/r8169_main.c

Applying /mnt/build_wrt/package/kernel/bpf-headers/../../../target/linux/generic/backport-6.12/780-34-v6.16-r8169-add-helper-rtl_csi_mod-for-accessing-extended.patch using plaintext: 
patching file drivers/net/ethernet/realtek/r8169_main.c

Applying /mnt/build_wrt/package/kernel/bpf-headers/../../../target/linux/generic/backport-6.12/780-35-v6.16-r8169-add-helper-rtl8125_phy_param.patch using plaintext: 
patching file drivers/net/ethernet/realtek/r8169_phy_config.c

Applying /mnt/build_wrt/package/kernel/bpf-headers/../../../target/linux/generic/backport-6.12/780-36-v6.16-r8169-refactor-chip-version-detection.patch using plaintext: 
patching file drivers/net/ethernet/realtek/r8169_main.c

Applying /mnt/build_wrt/package/kernel/bpf-headers/../../../target/linux/generic/backport-6.12/780-37-v6.16-r8169-add-RTL_GIGA_MAC_VER_LAST-to-facilitate-adding.patch using plaintext: 
patching file drivers/net/ethernet/realtek/r8169.h
patching file drivers/net/ethernet/realtek/r8169_main.c

Applying /mnt/build_wrt/package/kernel/bpf-headers/../../../target/linux/generic/backport-6.12/780-38-v6.16-r8169-use-pci_prepare_to_sleep-in-rtl_shutdown.patch using plaintext: 
patching file drivers/net/ethernet/realtek/r8169_main.c

Applying /mnt/build_wrt/package/kernel/bpf-headers/../../../target/linux/generic/backport-6.12/780-39-v6.16-r8169-merge-chip-versions-70-and-71-RTL8126A.patch using plaintext: 
patching file drivers/net/ethernet/realtek/r8169.h
patching file drivers/net/ethernet/realtek/r8169_main.c
patching file drivers/net/ethernet/realtek/r8169_phy_config.c

Applying /mnt/build_wrt/package/kernel/bpf-headers/../../../target/linux/generic/backport-6.12/780-40-v6.16-r8169-merge-chip-versions-64-and-65-RTL8125D.patch using plaintext: 
patching file drivers/net/ethernet/realtek/r8169.h
patching file drivers/net/ethernet/realtek/r8169_main.c
patching file drivers/net/ethernet/realtek/r8169_phy_config.c

Applying /mnt/build_wrt/package/kernel/bpf-headers/../../../target/linux/generic/backport-6.12/780-41-v6.16-r8169-merge-chip-versions-52-and-53-RTL8117.patch using plaintext: 
patching file drivers/net/ethernet/realtek/r8169.h
patching file drivers/net/ethernet/realtek/r8169_main.c
patching file drivers/net/ethernet/realtek/r8169_phy_config.c

Applying /mnt/build_wrt/package/kernel/bpf-headers/../../../target/linux/generic/backport-6.12/780-42-v6.16-r8169-add-support-for-RTL8127A.patch using plaintext: 
patching file drivers/net/ethernet/realtek/r8169.h
patching file drivers/net/ethernet/realtek/r8169_main.c
patching file drivers/net/ethernet/realtek/r8169_phy_config.c

Applying /mnt/build_wrt/package/kernel/bpf-headers/../../../target/linux/generic/backport-6.12/780-v7.1-net-dsa-mxl862xx-implement-.get_stats64.patch using plaintext: 
patching file drivers/net/dsa/mxl862xx/mxl862xx-host.c
patching file drivers/net/dsa/mxl862xx/mxl862xx.c
patching file drivers/net/dsa/mxl862xx/mxl862xx.h

Applying /mnt/build_wrt/package/kernel/bpf-headers/../../../target/linux/generic/backport-6.12/781-01-v6.13-net-phy-realtek-read-duplex-and-gbit-master-from-PHY.patch using plaintext: 
patching file drivers/net/phy/realtek.c

Applying /mnt/build_wrt/package/kernel/bpf-headers/../../../target/linux/generic/backport-6.12/781-02-v6.13-net-phy-realtek-change-order-of-calls-in-C22-read_st.patch using plaintext: 
patching file drivers/net/phy/realtek.c

Applying /mnt/build_wrt/package/kernel/bpf-headers/../../../target/linux/generic/backport-6.12/781-03-v6.13-net-phy-realtek-clear-1000Base-T-link-partner-advert.patch using plaintext: 
patching file drivers/net/phy/realtek.c

Applying /mnt/build_wrt/package/kernel/bpf-headers/../../../target/linux/generic/backport-6.12/781-06-v6.14-net-phy-realtek-add-support-for-reading-MDIO_MMD_VEN.patch using plaintext: 
patching file drivers/net/phy/realtek.c

Applying /mnt/build_wrt/package/kernel/bpf-headers/../../../target/linux/generic/backport-6.12/781-07-v6.14-net-phy-realtek-clear-1000Base-T-lpa-if-link-is-down.patch using plaintext: 
patching file drivers/net/phy/realtek.c

Applying /mnt/build_wrt/package/kernel/bpf-headers/../../../target/linux/generic/backport-6.12/781-08-v6.14-net-phy-realtek-clear-master_slave_state-if-link-is-.patch using plaintext: 
patching file drivers/net/phy/realtek.c

Applying /mnt/build_wrt/package/kernel/bpf-headers/../../../target/linux/generic/backport-6.12/781-09-v6.14-net-phy-realtek-always-clear-NBase-T-lpa.patch using plaintext: 
patching file drivers/net/phy/realtek.c

Applying /mnt/build_wrt/package/kernel/bpf-headers/../../../target/linux/generic/backport-6.12/781-10-v6.14-net-phy-move-realtek-PHY-driver-to-its-own-subdirect.patch using plaintext: 
patching file drivers/net/phy/Kconfig
patching file drivers/net/phy/Makefile
patching file drivers/net/phy/realtek/Kconfig
patching file drivers/net/phy/realtek/Makefile
patching file drivers/net/phy/realtek.c
patching file drivers/net/phy/realtek/realtek_main.c

Applying /mnt/build_wrt/package/kernel/bpf-headers/../../../target/linux/generic/backport-6.12/781-11-v6.14-net-phy-realtek-add-hwmon-support-for-temp-sensor-on.patch using plaintext: 
patching file drivers/net/phy/realtek/Kconfig
patching file drivers/net/phy/realtek/Makefile
patching file drivers/net/phy/realtek/realtek.h
patching file drivers/net/phy/realtek/realtek_hwmon.c
patching file drivers/net/phy/realtek/realtek_main.c

Applying /mnt/build_wrt/package/kernel/bpf-headers/../../../target/linux/generic/backport-6.12/781-12-v6.14-net-phy-realtek-HWMON-support-for-standalone-version.patch using plaintext: 
patching file drivers/net/phy/realtek/realtek_main.c

Applying /mnt/build_wrt/package/kernel/bpf-headers/../../../target/linux/generic/backport-6.12/781-13-v6.15-net-phy-realtek-make-HWMON-support-a-user-visible-Kc.patch using plaintext: 
patching file drivers/net/phy/realtek/Kconfig

Applying /mnt/build_wrt/package/kernel/bpf-headers/../../../target/linux/generic/backport-6.12/781-14-v6.15-net-phy-realtek-use-string-choices-helpers.patch using plaintext: 
patching file drivers/net/phy/realtek/realtek_main.c

Applying /mnt/build_wrt/package/kernel/bpf-headers/../../../target/linux/generic/backport-6.12/781-15-v6.15-net-phy-realtek-improve-mmd-register-access-for-inte.patch using plaintext: 
patching file drivers/net/phy/realtek/realtek_main.c

Applying /mnt/build_wrt/package/kernel/bpf-headers/../../../target/linux/generic/backport-6.12/781-16-v6.15-net-phy-realtek-switch-from-paged-to-MMD-ops-in-rtl8.patch using plaintext: 
patching file drivers/net/phy/realtek/realtek_main.c

Applying /mnt/build_wrt/package/kernel/bpf-headers/../../../target/linux/generic/backport-6.12/781-17-v6.15-net-phy-realtek-add-helper-RTL822X_VND2_C22_REG.patch using plaintext: 
patching file drivers/net/phy/realtek/realtek_main.c

Applying /mnt/build_wrt/package/kernel/bpf-headers/../../../target/linux/generic/backport-6.12/781-18-v6.15-net-phy-realtek-add-defines-for-shadowed-c45-standar.patch using plaintext: 
patching file drivers/net/phy/realtek/realtek_main.c

Applying /mnt/build_wrt/package/kernel/bpf-headers/../../../target/linux/generic/backport-6.12/781-19-v6.15-net-phy-realtek-disable-PHY-mode-EEE.patch using plaintext: 
patching file drivers/net/phy/realtek/realtek_main.c

Applying /mnt/build_wrt/package/kernel/bpf-headers/../../../target/linux/generic/backport-6.12/781-20-v6.16-net-phy-realtek-Add-support-for-WOL-magic-packet-on.patch using plaintext: 
patching file drivers/net/phy/realtek/realtek_main.c

Applying /mnt/build_wrt/package/kernel/bpf-headers/../../../target/linux/generic/backport-6.12/781-21-v6.16-net-phy-realtek-remove-unsed-RTL821x_PHYSR-macros.patch using plaintext: 
patching file drivers/net/phy/realtek/realtek_main.c

Applying /mnt/build_wrt/package/kernel/bpf-headers/../../../target/linux/generic/backport-6.12/781-22-v6.16-net-phy-realtek-Clean-up-RTL821x-ExtPage-access.patch using plaintext: 
patching file drivers/net/phy/realtek/realtek_main.c

Applying /mnt/build_wrt/package/kernel/bpf-headers/../../../target/linux/generic/backport-6.12/781-23-v6.16-net-phy-realtek-add-RTL8211F-register-defines.patch using plaintext: 
patching file drivers/net/phy/realtek/realtek_main.c

Applying /mnt/build_wrt/package/kernel/bpf-headers/../../../target/linux/generic/backport-6.12/781-24-v6.16-net-phy-realtek-Group-RTL82-macro-definitions.patch using plaintext: 
patching file drivers/net/phy/realtek/realtek_main.c

Applying /mnt/build_wrt/package/kernel/bpf-headers/../../../target/linux/generic/backport-6.12/781-25-v6.16-net-phy-realtek-use-__set_bit-in-rtl8211f_led_hw_con.patch using plaintext: 
patching file drivers/net/phy/realtek/realtek_main.c

Applying /mnt/build_wrt/package/kernel/bpf-headers/../../../target/linux/generic/backport-6.12/781-26-v6.16-net-phy-realtek-Add-support-for-PHY-LEDs-on-RTL8211E.patch using plaintext: 
patching file drivers/net/phy/realtek/realtek_main.c

Applying /mnt/build_wrt/package/kernel/bpf-headers/../../../target/linux/generic/backport-6.12/781-27-v6.16-net-phy-realtek-add-RTL8127-internal-PHY.patch using plaintext: 
patching file drivers/net/phy/realtek/realtek_main.c

Applying /mnt/build_wrt/package/kernel/bpf-headers/../../../target/linux/generic/backport-6.12/781-28-v6.18-net-phy-realtek-convert-RTL8226-CG-to-c45-only.patch using plaintext: 
patching file drivers/net/phy/realtek/realtek_main.c

Applying /mnt/build_wrt/package/kernel/bpf-headers/../../../target/linux/generic/backport-6.12/781-29-v6.18-net-phy-realtek-enable-serdes-option-mode-for-RTL8226-CG.patch using plaintext: 
patching file drivers/net/phy/realtek/realtek_main.c

Applying /mnt/build_wrt/package/kernel/bpf-headers/../../../target/linux/generic/backport-6.12/782-01-v6.16-net-phy-pass-PHY-driver-to-.match_phy_device-OP.patch using plaintext: 
patching file drivers/net/phy/bcm87xx.c
patching file drivers/net/phy/icplus.c
patching file drivers/net/phy/marvell10g.c
patching file drivers/net/phy/micrel.c
patching file drivers/net/phy/nxp-c45-tja11xx.c
patching file drivers/net/phy/nxp-tja11xx.c
patching file drivers/net/phy/phy_device.c
patching file drivers/net/phy/realtek/realtek_main.c
patching file drivers/net/phy/teranetics.c
patching file include/linux/phy.h
patching file rust/kernel/net/phy.rs

Applying /mnt/build_wrt/package/kernel/bpf-headers/../../../target/linux/generic/backport-6.12/782-04-v6.16-net-phy-introduce-genphy_match_phy_device.patch using plaintext: 
patching file drivers/net/phy/phy_device.c
patching file include/linux/phy.h

Applying /mnt/build_wrt/package/kernel/bpf-headers/../../../target/linux/generic/backport-6.12/782-05-v6.16-net-phy-Add-support-for-Aeonsemi-AS21xxx-PHYs.patch using plaintext: 
patching file MAINTAINERS
patching file drivers/net/phy/Kconfig
patching file drivers/net/phy/Makefile
patching file drivers/net/phy/as21xxx.c

Applying /mnt/build_wrt/package/kernel/bpf-headers/../../../target/linux/generic/backport-6.12/783-01-v6.18-net-dsa-Move-KS8995-to-the-DSA-subsystem.patch using plaintext: 
patching file drivers/net/dsa/Kconfig
patching file drivers/net/dsa/Makefile
patching file drivers/net/phy/Kconfig
patching file drivers/net/phy/Makefile
patching file drivers/net/dsa/ks8995.c
patching file drivers/net/phy/spi_ks8995.c

Applying /mnt/build_wrt/package/kernel/bpf-headers/../../../target/linux/generic/backport-6.12/783-02-v6.18-net-dsa-ks8995-Add-proper-RESET-delay.patch using plaintext: 
patching file drivers/net/dsa/ks8995.c

Applying /mnt/build_wrt/package/kernel/bpf-headers/../../../target/linux/generic/backport-6.12/783-03-v6.18-net-dsa-ks8995-Delete-sysfs-register-access.patch using plaintext: 
patching file drivers/net/dsa/ks8995.c

Applying /mnt/build_wrt/package/kernel/bpf-headers/../../../target/linux/generic/backport-6.12/783-04-v6.18-net-dsa-ks8995-Add-basic-switch-set-up.patch using plaintext: 
patching file drivers/net/dsa/Kconfig
patching file drivers/net/dsa/ks8995.c

Applying /mnt/build_wrt/package/kernel/bpf-headers/../../../target/linux/generic/backport-6.12/784-01-v6.17-net-phy-realtek-add-error-handling-to-rtl8211f_get_w.patch using plaintext: 
patching file drivers/net/phy/realtek/realtek_main.c

Applying /mnt/build_wrt/package/kernel/bpf-headers/../../../target/linux/generic/backport-6.12/784-02-v6.18-net-phy-realtek-Avoid-PHYCR2-access-if-PHYCR2-not-pr.patch using plaintext: 
patching file drivers/net/phy/realtek/realtek_main.c

Applying /mnt/build_wrt/package/kernel/bpf-headers/../../../target/linux/generic/backport-6.12/784-02-v6.18-net-phy-realtek-fix-RTL8211F-wake-on-lan-support.patch using plaintext: 
patching file drivers/net/phy/realtek/realtek_main.c

Applying /mnt/build_wrt/package/kernel/bpf-headers/../../../target/linux/generic/backport-6.12/784-03-v6.18-net-phy-realtek-fix-rtl8221b-vm-cg-name.patch using plaintext: 
patching file drivers/net/phy/realtek/realtek_main.c

Applying /mnt/build_wrt/package/kernel/bpf-headers/../../../target/linux/generic/backport-6.12/784-03-v6.18-net-phy-realtek-support-for-TRIGGER_NETDEV_LINK-on-R.patch using plaintext: 
patching file drivers/net/phy/realtek/realtek_main.c

Applying /mnt/build_wrt/package/kernel/bpf-headers/../../../target/linux/generic/backport-6.12/784-06-v6.19-net-phy-realtek-Add-RTL8224-cable-testing-support.patch using plaintext: 
patching file drivers/net/phy/realtek/realtek_main.c

Applying /mnt/build_wrt/package/kernel/bpf-headers/../../../target/linux/generic/backport-6.12/784-07-v6.19-net-phy-realtek-add-interrupt-support-for-RTL8221B.patch using plaintext: 
patching file drivers/net/phy/realtek/realtek_main.c

Applying /mnt/build_wrt/package/kernel/bpf-headers/../../../target/linux/generic/backport-6.12/784-08-v6.19-net-phy-realtek-create-rtl8211f_config_rgmii_delay.patch using plaintext: 
patching file drivers/net/phy/realtek/realtek_main.c

Applying /mnt/build_wrt/package/kernel/bpf-headers/../../../target/linux/generic/backport-6.12/784-09-v6.19-net-phy-realtek-eliminate-priv-phycr2-variable.patch using plaintext: 
patching file drivers/net/phy/realtek/realtek_main.c

Applying /mnt/build_wrt/package/kernel/bpf-headers/../../../target/linux/generic/backport-6.12/784-10-v6.19-net-phy-realtek-eliminate-has_phycr2-variable.patch using plaintext: 
patching file drivers/net/phy/realtek/realtek_main.c

Applying /mnt/build_wrt/package/kernel/bpf-headers/../../../target/linux/generic/backport-6.12/784-11-v6.19-net-phy-realtek-allow-CLKOUT-to-be-disabled-on-RTL82.patch using plaintext: 
patching file drivers/net/phy/realtek/realtek_main.c

Applying /mnt/build_wrt/package/kernel/bpf-headers/../../../target/linux/generic/backport-6.12/784-12-v6.19-net-phy-realtek-eliminate-priv-phycr1-variable.patch using plaintext: 
patching file drivers/net/phy/realtek/realtek_main.c

Applying /mnt/build_wrt/package/kernel/bpf-headers/../../../target/linux/generic/backport-6.12/784-13-v6.19-net-phy-realtek-create-rtl8211f_config_phy_eee-helpe.patch using plaintext: 
patching file drivers/net/phy/realtek/realtek_main.c

Applying /mnt/build_wrt/package/kernel/bpf-headers/../../../target/linux/generic/backport-6.12/785-v6.18-r8169-fix-RTL8127-hang-on-suspend-shutdown.patch using plaintext: 
patching file drivers/net/ethernet/realtek/r8169_main.c

Applying /mnt/build_wrt/package/kernel/bpf-headers/../../../target/linux/generic/backport-6.12/786-01-v6.18-net-phy-introduce-phy_id_compare_vendor-PHY-ID-helpe.patch using plaintext: 
patching file include/linux/phy.h

Applying /mnt/build_wrt/package/kernel/bpf-headers/../../../target/linux/generic/backport-6.12/786-02-v6.18-net-phy-as21xxx-better-handle-PHY-HW-reset-on-soft-r.patch using plaintext: 
patching file drivers/net/phy/as21xxx.c

Applying /mnt/build_wrt/package/kernel/bpf-headers/../../../target/linux/generic/backport-6.12/787-v6.19-net-phy-RTL8211FVD-Restore-disabling-of-PHY-mode-EEE.patch using plaintext: 
patching file drivers/net/phy/realtek/realtek_main.c

Applying /mnt/build_wrt/package/kernel/bpf-headers/../../../target/linux/generic/backport-6.12/788-v7.0-net-phy-realtek-fix-whitespace-in-struct-phy_driver-.patch using plaintext: 
patching file drivers/net/phy/realtek/realtek_main.c

Applying /mnt/build_wrt/package/kernel/bpf-headers/../../../target/linux/generic/backport-6.12/789-v7.0-net-phy-realtek-implement-configuring-in-band-an.patch using plaintext: 
patching file drivers/net/phy/realtek/realtek_main.c

Applying /mnt/build_wrt/package/kernel/bpf-headers/../../../target/linux/generic/backport-6.12/790-v7.0-net-phy-realtek-use-paged-access-for-MDIO_MMD_VEND2-.patch using plaintext: 
patching file drivers/net/phy/realtek/realtek_main.c

Applying /mnt/build_wrt/package/kernel/bpf-headers/../../../target/linux/generic/backport-6.12/791-v7.0-net-phy-realtek-get-rid-of-magic-number-in-rtlgen_re.patch using plaintext: 
patching file drivers/net/phy/realtek/realtek_main.c

Applying /mnt/build_wrt/package/kernel/bpf-headers/../../../target/linux/generic/backport-6.12/792-v7.0-net-phy-realtek-add-dummy-PHY-driver-for-RTL8127ATF.patch using plaintext: 
patching file MAINTAINERS
patching file drivers/net/phy/realtek/realtek_main.c
patching file include/net/phy/realtek_phy.h

Applying /mnt/build_wrt/package/kernel/bpf-headers/../../../target/linux/generic/backport-6.12/793-v7.0-net-phy-realtek-fix-in-band-capabilities-for-2.5G-PH.patch using plaintext: 
patching file drivers/net/phy/realtek/realtek_main.c

Applying /mnt/build_wrt/package/kernel/bpf-headers/../../../target/linux/generic/backport-6.12/794-v7.0-net-phy-realtek-support-interrupt-also-for-C22-varia.patch using plaintext: 
patching file drivers/net/phy/realtek/realtek_main.c

Applying /mnt/build_wrt/package/kernel/bpf-headers/../../../target/linux/generic/backport-6.12/795-v7.0-net-phy-realtek-simplify-C22-reg-access-via-MDIO_MMD.patch using plaintext: 
patching file drivers/net/phy/realtek/realtek_main.c

Applying /mnt/build_wrt/package/kernel/bpf-headers/../../../target/linux/generic/backport-6.12/796-v7.0-net-phy-realtek-reunify-C22-and-C45-drivers.patch using plaintext: 
patching file drivers/net/phy/realtek/realtek_main.c

Applying /mnt/build_wrt/package/kernel/bpf-headers/../../../target/linux/generic/backport-6.12/797-v7.0-net-phy-realtek-demystify-PHYSR-register-location.patch using plaintext: 
patching file drivers/net/phy/realtek/realtek_main.c

Applying /mnt/build_wrt/package/kernel/bpf-headers/../../../target/linux/generic/backport-6.12/798-v7.0-net-phy-realtek-simplify-bogus-paged-operations.patch using plaintext: 
patching file drivers/net/phy/realtek/realtek_main.c

Applying /mnt/build_wrt/package/kernel/bpf-headers/../../../target/linux/generic/backport-6.12/799-v7.0-mtd-physmap-core-Prioritize-ofparts-for-OF-probe.patch using plaintext: 
patching file drivers/mtd/maps/physmap-core.c

Applying /mnt/build_wrt/package/kernel/bpf-headers/../../../target/linux/generic/backport-6.12/800-v6.13-hwmon-Add-static-visibility-member-to-struct-hwmon_o.patch using plaintext: 
patching file drivers/hwmon/hwmon.c
patching file include/linux/hwmon.h

Applying /mnt/build_wrt/package/kernel/bpf-headers/../../../target/linux/generic/backport-6.12/801-01-v6.13-dt-bindings-clocks-add-binding-for-gated-fixed-clock.patch using plaintext: 
patching file Documentation/devicetree/bindings/clock/gated-fixed-clock.yaml

Applying /mnt/build_wrt/package/kernel/bpf-headers/../../../target/linux/generic/backport-6.12/801-02-v6.13-clk-clk-gpio-update-documentation-for-gpio-gate-cloc.patch using plaintext: 
patching file drivers/clk/clk-gpio.c

Applying /mnt/build_wrt/package/kernel/bpf-headers/../../../target/linux/generic/backport-6.12/801-03-v6.13-clk-clk-gpio-use-dev_err_probe-for-gpio-get-failure.patch using plaintext: 
patching file drivers/clk/clk-gpio.c

Applying /mnt/build_wrt/package/kernel/bpf-headers/../../../target/linux/generic/backport-6.12/801-04-v6.13-clk-clk-gpio-add-driver-for-gated-fixed-clocks.patch using plaintext: 
patching file drivers/clk/clk-gpio.c

Applying /mnt/build_wrt/package/kernel/bpf-headers/../../../target/linux/generic/backport-6.12/810-v6.14-gpio-regmap-Use-generic-request-free-ops.patch using plaintext: 
patching file drivers/gpio/gpio-regmap.c

Applying /mnt/build_wrt/package/kernel/bpf-headers/../../../target/linux/generic/backport-6.12/813-v6.16-pinctrl-aw9523-fix-can_sleep-flag-for-GPIO-chip.patch using plaintext: 
patching file drivers/pinctrl/pinctrl-aw9523.c

Applying /mnt/build_wrt/package/kernel/bpf-headers/../../../target/linux/generic/backport-6.12/820-v6.15-power-supply-sysfs-remove-duplicate-nul-termination-to-fix-build-with-GCC15.patch using plaintext: 
patching file drivers/power/supply/power_supply_sysfs.c

Applying /mnt/build_wrt/package/kernel/bpf-headers/../../../target/linux/generic/backport-6.12/821-01-v7.0-dt-bindings-gpio-add-gpio-line-mux-controller.patch using plaintext: 
patching file Documentation/devicetree/bindings/gpio/gpio-line-mux.yaml

Applying /mnt/build_wrt/package/kernel/bpf-headers/../../../target/linux/generic/backport-6.12/821-02-v7.0-gpio-add-gpio-line-mux-driver.patch using plaintext: 
patching file MAINTAINERS
patching file drivers/gpio/Kconfig
patching file drivers/gpio/Makefile
patching file drivers/gpio/gpio-line-mux.c

Applying /mnt/build_wrt/package/kernel/bpf-headers/../../../target/linux/generic/backport-6.12/821-03-v7.0-gpio-line-mux-remove-bits-already-handled-by-GPIO-co.patch using plaintext: 
patching file drivers/gpio/gpio-line-mux.c

Applying /mnt/build_wrt/package/kernel/bpf-headers/../../../target/linux/generic/backport-6.12/822-v6.19-ALSA-usb-audio-Convert-to-common-field_-get-prep-hel.patch using plaintext: 
patching file sound/usb/mixer_quirks.c

Applying /mnt/build_wrt/package/kernel/bpf-headers/../../../target/linux/generic/backport-6.12/823-v6.19-clk-at91-Convert-to-common-field_-get-prep-helpers.patch using plaintext: 
patching file drivers/clk/at91/clk-peripheral.c
patching file drivers/clk/at91/pmc.h

Applying /mnt/build_wrt/package/kernel/bpf-headers/../../../target/linux/generic/backport-6.12/824-v6.19-iio-mlx90614-Convert-to-common-field_-get-prep-helpe.patch using plaintext: 
patching file drivers/iio/temperature/mlx90614.c

Applying /mnt/build_wrt/package/kernel/bpf-headers/../../../target/linux/generic/backport-6.12/825-v6.19-pinctrl-ma35-Convert-to-common-field_-get-prep-helpe.patch using plaintext: 
patching file drivers/pinctrl/nuvoton/pinctrl-ma35.c

Applying /mnt/build_wrt/package/kernel/bpf-headers/../../../target/linux/generic/backport-6.12/830-01-v6.15-hwmon-emc2305-Add-OF-support.patch using plaintext: 
patching file drivers/hwmon/emc2305.c

Applying /mnt/build_wrt/package/kernel/bpf-headers/../../../target/linux/generic/backport-6.12/830-02-v6.15-hwmon-emc2305-Use-devm_thermal_of_cooling_device_reg.patch using plaintext: 
patching file drivers/hwmon/emc2305.c

Applying /mnt/build_wrt/package/kernel/bpf-headers/../../../target/linux/generic/backport-6.12/830-03-v6.17-hwmon-emc2305-Add-support-for-PWM-frequency-polarity.patch using plaintext: 
patching file drivers/hwmon/emc2305.c
patching file include/linux/platform_data/emc2305.h

Applying /mnt/build_wrt/package/kernel/bpf-headers/../../../target/linux/generic/backport-6.12/830-04-v6.17-hwmon-emc2305-Configure-PWM-channels-based-on-DT-pro.patch using plaintext: 
patching file drivers/hwmon/emc2305.c

Applying /mnt/build_wrt/package/kernel/bpf-headers/../../../target/linux/generic/backport-6.12/830-05-v6.17-hwmon-emc2305-Enable-PWM-polarity-and-output-configu.patch using plaintext: 
patching file drivers/hwmon/emc2305.c

Applying /mnt/build_wrt/package/kernel/bpf-headers/../../../target/linux/generic/backport-6.12/830-06-v6.19-hwmon-emc2305-fix-double-put-in-emc2305_probe_childs.patch using plaintext: 
patching file drivers/hwmon/emc2305.c

Applying /mnt/build_wrt/package/kernel/bpf-headers/../../../target/linux/generic/backport-6.12/830-07-v6.19-hwmon-emc2305-fix-device-node-refcount-leak-in-error.patch using plaintext: 
patching file drivers/hwmon/emc2305.c

Applying /mnt/build_wrt/package/kernel/bpf-headers/../../../target/linux/generic/backport-6.12/830-08-v7.0-hwmon-emc2305-Simplify-with-scoped-for-each-OF-child.patch using plaintext: 
patching file drivers/hwmon/emc2305.c

Applying /mnt/build_wrt/package/kernel/bpf-headers/../../../target/linux/generic/backport-6.12/830-09-v7.0-hwmon-emc2305-Fix-a-resource-leak-in-emc2305_of_pars.patch using plaintext: 
patching file drivers/hwmon/emc2305.c

Applying /mnt/build_wrt/package/kernel/bpf-headers/../../../target/linux/generic/backport-6.12/831-01-v6.13-regulator-Add-of_regulator_get_optional-for-pure-DT.patch using plaintext: 
patching file drivers/regulator/core.c
patching file drivers/regulator/internal.h
patching file drivers/regulator/of_regulator.c
patching file include/linux/regulator/consumer.h

Applying /mnt/build_wrt/package/kernel/bpf-headers/../../../target/linux/generic/backport-6.12/831-02-v6.13-regulator-Add-devres-version-of-of_regulator_get_optional.patch using plaintext: 
patching file drivers/regulator/devres.c
patching file drivers/regulator/internal.h
patching file drivers/regulator/of_regulator.c
patching file include/linux/regulator/consumer.h

Applying /mnt/build_wrt/package/kernel/bpf-headers/../../../target/linux/generic/backport-6.12/831-03-v6.15-regulator-Add-devm_-of_regulator_get.patch using plaintext: 
patching file drivers/regulator/devres.c
patching file drivers/regulator/of_regulator.c
patching file include/linux/regulator/consumer.h

Applying /mnt/build_wrt/package/kernel/bpf-headers/../../../target/linux/generic/backport-6.12/891-v6.14-dt-bindings-leds-Add-LED1202-LED-Controller.patch using plaintext: 
patching file Documentation/devicetree/bindings/leds/st,led1202.yaml

Applying /mnt/build_wrt/package/kernel/bpf-headers/../../../target/linux/generic/backport-6.12/892-v6.14-leds-Add-LED1202-I2C-driver.patch using plaintext: 
patching file drivers/leds/Kconfig
patching file drivers/leds/Makefile
patching file drivers/leds/leds-st1202.c

Applying /mnt/build_wrt/package/kernel/bpf-headers/../../../target/linux/generic/backport-6.12/893-v6.14-leds_st1202-Fix-NULL-pointer-access-error.patch using plaintext: 
patching file drivers/leds/leds-st1202.c

Applying /mnt/build_wrt/package/kernel/bpf-headers/../../../target/linux/generic/backport-6.12/900-v6.14-driver-core-add-a-faux-bus-for-use-when-a-simple-dev.patch using plaintext: 
patching file Documentation/driver-api/infrastructure.rst
patching file drivers/base/Makefile
patching file drivers/base/base.h
patching file drivers/base/faux.c
patching file drivers/base/init.c
patching file include/linux/device/faux.h

Applying /mnt/build_wrt/package/kernel/bpf-headers/../../../target/linux/generic/backport-6.12/901-v6.14-PCI-dwc-Add-dw_pcie_suspend_noirq-dw_pcie_resume.patch using plaintext: 
patching file drivers/pci/controller/dwc/pcie-designware.h

Applying /mnt/build_wrt/package/kernel/bpf-headers/../../../target/linux/generic/backport-6.12/902-v6.16-genirq-msi-Add-helper-for-creating-MSI-parent-irq-do.patch using plaintext: 
patching file include/linux/msi.h
patching file kernel/irq/msi.c

Applying /mnt/build_wrt/package/kernel/bpf-headers/../../../target/linux/generic/backport-6.12/903-v6.16-irqchip-Make-irq-msi-lib.h-globally-available.patch using plaintext: 
patching file drivers/irqchip/irq-gic-v2m.c
patching file drivers/irqchip/irq-gic-v3-its-msi-parent.c
patching file drivers/irqchip/irq-gic-v3-its.c
patching file drivers/irqchip/irq-gic-v3-mbi.c
patching file drivers/irqchip/irq-imx-mu-msi.c
patching file drivers/irqchip/irq-loongarch-avec.c
patching file drivers/irqchip/irq-loongson-pch-msi.c
patching file drivers/irqchip/irq-msi-lib.c
patching file drivers/irqchip/irq-mvebu-gicp.c
patching file drivers/irqchip/irq-mvebu-icu.c
patching file drivers/irqchip/irq-mvebu-odmi.c
patching file drivers/irqchip/irq-mvebu-sei.c
patching file drivers/irqchip/irq-msi-lib.h
patching file include/linux/irqchip/irq-msi-lib.h

Applying /mnt/build_wrt/package/kernel/bpf-headers/../../../target/linux/generic/backport-6.12/904-v6.16-irqchip-irq-msi-lib-Fix-build-with-PCI-disabled.patch using plaintext: 
patching file include/linux/irqchip/irq-msi-lib.h

Applying /mnt/build_wrt/package/kernel/bpf-headers/../../../target/linux/generic/backport-6.12/905-v6.17-PCI-dwc-Export-DWC-MSI-controller-related-APIs.patch using plaintext: 
patching file drivers/pci/controller/dwc/pcie-designware-host.c
patching file drivers/pci/controller/dwc/pcie-designware.h

Applying /mnt/build_wrt/package/kernel/bpf-headers/../../../target/linux/generic/backport-6.12/906-v6.17-PCI-dwc-Switch-to-msi_create_parent_irq_domain.patch using plaintext: 
patching file drivers/pci/controller/dwc/Kconfig
patching file drivers/pci/controller/dwc/pcie-designware-host.c
patching file drivers/pci/controller/dwc/pcie-designware.h

Applying /mnt/build_wrt/package/kernel/bpf-headers/../../../target/linux/generic/backport-6.12/907-v6.19-genirq-Change-hwirq-parameter-to-irq_hw_number_t.patch using plaintext: 
patching file include/linux/irqdesc.h
patching file kernel/irq/irqdesc.c

Applying /mnt/build_wrt/package/kernel/bpf-headers/../../../target/linux/generic/backport-6.12/908-1-v7.0-genirq-Add-interrupt-redirection-infrastructure.patch using plaintext: 
patching file include/linux/irq.h
patching file include/linux/irqdesc.h
patching file kernel/irq/chip.c
patching file kernel/irq/irqdesc.c
patching file kernel/irq/manage.c

Applying /mnt/build_wrt/package/kernel/bpf-headers/../../../target/linux/generic/backport-6.12/908-2-v7.0-PCI-dwc-Code-cleanup.patch using plaintext: 
patching file drivers/pci/controller/dwc/pcie-designware-host.c
patching file drivers/pci/controller/dwc/pcie-designware.h

Applying /mnt/build_wrt/package/kernel/bpf-headers/../../../target/linux/generic/backport-6.12/908-3-v7.0-PCI-dwc-Enable-MSI-affinity-support.patch using plaintext: 
patching file drivers/pci/controller/dwc/pcie-designware-host.c

Applying /mnt/build_wrt/package/kernel/bpf-headers/../../../target/linux/generic/backport-6.12/909-v7.0-genirq-Update-effective-affinity-for-redirected-inte.patch using plaintext: 
patching file kernel/irq/chip.c

Applying /mnt/build_wrt/package/kernel/bpf-headers/../../../target/linux/generic/backport-6.12/910-v6.19-crypto-testmgr-Add-missing-DES-weak-and-semi-weak-ke.patch using plaintext: 
patching file crypto/testmgr.h

Applying /mnt/build_wrt/package/kernel/bpf-headers/../../../target/linux/generic/backport-6.12/911-v7.0-crypto-testmgr-Add-test-vectors-for-authenc-hmac-sha.patch using plaintext: 
patching file crypto/testmgr.c
patching file crypto/testmgr.h

Applying /mnt/build_wrt/package/kernel/bpf-headers/../../../target/linux/generic/backport-6.12/912-v7.0-crypto-testmgr-Add-test-vectors-for-authenc-hmac-sha.patch using plaintext: 
patching file crypto/testmgr.c
patching file crypto/testmgr.h

Applying /mnt/build_wrt/package/kernel/bpf-headers/../../../target/linux/generic/backport-6.12/913-v7.0-crypto-testmgr-Add-test-vectors-for-authenc-hmac-md5.patch using plaintext: 
patching file crypto/testmgr.c
patching file crypto/testmgr.h

Applying /mnt/build_wrt/package/kernel/bpf-headers/../../../target/linux/generic/backport-6.12/914-v7.0-crypto-testmgr-allow-authenc-sha224-rfc3686-variant-.patch using plaintext: 
patching file crypto/testmgr.c

Applying /mnt/build_wrt/package/kernel/bpf-headers/../../../target/linux/generic/backport-6.12/915-v7.1-crypto-testmgr-Add-test-vectors-for-authenc-hmac-md5.patch using plaintext: 
patching file crypto/testmgr.c
patching file crypto/testmgr.h

Applying /mnt/build_wrt/package/kernel/bpf-headers/../../../target/linux/generic/backport-6.12/916-v7.1-crypto-testmgr-Add-test-vectors-for-authenc-hmac-sha.patch using plaintext: 
patching file crypto/testmgr.c
patching file crypto/testmgr.h

Applying /mnt/build_wrt/package/kernel/bpf-headers/../../../target/linux/generic/backport-6.12/917-v7.1-crypto-testmgr-Add-test-vectors-for-authenc-hmac-sha.patch using plaintext: 
patching file crypto/testmgr.c
patching file crypto/testmgr.h

Applying /mnt/build_wrt/package/kernel/bpf-headers/../../../target/linux/generic/backport-6.12/918-v7.1-crypto-testmgr-Add-test-vectors-for-authenc-hmac-sha.patch using plaintext: 
patching file crypto/testmgr.c
patching file crypto/testmgr.h

Applying /mnt/build_wrt/package/kernel/bpf-headers/../../../target/linux/generic/backport-6.12/919-v7.1-crypto-testmgr-Add-test-vectors-for-authenc-hmac-sha.patch using plaintext: 
patching file crypto/testmgr.c
patching file crypto/testmgr.h

Applying /mnt/build_wrt/package/kernel/bpf-headers/../../../target/linux/generic/backport-6.12/920-v7.1-crypto-testmgr-Add-test-vectors-for-authenc-hmac-sha.patch using plaintext: 
patching file crypto/testmgr.c
patching file crypto/testmgr.h

Applying /mnt/build_wrt/package/kernel/bpf-headers/../../../target/linux/generic/backport-6.12/921-v7.1-crypto-tesmgr-allow-authenc-hmac-sha224-sha384-cbc-a.patch using plaintext: 
patching file crypto/testmgr.c

Applying /mnt/build_wrt/package/kernel/bpf-headers/../../../target/linux/generic/backport-6.12/922-v7.1-crypto-testmgr-Add-test-vectors-for-authenc-hmac-md5.patch using plaintext: 
patching file crypto/testmgr.c
patching file crypto/testmgr.h

Applying /mnt/build_wrt/package/kernel/bpf-headers/../../../target/linux/generic/backport-6.12/923-v7.1-crypto-testmgr-Add-test-vectors-for-authenc-hmac-md5.patch using plaintext: 
patching file crypto/testmgr.c
patching file crypto/testmgr.h

Applying /mnt/build_wrt/package/kernel/bpf-headers/../../../target/linux/generic/backport-6.12/930-v7.1-crypto-safexcel-Group-authenc-ciphersuites.patch using plaintext: 
patching file drivers/crypto/inside-secure/safexcel.c
patching file drivers/crypto/inside-secure/safexcel.h

Applying /mnt/build_wrt/package/kernel/bpf-headers/../../../target/linux/generic/backport-6.12/931-v7.1-crypto-safexcel-Add-support-for-authenc-hmac-md5-sui.patch using plaintext: 
patching file drivers/crypto/inside-secure/safexcel.c
patching file drivers/crypto/inside-secure/safexcel.h
patching file drivers/crypto/inside-secure/safexcel_cipher.c

Applying /mnt/build_wrt/package/kernel/bpf-headers/../../../target/linux/generic/backport-6.12/932-v7.1-crypto-tcrypt-clamp-num_mb-to-avoid-divide-by-zero.patch using plaintext: 
patching file crypto/tcrypt.c

Applying /mnt/build_wrt/package/kernel/bpf-headers/../../../target/linux/generic/backport-6.12/933-v7.1-crypto-tcrypt-stop-ahash-speed-tests-when-setkey-fai.patch using plaintext: 
patching file crypto/tcrypt.c

Applying /mnt/build_wrt/package/kernel/bpf-headers/../../../target/linux/generic/backport-6.12/940-01-v7.1-net-dsa-tag_rtl8_4-update-format-description.patch using plaintext: 
patching file net/dsa/tag_rtl8_4.c

Applying /mnt/build_wrt/package/kernel/bpf-headers/../../../target/linux/generic/backport-6.12/940-02-v7.1-net-dsa-tag_rtl8_4-set-KEEP-flag.patch using plaintext: 
patching file net/dsa/tag_rtl8_4.c

Applying /mnt/build_wrt/package/kernel/bpf-headers/../../../target/linux/generic/backport-6.12/941-v7.2-net-dsa-realtek-rtl8365mb-add-support-for-rtl8367sb.patch using plaintext: 
patching file drivers/net/dsa/realtek/rtl8365mb.c

Applying /mnt/build_wrt/package/kernel/bpf-headers/../../../target/linux/generic/backport-6.12/942-01-v7.2-net-dsa-realtek-rtl8365mb-use-ERR_PTR.patch using plaintext: 
patching file drivers/net/dsa/realtek/rtl8365mb.c

Applying /mnt/build_wrt/package/kernel/bpf-headers/../../../target/linux/generic/backport-6.12/942-02-v7.2-net-dsa-realtek-rtl8365mb-reject-unsupported-topolog.patch using plaintext: 
patching file drivers/net/dsa/realtek/rtl8365mb.c

Applying /mnt/build_wrt/package/kernel/bpf-headers/../../../target/linux/generic/backport-6.12/942-03-v7.2-net-dsa-realtek-rtl8365mb-use-dsa-helpers-for-port-i.patch using plaintext: 
patching file drivers/net/dsa/realtek/rtl8365mb.c

Applying /mnt/build_wrt/package/kernel/bpf-headers/../../../target/linux/generic/backport-6.12/942-04-v7.2-net-dsa-realtek-rtl8365mb-prepare-for-multiple-sourc.patch using plaintext: 
patching file drivers/net/dsa/realtek/Makefile
patching file drivers/net/dsa/realtek/rtl8365mb.c
patching file drivers/net/dsa/realtek/rtl8365mb_main.c

Applying /mnt/build_wrt/package/kernel/bpf-headers/../../../target/linux/generic/backport-6.12/942-05-v7.2-net-dsa-realtek-rtl8365mb-add-table-lookup-interface.patch using plaintext: 
patching file drivers/net/dsa/realtek/Makefile
patching file drivers/net/dsa/realtek/rtl8365mb_table.c
patching file drivers/net/dsa/realtek/rtl8365mb_table.h

Applying /mnt/build_wrt/package/kernel/bpf-headers/../../../target/linux/generic/backport-6.12/942-06-v7.2-net-dsa-realtek-rtl8365mb-add-VLAN-support.patch using plaintext: 
patching file drivers/net/dsa/realtek/Makefile
patching file drivers/net/dsa/realtek/realtek.h
patching file drivers/net/dsa/realtek/rtl8365mb_main.c
patching file drivers/net/dsa/realtek/rtl8365mb_vlan.c
patching file drivers/net/dsa/realtek/rtl8365mb_vlan.h
patching file drivers/net/dsa/realtek/rtl83xx.c

Applying /mnt/build_wrt/package/kernel/bpf-headers/../../../target/linux/generic/backport-6.12/942-07-v7.2-net-dsa-realtek-rtl8365mb-add-FDB-support.patch using plaintext: 
patching file drivers/net/dsa/realtek/Makefile
patching file drivers/net/dsa/realtek/realtek.h
patching file drivers/net/dsa/realtek/rtl8365mb_l2.c
patching file drivers/net/dsa/realtek/rtl8365mb_l2.h
patching file drivers/net/dsa/realtek/rtl8365mb_main.c
patching file drivers/net/dsa/realtek/rtl83xx.c
patching file drivers/net/dsa/realtek/rtl83xx.h

Applying /mnt/build_wrt/package/kernel/bpf-headers/../../../target/linux/generic/backport-6.12/942-08-v7.2-net-dsa-realtek-rtl8365mb-add-port_bridge_-join-leav.patch using plaintext: 
patching file drivers/net/dsa/realtek/realtek.h
patching file drivers/net/dsa/realtek/rtl8365mb_main.c
patching file drivers/net/dsa/realtek/rtl83xx.c
patching file drivers/net/dsa/realtek/rtl83xx.h

Applying /mnt/build_wrt/package/kernel/bpf-headers/../../../target/linux/generic/backport-6.12/942-09-v7.2-net-dsa-realtek-rtl8365mb-add-bridge-port-flags.patch using plaintext: 
patching file drivers/net/dsa/realtek/realtek.h
patching file drivers/net/dsa/realtek/rtl8365mb_main.c
patching file drivers/net/dsa/realtek/rtl83xx.c
patching file drivers/net/dsa/realtek/rtl83xx.h

Applying /mnt/build_wrt/package/kernel/bpf-headers/../../../target/linux/generic/pending-6.12/100-compiler.h-only-include-asm-rwonce.h-for-kernel-code.patch using plaintext: 
patching file include/linux/compiler.h

Applying /mnt/build_wrt/package/kernel/bpf-headers/../../../target/linux/generic/pending-6.12/102-MIPS-only-process-negative-stack-offsets-on-stack-tr.patch using plaintext: 
patching file arch/mips/kernel/process.c

Applying /mnt/build_wrt/package/kernel/bpf-headers/../../../target/linux/generic/pending-6.12/103-kbuild-export-SUBARCH.patch using plaintext: 
patching file Makefile

Applying /mnt/build_wrt/package/kernel/bpf-headers/../../../target/linux/generic/pending-6.12/111-watchdog-max63xx_wdt-Add-support-for-specifying-WDI-.patch using plaintext: 
patching file drivers/watchdog/max63xx_wdt.c

Applying /mnt/build_wrt/package/kernel/bpf-headers/../../../target/linux/generic/pending-6.12/140-jffs2-use-.rename2-and-add-RENAME_WHITEOUT-support.patch using plaintext: 
patching file fs/jffs2/dir.c

Applying /mnt/build_wrt/package/kernel/bpf-headers/../../../target/linux/generic/pending-6.12/141-jffs2-add-RENAME_EXCHANGE-support.patch using plaintext: 
patching file fs/jffs2/dir.c

Applying /mnt/build_wrt/package/kernel/bpf-headers/../../../target/linux/generic/pending-6.12/142-jffs2-add-splice-ops.patch using plaintext: 
patching file fs/jffs2/file.c

Applying /mnt/build_wrt/package/kernel/bpf-headers/../../../target/linux/generic/pending-6.12/150-bridge_allow_receiption_on_disabled_port.patch using plaintext: 
patching file net/bridge/br_input.c

Applying /mnt/build_wrt/package/kernel/bpf-headers/../../../target/linux/generic/pending-6.12/151-net-bridge-do-not-send-arp-replies-if-src-and-target.patch using plaintext: 
patching file net/bridge/br_arp_nd_proxy.c

Applying /mnt/build_wrt/package/kernel/bpf-headers/../../../target/linux/generic/pending-6.12/190-rtc-rs5c372-support_alarms_up_to_1_week.patch using plaintext: 
patching file drivers/rtc/rtc-rs5c372.c

Applying /mnt/build_wrt/package/kernel/bpf-headers/../../../target/linux/generic/pending-6.12/191-rtc-rs5c372-let_the_alarm_to_be_used_as_wakeup_source.patch using plaintext: 
patching file drivers/rtc/rtc-rs5c372.c

Applying /mnt/build_wrt/package/kernel/bpf-headers/../../../target/linux/generic/pending-6.12/200-ARM-9404-1-arm32-fix-boot-hang-with-HAVE_LD_DEAD_COD.patch using plaintext: 
patching file arch/arm/include/asm/vmlinux.lds.h
patching file arch/arm/kernel/vmlinux.lds.S

Applying /mnt/build_wrt/package/kernel/bpf-headers/../../../target/linux/generic/pending-6.12/203-kallsyms_uncompressed.patch using plaintext: 
patching file init/Kconfig
patching file kernel/kallsyms.c
patching file kernel/vmcore_info.c
patching file scripts/kallsyms.c
patching file scripts/link-vmlinux.sh

Applying /mnt/build_wrt/package/kernel/bpf-headers/../../../target/linux/generic/pending-6.12/205-backtrace_module_info.patch using plaintext: 
patching file lib/vsprintf.c

Applying /mnt/build_wrt/package/kernel/bpf-headers/../../../target/linux/generic/pending-6.12/240-remove-unsane-filenames-from-deps_initramfs-list.patch using plaintext: 
patching file usr/Makefile

Applying /mnt/build_wrt/package/kernel/bpf-headers/../../../target/linux/generic/pending-6.12/250-kernel-fork-Increase-minimum-number-of-allowed-threa.patch using plaintext: 
patching file kernel/fork.c

Applying /mnt/build_wrt/package/kernel/bpf-headers/../../../target/linux/generic/pending-6.12/270-platform-mikrotik-build-bits.patch using plaintext: 
patching file drivers/platform/Kconfig
patching file drivers/platform/Makefile

Applying /mnt/build_wrt/package/kernel/bpf-headers/../../../target/linux/generic/pending-6.12/300-mips_expose_boot_raw.patch using plaintext: 
patching file arch/mips/Kconfig

Applying /mnt/build_wrt/package/kernel/bpf-headers/../../../target/linux/generic/pending-6.12/301-MIPS-Add-barriers-between-dcache-icache-flushes.patch using plaintext: 
patching file arch/mips/mm/c-r4k.c

Applying /mnt/build_wrt/package/kernel/bpf-headers/../../../target/linux/generic/pending-6.12/302-mips_no_branch_likely.patch using plaintext: 
patching file arch/mips/Makefile

Applying /mnt/build_wrt/package/kernel/bpf-headers/../../../target/linux/generic/pending-6.12/303-powerpc-85xx-Add-fsl-ifc-to-common-device-ids.patch using plaintext: 
patching file arch/powerpc/platforms/85xx/common.c

Applying /mnt/build_wrt/package/kernel/bpf-headers/../../../target/linux/generic/pending-6.12/308-mips32r2_tune.patch using plaintext: 
patching file arch/mips/Makefile

Applying /mnt/build_wrt/package/kernel/bpf-headers/../../../target/linux/generic/pending-6.12/310-arm_module_unresolved_weak_sym.patch using plaintext: 
patching file arch/arm/kernel/module.c

Applying /mnt/build_wrt/package/kernel/bpf-headers/../../../target/linux/generic/pending-6.12/330-MIPS-kexec-Accept-command-line-parameters-from-users.patch using plaintext: 
patching file arch/mips/kernel/machine_kexec.c
patching file arch/mips/kernel/machine_kexec.h
patching file arch/mips/kernel/relocate_kernel.S

Applying /mnt/build_wrt/package/kernel/bpf-headers/../../../target/linux/generic/pending-6.12/342-powerpc-Enable-kernel-XZ-compression-option-on-PPC_8.patch using plaintext: 
patching file arch/powerpc/Kconfig

Applying /mnt/build_wrt/package/kernel/bpf-headers/../../../target/linux/generic/pending-6.12/350-mips-kernel-fix-detect_memory_region-function.patch using plaintext: 
patching file arch/mips/include/asm/bootinfo.h
patching file arch/mips/kernel/setup.c

Applying /mnt/build_wrt/package/kernel/bpf-headers/../../../target/linux/generic/pending-6.12/400-mtd-mtdsplit-support.patch using plaintext: 
patching file drivers/mtd/Kconfig
patching file drivers/mtd/Makefile
patching file drivers/mtd/mtdpart.c
patching file include/linux/mtd/mtd.h
patching file include/linux/mtd/partitions.h

Applying /mnt/build_wrt/package/kernel/bpf-headers/../../../target/linux/generic/pending-6.12/402-mtd-spi-nor-write-support-for-minor-aligned-partitions.patch using plaintext: 
patching file drivers/mtd/mtdcore.c
patching file drivers/mtd/mtdpart.c
patching file drivers/mtd/spi-nor/Kconfig
patching file drivers/mtd/spi-nor/core.c
patching file include/linux/mtd/mtd.h

Applying /mnt/build_wrt/package/kernel/bpf-headers/../../../target/linux/generic/pending-6.12/417-mtd-spi-nand-macronix-disable-continuous-read-for-MX.patch using plaintext: 
patching file drivers/mtd/nand/spi/macronix.c

Applying /mnt/build_wrt/package/kernel/bpf-headers/../../../target/linux/generic/pending-6.12/420-mtd-redboot_space.patch using plaintext: 
patching file drivers/mtd/parsers/redboot.c

Applying /mnt/build_wrt/package/kernel/bpf-headers/../../../target/linux/generic/pending-6.12/430-mtd-add-myloader-partition-parser.patch using plaintext: 
patching file drivers/mtd/parsers/Kconfig
patching file drivers/mtd/parsers/Makefile
patching file drivers/mtd/parsers/myloader.c

Applying /mnt/build_wrt/package/kernel/bpf-headers/../../../target/linux/generic/pending-6.12/431-mtd-bcm47xxpart-check-for-bad-blocks-when-calculatin.patch using plaintext: 
patching file drivers/mtd/parsers/parser_trx.c

Applying /mnt/build_wrt/package/kernel/bpf-headers/../../../target/linux/generic/pending-6.12/432-mtd-bcm47xxpart-detect-T_Meter-partition.patch using plaintext: 
patching file drivers/mtd/parsers/bcm47xxpart.c

Applying /mnt/build_wrt/package/kernel/bpf-headers/../../../target/linux/generic/pending-6.12/435-mtd-add-routerbootpart-parser-config.patch using plaintext: 
patching file drivers/mtd/parsers/Kconfig
patching file drivers/mtd/parsers/Makefile

Applying /mnt/build_wrt/package/kernel/bpf-headers/../../../target/linux/generic/pending-6.12/450-block-allow-setting-partition-of_node.patch using plaintext: 
patching file block/partitions/check.h
patching file block/partitions/core.c

Applying /mnt/build_wrt/package/kernel/bpf-headers/../../../target/linux/generic/pending-6.12/451-block-partitions-of-assign-Device-Tree-node-to-parti.patch using plaintext: 
patching file block/partitions/of.c

Applying /mnt/build_wrt/package/kernel/bpf-headers/../../../target/linux/generic/pending-6.12/452-partitions-efi-apply-Linux-code-style.patch using plaintext: 
patching file block/partitions/efi.c

Applying /mnt/build_wrt/package/kernel/bpf-headers/../../../target/linux/generic/pending-6.12/453-partitions-efi-allow-assigning-partition-Device-Tree.patch using plaintext: 
patching file block/partitions/efi.c

Applying /mnt/build_wrt/package/kernel/bpf-headers/../../../target/linux/generic/pending-6.12/454-block-add-support-for-notifications.patch using plaintext: 
patching file block/Kconfig
patching file block/Makefile
patching file block/blk-notify.c
patching file include/linux/blkdev.h

Applying /mnt/build_wrt/package/kernel/bpf-headers/../../../target/linux/generic/pending-6.12/455-block-add-new-genhd-flag-GENHD_FL_NVMEM.patch using plaintext: 
patching file include/linux/blkdev.h

Applying /mnt/build_wrt/package/kernel/bpf-headers/../../../target/linux/generic/pending-6.12/456-nvmem-implement-block-NVMEM-provider.patch using plaintext: 
patching file drivers/nvmem/Kconfig
patching file drivers/nvmem/Makefile
patching file drivers/nvmem/block.c

Applying /mnt/build_wrt/package/kernel/bpf-headers/../../../target/linux/generic/pending-6.12/457-mmc-block-set-GENHD_FL_NVMEM.patch using plaintext: 
patching file drivers/mmc/core/block.c

Applying /mnt/build_wrt/package/kernel/bpf-headers/../../../target/linux/generic/pending-6.12/460-mtd-cfi_cmdset_0002-no-erase_suspend.patch using plaintext: 
patching file drivers/mtd/chips/cfi_cmdset_0002.c

Applying /mnt/build_wrt/package/kernel/bpf-headers/../../../target/linux/generic/pending-6.12/461-mtd-cfi_cmdset_0002-add-buffer-write-cmd-timeout.patch using plaintext: 
patching file drivers/mtd/chips/cfi_cmdset_0002.c

Applying /mnt/build_wrt/package/kernel/bpf-headers/../../../target/linux/generic/pending-6.12/476-mtd-spi-nor-add-eon-en25q128.patch using plaintext: 
patching file drivers/mtd/spi-nor/eon.c

Applying /mnt/build_wrt/package/kernel/bpf-headers/../../../target/linux/generic/pending-6.12/477-mtd-spi-nor-add-eon-en25qx128a.patch using plaintext: 
patching file drivers/mtd/spi-nor/eon.c

Applying /mnt/build_wrt/package/kernel/bpf-headers/../../../target/linux/generic/pending-6.12/479-mtd-spi-nor-add-xtx-xt25f128b.patch using plaintext: 
patching file drivers/mtd/spi-nor/Makefile
patching file drivers/mtd/spi-nor/xtx.c
patching file drivers/mtd/spi-nor/core.c
patching file drivers/mtd/spi-nor/core.h

Applying /mnt/build_wrt/package/kernel/bpf-headers/../../../target/linux/generic/pending-6.12/481-mtd-spi-nor-add-support-for-Gigadevice-GD25D05.patch using plaintext: 
patching file drivers/mtd/spi-nor/gigadevice.c

Applying /mnt/build_wrt/package/kernel/bpf-headers/../../../target/linux/generic/pending-6.12/482-mtd-spi-nor-add-gd25q512.patch using plaintext: 
patching file drivers/mtd/spi-nor/gigadevice.c

Applying /mnt/build_wrt/package/kernel/bpf-headers/../../../target/linux/generic/pending-6.12/484-mtd-spi-nor-add-esmt-f25l16pa.patch using plaintext: 
patching file drivers/mtd/spi-nor/esmt.c

Applying /mnt/build_wrt/package/kernel/bpf-headers/../../../target/linux/generic/pending-6.12/485-mtd-spi-nor-add-xmc-xm25qh128c.patch using plaintext: 
patching file drivers/mtd/spi-nor/xmc.c

Applying /mnt/build_wrt/package/kernel/bpf-headers/../../../target/linux/generic/pending-6.12/487-mtd-spinand-Add-support-for-Etron-EM73D044VCx.patch using plaintext: 
patching file drivers/mtd/nand/spi/Makefile
patching file drivers/mtd/nand/spi/core.c
patching file drivers/mtd/nand/spi/etron.c
patching file include/linux/mtd/spinand.h

Applying /mnt/build_wrt/package/kernel/bpf-headers/../../../target/linux/generic/pending-6.12/488-mtd-spi-nor-add-xmc-xm25qh64c.patch using plaintext: 
patching file drivers/mtd/spi-nor/xmc.c

Applying /mnt/build_wrt/package/kernel/bpf-headers/../../../target/linux/generic/pending-6.12/490-ubi-auto-attach-mtd-device-named-ubi-or-data-on-boot.patch using plaintext: 
patching file drivers/mtd/ubi/build.c

Applying /mnt/build_wrt/package/kernel/bpf-headers/../../../target/linux/generic/pending-6.12/491-ubi-auto-create-ubiblock-device-for-rootfs.patch using plaintext: 
patching file drivers/mtd/ubi/block.c

Applying /mnt/build_wrt/package/kernel/bpf-headers/../../../target/linux/generic/pending-6.12/492-try-auto-mounting-ubi0-rootfs-in-init-do_mounts.c.patch using plaintext: 
patching file init/do_mounts.c

Applying /mnt/build_wrt/package/kernel/bpf-headers/../../../target/linux/generic/pending-6.12/493-ubi-set-ROOT_DEV-to-ubiblock-rootfs-if-unset.patch using plaintext: 
patching file drivers/mtd/ubi/block.c

Applying /mnt/build_wrt/package/kernel/bpf-headers/../../../target/linux/generic/pending-6.12/494-mtd-ubi-add-EOF-marker-support.patch using plaintext: 
patching file drivers/mtd/ubi/attach.c
patching file drivers/mtd/ubi/ubi.h

Applying /mnt/build_wrt/package/kernel/bpf-headers/../../../target/linux/generic/pending-6.12/496-dt-bindings-add-bindings-for-mtd-concat-devices.patch using plaintext: 
patching file Documentation/devicetree/bindings/mtd/mtd-concat.txt

Applying /mnt/build_wrt/package/kernel/bpf-headers/../../../target/linux/generic/pending-6.12/497-mtd-mtdconcat-add-dt-driver-for-concat-devices.patch using plaintext: 
patching file drivers/mtd/Kconfig
patching file drivers/mtd/Makefile
patching file drivers/mtd/composite/Kconfig
patching file drivers/mtd/composite/Makefile
patching file drivers/mtd/composite/virt_concat.c

Applying /mnt/build_wrt/package/kernel/bpf-headers/../../../target/linux/generic/pending-6.12/500-fs_cdrom_dependencies.patch using plaintext: 
patching file fs/hfs/Kconfig
patching file fs/hfsplus/Kconfig
patching file fs/isofs/Kconfig
patching file fs/udf/Kconfig

Applying /mnt/build_wrt/package/kernel/bpf-headers/../../../target/linux/generic/pending-6.12/510-block-add-uImage.FIT-subimage-block-driver.patch using plaintext: 
patching file MAINTAINERS
patching file drivers/block/Kconfig
patching file drivers/block/Makefile
patching file drivers/block/fitblk.c
patching file include/uapi/linux/fitblk.h

Applying /mnt/build_wrt/package/kernel/bpf-headers/../../../target/linux/generic/pending-6.12/511-init-bypass-device-lookup-for-dev-fit-rootfs.patch using plaintext: 
patching file init/do_mounts.c

Applying /mnt/build_wrt/package/kernel/bpf-headers/../../../target/linux/generic/pending-6.12/530-jffs2_make_lzma_available.patch using plaintext: 
patching file fs/jffs2/Kconfig
patching file fs/jffs2/Makefile
patching file fs/jffs2/compr.c
patching file fs/jffs2/compr.h
patching file fs/jffs2/compr_lzma.c
patching file fs/jffs2/super.c
patching file include/linux/lzma.h
patching file include/linux/lzma/LzFind.h
patching file include/linux/lzma/LzHash.h
patching file include/linux/lzma/LzmaDec.h
patching file include/linux/lzma/LzmaEnc.h
patching file include/linux/lzma/Types.h
patching file include/uapi/linux/jffs2.h
patching file lib/Kconfig
patching file lib/Makefile
patching file lib/lzma/LzFind.c
patching file lib/lzma/LzmaDec.c
patching file lib/lzma/LzmaEnc.c
patching file lib/lzma/Makefile

Applying /mnt/build_wrt/package/kernel/bpf-headers/../../../target/linux/generic/pending-6.12/532-jffs2_eofdetect.patch using plaintext: 
patching file fs/jffs2/build.c
patching file fs/jffs2/scan.c

Applying /mnt/build_wrt/package/kernel/bpf-headers/../../../target/linux/generic/pending-6.12/600-netfilter_conntrack_flush.patch using plaintext: 
patching file net/netfilter/nf_conntrack_standalone.c

Applying /mnt/build_wrt/package/kernel/bpf-headers/../../../target/linux/generic/pending-6.12/630-packet_socket_type.patch using plaintext: 
patching file include/uapi/linux/if_packet.h
patching file net/packet/af_packet.c
patching file net/packet/internal.h

Applying /mnt/build_wrt/package/kernel/bpf-headers/../../../target/linux/generic/pending-6.12/640-net-bridge-fix-switchdev-host-mdb-entry-updates.patch using plaintext: 
patching file net/bridge/br_switchdev.c

Applying /mnt/build_wrt/package/kernel/bpf-headers/../../../target/linux/generic/pending-6.12/641-net-bridge-switchdev-Don-t-drop-packets-between-port.patch using plaintext: 
patching file net/bridge/br_switchdev.c

Applying /mnt/build_wrt/package/kernel/bpf-headers/../../../target/linux/generic/pending-6.12/655-increase_skb_pad.patch using plaintext: 
patching file include/linux/skbuff.h

Applying /mnt/build_wrt/package/kernel/bpf-headers/../../../target/linux/generic/pending-6.12/666-Add-support-for-MAP-E-FMRs-mesh-mode.patch using plaintext: 
patching file include/net/ip6_tunnel.h
patching file include/uapi/linux/if_tunnel.h
patching file net/ipv6/ip6_tunnel.c

Applying /mnt/build_wrt/package/kernel/bpf-headers/../../../target/linux/generic/pending-6.12/670-ipv6-allow-rejecting-with-source-address-failed-policy.patch using plaintext: 
patching file include/net/netns/ipv6.h
patching file include/uapi/linux/fib_rules.h
patching file include/uapi/linux/rtnetlink.h
patching file net/ipv4/fib_semantics.c
patching file net/ipv4/fib_trie.c
patching file net/ipv4/ipmr.c
patching file net/ipv6/fib6_rules.c
patching file net/ipv6/ip6mr.c
patching file net/ipv6/route.c

Applying /mnt/build_wrt/package/kernel/bpf-headers/../../../target/linux/generic/pending-6.12/671-net-provide-defines-for-_POLICY_FAILED-until-all-cod.patch using plaintext: 
patching file include/uapi/linux/fib_rules.h
patching file include/uapi/linux/icmpv6.h
patching file include/uapi/linux/rtnetlink.h

Applying /mnt/build_wrt/package/kernel/bpf-headers/../../../target/linux/generic/pending-6.12/681-net-remove-NETIF_F_GSO_FRAGLIST-from-NETIF_F_GSO_SOF.patch using plaintext: 
patching file drivers/net/dummy.c
patching file drivers/net/loopback.c
patching file drivers/net/macvlan.c
patching file include/linux/netdev_features.h
patching file net/8021q/vlan.h
patching file net/8021q/vlan_dev.c
patching file net/core/sock.c
patching file net/mac80211/ieee80211_i.h
patching file net/openvswitch/vport-internal_dev.c

Applying /mnt/build_wrt/package/kernel/bpf-headers/../../../target/linux/generic/pending-6.12/683-of_net-add-mac-address-to-of-tree.patch using plaintext: 
patching file net/core/of_net.c

Applying /mnt/build_wrt/package/kernel/bpf-headers/../../../target/linux/generic/pending-6.12/690-net-add-missing-check-for-TCP-fraglist-GRO.patch using plaintext: 
patching file net/ipv4/tcp_offload.c

Applying /mnt/build_wrt/package/kernel/bpf-headers/../../../target/linux/generic/pending-6.12/700-netfilter-nft_flow_offload-handle-netdevice-events-f.patch using plaintext: 
patching file net/netfilter/nf_flow_table_core.c
patching file net/netfilter/nft_flow_offload.c

Applying /mnt/build_wrt/package/kernel/bpf-headers/../../../target/linux/generic/pending-6.12/701-netfilter-nf_tables-ignore-EOPNOTSUPP-on-flowtable-d.patch using plaintext: 
patching file net/netfilter/nf_tables_api.c

Applying /mnt/build_wrt/package/kernel/bpf-headers/../../../target/linux/generic/pending-6.12/702-net-ethernet-mtk_eth_soc-enable-threaded-NAPI.patch using plaintext: 
patching file drivers/net/ethernet/mediatek/mtk_eth_soc.c

Applying /mnt/build_wrt/package/kernel/bpf-headers/../../../target/linux/generic/pending-6.12/703-phy-add-detach-callback-to-struct-phy_driver.patch using plaintext: 
patching file drivers/net/phy/phy_device.c
patching file include/linux/phy.h

Applying /mnt/build_wrt/package/kernel/bpf-headers/../../../target/linux/generic/pending-6.12/705-net-dsa-tag_mtk-add-padding-for-tx-packets.patch using plaintext: 
patching file net/dsa/tag_mtk.c

Applying /mnt/build_wrt/package/kernel/bpf-headers/../../../target/linux/generic/pending-6.12/706-net-phy-populate-host_interfaces-when-attaching-PHY.patch using plaintext: 
patching file drivers/net/phy/phylink.c

Applying /mnt/build_wrt/package/kernel/bpf-headers/../../../target/linux/generic/pending-6.12/710-bridge-add-knob-for-filtering-rx-tx-BPDU-pack.patch using plaintext: 
patching file include/linux/if_bridge.h
patching file net/bridge/br_forward.c
patching file net/bridge/br_input.c
patching file net/bridge/br_sysfs_if.c
patching file net/bridge/br_stp_bpdu.c
patching file include/uapi/linux/if_link.h
patching file net/bridge/br_netlink.c
patching file net/core/rtnetlink.c

Applying /mnt/build_wrt/package/kernel/bpf-headers/../../../target/linux/generic/pending-6.12/711-01-net-dsa-qca8k-implement-lag_fdb_add-del-ops.patch using plaintext: 
patching file drivers/net/dsa/qca/qca8k-8xxx.c
patching file drivers/net/dsa/qca/qca8k-common.c
patching file drivers/net/dsa/qca/qca8k.h

Applying /mnt/build_wrt/package/kernel/bpf-headers/../../../target/linux/generic/pending-6.12/711-02-net-dsa-qca8k-enable-flooding-to-both-CPU-port.patch using plaintext: 
patching file drivers/net/dsa/qca/qca8k-8xxx.c

Applying /mnt/build_wrt/package/kernel/bpf-headers/../../../target/linux/generic/pending-6.12/711-03-net-dsa-qca8k-add-support-for-port_change_master.patch using plaintext: 
patching file drivers/net/dsa/qca/qca8k-8xxx.c

Applying /mnt/build_wrt/package/kernel/bpf-headers/../../../target/linux/generic/pending-6.12/711-04-net-dsa-qca8k-no-program-unicast-host-FDB-entries.patch using plaintext: 
patching file drivers/net/dsa/qca/qca8k-common.c

Applying /mnt/build_wrt/package/kernel/bpf-headers/../../../target/linux/generic/pending-6.12/711-05-net-dsa-qca8k-fall-back-to-ethernet-ports-node-name-.patch using plaintext: 
patching file drivers/net/dsa/qca/qca8k-leds.c

Applying /mnt/build_wrt/package/kernel/bpf-headers/../../../target/linux/generic/pending-6.12/711-06-net-dsa-qca8k-support-PHY-to-PHY-CPU-link.patch using plaintext: 
patching file drivers/net/dsa/qca/qca8k-8xxx.c

Applying /mnt/build_wrt/package/kernel/bpf-headers/../../../target/linux/generic/pending-6.12/711-07-net-dsa-qca8k-use-correct-CPU-port-when-having-multi.patch using plaintext: 
patching file drivers/net/dsa/qca/qca8k-8xxx.c

Applying /mnt/build_wrt/package/kernel/bpf-headers/../../../target/linux/generic/pending-6.12/711-08-net-dsa-qca8k-implement-ds-ops-preferred_default_loc.patch using plaintext: 
patching file drivers/net/dsa/qca/qca8k-8xxx.c

Applying /mnt/build_wrt/package/kernel/bpf-headers/../../../target/linux/generic/pending-6.12/712-net-dsa-qca8k-enable-assisted-learning-on-CPU-port.patch using plaintext: 
patching file drivers/net/dsa/qca/qca8k-8xxx.c

Applying /mnt/build_wrt/package/kernel/bpf-headers/../../../target/linux/generic/pending-6.12/713-net-phy-c45-check-validity-of-10GbE-link-partner.patch using plaintext: 
patching file include/linux/mdio.h

Applying /mnt/build_wrt/package/kernel/bpf-headers/../../../target/linux/generic/pending-6.12/720-01-net-phy-realtek-use-genphy_soft_reset-for-2.5G-PHYs.patch using plaintext: 
patching file drivers/net/phy/realtek/realtek_main.c

Applying /mnt/build_wrt/package/kernel/bpf-headers/../../../target/linux/generic/pending-6.12/720-03-net-phy-realtek-make-sure-paged-read-is-protected-by.patch using plaintext: 
patching file drivers/net/phy/realtek/realtek_main.c

Applying /mnt/build_wrt/package/kernel/bpf-headers/../../../target/linux/generic/pending-6.12/720-04-net-phy-realtek-setup-aldps.patch using plaintext: 
patching file drivers/net/phy/realtek/realtek_main.c

Applying /mnt/build_wrt/package/kernel/bpf-headers/../../../target/linux/generic/pending-6.12/720-05-net-phy-realtek-detect-early-version-of-RTL8221B.patch using plaintext: 
patching file drivers/net/phy/realtek/realtek_main.c

Applying /mnt/build_wrt/package/kernel/bpf-headers/../../../target/linux/generic/pending-6.12/720-06-net-phy-realtek-mark-existing-MMDs-as-present.patch using plaintext: 
patching file drivers/net/phy/realtek/realtek_main.c

Applying /mnt/build_wrt/package/kernel/bpf-headers/../../../target/linux/generic/pending-6.12/720-07-net-phy-realtek-disable-MDIO-broadcast.patch using plaintext: 
patching file drivers/net/phy/realtek/realtek_main.c

Applying /mnt/build_wrt/package/kernel/bpf-headers/../../../target/linux/generic/pending-6.12/720-08-net-phy-realtek-rate-adapter-in-C22-mode.patch using plaintext: 
patching file drivers/net/phy/realtek/realtek_main.c

Applying /mnt/build_wrt/package/kernel/bpf-headers/../../../target/linux/generic/pending-6.12/731-net-permit-ieee80211_ptr-even-with-no-CFG82111-suppo.patch using plaintext: 
patching file include/linux/netdevice.h
patching file net/batman-adv/hard-interface.c
patching file net/wireless/Kconfig

Applying /mnt/build_wrt/package/kernel/bpf-headers/../../../target/linux/generic/pending-6.12/732-00-net-ethernet-mtk_eth_soc-compile-out-netsys-v2-code-.patch using plaintext: 
patching file drivers/net/ethernet/mediatek/mtk_eth_soc.h

Applying /mnt/build_wrt/package/kernel/bpf-headers/../../../target/linux/generic/pending-6.12/732-01-net-ethernet-mtk_eth_soc-work-around-issue-with-send.patch using plaintext: 
patching file drivers/net/ethernet/mediatek/mtk_eth_soc.c
patching file drivers/net/ethernet/mediatek/mtk_eth_soc.h

Applying /mnt/build_wrt/package/kernel/bpf-headers/../../../target/linux/generic/pending-6.12/732-03-net-ethernet-mtk_eth_soc-optimize-dma-ring-address-i.patch using plaintext: 
patching file drivers/net/ethernet/mediatek/mtk_eth_soc.c
patching file drivers/net/ethernet/mediatek/mtk_eth_soc.h

Applying /mnt/build_wrt/package/kernel/bpf-headers/../../../target/linux/generic/pending-6.12/732-04-net-ethernet-mtk_eth_soc-shrink-struct-mtk_tx_buf.patch using plaintext: 
patching file drivers/net/ethernet/mediatek/mtk_eth_soc.c
patching file drivers/net/ethernet/mediatek/mtk_eth_soc.h

Applying /mnt/build_wrt/package/kernel/bpf-headers/../../../target/linux/generic/pending-6.12/732-05-net-ethernet-mtk_eth_soc-add-support-for-sending-fra.patch using plaintext: 
patching file drivers/net/ethernet/mediatek/mtk_eth_soc.c
patching file drivers/net/ethernet/mediatek/mtk_eth_soc.h

Applying /mnt/build_wrt/package/kernel/bpf-headers/../../../target/linux/generic/pending-6.12/733-01-net-ethernet-mtk_eth_soc-use-napi_build_skb.patch using plaintext: 
patching file drivers/net/ethernet/mediatek/mtk_eth_soc.c

Applying /mnt/build_wrt/package/kernel/bpf-headers/../../../target/linux/generic/pending-6.12/734-net-ethernet-mediatek-enlarge-DMA-reserve-buffer.patch using plaintext: 
patching file drivers/net/ethernet/mediatek/mtk_eth_soc.h
patching file drivers/net/ethernet/mediatek/mtk_eth_soc.c

Applying /mnt/build_wrt/package/kernel/bpf-headers/../../../target/linux/generic/pending-6.12/736-03-net-ethernet-mtk_eth_soc-improve-keeping-track-of-of.patch using plaintext: 
patching file drivers/net/ethernet/mediatek/mtk_ppe.c
patching file drivers/net/ethernet/mediatek/mtk_ppe.h

Applying /mnt/build_wrt/package/kernel/bpf-headers/../../../target/linux/generic/pending-6.12/736-04-net-ethernet-mediatek-fix-ppe-flow-accounting-for-L2.patch using plaintext: 
patching file drivers/net/ethernet/mediatek/mtk_ppe.c
patching file drivers/net/ethernet/mediatek/mtk_ppe.h
patching file drivers/net/ethernet/mediatek/mtk_ppe_debugfs.c
patching file drivers/net/ethernet/mediatek/mtk_ppe_offload.c

Applying /mnt/build_wrt/package/kernel/bpf-headers/../../../target/linux/generic/pending-6.12/736-05-net-ethernet-mtk_eth_soc-zero-initialize-PPE-flow-ta.patch using plaintext: 
patching file drivers/net/ethernet/mediatek/mtk_ppe.c

Applying /mnt/build_wrt/package/kernel/bpf-headers/../../../target/linux/generic/pending-6.12/737-net-ethernet-mtk_eth_soc-add-paths-and-SerDes-modes-.patch using plaintext: 
patching file drivers/net/ethernet/mediatek/mtk_eth_path.c
patching file drivers/net/ethernet/mediatek/mtk_eth_soc.c
patching file drivers/net/ethernet/mediatek/mtk_eth_soc.h

Applying /mnt/build_wrt/package/kernel/bpf-headers/../../../target/linux/generic/pending-6.12/738-01-net-ethernet-mtk_eth_soc-reduce-rx-ring-size-for-older.patch using plaintext: 
patching file drivers/net/ethernet/mediatek/mtk_eth_soc.c

Applying /mnt/build_wrt/package/kernel/bpf-headers/../../../target/linux/generic/pending-6.12/738-02-net-ethernet-mtk_eth_soc-do-not-enable-page-pool-sta.patch using plaintext: 
patching file drivers/net/ethernet/mediatek/Kconfig
patching file drivers/net/ethernet/mediatek/mtk_eth_soc.c

Applying /mnt/build_wrt/package/kernel/bpf-headers/../../../target/linux/generic/pending-6.12/739-01-dt-bindings-phy-mediatek-xfi-tphy-add-new-bindings.patch using plaintext: 
patching file Documentation/devicetree/bindings/phy/mediatek,xfi-tphy.yaml

Applying /mnt/build_wrt/package/kernel/bpf-headers/../../../target/linux/generic/pending-6.12/739-03-net-pcs-pcs-mtk-lynxi-add-platform-driver-for-MT7988.patch using plaintext: 
patching file drivers/net/pcs/pcs-mtk-lynxi.c
patching file include/linux/pcs/pcs-mtk-lynxi.h

Applying /mnt/build_wrt/package/kernel/bpf-headers/../../../target/linux/generic/pending-6.12/739-04-dt-bindings-net-pcs-add-bindings-for-MediaTek-USXGMI.patch using plaintext: 
patching file Documentation/devicetree/bindings/net/pcs/mediatek,usxgmii.yaml

Applying /mnt/build_wrt/package/kernel/bpf-headers/../../../target/linux/generic/pending-6.12/739-05-net-pcs-add-driver-for-MediaTek-USXGMII-PCS.patch using plaintext: 
patching file MAINTAINERS
patching file drivers/net/pcs/Kconfig
patching file drivers/net/pcs/Makefile
patching file drivers/net/pcs/pcs-mtk-usxgmii.c
patching file include/linux/pcs/pcs-mtk-usxgmii.h

Applying /mnt/build_wrt/package/kernel/bpf-headers/../../../target/linux/generic/pending-6.12/740-net-phy-motorcomm-Add-missing-include.patch using plaintext: 
patching file drivers/net/phy/motorcomm.c

Applying /mnt/build_wrt/package/kernel/bpf-headers/../../../target/linux/generic/pending-6.12/741-net-phy-broadcom-update-dependency-condition.patch using plaintext: 
patching file drivers/net/phy/Kconfig

Applying /mnt/build_wrt/package/kernel/bpf-headers/../../../target/linux/generic/pending-6.12/750-net-sfp-add-quirk-for-QINIYEK-BJ-SFP-10G-T-copper-SF.patch using plaintext: 
patching file drivers/net/phy/sfp.c

Applying /mnt/build_wrt/package/kernel/bpf-headers/../../../target/linux/generic/pending-6.12/760-01-net-dsa-mxl862xx-store-firmware-version-for-feature-.patch using plaintext: 
patching file drivers/net/dsa/mxl862xx/mxl862xx.c
patching file drivers/net/dsa/mxl862xx/mxl862xx.h

Applying /mnt/build_wrt/package/kernel/bpf-headers/../../../target/linux/generic/pending-6.12/760-02-net-dsa-mxl862xx-move-phylink-stubs-to-mxl862xx-phyl.patch using plaintext: 
patching file drivers/net/dsa/mxl862xx/Makefile
patching file drivers/net/dsa/mxl862xx/mxl862xx-phylink.c
patching file drivers/net/dsa/mxl862xx/mxl862xx-phylink.h
patching file drivers/net/dsa/mxl862xx/mxl862xx.c

Applying /mnt/build_wrt/package/kernel/bpf-headers/../../../target/linux/generic/pending-6.12/760-03-net-dsa-mxl862xx-move-API-macros-to-mxl862xx-host.h.patch using plaintext: 
patching file drivers/net/dsa/mxl862xx/mxl862xx-host.h
patching file drivers/net/dsa/mxl862xx/mxl862xx.c

Applying /mnt/build_wrt/package/kernel/bpf-headers/../../../target/linux/generic/pending-6.12/760-04-net-dsa-mxl862xx-add-support-for-SerDes-ports.patch using plaintext: 
patching file drivers/net/dsa/mxl862xx/mxl862xx-api.h
patching file drivers/net/dsa/mxl862xx/mxl862xx-cmd.h
patching file drivers/net/dsa/mxl862xx/mxl862xx-phylink.c
patching file drivers/net/dsa/mxl862xx/mxl862xx-phylink.h
patching file drivers/net/dsa/mxl862xx/mxl862xx.c
patching file drivers/net/dsa/mxl862xx/mxl862xx.h

Applying /mnt/build_wrt/package/kernel/bpf-headers/../../../target/linux/generic/pending-6.12/760-05-net-dsa-mxl862xx-add-SerDes-ethtool-statistics.patch using plaintext: 
patching file drivers/net/dsa/mxl862xx/mxl862xx-api.h
patching file drivers/net/dsa/mxl862xx/mxl862xx-cmd.h
patching file drivers/net/dsa/mxl862xx/mxl862xx-phylink.c
patching file drivers/net/dsa/mxl862xx/mxl862xx-phylink.h
patching file drivers/net/dsa/mxl862xx/mxl862xx.c

Applying /mnt/build_wrt/package/kernel/bpf-headers/../../../target/linux/generic/pending-6.12/760-06-net-dsa-mxl862xx-trap-link-local-and-multicast-snoop.patch using plaintext: 
patching file drivers/net/dsa/mxl862xx/mxl862xx-api.h
patching file drivers/net/dsa/mxl862xx/mxl862xx-cmd.h
patching file drivers/net/dsa/mxl862xx/mxl862xx.c
patching file drivers/net/dsa/mxl862xx/mxl862xx.h

Applying /mnt/build_wrt/package/kernel/bpf-headers/../../../target/linux/generic/pending-6.12/760-07-net-dsa-mxl862xx-warn-about-old-firmware-default-PCE.patch using plaintext: 
patching file drivers/net/dsa/mxl862xx/mxl862xx.c

Applying /mnt/build_wrt/package/kernel/bpf-headers/../../../target/linux/generic/pending-6.12/760-08-net-dsa-add-802.1Q-VLAN-based-tag-driver-for-MxL862x.patch using plaintext: 
patching file drivers/net/dsa/mxl862xx/Kconfig
patching file drivers/net/dsa/mxl862xx/mxl862xx-api.h
patching file drivers/net/dsa/mxl862xx/mxl862xx-cmd.h
patching file drivers/net/dsa/mxl862xx/mxl862xx.c
patching file drivers/net/dsa/mxl862xx/mxl862xx.h
patching file include/net/dsa.h
patching file net/dsa/Kconfig
patching file net/dsa/Makefile
patching file net/dsa/tag_mxl862xx_8021q.c

Applying /mnt/build_wrt/package/kernel/bpf-headers/../../../target/linux/generic/pending-6.12/760-09-net-dsa-mxl862xx-add-link-aggregation-support.patch using plaintext: 
patching file drivers/net/dsa/mxl862xx/mxl862xx-api.h
patching file drivers/net/dsa/mxl862xx/mxl862xx-cmd.h
patching file drivers/net/dsa/mxl862xx/mxl862xx.c
patching file drivers/net/dsa/mxl862xx/mxl862xx.h

Applying /mnt/build_wrt/package/kernel/bpf-headers/../../../target/linux/generic/pending-6.12/760-10-net-dsa-mxl862xx-add-support-for-mirror-port.patch using plaintext: 
patching file drivers/net/dsa/mxl862xx/mxl862xx-api.h
patching file drivers/net/dsa/mxl862xx/mxl862xx-cmd.h
patching file drivers/net/dsa/mxl862xx/mxl862xx.c
patching file drivers/net/dsa/mxl862xx/mxl862xx.h

Applying /mnt/build_wrt/package/kernel/bpf-headers/../../../target/linux/generic/pending-6.12/760-11-net-dsa-wire-flash_update-devlink-callback-to-driver.patch using plaintext: 
patching file include/net/dsa.h
patching file net/dsa/devlink.c

Applying /mnt/build_wrt/package/kernel/bpf-headers/../../../target/linux/generic/pending-6.12/760-12-net-dsa-mxl862xx-add-SMDIO-clause-22-register-access.patch using plaintext: 
patching file drivers/net/dsa/mxl862xx/mxl862xx-host.c
patching file drivers/net/dsa/mxl862xx/mxl862xx-host.h

Applying /mnt/build_wrt/package/kernel/bpf-headers/../../../target/linux/generic/pending-6.12/760-13-net-dsa-mxl862xx-add-devlink-flash_update-and-info_g.patch using plaintext: 
patching file drivers/net/dsa/mxl862xx/Makefile
patching file drivers/net/dsa/mxl862xx/mxl862xx-cmd.h
patching file drivers/net/dsa/mxl862xx/mxl862xx-fw.c
patching file drivers/net/dsa/mxl862xx/mxl862xx-fw.h
patching file drivers/net/dsa/mxl862xx/mxl862xx-host.c
patching file drivers/net/dsa/mxl862xx/mxl862xx.c
patching file drivers/net/dsa/mxl862xx/mxl862xx.h

Applying /mnt/build_wrt/package/kernel/bpf-headers/../../../target/linux/generic/pending-6.12/760-14-net-dsa-mxl862xx-implement-port-MTU-configuration.patch using plaintext: 
patching file drivers/net/dsa/mxl862xx/mxl862xx.c
patching file drivers/net/dsa/mxl862xx/mxl862xx.h

Applying /mnt/build_wrt/package/kernel/bpf-headers/../../../target/linux/generic/pending-6.12/760-15-net-dsa-mxl862xx-support-BR_HAIRPIN_MODE-bridge-flag.patch using plaintext: 
patching file drivers/net/dsa/mxl862xx/mxl862xx.c
patching file drivers/net/dsa/mxl862xx/mxl862xx.h

Applying /mnt/build_wrt/package/kernel/bpf-headers/../../../target/linux/generic/pending-6.12/760-16-net-dsa-mxl862xx-support-BR_ISOLATED-bridge-flag.patch using plaintext: 
patching file drivers/net/dsa/mxl862xx/mxl862xx.c
patching file drivers/net/dsa/mxl862xx/mxl862xx.h

Applying /mnt/build_wrt/package/kernel/bpf-headers/../../../target/linux/generic/pending-6.12/760-17-DO-NOT-SUBMIT-net-dsa-mxl862xx-re-introduce-PCE-work.patch using plaintext: 
patching file drivers/net/dsa/mxl862xx/mxl862xx-cmd.h
patching file drivers/net/dsa/mxl862xx/mxl862xx.c

Applying /mnt/build_wrt/package/kernel/bpf-headers/../../../target/linux/generic/pending-6.12/760-18-DO-NOT-SUBMIT-net-dsa-mxl862xx-legacy-SFP-API-fallba.patch using plaintext: 
patching file drivers/net/dsa/mxl862xx/mxl862xx-api.h
patching file drivers/net/dsa/mxl862xx/mxl862xx-cmd.h
patching file drivers/net/dsa/mxl862xx/mxl862xx-phylink.c
patching file drivers/net/dsa/mxl862xx/mxl862xx-phylink.h

Applying /mnt/build_wrt/package/kernel/bpf-headers/../../../target/linux/generic/pending-6.12/760-19-DO-NOT-SUBMIT-net-dsa-mxl862xx-increase-CMD-timeout.patch using plaintext: 
patching file drivers/net/dsa/mxl862xx/mxl862xx-host.c

Applying /mnt/build_wrt/package/kernel/bpf-headers/../../../target/linux/generic/pending-6.12/770-01-net-phylink-keep-and-use-MAC-supported_interfaces-in.patch using plaintext: 
patching file drivers/net/phy/phylink.c

Applying /mnt/build_wrt/package/kernel/bpf-headers/../../../target/linux/generic/pending-6.12/770-02-net-phylink-introduce-internal-phylink-PCS-handling.patch using plaintext: 
patching file drivers/net/phy/phylink.c
patching file include/linux/phylink.h

Applying /mnt/build_wrt/package/kernel/bpf-headers/../../../target/linux/generic/pending-6.12/770-03-net-phylink-add-phylink_release_pcs-to-externally-re.patch using plaintext: 
patching file drivers/net/phy/phylink.c
patching file include/linux/phylink.h

Applying /mnt/build_wrt/package/kernel/bpf-headers/../../../target/linux/generic/pending-6.12/770-04-net-pcs-implement-Firmware-node-support-for-PCS-driv.patch using plaintext: 
patching file drivers/net/pcs/Kconfig
patching file drivers/net/pcs/Makefile
patching file drivers/net/pcs/pcs.c
patching file include/linux/pcs/pcs-provider.h
patching file include/linux/pcs/pcs.h

Applying /mnt/build_wrt/package/kernel/bpf-headers/../../../target/linux/generic/pending-6.12/770-05-net-phylink-support-late-PCS-provider-attach.patch using plaintext: 
patching file drivers/net/pcs/pcs.c
patching file drivers/net/phy/phylink.c
patching file include/linux/pcs/pcs.h

Applying /mnt/build_wrt/package/kernel/bpf-headers/../../../target/linux/generic/pending-6.12/770-06-dt-bindings-net-ethernet-controller-permit-to-define.patch using plaintext: 
patching file Documentation/devicetree/bindings/net/ethernet-controller.yaml

Applying /mnt/build_wrt/package/kernel/bpf-headers/../../../target/linux/generic/pending-6.12/770-07-net-phylink-add-.pcs_link_down-PCS-OP.patch using plaintext: 
patching file drivers/net/phy/phylink.c
patching file include/linux/phylink.h

Applying /mnt/build_wrt/package/kernel/bpf-headers/../../../target/linux/generic/pending-6.12/780-ARM-kirkwood-add-missing-linux-if_ether.h-for-ETH_AL.patch using plaintext: 
patching file arch/arm/mach-mvebu/kirkwood.c

Applying /mnt/build_wrt/package/kernel/bpf-headers/../../../target/linux/generic/pending-6.12/790-bus-mhi-core-add-SBL-state-callback.patch using plaintext: 
patching file drivers/bus/mhi/host/main.c
patching file include/linux/mhi.h

Applying /mnt/build_wrt/package/kernel/bpf-headers/../../../target/linux/generic/pending-6.12/791-tg3-Fix-DMA-allocations-on-57766-devices.patch using plaintext: 
patching file drivers/net/ethernet/broadcom/tg3.c

Applying /mnt/build_wrt/package/kernel/bpf-headers/../../../target/linux/generic/pending-6.12/800-bcma-get-SoC-device-struct-copy-its-DMA-params-to-th.patch using plaintext: 
patching file drivers/bcma/host_soc.c
patching file drivers/bcma/main.c

Applying /mnt/build_wrt/package/kernel/bpf-headers/../../../target/linux/generic/pending-6.12/802-OPP-Provide-old-opp-to-config_clks-on-_set_opp.patch using plaintext: 
patching file drivers/devfreq/tegra30-devfreq.c
patching file drivers/opp/core.c
patching file drivers/ufs/core/ufshcd.c
patching file include/linux/pm_opp.h
patching file include/ufs/ufshcd.h

Applying /mnt/build_wrt/package/kernel/bpf-headers/../../../target/linux/generic/pending-6.12/804-nvmem-core-support-mac-base-fixed-layout-cells.patch using plaintext: 
patching file drivers/nvmem/Kconfig
patching file drivers/nvmem/core.c

Applying /mnt/build_wrt/package/kernel/bpf-headers/../../../target/linux/generic/pending-6.12/809-01-nvmem-core-generalize-mac-base-cells-handling.patch using plaintext: 
patching file drivers/nvmem/core.c
patching file drivers/nvmem/layouts.c
patching file include/linux/nvmem-provider.h

Applying /mnt/build_wrt/package/kernel/bpf-headers/../../../target/linux/generic/pending-6.12/809-02-nvmem-layouts-add-support-for-ascii-env-driver.patch using plaintext: 
patching file drivers/nvmem/layouts/Kconfig
patching file drivers/nvmem/layouts/Makefile
patching file drivers/nvmem/layouts/ascii-env.c

Applying /mnt/build_wrt/package/kernel/bpf-headers/../../../target/linux/generic/pending-6.12/809-03-nvmem-layouts-ascii-env-handle-CRLF-while-parsing.patch using plaintext: 
patching file drivers/nvmem/layouts/ascii-env.c

Applying /mnt/build_wrt/package/kernel/bpf-headers/../../../target/linux/generic/pending-6.12/810-pci_disable_common_quirks.patch using plaintext: 
patching file drivers/pci/Kconfig
patching file drivers/pci/quirks.c

Applying /mnt/build_wrt/package/kernel/bpf-headers/../../../target/linux/generic/pending-6.12/811-pci_disable_usb_common_quirks.patch using plaintext: 
patching file drivers/usb/host/pci-quirks.c
patching file drivers/usb/host/pci-quirks.h

Applying /mnt/build_wrt/package/kernel/bpf-headers/../../../target/linux/generic/pending-6.12/812-PCI-sysfs-enforce-single-creation-of-sysfs-entry-for.patch using plaintext: 
patching file drivers/pci/pci-sysfs.c
patching file include/linux/pci.h

Applying /mnt/build_wrt/package/kernel/bpf-headers/../../../target/linux/generic/pending-6.12/834-ledtrig-libata.patch using plaintext: 
patching file drivers/ata/Kconfig
patching file drivers/ata/libata-core.c
patching file include/linux/libata.h

Applying /mnt/build_wrt/package/kernel/bpf-headers/../../../target/linux/generic/pending-6.12/840-hwrng-bcm2835-set-quality-to-1000.patch using plaintext: 
patching file drivers/char/hw_random/bcm2835-rng.c

Applying /mnt/build_wrt/package/kernel/bpf-headers/../../../target/linux/generic/pending-6.12/850-0023-PCI-aardvark-Make-main-irq_chip-structure-a-static-d.patch using plaintext: 
patching file drivers/pci/controller/pci-aardvark.c

Applying /mnt/build_wrt/package/kernel/bpf-headers/../../../target/linux/generic/pending-6.12/890-usb-serial-add-support-for-CH348.patch using plaintext: 
patching file drivers/usb/serial/Kconfig
patching file drivers/usb/serial/Makefile
patching file drivers/usb/serial/ch348.c

Applying /mnt/build_wrt/package/kernel/bpf-headers/../../../target/linux/generic/pending-6.12/900-net-ag71xx-fix-qca9530-and-qca9550-mdio-probe.patch using plaintext: 
patching file drivers/net/ethernet/atheros/ag71xx.c

Applying /mnt/build_wrt/package/kernel/bpf-headers/../../../target/linux/generic/pending-6.12/920-mangle_bootargs.patch using plaintext: 
patching file init/Kconfig
patching file init/main.c

Applying /mnt/build_wrt/package/kernel/bpf-headers/../../../target/linux/generic/hack-6.12/200-tools_portability.patch using plaintext: 
patching file tools/scripts/Makefile.include
patching file tools/include/linux/types.h
patching file tools/objtool/include/objtool/objtool.h
patching file tools/include/asm-generic/bitops/fls.h
patching file tools/lib/string.c
patching file tools/arch/x86/include/asm/insn.h
patching file tools/arch/x86/include/asm/orc_types.h
patching file tools/include/linux/rbtree.h
patching file tools/lib/subcmd/exec-cmd.c
patching file tools/objtool/Makefile
patching file tools/arch/x86/lib/insn.c

Applying /mnt/build_wrt/package/kernel/bpf-headers/../../../target/linux/generic/hack-6.12/204-module_strip.patch using plaintext: 
patching file include/linux/module.h
patching file include/linux/moduleparam.h
patching file kernel/module/Kconfig
patching file kernel/module/main.c
patching file scripts/mod/modpost.c

Applying /mnt/build_wrt/package/kernel/bpf-headers/../../../target/linux/generic/hack-6.12/205-kconfig-abort-configuration-on-unset-symbol.patch using plaintext: 
patching file scripts/kconfig/conf.c

Applying /mnt/build_wrt/package/kernel/bpf-headers/../../../target/linux/generic/hack-6.12/210-darwin_scripts_include.patch using plaintext: 
patching file scripts/mod/elf.h
patching file scripts/mod/mk_elfconfig.c
patching file scripts/mod/modpost.h

Applying /mnt/build_wrt/package/kernel/bpf-headers/../../../target/linux/generic/hack-6.12/211-darwin-uuid-typedef-clash.patch using plaintext: 
patching file scripts/mod/file2alias.c

Applying /mnt/build_wrt/package/kernel/bpf-headers/../../../target/linux/generic/hack-6.12/214-spidev_h_portability.patch using plaintext: 
patching file include/uapi/linux/spi/spidev.h

Applying /mnt/build_wrt/package/kernel/bpf-headers/../../../target/linux/generic/hack-6.12/230-openwrt_lzma_options.patch using plaintext: 
patching file lib/decompress.c
patching file scripts/Makefile.lib

Applying /mnt/build_wrt/package/kernel/bpf-headers/../../../target/linux/generic/hack-6.12/249-udp-tunnel-selection.patch using plaintext: 
patching file net/ipv4/Kconfig

Applying /mnt/build_wrt/package/kernel/bpf-headers/../../../target/linux/generic/hack-6.12/250-netfilter_depends.patch using plaintext: 
patching file net/netfilter/Kconfig

Applying /mnt/build_wrt/package/kernel/bpf-headers/../../../target/linux/generic/hack-6.12/251-kconfig.patch using plaintext: 
patching file crypto/Kconfig
patching file drivers/bcma/Kconfig
patching file drivers/ssb/Kconfig
patching file lib/Kconfig
patching file net/netfilter/Kconfig
patching file sound/core/Kconfig
patching file net/Kconfig

Applying /mnt/build_wrt/package/kernel/bpf-headers/../../../target/linux/generic/hack-6.12/253-ksmbd-config.patch using plaintext: 
patching file init/Kconfig
patching file lib/Kconfig

Applying /mnt/build_wrt/package/kernel/bpf-headers/../../../target/linux/generic/hack-6.12/259-regmap_dynamic.patch using plaintext: 
patching file drivers/base/regmap/Kconfig
patching file drivers/base/regmap/Makefile
patching file drivers/base/regmap/regmap.c
patching file include/linux/regmap.h

Applying /mnt/build_wrt/package/kernel/bpf-headers/../../../target/linux/generic/hack-6.12/260-crypto_test_dependencies.patch using plaintext: 
patching file crypto/Kconfig
patching file crypto/algboss.c

Applying /mnt/build_wrt/package/kernel/bpf-headers/../../../target/linux/generic/hack-6.12/261-lib-arc4-unhide.patch using plaintext: 
patching file lib/crypto/Kconfig

Applying /mnt/build_wrt/package/kernel/bpf-headers/../../../target/linux/generic/hack-6.12/280-rfkill-stubs.patch using plaintext: 
patching file include/linux/rfkill.h
patching file net/Makefile
patching file net/rfkill/Kconfig
patching file net/rfkill/Makefile

Applying /mnt/build_wrt/package/kernel/bpf-headers/../../../target/linux/generic/hack-6.12/300-MIPS-r4k_cache-use-more-efficient-cache-blast.patch using plaintext: 
patching file arch/mips/include/asm/r4kcache.h

Applying /mnt/build_wrt/package/kernel/bpf-headers/../../../target/linux/generic/hack-6.12/301-01-mm-permit-to-declare-custom-execmem-alloc-free-funct.patch using plaintext: 
patching file include/linux/moduleloader.h
patching file mm/execmem.c

Applying /mnt/build_wrt/package/kernel/bpf-headers/../../../target/linux/generic/hack-6.12/301-02-mips-replace-mlong-calls-with-mno-long-calls-if-poss.patch using plaintext: 
patching file arch/mips/Makefile
patching file arch/mips/include/asm/module.h
patching file arch/mips/kernel/module.c

Applying /mnt/build_wrt/package/kernel/bpf-headers/../../../target/linux/generic/hack-6.12/312-arm64-cpuinfo-Add-model-name-in-proc-cpuinfo-for-64bit-ta.patch using plaintext: 
patching file arch/arm64/kernel/cpuinfo.c

Applying /mnt/build_wrt/package/kernel/bpf-headers/../../../target/linux/generic/hack-6.12/400-mtd-spinand-Support-fmsh.patch using plaintext: 
patching file drivers/mtd/nand/spi/fmsh.c

Applying /mnt/build_wrt/package/kernel/bpf-headers/../../../target/linux/generic/hack-6.12/402-mtd-blktrans-call-add-disks-after-mtd-device.patch using plaintext: 
patching file drivers/mtd/mtd_blkdevs.c
patching file drivers/mtd/mtdcore.c
patching file include/linux/mtd/blktrans.h

Applying /mnt/build_wrt/package/kernel/bpf-headers/../../../target/linux/generic/hack-6.12/420-mtd-support-OpenWrt-s-MTD_ROOTFS_ROOT_DEV.patch using plaintext: 
patching file drivers/mtd/mtdcore.c

Applying /mnt/build_wrt/package/kernel/bpf-headers/../../../target/linux/generic/hack-6.12/421-drivers-mtd-parsers-add-nvmem-support-to-cmdlinepart.patch using plaintext: 
patching file drivers/mtd/parsers/cmdlinepart.c

Applying /mnt/build_wrt/package/kernel/bpf-headers/../../../target/linux/generic/hack-6.12/430-mtk-bmt-support.patch using plaintext: 
patching file drivers/mtd/nand/Kconfig
patching file drivers/mtd/nand/Makefile

Applying /mnt/build_wrt/package/kernel/bpf-headers/../../../target/linux/generic/hack-6.12/499-LEGACY-block-partitions-populate-fwnode.patch using plaintext: 
patching file block/partitions/core.c
patching file drivers/mmc/core/bus.c
patching file drivers/mmc/core/block.c

Applying /mnt/build_wrt/package/kernel/bpf-headers/../../../target/linux/generic/hack-6.12/600-net-enable-fraglist-GRO-by-default.patch using plaintext: 
patching file include/linux/netdev_features.h

Applying /mnt/build_wrt/package/kernel/bpf-headers/../../../target/linux/generic/hack-6.12/610-net-page_pool-try-to-free-deferred-skbs-while-waitin.patch using plaintext: 
patching file net/core/page_pool.c

Applying /mnt/build_wrt/package/kernel/bpf-headers/../../../target/linux/generic/hack-6.12/645-netfilter-connmark-introduce-set-dscpmark.patch using plaintext: 
patching file include/uapi/linux/netfilter/xt_connmark.h
patching file net/netfilter/xt_connmark.c

Applying /mnt/build_wrt/package/kernel/bpf-headers/../../../target/linux/generic/hack-6.12/650-netfilter-add-xt_FLOWOFFLOAD-target.patch using plaintext: 
patching file net/netfilter/Kconfig
patching file net/netfilter/Makefile
patching file net/netfilter/xt_FLOWOFFLOAD.c
patching file net/netfilter/nf_flow_table_core.c
patching file include/uapi/linux/netfilter/xt_FLOWOFFLOAD.h
patching file include/net/netfilter/nf_flow_table.h

Applying /mnt/build_wrt/package/kernel/bpf-headers/../../../target/linux/generic/hack-6.12/651-wireless_mesh_header.patch using plaintext: 
patching file include/linux/netdevice.h

Applying /mnt/build_wrt/package/kernel/bpf-headers/../../../target/linux/generic/hack-6.12/660-fq_codel_defaults.patch using plaintext: 
patching file net/sched/sch_fq_codel.c

Applying /mnt/build_wrt/package/kernel/bpf-headers/../../../target/linux/generic/hack-6.12/661-kernel-ct-size-the-hashtable-more-adequately.patch using plaintext: 
patching file net/netfilter/nf_conntrack_core.c

Applying /mnt/build_wrt/package/kernel/bpf-headers/../../../target/linux/generic/hack-6.12/700-swconfig_switch_drivers.patch using plaintext: 
patching file drivers/net/phy/Kconfig
patching file drivers/net/phy/Makefile
patching file include/linux/platform_data/b53.h

Applying /mnt/build_wrt/package/kernel/bpf-headers/../../../target/linux/generic/hack-6.12/710-net-sched-sch_cake-configure-sync_time-via-debugfs.patch using plaintext: 
patching file net/sched/sch_cake.c

Applying /mnt/build_wrt/package/kernel/bpf-headers/../../../target/linux/generic/hack-6.12/711-net-dsa-mv88e6xxx-disable-ATU-violation.patch using plaintext: 
patching file drivers/net/dsa/mv88e6xxx/chip.c

Applying /mnt/build_wrt/package/kernel/bpf-headers/../../../target/linux/generic/hack-6.12/721-net-add-packet-mangeling.patch using plaintext: 
patching file include/linux/netdevice.h
patching file include/linux/skbuff.h
patching file net/Kconfig
patching file net/core/dev.c
patching file net/core/skbuff.c
patching file net/ethernet/eth.c

Applying /mnt/build_wrt/package/kernel/bpf-headers/../../../target/linux/generic/hack-6.12/722-net-phy-aquantia-enable-AQR112-and-AQR412.patch using plaintext: 
patching file drivers/net/phy/aquantia/aquantia_main.c

Applying /mnt/build_wrt/package/kernel/bpf-headers/../../../target/linux/generic/hack-6.12/723-net-phy-aquantia-fix-system-side-protocol-mi.patch using plaintext: 
patching file drivers/net/phy/aquantia/aquantia_main.c

Applying /mnt/build_wrt/package/kernel/bpf-headers/../../../target/linux/generic/hack-6.12/725-net-phy-aquantia-add-PHY_IDs-for-AQR112-variants.patch using plaintext: 
patching file drivers/net/phy/aquantia/aquantia_main.c

Applying /mnt/build_wrt/package/kernel/bpf-headers/../../../target/linux/generic/hack-6.12/730-net-ethernet-mtk_eth_soc-add-hw-dump-for-forced-rese.patch using plaintext: 
patching file drivers/net/ethernet/mediatek/mtk_eth_soc.c
patching file drivers/net/ethernet/mediatek/mtk_eth_soc.h

Applying /mnt/build_wrt/package/kernel/bpf-headers/../../../target/linux/generic/hack-6.12/735-net-phy-realtek-rtl8261n.patch using plaintext: 
patching file drivers/net/phy/Kconfig
patching file drivers/net/phy/Makefile

Applying /mnt/build_wrt/package/kernel/bpf-headers/../../../target/linux/generic/hack-6.12/739-net-ethernet-mtk_eth_soc-fix-offload-with-incompatible-.patch using plaintext: 
patching file drivers/net/ethernet/mediatek/mtk_eth_soc.c

Applying /mnt/build_wrt/package/kernel/bpf-headers/../../../target/linux/generic/hack-6.12/750-net-pcs-mtk-lynxi-workaround-2500BaseX-no-an.patch using plaintext: 
patching file drivers/net/pcs/pcs-mtk-lynxi.c

Applying /mnt/build_wrt/package/kernel/bpf-headers/../../../target/linux/generic/hack-6.12/755-net-phy-motorcomm-yt8821-bus-collision-workaround.patch using plaintext: 
patching file drivers/net/phy/motorcomm.c

Applying /mnt/build_wrt/package/kernel/bpf-headers/../../../target/linux/generic/hack-6.12/760-net-usb-r8152-add-LED-configuration-from-OF.patch using plaintext: 
patching file drivers/net/usb/r8152.c

Applying /mnt/build_wrt/package/kernel/bpf-headers/../../../target/linux/generic/hack-6.12/761-dt-bindings-net-add-RTL8152-binding-documentation.patch using plaintext: 
patching file Documentation/devicetree/bindings/net/realtek,rtl8152.yaml

Applying /mnt/build_wrt/package/kernel/bpf-headers/../../../target/linux/generic/hack-6.12/766-net-phy-mediatek-ge-add-LED-configuration-interface.patch using plaintext: 
patching file drivers/net/phy/mediatek/mtk-ge.c

Applying /mnt/build_wrt/package/kernel/bpf-headers/../../../target/linux/generic/hack-6.12/770-r8169-LED-uses-original-network-port-name.patch using plaintext: 
patching file drivers/net/ethernet/realtek/r8169.h
patching file drivers/net/ethernet/realtek/r8169_leds.c
patching file drivers/net/ethernet/realtek/r8169_main.c

Applying /mnt/build_wrt/package/kernel/bpf-headers/../../../target/linux/generic/hack-6.12/773-bgmac-add-srab-switch.patch using plaintext: 
patching file drivers/net/ethernet/broadcom/bgmac-bcma.c
patching file drivers/net/ethernet/broadcom/bgmac.c
patching file drivers/net/ethernet/broadcom/bgmac.h

Applying /mnt/build_wrt/package/kernel/bpf-headers/../../../target/linux/generic/hack-6.12/780-usb-net-MeigLink_modem_support.patch using plaintext: 
patching file drivers/net/usb/qmi_wwan.c
patching file drivers/usb/serial/option.c

Applying /mnt/build_wrt/package/kernel/bpf-headers/../../../target/linux/generic/hack-6.12/781-usb-net-rndis-support-asr.patch using plaintext: 
patching file drivers/net/usb/rndis_host.c

Applying /mnt/build_wrt/package/kernel/bpf-headers/../../../target/linux/generic/hack-6.12/800-GPIO-add-named-gpio-exports.patch using plaintext: 
patching file drivers/gpio/gpiolib-of.c
patching file include/linux/gpio/consumer.h
patching file drivers/gpio/gpiolib-sysfs.c

Applying /mnt/build_wrt/package/kernel/bpf-headers/../../../target/linux/generic/hack-6.12/810-bcma-ssb-fallback-sprom.patch using plaintext: 
patching file drivers/bcma/Kconfig
patching file drivers/bcma/Makefile
patching file drivers/bcma/bcma_private.h
patching file drivers/bcma/main.c
patching file drivers/bcma/sprom.c
patching file drivers/ssb/Kconfig
patching file drivers/ssb/Makefile
patching file drivers/ssb/main.c
patching file drivers/ssb/sprom.c
patching file drivers/ssb/ssb_private.h

Applying /mnt/build_wrt/package/kernel/bpf-headers/../../../target/linux/generic/hack-6.12/820-ledtrig-network-module.patch using plaintext: 
patching file drivers/leds/trigger/Kconfig
patching file drivers/leds/trigger/Makefile

Applying /mnt/build_wrt/package/kernel/bpf-headers/../../../target/linux/generic/hack-6.12/901-debloat_sock_diag.patch using plaintext: 
patching file net/Kconfig
patching file net/core/Makefile
patching file net/core/sock.c
patching file net/core/sock_diag.c
patching file net/ipv4/Kconfig
patching file net/netlink/Kconfig
patching file net/packet/Kconfig
patching file net/unix/Kconfig
patching file net/xdp/Kconfig

Applying /mnt/build_wrt/package/kernel/bpf-headers/../../../target/linux/generic/hack-6.12/902-debloat_proc.patch using plaintext: 
patching file fs/locks.c
patching file fs/proc/Kconfig
patching file fs/proc/consoles.c
patching file fs/proc/proc_tty.c
patching file include/net/snmp.h
patching file ipc/msg.c
patching file ipc/sem.c
patching file ipc/shm.c
patching file ipc/util.c
patching file kernel/exec_domain.c
patching file kernel/irq/proc.c
patching file kernel/time/timer_list.c
patching file mm/vmalloc.c
patching file mm/vmstat.c
patching file net/8021q/vlanproc.c
patching file net/core/net-procfs.c
patching file net/core/sock.c
patching file net/ipv4/fib_trie.c
patching file net/ipv4/proc.c
patching file net/ipv4/route.c
patching file net/ipv4/inet_timewait_sock.c

Applying /mnt/build_wrt/package/kernel/bpf-headers/../../../target/linux/generic/hack-6.12/904-debloat_dma_buf.patch using plaintext: 
patching file drivers/base/Kconfig
patching file drivers/dma-buf/heaps/Makefile
patching file drivers/dma-buf/Makefile
patching file drivers/dma-buf/dma-buf.c
patching file kernel/sched/core.c
patching file fs/d_path.c
patching file net/Kconfig

Applying /mnt/build_wrt/package/kernel/bpf-headers/../../../target/linux/generic/hack-6.12/910-kobject_uevent.patch using plaintext: 
patching file include/linux/kobject.h
patching file lib/kobject_uevent.c

Applying /mnt/build_wrt/package/kernel/bpf-headers/../../../target/linux/generic/hack-6.12/911-kobject_add_broadcast_uevent.patch using plaintext: 
patching file include/linux/kobject.h
patching file lib/kobject_uevent.c

Applying /mnt/build_wrt/package/kernel/bpf-headers/../../../target/linux/generic/hack-6.12/920-device_tree_cmdline.patch using plaintext: 
patching file drivers/of/fdt.c

Applying /mnt/build_wrt/package/kernel/bpf-headers/../../../target/linux/generic/hack-6.12/930-Revert-Revert-Revert-driver-core-Set-fw_devlink-on-b.patch using plaintext: 
patching file drivers/base/core.c

Applying /mnt/build_wrt/package/kernel/bpf-headers/patches/100-support_hz_300.patch using plaintext: 
patching file arch/mips/Kconfig

Applying /mnt/build_wrt/package/kernel/bpf-headers/patches/102-net-flow_offload-use-NL_SET_ERR_MSG-instead-of-NL_SE.patch using plaintext: 
patching file include/net/flow_offload.h
touch /mnt/build_wrt/build_dir/target-aarch64_cortex-a53_musl/linux-qualcommax_ipq60xx/bpf-headers/linux-6.12.94/.prepared_d0bbdd27f15d2489479314ec5ed30577_6664517399ebbbc92a37c5bb081b5c53
rm -f /mnt/build_wrt/build_dir/target-aarch64_cortex-a53_musl/linux-qualcommax_ipq60xx/bpf-headers/linux-6.12.94/.configured_*
rm -f /mnt/build_wrt/staging_dir/target-aarch64_cortex-a53_musl/stamp/.bpf-headers_installed
grep -vE 'CONFIG_(CPU_.*ENDIAN|HZ)' /mnt/build_wrt/build_dir/target-aarch64_cortex-a53_musl/linux-qualcommax_ipq60xx/bpf-headers/linux-6.12.94/arch/mips/configs/generic_defconfig > /mnt/build_wrt/build_dir/target-aarch64_cortex-a53_musl/linux-qualcommax_ipq60xx/bpf-headers/linux-6.12.94/.config
echo 'CONFIG_CPU_LITTLE_ENDIAN=y' >> /mnt/build_wrt/build_dir/target-aarch64_cortex-a53_musl/linux-qualcommax_ipq60xx/bpf-headers/linux-6.12.94/.config
echo 'CONFIG_CPU_MIPS64_R2=y' >> /mnt/build_wrt/build_dir/target-aarch64_cortex-a53_musl/linux-qualcommax_ipq60xx/bpf-headers/linux-6.12.94/.config
echo 'CONFIG_64BIT=y' >> /mnt/build_wrt/build_dir/target-aarch64_cortex-a53_musl/linux-qualcommax_ipq60xx/bpf-headers/linux-6.12.94/.config
grep CONFIG_HZ /mnt/build_wrt/build_dir/target-aarch64_cortex-a53_musl/linux-qualcommax_ipq60xx/linux-6.18.39/.config >> /mnt/build_wrt/build_dir/target-aarch64_cortex-a53_musl/linux-qualcommax_ipq60xx/bpf-headers/linux-6.12.94/.config
grep: /mnt/build_wrt/build_dir/target-aarch64_cortex-a53_musl/linux-qualcommax_ipq60xx/linux-6.18.39/.config: No such file or directory
make[2]: *** [Makefile:128: /mnt/build_wrt/build_dir/target-aarch64_cortex-a53_musl/linux-qualcommax_ipq60xx/bpf-headers/linux-6.12.94/.configured_68b329da9893e34099c7d8ad5cb9c940] Error 2
make[2]: Leaving directory '/mnt/build_wrt/package/kernel/bpf-headers'
time: package/kernel/bpf-headers/compile#9.12#7.34#9.44
    ERROR: package/kernel/bpf-headers failed to build.
make[1]: *** [package/Makefile:198: package/kernel/bpf-headers/compile] Error 1
make[1]: Leaving directory '/mnt/build_wrt'
make: *** [/mnt/build_wrt/include/toplevel.mk:233: package/luci-app-dae/dae/compile] Error 2
