Build Failure Diagnostic Report - 2026-07-28_19-02-25
Target Config: JDC-ARTHUR
Commit SHA: 2b8674592c0f54b80c3e2388a5b7a8bd6727c0f9
=========================================================

--- VERBOSE SINGLE-THREADED BUILD OUTPUT (LAST 500 LINES) ---
Checking for timegm                                                               : ok 
Checking for utimensat                                                            : ok 
Checking for vsyslog                                                              : ok 
Checking if can we convert from CP850 to UCS-2LE                                  : ok 
Checking if can we convert from UTF-8 to UCS-2LE                                  : ok 
building on linux
Checking for dirfd                                                                : ok 
Checking for fstatfs                                                              : ok 
vfs_fileid checking for statfs() and struct statfs.f_fsid                         : ok 
Checking whether the Linux 'fallocate' function is available                      : ok 
Checking whether Linux 'fallocate' supports hole-punching                         : ok 
Checking whether lseek supports hole/data seeking                                 : ok 
Checking whether Linux readahead is available                                     : ok 
Checking for declaration of readahead                                             : ok 
Checking for openat                                                               : ok 
Checking if we can use msg_control for passing file descriptors                   : ok 
Checking if we can use msg_accrights for passing file descriptors                 : not found 
Checking for program 'awk'                                                        : /mnt/build_wrt/staging_dir/host/bin/awk 
Checking for header asm/types.h                                                   : yes 
Checking for major macro                                                          : ok 
Checking for minor macro                                                          : ok 
Checking for member d_off in struct dirent                                        : ok 
Building without Active Directory support (--without-ads).
Checking whether Linux should use 32-bit credential calls                         : not found 
Checking whether we can use Linux thread-specific credentials                     : ok 
Checking whether Linux netlink is available                                       : ok 
Checking whether Linux rtnetlink is available                                     : ok 
Checking whether fcntl locking is available                                       : ok 
Checking whether fcntl lock supports open file description locks                  : ok 
Checking whether fcntl supports flags to send direct I/O availability signals     : ok 
Checking whether fcntl supports setting/getting hints                             : not found 
Checking for member st_mtim.tv_nsec in struct stat                                : ok 
Checking for member st_mtimensec in struct stat                                   : not found 
Checking for member st_mtimespec.tv_nsec in struct stat                           : not found 
Checking for member st_mtime_n in struct stat                                     : not found 
Checking for member st_umtime in struct stat                                      : not found 
Checking for member st_birthtime in struct stat                                   : not found 
Checking for member st_birthtimespec.tv_nsec in struct stat                       : not found 
Checking for member st_birthtimensec in struct stat                               : not found 
Checking whether posix_fadvise is available                                       : ok 
Checking whether sysconf(_SC_NGROUPS_MAX) is available                            : ok 
Checking whether sysconf(_SC_NPROC_ONLN) is available                             : not found 
Checking whether sysconf(_SC_NPROCESSORS_ONLN) is available                       : ok 
Checking whether sysconf(_SC_PAGESIZE) is available                               : ok 
Checking whether to use the Darwin-specific initgroups system call                : not found 
Checking whether struct utimbuf is available                                      : ok 
Checking whether we have the struct sigevent                                      : ok 
Checking for member sigev_value.sival_ptr in struct sigevent                      : ok 
Checking for member sigev_value.sigval_ptr in struct sigevent                     : not found 
Checking for the maximum value of the 'time_t' type                               : ok 
Checking whether the macro for makedev is available                               : ok 
Checking whether the realpath function allows a NULL argument                     : ok 
Checking for ftruncate extend                                                     : ok 
Checking for readlink breakage                                                    : not found 
Checking for library sendfile                                                     : no 
Checking for header sys/sendfile.h                                                : yes 
Checking for linux sendfile support                                               : ok 
getcwd takes a NULL argument                                                      : ok 
Checking for library gen                                                          : no 
Checking for getspnam                                                             : ok 
Checking for header sched.h                                                       : yes 
for Linux unshare(CLONE_FS)                                                       : ok 
building without cluster support (--without-cluster-support)
Checking for header linux/fs.h                                                    : yes 
Checking for declaration of FS_IOC_GETFLAGS                                       : ok 
Checking for declaration of FS_COMPR_FL                                           : ok 
not building ceph vfs modules(--disable-cephfs)
Checking for liburing package                                                     : not found 
not building regedit (--without-regedit)
Checking for header ftw.h                                                         : yes 
Checking for nftw                                                                 : ok 
mingw not available, not building winexe
Checking for library crypto                                                       : yes 
Checking for DES_pcbc_encrypt in crypto                                           : ok 
Checking for glib-2.0                                                             : not found 
Checking for 'tracker-sparql-2.0'                                                 : not found 
Checking for 'tracker-sparql-1.0'                                                 : not found 
Checking for 'tracker-sparql-0.16'                                                : not found 
Checking for 'tracker-sparql-0.14'                                                : not found 
building with WSP support
Checking for header rpc/types.h                                                   : no 
Checking for header rpc/xdr.h                                                     : no 
Checking for library nscd                                                         : no 
Checking for nscd_flush_cache                                                     : not found 
VFS_STATIC: vfs_default,vfs_not_implemented
VFS_SHARED: 
PDB_STATIC: 
PDB_SHARED: 
AUTH_STATIC: 
AUTH_SHARED: 
NSS_INFO_STATIC: 
NSS_INFO_SHARED: 
CHARSET_STATIC: 
CHARSET_SHARED: 
IDMAP_STATIC: 
IDMAP_SHARED: 
GPEXT_STATIC: 
GPEXT_SHARED: 
Checking for openpty                                                              : ok 
Checking for TCP_USER_TIMEOUT                                                     : ok 
Checking for header linux/sockios.h                                               : yes 
Checking for header linux/ethtool.h                                               : yes 
Checking for system libtasn1 (>=3.8)                                              : yes 
Checking for program 'asn1Parser'                                                 : /mnt/build_wrt/staging_dir/hostpkg/bin/asn1Parser 
Checking for declaration of krb5_pac_get_buffer                                   : not found 
Checking for declaration of krb5_pac_get_buffer (as enum)                         : not found 
Checking linker accepts -Wl,-no-undefined                                         : yes 
Checking linker accepts ['-undefined', 'dynamic_lookup']                          : no 
Checking linker accepts -Wl,--as-needed                                           : yes 
-lc not needed                                                                    : -lc is unnecessary 
Checking configure summary                                                        : ok 
Checking compiler for PIE support                                                 : yes 
Checking compiler for full RELRO support                                          : yes 
Checking if compiler accepts -fstack-protector-strong                             : no 
Checking if compiler accepts -fstack-protector                                    : no 
Checking if compiler accepts -fstack-clash-protection                             : yes 
'configure' finished successfully (57.836s)
touch /mnt/build_wrt/build_dir/hostpkg/samba-4.22.7/.configured
(cd /mnt/build_wrt/build_dir/hostpkg/samba-4.22.7; ./buildtools/bin/waf build --targets=asn1_compile,compile_et )
Waf: Entering directory `/mnt/build_wrt/build_dir/hostpkg/samba-4.22.7/bin/default'
	Selected embedded Heimdal build
symlink: samba-gpupdate -> ./samba-gpupdate
symlink: smbaddshare -> ./smbaddshare
symlink: smbchangeshare -> ./smbchangeshare
symlink: smbdeleteshare -> ./smbdeleteshare
Checking project rules ...
Project rules pass
[1/1] Processing VERSION: VERSION buildtools/wafsamba/samba_version.py -> bin/default/version.h
[  2/210] Compiling docs-xml/build/catalog.xml.in
[  3/210] Compiling docs-xml/build/DTD/samba.build.version.in
[  4/210] Processing smbdotconf/parameters.all.xml: docs-xml/smbdotconf/logon/abortshutdownscript.xml docs-xml/smbdotconf/security/accessbasedshareenum.xml docs-xml/smbdotconf/protocol/aclallowexecutealways.xml docs-xml/smbdotconf/protocol/aclcheckpermissions.xml docs-xml/smbdotconf/security/aclclaimsevaluation.xml docs-xml/smbdotconf/security/aclflaginheritedcanonicalization.xml docs-xml/smbdotconf/security/aclgroupcontrol.xml docs-xml/smbdotconf/protocol/aclmapfullcontrol.xml docs-xml/smbdotconf/protocol/addcfunctionallevel.xml docs-xml/smbdotconf/logon/addgroupscript.xml docs-xml/smbdotconf/base/additionaldnshostnames.xml docs-xml/smbdotconf/logon/addmachinescript.xml docs-xml/smbdotconf/printing/addportcommand.xml docs-xml/smbdotconf/printing/addprintercommand.xml docs-xml/smbdotconf/misc/addsharecommand.xml docs-xml/smbdotconf/logon/adduserscript.xml docs-xml/smbdotconf/logon/addusertogroupscript.xml docs-xml/smbdotconf/browse/administrative_share.xml docs-xml/smbdotconf/security/adminusers.xml docs-xml/smbdotconf/misc/afsshare.xml docs-xml/smbdotconf/misc/afstokenlifetime.xml docs-xml/smbdotconf/misc/afsusernamemap.xml docs-xml/smbdotconf/tuning/aiomaxthreads.xml docs-xml/smbdotconf/tuning/aioreadsize.xml docs-xml/smbdotconf/tuning/aiowritebehind.xml docs-xml/smbdotconf/tuning/aiowritesize.xml docs-xml/smbdotconf/security/algorithmicridbase.xml docs-xml/smbdotconf/tuning/allocationroundupsize.xml docs-xml/smbdotconf/security/allowdcerpcauthlevelconnect.xml docs-xml/smbdotconf/domain/allowdnsupdates.xml docs-xml/smbdotconf/misc/allowinsecurewidelinks.xml docs-xml/smbdotconf/logon/allownt4crypto.xml docs-xml/smbdotconf/security/allowtrusteddomains.xml docs-xml/smbdotconf/misc/allowunsafeclusterupgrade.xml docs-xml/smbdotconf/winbind/applygrouppolicies.xml docs-xml/smbdotconf/tuning/asyncdnstimeout.xml docs-xml/smbdotconf/misc/asyncsmbechohandler.xml docs-xml/smbdotconf/logon/autheventnotification.xml docs-xml/smbdotconf/misc/auto_services.xml docs-xml/smbdotconf/misc/available.xml docs-xml/smbdotconf/security/binddnsdir.xml docs-xml/smbdotconf/base/bindinterfacesonly.xml docs-xml/smbdotconf/locking/blockinglocks.xml docs-xml/smbdotconf/tuning/blocksize.xml docs-xml/smbdotconf/browse/browseable.xml docs-xml/smbdotconf/browse/browselist.xml docs-xml/smbdotconf/misc/cachedirectory.xml docs-xml/smbdotconf/filename/casesensitive.xml docs-xml/smbdotconf/misc/changenotify.xml docs-xml/smbdotconf/misc/changesharecommand.xml docs-xml/smbdotconf/tuning/checkparentdirectorydeleteonclose.xml docs-xml/smbdotconf/security/checkpasswordscript.xml docs-xml/smbdotconf/protocol/clientipcmaxprotocol.xml docs-xml/smbdotconf/protocol/clientipcminprotocol.xml docs-xml/smbdotconf/security/clientipcsigning.xml docs-xml/smbdotconf/security/clientlanmanauth.xml docs-xml/smbdotconf/ldap/clientldapsaslwrapping.xml docs-xml/smbdotconf/protocol/clientmaxprotocol.xml docs-xml/smbdotconf/protocol/clientminprotocol.xml docs-xml/smbdotconf/security/clientnetlogonpingprotocol.xml docs-xml/smbdotconf/security/clientntlmv2auth.xml docs-xml/smbdotconf/security/clientplaintextauth.xml docs-xml/smbdotconf/security/clientprotection.xml docs-xml/smbdotconf/security/clientschannel.xml docs-xml/smbdotconf/security/clientsigning.xml docs-xml/smbdotconf/security/clientsmbencrypt.xml docs-xml/smbdotconf/security/clientsmbencryptionalgos.xml docs-xml/smbdotconf/security/clientsmbsigningalgos.xml docs-xml/smbdotconf/security/clientusekerberos.xml docs-xml/smbdotconf/winbind/clientusekrb5netlogon.xml docs-xml/smbdotconf/protocol/clientusespnego.xml docs-xml/smbdotconf/misc/clusteraddresses.xml docs-xml/smbdotconf/misc/clustering.xml docs-xml/smbdotconf/base/comment.xml docs-xml/smbdotconf/base/configbackend.xml docs-xml/smbdotconf/misc/configfile.xml docs-xml/smbdotconf/misc/copy.xml docs-xml/smbdotconf/winbind/createkrb5conf.xml docs-xml/smbdotconf/security/createmask.xml docs-xml/smbdotconf/locking/cscpolicy.xml docs-xml/smbdotconf/misc/ctdbdsocket.xml docs-xml/smbdotconf/misc/ctdblocktimewarnthreshold.xml docs-xml/smbdotconf/misc/ctdbtimeout.xml docs-xml/smbdotconf/printing/cupsconnectiontimeout.xml docs-xml/smbdotconf/printing/cupsencrypt.xml docs-xml/smbdotconf/printing/cupsoptions.xml docs-xml/smbdotconf/printing/cupsserver.xml docs-xml/smbdotconf/protocol/dcerpcendpointservers.xml docs-xml/smbdotconf/tuning/deadtime.xml docs-xml/smbdotconf/logging/debugclass.xml docs-xml/smbdotconf/security/debugencryption.xml docs-xml/smbdotconf/logging/debughirestimestamp.xml docs-xml/smbdotconf/logging/debugpid.xml docs-xml/smbdotconf/logging/debugprefixtimestamp.xml docs-xml/smbdotconf/logging/debugsyslogformat.xml docs-xml/smbdotconf/logging/debugtraceid.xml docs-xml/smbdotconf/logging/debuguid.xml docs-xml/smbdotconf/security/dedicatedkeytabfile.xml docs-xml/smbdotconf/filename/defaultcase.xml docs-xml/smbdotconf/printing/defaultdevmode.xml docs-xml/smbdotconf/misc/defaultservice.xml docs-xml/smbdotconf/protocol/defersharingviolations.xml docs-xml/smbdotconf/logon/deletegroupscript.xml docs-xml/smbdotconf/printing/deleteprintercommand.xml docs-xml/smbdotconf/misc/deletereadonly.xml docs-xml/smbdotconf/misc/deletesharecommand.xml docs-xml/smbdotconf/logon/deleteuserfromgroupscript.xml docs-xml/smbdotconf/logon/deleteuserscript.xml docs-xml/smbdotconf/filename/deletevetofiles.xml docs-xml/smbdotconf/misc/dfreecachetime.xml docs-xml/smbdotconf/misc/dfreecommand.xml docs-xml/smbdotconf/protocol/dgramport.xml docs-xml/smbdotconf/security/directorymask.xml docs-xml/smbdotconf/security/directorysecuritymask.xml docs-xml/smbdotconf/protocol/disablenetbios.xml docs-xml/smbdotconf/printing/disablespoolss.xml docs-xml/smbdotconf/misc/dmapisupport.xml docs-xml/smbdotconf/misc/dnsclientname.xml docs-xml/smbdotconf/domain/dnsforwarder.xml docs-xml/smbdotconf/protocol/dnsport.xml docs-xml/smbdotconf/wins/dnsproxy.xml docs-xml/smbdotconf/domain/dnsupdatecommand.xml docs-xml/smbdotconf/domain/dnszonescavenging.xml docs-xml/smbdotconf/domain/dnszonetransferclientsallow.xml docs-xml/smbdotconf/domain/dnszonetransferclientsdeny.xml docs-xml/smbdotconf/logon/domainlogons.xml docs-xml/smbdotconf/browse/domainmaster.xml docs-xml/smbdotconf/misc/dontdescend.xml docs-xml/smbdotconf/base/doscharset.xml docs-xml/smbdotconf/misc/dosfilemode.xml docs-xml/smbdotconf/misc/dosfiletimeresolution.xml docs-xml/smbdotconf/misc/dosfiletimes.xml docs-xml/smbdotconf/misc/dsdbeventnotification.xml docs-xml/smbdotconf/misc/dsdbgroupchangenotification.xml docs-xml/smbdotconf/misc/dsdbpasswordeventnotification.xml docs-xml/smbdotconf/protocol/durablehandles.xml docs-xml/smbdotconf/protocol/easupport.xml docs-xml/smbdotconf/misc/elasticsearchaddress.xml docs-xml/smbdotconf/misc/elasticsearchdefaultfields.xml docs-xml/smbdotconf/misc/elasticsearchforcesubstringsearch.xml docs-xml/smbdotconf/misc/elasticsearchignoreunknownattribute.xml docs-xml/smbdotconf/misc/elasticsearchignoreunknowntype.xml docs-xml/smbdotconf/misc/elasticsearchindex.xml docs-xml/smbdotconf/misc/elasticsearchmappings.xml docs-xml/smbdotconf/misc/elasticsearchmaxresults.xml docs-xml/smbdotconf/misc/elasticsearchport.xml docs-xml/smbdotconf/misc/elasticsearchusetls.xml docs-xml/smbdotconf/protocol/enableasusupport.xml docs-xml/smbdotconf/base/enablecorefiles.xml docs-xml/smbdotconf/logon/enableprivileges.xml docs-xml/smbdotconf/printing/enablespoolss.xml docs-xml/smbdotconf/security/encryptpasswords.xml docs-xml/smbdotconf/browse/enhancedbrowsing.xml docs-xml/smbdotconf/printing/enumportscommand.xml docs-xml/smbdotconf/protocol/eventloglist.xml docs-xml/smbdotconf/misc/fakedirectorycreatetimes.xml docs-xml/smbdotconf/locking/fakeoplocks.xml docs-xml/smbdotconf/misc/followsymlinks.xml docs-xml/smbdotconf/locking/force_process_locks.xml docs-xml/smbdotconf/security/forcecreatemode.xml docs-xml/smbdotconf/security/forcedirectorymode.xml docs-xml/smbdotconf/security/forcedirectorysecuritymode.xml docs-xml/smbdotconf/security/forcegroup.xml docs-xml/smbdotconf/printing/forceprintername.xml docs-xml/smbdotconf/security/forcesecuritymode.xml docs-xml/smbdotconf/security/forceunknownacluser.xml docs-xml/smbdotconf/security/forceuser.xml docs-xml/smbdotconf/misc/fssprunestale.xml docs-xml/smbdotconf/misc/fsssequencetimeout.xml docs-xml/smbdotconf/misc/fstype.xml docs-xml/smbdotconf/vfs/getquotacommand.xml docs-xml/smbdotconf/tuning/getwdcache.xml docs-xml/smbdotconf/domain/gpoupdatecommand.xml docs-xml/smbdotconf/security/guestaccount.xml docs-xml/smbdotconf/security/guestok.xml docs-xml/smbdotconf/security/guestonly.xml docs-xml/smbdotconf/filename/hidedotfiles.xml docs-xml/smbdotconf/filename/hidefiles.xml docs-xml/smbdotconf/filename/hidenewfilestimeout.xml docs-xml/smbdotconf/filename/hidespecialfiles.xml docs-xml/smbdotconf/filename/hideunreadable.xml docs-xml/smbdotconf/filename/hideunwriteablefiles.xml docs-xml/smbdotconf/himmelblaud/himmelblaudhelloenabled.xml docs-xml/smbdotconf/himmelblaud/himmelblaudhsmpinpath.xml docs-xml/smbdotconf/himmelblaud/himmelblaudsfafallback.xml docs-xml/smbdotconf/misc/honorchangenotifyprivilege.xml docs-xml/smbdotconf/vfs/hostmsdfs.xml docs-xml/smbdotconf/tuning/hostnamelookups.xml docs-xml/smbdotconf/security/hostsallow.xml docs-xml/smbdotconf/security/hostsdeny.xml docs-xml/smbdotconf/winbind/idmapbackend.xml docs-xml/smbdotconf/winbind/idmapcachetime.xml docs-xml/smbdotconf/winbind/idmapconfig.xml docs-xml/smbdotconf/winbind/idmapgid.xml docs-xml/smbdotconf/winbind/idmapnegativecachetime.xml docs-xml/smbdotconf/winbind/idmapuid.xml docs-xml/smbdotconf/misc/include.xml docs-xml/smbdotconf/winbind/includesystemkrb5conf.xml docs-xml/smbdotconf/security/inheritacls.xml docs-xml/smbdotconf/security/inheritowner.xml docs-xml/smbdotconf/security/inheritpermissions.xml docs-xml/smbdotconf/logon/initlogondelay.xml docs-xml/smbdotconf/logon/initlogondelayedhosts.xml docs-xml/smbdotconf/base/interfaces.xml docs-xml/smbdotconf/security/invalidusers.xml docs-xml/smbdotconf/printing/iprintserver.xml docs-xml/smbdotconf/security/kdcdefaultdomainsupportedenctypes.xml docs-xml/smbdotconf/security/kdcenablefast.xml docs-xml/smbdotconf/security/kdcforceenablerc4weaksessionkeys.xml docs-xml/smbdotconf/security/kdcsupportedenctypes.xml docs-xml/smbdotconf/tuning/keepalive.xml docs-xml/smbdotconf/security/kerberosencryptiontypes.xml docs-xml/smbdotconf/security/kerberosmethod.xml docs-xml/smbdotconf/misc/kernelchangenotify.xml docs-xml/smbdotconf/locking/kerneloplocks.xml docs-xml/smbdotconf/locking/kernelsharemodes.xml docs-xml/smbdotconf/security/kpasswdport.xml docs-xml/smbdotconf/security/krb5port.xml docs-xml/smbdotconf/security/lanmanauth.xml docs-xml/smbdotconf/protocol/largereadwrite.xml docs-xml/smbdotconf/ldap/ldapadmindn.xml docs-xml/smbdotconf/ldap/ldapconnectiontimeout.xml docs-xml/smbdotconf/logging/ldapdebuglevel.xml docs-xml/smbdotconf/logging/ldapdebugthreshold.xml docs-xml/smbdotconf/ldap/ldapdeletedn.xml docs-xml/smbdotconf/ldap/ldapderef.xml docs-xml/smbdotconf/ldap/ldapfollowreferral.xml docs-xml/smbdotconf/ldap/ldapgroupsuffix.xml docs-xml/smbdotconf/ldap/ldapidmapsuffix.xml docs-xml/smbdotconf/ldap/ldapmachinesuffix.xml docs-xml/smbdotconf/ldap/ldapmaxanonrequest.xml docs-xml/smbdotconf/ldap/ldapmaxauthrequest.xml docs-xml/smbdotconf/ldap/ldapmaxsearchrequest.xml docs-xml/smbdotconf/ldap/ldappagesize.xml docs-xml/smbdotconf/ldap/ldappasswdsync.xml docs-xml/smbdotconf/ldap/ldapreplicationsleep.xml docs-xml/smbdotconf/ldap/ldapsameditposix.xml docs-xml/smbdotconf/ldap/ldapsamtrusted.xml docs-xml/smbdotconf/ldap/ldapserverrequirestrongauth.xml docs-xml/smbdotconf/ldap/ldapssl.xml docs-xml/smbdotconf/ldap/ldapsuffix.xml docs-xml/smbdotconf/ldap/ldaptimeout.xml docs-xml/smbdotconf/ldap/ldapusersuffix.xml docs-xml/smbdotconf/locking/level2oplocks.xml docs-xml/smbdotconf/browse/lmannounce.xml docs-xml/smbdotconf/browse/lminterval.xml docs-xml/smbdotconf/printing/loadprinters.xml docs-xml/smbdotconf/browse/localmaster.xml docs-xml/smbdotconf/misc/lockdirectory.xml docs-xml/smbdotconf/locking/locking.xml docs-xml/smbdotconf/locking/lockspintime.xml docs-xml/smbdotconf/logging/logfile.xml docs-xml/smbdotconf/logging/logging.xml docs-xml/smbdotconf/logging/loglevel.xml docs-xml/smbdotconf/security/lognttokencommand.xml docs-xml/smbdotconf/logon/logondrive.xml docs-xml/smbdotconf/logon/logonhome.xml docs-xml/smbdotconf/logon/logonpath.xml docs-xml/smbdotconf/logon/logonscript.xml docs-xml/smbdotconf/misc/logwriteablefilesonexit.xml docs-xml/smbdotconf/printing/lppausecommand.xml docs-xml/smbdotconf/printing/lpqcachetime.xml docs-xml/smbdotconf/printing/lpqcommand.xml docs-xml/smbdotconf/printing/lpresumecommand.xml docs-xml/smbdotconf/printing/lprmcommand.xml docs-xml/smbdotconf/protocol/lsaovernetlogon.xml docs-xml/smbdotconf/domain/machinepasswordtimeout.xml docs-xml/smbdotconf/misc/magicoutput.xml docs-xml/smbdotconf/misc/magicscript.xml docs-xml/smbdotconf/filename/manglednames.xml docs-xml/smbdotconf/filename/mangleprefix.xml docs-xml/smbdotconf/filename/manglingchar.xml docs-xml/smbdotconf/filename/manglingmethod.xml docs-xml/smbdotconf/protocol/mapaclinherit.xml docs-xml/smbdotconf/filename/maparchive.xml docs-xml/smbdotconf/filename/maphidden.xml docs-xml/smbdotconf/filename/mapreadonly.xml docs-xml/smbdotconf/filename/mapsystem.xml docs-xml/smbdotconf/security/maptoguest.xml docs-xml/smbdotconf/tuning/maxconnections.xml docs-xml/smbdotconf/tuning/maxdisksize.xml docs-xml/smbdotconf/logging/maxlogsize.xml docs-xml/smbdotconf/protocol/maxmux.xml docs-xml/smbdotconf/tuning/maxopenfiles.xml docs-xml/smbdotconf/printing/maxprintjobs.xml docs-xml/smbdotconf/printing/maxreportedprintjobs.xml docs-xml/smbdotconf/tuning/maxsmbdprocesses.xml docs-xml/smbdotconf/filename/maxstatcachesize.xml docs-xml/smbdotconf/protocol/maxttl.xml docs-xml/smbdotconf/wins/maxwinsttl.xml docs-xml/smbdotconf/protocol/maxxmit.xml docs-xml/smbdotconf/base/mdnsname.xml docs-xml/smbdotconf/misc/messagecommand.xml docs-xml/smbdotconf/security/mindomainuid.xml docs-xml/smbdotconf/tuning/minprintspace.xml docs-xml/smbdotconf/protocol/minreceivefilesize.xml docs-xml/smbdotconf/wins/minwinsttl.xml docs-xml/smbdotconf/security/mitkdccommand.xml docs-xml/smbdotconf/vfs/msdfsproxy.xml docs-xml/smbdotconf/vfs/msdfsroot.xml docs-xml/smbdotconf/vfs/msdfsshufflereferrals.xml docs-xml/smbdotconf/base/multicastdnsregister.xml docs-xml/smbdotconf/tuning/namecachetimeout.xml docs-xml/smbdotconf/protocol/nameresolveorder.xml docs-xml/smbdotconf/misc/nbtclientsocketaddress.xml docs-xml/smbdotconf/wins/nbtd-wins_prepend1bto1cqueries.xml docs-xml/smbdotconf/wins/nbtd-wins_randomize1clist.xml docs-xml/smbdotconf/wins/nbtd-wins_randomize1clist_mask.xml docs-xml/smbdotconf/protocol/nbtport.xml docs-xml/smbdotconf/misc/ncalrpcdir.xml docs-xml/smbdotconf/base/netbiosaliases.xml docs-xml/smbdotconf/base/netbiosname.xml docs-xml/smbdotconf/base/netbiosscope.xml docs-xml/smbdotconf/winbind/neutralizent4emulation.xml docs-xml/smbdotconf/misc/nmbdbindexplicitbroadcast.xml docs-xml/smbdotconf/domain/nsupdatecommand.xml docs-xml/smbdotconf/security/nt_hash_store.xml docs-xml/smbdotconf/protocol/ntaclsupport.xml docs-xml/smbdotconf/security/ntlmauth.xml docs-xml/smbdotconf/protocol/ntpipesupport.xml docs-xml/smbdotconf/security/ntpsigndsocketdirectory.xml docs-xml/smbdotconf/protocol/ntstatussupport.xml docs-xml/smbdotconf/vfs/ntvfshandler.xml docs-xml/smbdotconf/security/nullpasswords.xml docs-xml/smbdotconf/security/obeypamrestrictions.xml docs-xml/smbdotconf/security/oldpasswordallowedperiod.xml docs-xml/smbdotconf/locking/oplockbreakwaittime.xml docs-xml/smbdotconf/locking/oplocks.xml docs-xml/smbdotconf/printing/os2drivermap.xml docs-xml/smbdotconf/browse/oslevel.xml docs-xml/smbdotconf/security/pampasswordchange.xml docs-xml/smbdotconf/misc/panicaction.xml docs-xml/smbdotconf/security/passdbbackend.xml docs-xml/smbdotconf/security/passdbexpandexplicit.xml docs-xml/smbdotconf/security/passwdchat.xml docs-xml/smbdotconf/security/passwdchatdebug.xml docs-xml/smbdotconf/security/passwdchattimeout.xml docs-xml/smbdotconf/security/passwdprogram.xml docs-xml/smbdotconf/security/passwordhashgpgkeyids.xml docs-xml/smbdotconf/security/passwordhashuserpasswordschemes.xml docs-xml/smbdotconf/security/passwordserver.xml docs-xml/smbdotconf/base/path.xml docs-xml/smbdotconf/misc/perfcountmodule.xml docs-xml/smbdotconf/misc/piddirectory.xml docs-xml/smbdotconf/locking/posixlocking.xml docs-xml/smbdotconf/misc/postexec.xml docs-xml/smbdotconf/misc/preexec.xml docs-xml/smbdotconf/misc/preexecclose.xml docs-xml/smbdotconf/browse/preferredmaster.xml docs-xml/smbdotconf/base/preforkbackoffincrement.xml docs-xml/smbdotconf/base/preforkchildren.xml docs-xml/smbdotconf/base/preforkmaximumbackoff.xml docs-xml/smbdotconf/security/preloadmodules.xml docs-xml/smbdotconf/filename/preservecase.xml docs-xml/smbdotconf/printing/printable.xml docs-xml/smbdotconf/printing/printcapcachetime.xml docs-xml/smbdotconf/printing/printcapname.xml docs-xml/smbdotconf/printing/printcommand.xml docs-xml/smbdotconf/printing/printername.xml docs-xml/smbdotconf/printing/printing.xml docs-xml/smbdotconf/printing/printjobusername.xml docs-xml/smbdotconf/printing/printnotifybackchannel.xml docs-xml/smbdotconf/security/privatedir.xml docs-xml/smbdotconf/printing/queuepausecommand.xml docs-xml/smbdotconf/printing/queueresumecommand.xml docs-xml/smbdotconf/security/rawntlmv2auth.xml docs-xml/smbdotconf/security/readlist.xml docs-xml/smbdotconf/security/readonly.xml docs-xml/smbdotconf/protocol/readraw.xml docs-xml/smbdotconf/base/realm.xml docs-xml/smbdotconf/misc/registryshares.xml docs-xml/smbdotconf/winbind/rejectaesnetlogonservers.xml docs-xml/smbdotconf/logon/rejectmd5clients.xml docs-xml/smbdotconf/winbind/rejectmd5servers.xml docs-xml/smbdotconf/misc/remoteannounce.xml docs-xml/smbdotconf/misc/remotebrowsesync.xml docs-xml/smbdotconf/security/renameuserscript.xml docs-xml/smbdotconf/winbind/requirestrongkey.xml docs-xml/smbdotconf/misc/resetonzerovc.xml docs-xml/smbdotconf/security/restrictanonymous.xml docs-xml/smbdotconf/security/rootdirectory.xml docs-xml/smbdotconf/misc/rootpostexec.xml docs-xml/smbdotconf/misc/rootpreexec.xml docs-xml/smbdotconf/misc/rootpreexecclose.xml docs-xml/smbdotconf/protocol/rpcbigendian.xml docs-xml/smbdotconf/rpc/rpcserverdynamicportrange.xml docs-xml/smbdotconf/protocol/rpcserverport.xml docs-xml/smbdotconf/rpc/rpcstartondemandhelpers.xml docs-xml/smbdotconf/security/sambakcccommand.xml docs-xml/smbdotconf/security/security.xml docs-xml/smbdotconf/security/securitymask.xml docs-xml/smbdotconf/browse/server_addresses.xml docs-xml/smbdotconf/protocol/servermaxprotocol.xml docs-xml/smbdotconf/protocol/serverminprotocol.xml docs-xml/smbdotconf/protocol/servermultichannelsupport.xml docs-xml/smbdotconf/logon/serverrejectaesschannel.xml docs-xml/smbdotconf/security/serverrole.xml docs-xml/smbdotconf/security/serverschannel.xml docs-xml/smbdotconf/security/serverschannelrequireseal.xml docs-xml/smbdotconf/base/serverservices.xml docs-xml/smbdotconf/security/serversigning.xml docs-xml/smbdotconf/security/serversmbencrypt.xml docs-xml/smbdotconf/security/serversmbencryptionalgos.xml docs-xml/smbdotconf/security/serversmbsigningalgos.xml docs-xml/smbdotconf/base/serverstring.xml docs-xml/smbdotconf/security/serversupportkrb5netlogon.xml docs-xml/smbdotconf/logon/setprimarygroupscript.xml docs-xml/smbdotconf/vfs/setquotacommand.xml docs-xml/smbdotconf/protocol/sharefakefscaps.xml docs-xml/smbdotconf/filename/shortpreservecase.xml docs-xml/smbdotconf/printing/showaddprinterwizard.xml docs-xml/smbdotconf/logon/shutdownscript.xml docs-xml/smbdotconf/protocol/smb1unixextensions.xml docs-xml/smbdotconf/protocol/smb2_disable_lock_sequence_checking.xml docs-xml/smbdotconf/protocol/smb2_disable_oplock_break_retry.xml docs-xml/smbdotconf/locking/smb2leases.xml docs-xml/smbdotconf/protocol/smb2maxcredits.xml docs-xml/smbdotconf/protocol/smb2maxread.xml docs-xml/smbdotconf/protocol/smb2maxtrans.xml docs-xml/smbdotconf/protocol/smb2maxwrite.xml docs-xml/smbdotconf/locking/smb3directoryleases.xml docs-xml/smbdotconf/protocol/smb3sharecaps.xml docs-xml/smbdotconf/protocol/smb3unixextensions.xml docs-xml/smbdotconf/misc/smbdasyncdosmode.xml docs-xml/smbdotconf/misc/smbdgetinfoasksharemode.xml docs-xml/smbdotconf/misc/smbdmaxasyncdosmode.xml docs-xml/smbdotconf/misc/smbdmaxxattrsize.xml docs-xml/smbdotconf/misc/smbdprofilinglevel.xml docs-xml/smbdotconf/misc/smbdsearchasksharemode.xml docs-xml/smbdotconf/security/smbencrypt.xml docs-xml/smbdotconf/security/smbpasswdfile.xml docs-xml/smbdotconf/protocol/smbports.xml docs-xml/smbdotconf/tuning/socketoptions.xml docs-xml/smbdotconf/domain/spnupdatecommand.xml docs-xml/smbdotconf/printing/spoolssarchitecture.xml docs-xml/smbdotconf/printing/spoolssosversion.xml docs-xml/smbdotconf/misc/spotlight.xml docs-xml/smbdotconf/misc/spotlight_backend.xml docs-xml/smbdotconf/filename/statcache.xml docs-xml/smbdotconf/misc/statedirectory.xml docs-xml/smbdotconf/filename/storedosattributes.xml docs-xml/smbdotconf/tuning/strictallocate.xml docs-xml/smbdotconf/locking/strictlocking.xml docs-xml/smbdotconf/tuning/strictrename.xml docs-xml/smbdotconf/tuning/strictsync.xml docs-xml/smbdotconf/protocol/svcctllist.xml docs-xml/smbdotconf/tuning/syncalways.xml docs-xml/smbdotconf/security/syncmachinepasswordscript.xml docs-xml/smbdotconf/security/syncmachinepasswordtokeytab.xml docs-xml/smbdotconf/logging/syslog.xml docs-xml/smbdotconf/logging/syslogonly.xml docs-xml/smbdotconf/winbind/templatehomedir.xml docs-xml/smbdotconf/winbind/templateshell.xml docs-xml/smbdotconf/protocol/timeserver.xml docs-xml/smbdotconf/logging/timestamplogs.xml docs-xml/smbdotconf/security/tlscadirs.xml docs-xml/smbdotconf/security/tlscafile.xml docs-xml/smbdotconf/security/tlscertfile.xml docs-xml/smbdotconf/security/tlscrlfile.xml docs-xml/smbdotconf/security/tlsdhparamsfile.xml docs-xml/smbdotconf/security/tlsenabled.xml docs-xml/smbdotconf/security/tlskeyfile.xml docs-xml/smbdotconf/security/tlspriority.xml docs-xml/smbdotconf/security/tlstrustsystemcas.xml docs-xml/smbdotconf/security/tlsverifypeer.xml docs-xml/smbdotconf/protocol/unicode.xml docs-xml/smbdotconf/base/unixcharset.xml docs-xml/smbdotconf/security/unixpasswordsync.xml docs-xml/smbdotconf/printing/useclientdriver.xml docs-xml/smbdotconf/tuning/usemmap.xml docs-xml/smbdotconf/security/usernamelevel.xml docs-xml/smbdotconf/security/usernamemap.xml docs-xml/smbdotconf/security/usernamemapcachetime.xml docs-xml/smbdotconf/security/usernamemapscript.xml docs-xml/smbdotconf/misc/usershareallowguests.xml docs-xml/smbdotconf/misc/usersharemaxshares.xml docs-xml/smbdotconf/misc/usershareowneronly.xml docs-xml/smbdotconf/misc/usersharepath.xml docs-xml/smbdotconf/misc/usershareprefixallowlist.xml docs-xml/smbdotconf/misc/usershareprefixdenylist.xml docs-xml/smbdotconf/misc/usersharetemplateshare.xml docs-xml/smbdotconf/tuning/usesendfile.xml docs-xml/smbdotconf/misc/utmp.xml docs-xml/smbdotconf/misc/utmpdirectory.xml docs-xml/smbdotconf/misc/valid.xml docs-xml/smbdotconf/security/validusers.xml docs-xml/smbdotconf/filename/vetofiles.xml docs-xml/smbdotconf/filename/vetooplockfiles.xml docs-xml/smbdotconf/vfs/vfsmkdirusetmpname.xml docs-xml/smbdotconf/vfs/vfsobjects.xml docs-xml/smbdotconf/misc/volume.xml docs-xml/smbdotconf/misc/volumeserialnumber.xml docs-xml/smbdotconf/misc/widelinks.xml docs-xml/smbdotconf/winbind/winbindcachetime.xml docs-xml/smbdotconf/winbind/winbinddsocketdirectory.xml docs-xml/smbdotconf/winbind/winbindenumgroups.xml docs-xml/smbdotconf/winbind/winbindenumusers.xml docs-xml/smbdotconf/winbind/winbindexpandgroups.xml docs-xml/smbdotconf/winbind/winbindignoredomains.xml docs-xml/smbdotconf/winbind/winbindmaxclients.xml docs-xml/smbdotconf/winbind/winbindmaxdomainconnections.xml docs-xml/smbdotconf/winbind/winbindnestedgroups.xml docs-xml/smbdotconf/winbind/winbindnormalizenames.xml docs-xml/smbdotconf/winbind/winbindnssinfo.xml docs-xml/smbdotconf/winbind/winbindofflinelogon.xml docs-xml/smbdotconf/winbind/winbindreconnectdelay.xml docs-xml/smbdotconf/winbind/winbindrefreshtickets.xml docs-xml/smbdotconf/winbind/winbindrequesttimeout.xml docs-xml/smbdotconf/winbind/winbindrpconly.xml docs-xml/smbdotconf/winbind/winbindscantrusteddomains.xml docs-xml/smbdotconf/winbind/winbindsealedpipes.xml docs-xml/smbdotconf/winbind/winbindseparator.xml docs-xml/smbdotconf/winbind/winbindusedefaultdomain.xml docs-xml/smbdotconf/winbind/winbindusekrb5enterpriseprincipals.xml docs-xml/smbdotconf/wins/winsdb-localowner.xml docs-xml/smbdotconf/wins/winsdb-nosync.xml docs-xml/smbdotconf/wins/winshook.xml docs-xml/smbdotconf/wins/winsproxy.xml docs-xml/smbdotconf/wins/winsserver.xml docs-xml/smbdotconf/wins/winssupport.xml docs-xml/smbdotconf/base/workgroup.xml docs-xml/smbdotconf/wins/wreplsrv-periodic_interval.xml docs-xml/smbdotconf/wins/wreplsrv-propagate_name_releases.xml docs-xml/smbdotconf/wins/wreplsrv-scavenging_interval.xml docs-xml/smbdotconf/wins/wreplsrv-tombstone_extra_timeout.xml docs-xml/smbdotconf/wins/wreplsrv-tombstone_interval.xml docs-xml/smbdotconf/wins/wreplsrv-tombstone_timeout.xml docs-xml/smbdotconf/wins/wreplsrv-verify_interval.xml docs-xml/smbdotconf/security/writeable.xml docs-xml/smbdotconf/security/writelist.xml docs-xml/smbdotconf/protocol/writeraw.xml docs-xml/smbdotconf/misc/wspproperties.xml docs-xml/smbdotconf/misc/wtmpdirectory.xml -> bin/default/docs-xml/smbdotconf/parameters.all.xml
[  5/210] Processing build/DTD/samba.build.pathconfig: docs-xml/smbdotconf/logon/abortshutdownscript.xml docs-xml/smbdotconf/security/accessbasedshareenum.xml docs-xml/smbdotconf/protocol/aclallowexecutealways.xml docs-xml/smbdotconf/protocol/aclcheckpermissions.xml docs-xml/smbdotconf/security/aclclaimsevaluation.xml docs-xml/smbdotconf/security/aclflaginheritedcanonicalization.xml docs-xml/smbdotconf/security/aclgroupcontrol.xml docs-xml/smbdotconf/protocol/aclmapfullcontrol.xml docs-xml/smbdotconf/protocol/addcfunctionallevel.xml docs-xml/smbdotconf/logon/addgroupscript.xml docs-xml/smbdotconf/base/additionaldnshostnames.xml docs-xml/smbdotconf/logon/addmachinescript.xml docs-xml/smbdotconf/printing/addportcommand.xml docs-xml/smbdotconf/printing/addprintercommand.xml docs-xml/smbdotconf/misc/addsharecommand.xml docs-xml/smbdotconf/logon/adduserscript.xml docs-xml/smbdotconf/logon/addusertogroupscript.xml docs-xml/smbdotconf/browse/administrative_share.xml docs-xml/smbdotconf/security/adminusers.xml docs-xml/smbdotconf/misc/afsshare.xml docs-xml/smbdotconf/misc/afstokenlifetime.xml docs-xml/smbdotconf/misc/afsusernamemap.xml docs-xml/smbdotconf/tuning/aiomaxthreads.xml docs-xml/smbdotconf/tuning/aioreadsize.xml docs-xml/smbdotconf/tuning/aiowritebehind.xml docs-xml/smbdotconf/tuning/aiowritesize.xml docs-xml/smbdotconf/security/algorithmicridbase.xml docs-xml/smbdotconf/tuning/allocationroundupsize.xml docs-xml/smbdotconf/security/allowdcerpcauthlevelconnect.xml docs-xml/smbdotconf/domain/allowdnsupdates.xml docs-xml/smbdotconf/misc/allowinsecurewidelinks.xml docs-xml/smbdotconf/logon/allownt4crypto.xml docs-xml/smbdotconf/security/allowtrusteddomains.xml docs-xml/smbdotconf/misc/allowunsafeclusterupgrade.xml docs-xml/smbdotconf/winbind/applygrouppolicies.xml docs-xml/smbdotconf/tuning/asyncdnstimeout.xml docs-xml/smbdotconf/misc/asyncsmbechohandler.xml docs-xml/smbdotconf/logon/autheventnotification.xml docs-xml/smbdotconf/misc/auto_services.xml docs-xml/smbdotconf/misc/available.xml docs-xml/smbdotconf/security/binddnsdir.xml docs-xml/smbdotconf/base/bindinterfacesonly.xml docs-xml/smbdotconf/locking/blockinglocks.xml docs-xml/smbdotconf/tuning/blocksize.xml docs-xml/smbdotconf/browse/browseable.xml docs-xml/smbdotconf/browse/browselist.xml docs-xml/smbdotconf/misc/cachedirectory.xml docs-xml/smbdotconf/filename/casesensitive.xml docs-xml/smbdotconf/misc/changenotify.xml docs-xml/smbdotconf/misc/changesharecommand.xml docs-xml/smbdotconf/tuning/checkparentdirectorydeleteonclose.xml docs-xml/smbdotconf/security/checkpasswordscript.xml docs-xml/smbdotconf/protocol/clientipcmaxprotocol.xml docs-xml/smbdotconf/protocol/clientipcminprotocol.xml docs-xml/smbdotconf/security/clientipcsigning.xml docs-xml/smbdotconf/security/clientlanmanauth.xml docs-xml/smbdotconf/ldap/clientldapsaslwrapping.xml docs-xml/smbdotconf/protocol/clientmaxprotocol.xml docs-xml/smbdotconf/protocol/clientminprotocol.xml docs-xml/smbdotconf/security/clientnetlogonpingprotocol.xml docs-xml/smbdotconf/security/clientntlmv2auth.xml docs-xml/smbdotconf/security/clientplaintextauth.xml docs-xml/smbdotconf/security/clientprotection.xml docs-xml/smbdotconf/security/clientschannel.xml docs-xml/smbdotconf/security/clientsigning.xml docs-xml/smbdotconf/security/clientsmbencrypt.xml docs-xml/smbdotconf/security/clientsmbencryptionalgos.xml docs-xml/smbdotconf/security/clientsmbsigningalgos.xml docs-xml/smbdotconf/security/clientusekerberos.xml docs-xml/smbdotconf/winbind/clientusekrb5netlogon.xml docs-xml/smbdotconf/protocol/clientusespnego.xml docs-xml/smbdotconf/misc/clusteraddresses.xml docs-xml/smbdotconf/misc/clustering.xml docs-xml/smbdotconf/base/comment.xml docs-xml/smbdotconf/base/configbackend.xml docs-xml/smbdotconf/misc/configfile.xml docs-xml/smbdotconf/misc/copy.xml docs-xml/smbdotconf/winbind/createkrb5conf.xml docs-xml/smbdotconf/security/createmask.xml docs-xml/smbdotconf/locking/cscpolicy.xml docs-xml/smbdotconf/misc/ctdbdsocket.xml docs-xml/smbdotconf/misc/ctdblocktimewarnthreshold.xml docs-xml/smbdotconf/misc/ctdbtimeout.xml docs-xml/smbdotconf/printing/cupsconnectiontimeout.xml docs-xml/smbdotconf/printing/cupsencrypt.xml docs-xml/smbdotconf/printing/cupsoptions.xml docs-xml/smbdotconf/printing/cupsserver.xml docs-xml/smbdotconf/protocol/dcerpcendpointservers.xml docs-xml/smbdotconf/tuning/deadtime.xml docs-xml/smbdotconf/logging/debugclass.xml docs-xml/smbdotconf/security/debugencryption.xml docs-xml/smbdotconf/logging/debughirestimestamp.xml docs-xml/smbdotconf/logging/debugpid.xml docs-xml/smbdotconf/logging/debugprefixtimestamp.xml docs-xml/smbdotconf/logging/debugsyslogformat.xml docs-xml/smbdotconf/logging/debugtraceid.xml docs-xml/smbdotconf/logging/debuguid.xml docs-xml/smbdotconf/security/dedicatedkeytabfile.xml docs-xml/smbdotconf/filename/defaultcase.xml docs-xml/smbdotconf/printing/defaultdevmode.xml docs-xml/smbdotconf/misc/defaultservice.xml docs-xml/smbdotconf/protocol/defersharingviolations.xml docs-xml/smbdotconf/logon/deletegroupscript.xml docs-xml/smbdotconf/printing/deleteprintercommand.xml docs-xml/smbdotconf/misc/deletereadonly.xml docs-xml/smbdotconf/misc/deletesharecommand.xml docs-xml/smbdotconf/logon/deleteuserfromgroupscript.xml docs-xml/smbdotconf/logon/deleteuserscript.xml docs-xml/smbdotconf/filename/deletevetofiles.xml docs-xml/smbdotconf/misc/dfreecachetime.xml docs-xml/smbdotconf/misc/dfreecommand.xml docs-xml/smbdotconf/protocol/dgramport.xml docs-xml/smbdotconf/security/directorymask.xml docs-xml/smbdotconf/security/directorysecuritymask.xml docs-xml/smbdotconf/protocol/disablenetbios.xml docs-xml/smbdotconf/printing/disablespoolss.xml docs-xml/smbdotconf/misc/dmapisupport.xml docs-xml/smbdotconf/misc/dnsclientname.xml docs-xml/smbdotconf/domain/dnsforwarder.xml docs-xml/smbdotconf/protocol/dnsport.xml docs-xml/smbdotconf/wins/dnsproxy.xml docs-xml/smbdotconf/domain/dnsupdatecommand.xml docs-xml/smbdotconf/domain/dnszonescavenging.xml docs-xml/smbdotconf/domain/dnszonetransferclientsallow.xml docs-xml/smbdotconf/domain/dnszonetransferclientsdeny.xml docs-xml/smbdotconf/logon/domainlogons.xml docs-xml/smbdotconf/browse/domainmaster.xml docs-xml/smbdotconf/misc/dontdescend.xml docs-xml/smbdotconf/base/doscharset.xml docs-xml/smbdotconf/misc/dosfilemode.xml docs-xml/smbdotconf/misc/dosfiletimeresolution.xml docs-xml/smbdotconf/misc/dosfiletimes.xml docs-xml/smbdotconf/misc/dsdbeventnotification.xml docs-xml/smbdotconf/misc/dsdbgroupchangenotification.xml docs-xml/smbdotconf/misc/dsdbpasswordeventnotification.xml docs-xml/smbdotconf/protocol/durablehandles.xml docs-xml/smbdotconf/protocol/easupport.xml docs-xml/smbdotconf/misc/elasticsearchaddress.xml docs-xml/smbdotconf/misc/elasticsearchdefaultfields.xml docs-xml/smbdotconf/misc/elasticsearchforcesubstringsearch.xml docs-xml/smbdotconf/misc/elasticsearchignoreunknownattribute.xml docs-xml/smbdotconf/misc/elasticsearchignoreunknowntype.xml docs-xml/smbdotconf/misc/elasticsearchindex.xml docs-xml/smbdotconf/misc/elasticsearchmappings.xml docs-xml/smbdotconf/misc/elasticsearchmaxresults.xml docs-xml/smbdotconf/misc/elasticsearchport.xml docs-xml/smbdotconf/misc/elasticsearchusetls.xml docs-xml/smbdotconf/protocol/enableasusupport.xml docs-xml/smbdotconf/base/enablecorefiles.xml docs-xml/smbdotconf/logon/enableprivileges.xml docs-xml/smbdotconf/printing/enablespoolss.xml docs-xml/smbdotconf/security/encryptpasswords.xml docs-xml/smbdotconf/browse/enhancedbrowsing.xml docs-xml/smbdotconf/printing/enumportscommand.xml docs-xml/smbdotconf/protocol/eventloglist.xml docs-xml/smbdotconf/misc/fakedirectorycreatetimes.xml docs-xml/smbdotconf/locking/fakeoplocks.xml docs-xml/smbdotconf/misc/followsymlinks.xml docs-xml/smbdotconf/locking/force_process_locks.xml docs-xml/smbdotconf/security/forcecreatemode.xml docs-xml/smbdotconf/security/forcedirectorymode.xml docs-xml/smbdotconf/security/forcedirectorysecuritymode.xml docs-xml/smbdotconf/security/forcegroup.xml docs-xml/smbdotconf/printing/forceprintername.xml docs-xml/smbdotconf/security/forcesecuritymode.xml docs-xml/smbdotconf/security/forceunknownacluser.xml docs-xml/smbdotconf/security/forceuser.xml docs-xml/smbdotconf/misc/fssprunestale.xml docs-xml/smbdotconf/misc/fsssequencetimeout.xml docs-xml/smbdotconf/misc/fstype.xml docs-xml/smbdotconf/vfs/getquotacommand.xml docs-xml/smbdotconf/tuning/getwdcache.xml docs-xml/smbdotconf/domain/gpoupdatecommand.xml docs-xml/smbdotconf/security/guestaccount.xml docs-xml/smbdotconf/security/guestok.xml docs-xml/smbdotconf/security/guestonly.xml docs-xml/smbdotconf/filename/hidedotfiles.xml docs-xml/smbdotconf/filename/hidefiles.xml docs-xml/smbdotconf/filename/hidenewfilestimeout.xml docs-xml/smbdotconf/filename/hidespecialfiles.xml docs-xml/smbdotconf/filename/hideunreadable.xml docs-xml/smbdotconf/filename/hideunwriteablefiles.xml docs-xml/smbdotconf/himmelblaud/himmelblaudhelloenabled.xml docs-xml/smbdotconf/himmelblaud/himmelblaudhsmpinpath.xml docs-xml/smbdotconf/himmelblaud/himmelblaudsfafallback.xml docs-xml/smbdotconf/misc/honorchangenotifyprivilege.xml docs-xml/smbdotconf/vfs/hostmsdfs.xml docs-xml/smbdotconf/tuning/hostnamelookups.xml docs-xml/smbdotconf/security/hostsallow.xml docs-xml/smbdotconf/security/hostsdeny.xml docs-xml/smbdotconf/winbind/idmapbackend.xml docs-xml/smbdotconf/winbind/idmapcachetime.xml docs-xml/smbdotconf/winbind/idmapconfig.xml docs-xml/smbdotconf/winbind/idmapgid.xml docs-xml/smbdotconf/winbind/idmapnegativecachetime.xml docs-xml/smbdotconf/winbind/idmapuid.xml docs-xml/smbdotconf/misc/include.xml docs-xml/smbdotconf/winbind/includesystemkrb5conf.xml docs-xml/smbdotconf/security/inheritacls.xml docs-xml/smbdotconf/security/inheritowner.xml docs-xml/smbdotconf/security/inheritpermissions.xml docs-xml/smbdotconf/logon/initlogondelay.xml docs-xml/smbdotconf/logon/initlogondelayedhosts.xml docs-xml/smbdotconf/base/interfaces.xml docs-xml/smbdotconf/security/invalidusers.xml docs-xml/smbdotconf/printing/iprintserver.xml docs-xml/smbdotconf/security/kdcdefaultdomainsupportedenctypes.xml docs-xml/smbdotconf/security/kdcenablefast.xml docs-xml/smbdotconf/security/kdcforceenablerc4weaksessionkeys.xml docs-xml/smbdotconf/security/kdcsupportedenctypes.xml docs-xml/smbdotconf/tuning/keepalive.xml docs-xml/smbdotconf/security/kerberosencryptiontypes.xml docs-xml/smbdotconf/security/kerberosmethod.xml docs-xml/smbdotconf/misc/kernelchangenotify.xml docs-xml/smbdotconf/locking/kerneloplocks.xml docs-xml/smbdotconf/locking/kernelsharemodes.xml docs-xml/smbdotconf/security/kpasswdport.xml docs-xml/smbdotconf/security/krb5port.xml docs-xml/smbdotconf/security/lanmanauth.xml docs-xml/smbdotconf/protocol/largereadwrite.xml docs-xml/smbdotconf/ldap/ldapadmindn.xml docs-xml/smbdotconf/ldap/ldapconnectiontimeout.xml docs-xml/smbdotconf/logging/ldapdebuglevel.xml docs-xml/smbdotconf/logging/ldapdebugthreshold.xml docs-xml/smbdotconf/ldap/ldapdeletedn.xml docs-xml/smbdotconf/ldap/ldapderef.xml docs-xml/smbdotconf/ldap/ldapfollowreferral.xml docs-xml/smbdotconf/ldap/ldapgroupsuffix.xml docs-xml/smbdotconf/ldap/ldapidmapsuffix.xml docs-xml/smbdotconf/ldap/ldapmachinesuffix.xml docs-xml/smbdotconf/ldap/ldapmaxanonrequest.xml docs-xml/smbdotconf/ldap/ldapmaxauthrequest.xml docs-xml/smbdotconf/ldap/ldapmaxsearchrequest.xml docs-xml/smbdotconf/ldap/ldappagesize.xml docs-xml/smbdotconf/ldap/ldappasswdsync.xml docs-xml/smbdotconf/ldap/ldapreplicationsleep.xml docs-xml/smbdotconf/ldap/ldapsameditposix.xml docs-xml/smbdotconf/ldap/ldapsamtrusted.xml docs-xml/smbdotconf/ldap/ldapserverrequirestrongauth.xml docs-xml/smbdotconf/ldap/ldapssl.xml docs-xml/smbdotconf/ldap/ldapsuffix.xml docs-xml/smbdotconf/ldap/ldaptimeout.xml docs-xml/smbdotconf/ldap/ldapusersuffix.xml docs-xml/smbdotconf/locking/level2oplocks.xml docs-xml/smbdotconf/browse/lmannounce.xml docs-xml/smbdotconf/browse/lminterval.xml docs-xml/smbdotconf/printing/loadprinters.xml docs-xml/smbdotconf/browse/localmaster.xml docs-xml/smbdotconf/misc/lockdirectory.xml docs-xml/smbdotconf/locking/locking.xml docs-xml/smbdotconf/locking/lockspintime.xml docs-xml/smbdotconf/logging/logfile.xml docs-xml/smbdotconf/logging/logging.xml docs-xml/smbdotconf/logging/loglevel.xml docs-xml/smbdotconf/security/lognttokencommand.xml docs-xml/smbdotconf/logon/logondrive.xml docs-xml/smbdotconf/logon/logonhome.xml docs-xml/smbdotconf/logon/logonpath.xml docs-xml/smbdotconf/logon/logonscript.xml docs-xml/smbdotconf/misc/logwriteablefilesonexit.xml docs-xml/smbdotconf/printing/lppausecommand.xml docs-xml/smbdotconf/printing/lpqcachetime.xml docs-xml/smbdotconf/printing/lpqcommand.xml docs-xml/smbdotconf/printing/lpresumecommand.xml docs-xml/smbdotconf/printing/lprmcommand.xml docs-xml/smbdotconf/protocol/lsaovernetlogon.xml docs-xml/smbdotconf/domain/machinepasswordtimeout.xml docs-xml/smbdotconf/misc/magicoutput.xml docs-xml/smbdotconf/misc/magicscript.xml docs-xml/smbdotconf/filename/manglednames.xml docs-xml/smbdotconf/filename/mangleprefix.xml docs-xml/smbdotconf/filename/manglingchar.xml docs-xml/smbdotconf/filename/manglingmethod.xml docs-xml/smbdotconf/protocol/mapaclinherit.xml docs-xml/smbdotconf/filename/maparchive.xml docs-xml/smbdotconf/filename/maphidden.xml docs-xml/smbdotconf/filename/mapreadonly.xml docs-xml/smbdotconf/filename/mapsystem.xml docs-xml/smbdotconf/security/maptoguest.xml docs-xml/smbdotconf/tuning/maxconnections.xml docs-xml/smbdotconf/tuning/maxdisksize.xml docs-xml/smbdotconf/logging/maxlogsize.xml docs-xml/smbdotconf/protocol/maxmux.xml docs-xml/smbdotconf/tuning/maxopenfiles.xml docs-xml/smbdotconf/printing/maxprintjobs.xml docs-xml/smbdotconf/printing/maxreportedprintjobs.xml docs-xml/smbdotconf/tuning/maxsmbdprocesses.xml docs-xml/smbdotconf/filename/maxstatcachesize.xml docs-xml/smbdotconf/protocol/maxttl.xml docs-xml/smbdotconf/wins/maxwinsttl.xml docs-xml/smbdotconf/protocol/maxxmit.xml docs-xml/smbdotconf/base/mdnsname.xml docs-xml/smbdotconf/misc/messagecommand.xml docs-xml/smbdotconf/security/mindomainuid.xml docs-xml/smbdotconf/tuning/minprintspace.xml docs-xml/smbdotconf/protocol/minreceivefilesize.xml docs-xml/smbdotconf/wins/minwinsttl.xml docs-xml/smbdotconf/security/mitkdccommand.xml docs-xml/smbdotconf/vfs/msdfsproxy.xml docs-xml/smbdotconf/vfs/msdfsroot.xml docs-xml/smbdotconf/vfs/msdfsshufflereferrals.xml docs-xml/smbdotconf/base/multicastdnsregister.xml docs-xml/smbdotconf/tuning/namecachetimeout.xml docs-xml/smbdotconf/protocol/nameresolveorder.xml docs-xml/smbdotconf/misc/nbtclientsocketaddress.xml docs-xml/smbdotconf/wins/nbtd-wins_prepend1bto1cqueries.xml docs-xml/smbdotconf/wins/nbtd-wins_randomize1clist.xml docs-xml/smbdotconf/wins/nbtd-wins_randomize1clist_mask.xml docs-xml/smbdotconf/protocol/nbtport.xml docs-xml/smbdotconf/misc/ncalrpcdir.xml docs-xml/smbdotconf/base/netbiosaliases.xml docs-xml/smbdotconf/base/netbiosname.xml docs-xml/smbdotconf/base/netbiosscope.xml docs-xml/smbdotconf/winbind/neutralizent4emulation.xml docs-xml/smbdotconf/misc/nmbdbindexplicitbroadcast.xml docs-xml/smbdotconf/domain/nsupdatecommand.xml docs-xml/smbdotconf/security/nt_hash_store.xml docs-xml/smbdotconf/protocol/ntaclsupport.xml docs-xml/smbdotconf/security/ntlmauth.xml docs-xml/smbdotconf/protocol/ntpipesupport.xml docs-xml/smbdotconf/security/ntpsigndsocketdirectory.xml docs-xml/smbdotconf/protocol/ntstatussupport.xml docs-xml/smbdotconf/vfs/ntvfshandler.xml docs-xml/smbdotconf/security/nullpasswords.xml docs-xml/smbdotconf/security/obeypamrestrictions.xml docs-xml/smbdotconf/security/oldpasswordallowedperiod.xml docs-xml/smbdotconf/locking/oplockbreakwaittime.xml docs-xml/smbdotconf/locking/oplocks.xml docs-xml/smbdotconf/printing/os2drivermap.xml docs-xml/smbdotconf/browse/oslevel.xml docs-xml/smbdotconf/security/pampasswordchange.xml docs-xml/smbdotconf/misc/panicaction.xml docs-xml/smbdotconf/security/passdbbackend.xml docs-xml/smbdotconf/security/passdbexpandexplicit.xml docs-xml/smbdotconf/security/passwdchat.xml docs-xml/smbdotconf/security/passwdchatdebug.xml docs-xml/smbdotconf/security/passwdchattimeout.xml docs-xml/smbdotconf/security/passwdprogram.xml docs-xml/smbdotconf/security/passwordhashgpgkeyids.xml docs-xml/smbdotconf/security/passwordhashuserpasswordschemes.xml docs-xml/smbdotconf/security/passwordserver.xml docs-xml/smbdotconf/base/path.xml docs-xml/smbdotconf/misc/perfcountmodule.xml docs-xml/smbdotconf/misc/piddirectory.xml docs-xml/smbdotconf/locking/posixlocking.xml docs-xml/smbdotconf/misc/postexec.xml docs-xml/smbdotconf/misc/preexec.xml docs-xml/smbdotconf/misc/preexecclose.xml docs-xml/smbdotconf/browse/preferredmaster.xml docs-xml/smbdotconf/base/preforkbackoffincrement.xml docs-xml/smbdotconf/base/preforkchildren.xml docs-xml/smbdotconf/base/preforkmaximumbackoff.xml docs-xml/smbdotconf/security/preloadmodules.xml docs-xml/smbdotconf/filename/preservecase.xml docs-xml/smbdotconf/printing/printable.xml docs-xml/smbdotconf/printing/printcapcachetime.xml docs-xml/smbdotconf/printing/printcapname.xml docs-xml/smbdotconf/printing/printcommand.xml docs-xml/smbdotconf/printing/printername.xml docs-xml/smbdotconf/printing/printing.xml docs-xml/smbdotconf/printing/printjobusername.xml docs-xml/smbdotconf/printing/printnotifybackchannel.xml docs-xml/smbdotconf/security/privatedir.xml docs-xml/smbdotconf/printing/queuepausecommand.xml docs-xml/smbdotconf/printing/queueresumecommand.xml docs-xml/smbdotconf/security/rawntlmv2auth.xml docs-xml/smbdotconf/security/readlist.xml docs-xml/smbdotconf/security/readonly.xml docs-xml/smbdotconf/protocol/readraw.xml docs-xml/smbdotconf/base/realm.xml docs-xml/smbdotconf/misc/registryshares.xml docs-xml/smbdotconf/winbind/rejectaesnetlogonservers.xml docs-xml/smbdotconf/logon/rejectmd5clients.xml docs-xml/smbdotconf/winbind/rejectmd5servers.xml docs-xml/smbdotconf/misc/remoteannounce.xml docs-xml/smbdotconf/misc/remotebrowsesync.xml docs-xml/smbdotconf/security/renameuserscript.xml docs-xml/smbdotconf/winbind/requirestrongkey.xml docs-xml/smbdotconf/misc/resetonzerovc.xml docs-xml/smbdotconf/security/restrictanonymous.xml docs-xml/smbdotconf/security/rootdirectory.xml docs-xml/smbdotconf/misc/rootpostexec.xml docs-xml/smbdotconf/misc/rootpreexec.xml docs-xml/smbdotconf/misc/rootpreexecclose.xml docs-xml/smbdotconf/protocol/rpcbigendian.xml docs-xml/smbdotconf/rpc/rpcserverdynamicportrange.xml docs-xml/smbdotconf/protocol/rpcserverport.xml docs-xml/smbdotconf/rpc/rpcstartondemandhelpers.xml docs-xml/smbdotconf/security/sambakcccommand.xml docs-xml/smbdotconf/security/security.xml docs-xml/smbdotconf/security/securitymask.xml docs-xml/smbdotconf/browse/server_addresses.xml docs-xml/smbdotconf/protocol/servermaxprotocol.xml docs-xml/smbdotconf/protocol/serverminprotocol.xml docs-xml/smbdotconf/protocol/servermultichannelsupport.xml docs-xml/smbdotconf/logon/serverrejectaesschannel.xml docs-xml/smbdotconf/security/serverrole.xml docs-xml/smbdotconf/security/serverschannel.xml docs-xml/smbdotconf/security/serverschannelrequireseal.xml docs-xml/smbdotconf/base/serverservices.xml docs-xml/smbdotconf/security/serversigning.xml docs-xml/smbdotconf/security/serversmbencrypt.xml docs-xml/smbdotconf/security/serversmbencryptionalgos.xml docs-xml/smbdotconf/security/serversmbsigningalgos.xml docs-xml/smbdotconf/base/serverstring.xml docs-xml/smbdotconf/security/serversupportkrb5netlogon.xml docs-xml/smbdotconf/logon/setprimarygroupscript.xml docs-xml/smbdotconf/vfs/setquotacommand.xml docs-xml/smbdotconf/protocol/sharefakefscaps.xml docs-xml/smbdotconf/filename/shortpreservecase.xml docs-xml/smbdotconf/printing/showaddprinterwizard.xml docs-xml/smbdotconf/logon/shutdownscript.xml docs-xml/smbdotconf/protocol/smb1unixextensions.xml docs-xml/smbdotconf/protocol/smb2_disable_lock_sequence_checking.xml docs-xml/smbdotconf/protocol/smb2_disable_oplock_break_retry.xml docs-xml/smbdotconf/locking/smb2leases.xml docs-xml/smbdotconf/protocol/smb2maxcredits.xml docs-xml/smbdotconf/protocol/smb2maxread.xml docs-xml/smbdotconf/protocol/smb2maxtrans.xml docs-xml/smbdotconf/protocol/smb2maxwrite.xml docs-xml/smbdotconf/locking/smb3directoryleases.xml docs-xml/smbdotconf/protocol/smb3sharecaps.xml docs-xml/smbdotconf/protocol/smb3unixextensions.xml docs-xml/smbdotconf/misc/smbdasyncdosmode.xml docs-xml/smbdotconf/misc/smbdgetinfoasksharemode.xml docs-xml/smbdotconf/misc/smbdmaxasyncdosmode.xml docs-xml/smbdotconf/misc/smbdmaxxattrsize.xml docs-xml/smbdotconf/misc/smbdprofilinglevel.xml docs-xml/smbdotconf/misc/smbdsearchasksharemode.xml docs-xml/smbdotconf/security/smbencrypt.xml docs-xml/smbdotconf/security/smbpasswdfile.xml docs-xml/smbdotconf/protocol/smbports.xml docs-xml/smbdotconf/tuning/socketoptions.xml docs-xml/smbdotconf/domain/spnupdatecommand.xml docs-xml/smbdotconf/printing/spoolssarchitecture.xml docs-xml/smbdotconf/printing/spoolssosversion.xml docs-xml/smbdotconf/misc/spotlight.xml docs-xml/smbdotconf/misc/spotlight_backend.xml docs-xml/smbdotconf/filename/statcache.xml docs-xml/smbdotconf/misc/statedirectory.xml docs-xml/smbdotconf/filename/storedosattributes.xml docs-xml/smbdotconf/tuning/strictallocate.xml docs-xml/smbdotconf/locking/strictlocking.xml docs-xml/smbdotconf/tuning/strictrename.xml docs-xml/smbdotconf/tuning/strictsync.xml docs-xml/smbdotconf/protocol/svcctllist.xml docs-xml/smbdotconf/tuning/syncalways.xml docs-xml/smbdotconf/security/syncmachinepasswordscript.xml docs-xml/smbdotconf/security/syncmachinepasswordtokeytab.xml docs-xml/smbdotconf/logging/syslog.xml docs-xml/smbdotconf/logging/syslogonly.xml docs-xml/smbdotconf/winbind/templatehomedir.xml docs-xml/smbdotconf/winbind/templateshell.xml docs-xml/smbdotconf/protocol/timeserver.xml docs-xml/smbdotconf/logging/timestamplogs.xml docs-xml/smbdotconf/security/tlscadirs.xml docs-xml/smbdotconf/security/tlscafile.xml docs-xml/smbdotconf/security/tlscertfile.xml docs-xml/smbdotconf/security/tlscrlfile.xml docs-xml/smbdotconf/security/tlsdhparamsfile.xml docs-xml/smbdotconf/security/tlsenabled.xml docs-xml/smbdotconf/security/tlskeyfile.xml docs-xml/smbdotconf/security/tlspriority.xml docs-xml/smbdotconf/security/tlstrustsystemcas.xml docs-xml/smbdotconf/security/tlsverifypeer.xml docs-xml/smbdotconf/protocol/unicode.xml docs-xml/smbdotconf/base/unixcharset.xml docs-xml/smbdotconf/security/unixpasswordsync.xml docs-xml/smbdotconf/printing/useclientdriver.xml docs-xml/smbdotconf/tuning/usemmap.xml docs-xml/smbdotconf/security/usernamelevel.xml docs-xml/smbdotconf/security/usernamemap.xml docs-xml/smbdotconf/security/usernamemapcachetime.xml docs-xml/smbdotconf/security/usernamemapscript.xml docs-xml/smbdotconf/misc/usershareallowguests.xml docs-xml/smbdotconf/misc/usersharemaxshares.xml docs-xml/smbdotconf/misc/usershareowneronly.xml docs-xml/smbdotconf/misc/usersharepath.xml docs-xml/smbdotconf/misc/usershareprefixallowlist.xml docs-xml/smbdotconf/misc/usershareprefixdenylist.xml docs-xml/smbdotconf/misc/usersharetemplateshare.xml docs-xml/smbdotconf/tuning/usesendfile.xml docs-xml/smbdotconf/misc/utmp.xml docs-xml/smbdotconf/misc/utmpdirectory.xml docs-xml/smbdotconf/misc/valid.xml docs-xml/smbdotconf/security/validusers.xml docs-xml/smbdotconf/filename/vetofiles.xml docs-xml/smbdotconf/filename/vetooplockfiles.xml docs-xml/smbdotconf/vfs/vfsmkdirusetmpname.xml docs-xml/smbdotconf/vfs/vfsobjects.xml docs-xml/smbdotconf/misc/volume.xml docs-xml/smbdotconf/misc/volumeserialnumber.xml docs-xml/smbdotconf/misc/widelinks.xml docs-xml/smbdotconf/winbind/winbindcachetime.xml docs-xml/smbdotconf/winbind/winbinddsocketdirectory.xml docs-xml/smbdotconf/winbind/winbindenumgroups.xml docs-xml/smbdotconf/winbind/winbindenumusers.xml docs-xml/smbdotconf/winbind/winbindexpandgroups.xml docs-xml/smbdotconf/winbind/winbindignoredomains.xml docs-xml/smbdotconf/winbind/winbindmaxclients.xml docs-xml/smbdotconf/winbind/winbindmaxdomainconnections.xml docs-xml/smbdotconf/winbind/winbindnestedgroups.xml docs-xml/smbdotconf/winbind/winbindnormalizenames.xml docs-xml/smbdotconf/winbind/winbindnssinfo.xml docs-xml/smbdotconf/winbind/winbindofflinelogon.xml docs-xml/smbdotconf/winbind/winbindreconnectdelay.xml docs-xml/smbdotconf/winbind/winbindrefreshtickets.xml docs-xml/smbdotconf/winbind/winbindrequesttimeout.xml docs-xml/smbdotconf/winbind/winbindrpconly.xml docs-xml/smbdotconf/winbind/winbindscantrusteddomains.xml docs-xml/smbdotconf/winbind/winbindsealedpipes.xml docs-xml/smbdotconf/winbind/winbindseparator.xml docs-xml/smbdotconf/winbind/winbindusedefaultdomain.xml docs-xml/smbdotconf/winbind/winbindusekrb5enterpriseprincipals.xml docs-xml/smbdotconf/wins/winsdb-localowner.xml docs-xml/smbdotconf/wins/winsdb-nosync.xml docs-xml/smbdotconf/wins/winshook.xml docs-xml/smbdotconf/wins/winsproxy.xml docs-xml/smbdotconf/wins/winsserver.xml docs-xml/smbdotconf/wins/winssupport.xml docs-xml/smbdotconf/base/workgroup.xml docs-xml/smbdotconf/wins/wreplsrv-periodic_interval.xml docs-xml/smbdotconf/wins/wreplsrv-propagate_name_releases.xml docs-xml/smbdotconf/wins/wreplsrv-scavenging_interval.xml docs-xml/smbdotconf/wins/wreplsrv-tombstone_extra_timeout.xml docs-xml/smbdotconf/wins/wreplsrv-tombstone_interval.xml docs-xml/smbdotconf/wins/wreplsrv-tombstone_timeout.xml docs-xml/smbdotconf/wins/wreplsrv-verify_interval.xml docs-xml/smbdotconf/security/writeable.xml docs-xml/smbdotconf/security/writelist.xml docs-xml/smbdotconf/protocol/writeraw.xml docs-xml/smbdotconf/misc/wspproperties.xml docs-xml/smbdotconf/misc/wtmpdirectory.xml -> bin/default/docs-xml/build/DTD/samba.build.pathconfig
[  6/210] Compiling lib/fuzzing/fuzz_ndr_X.c
[  7/210] Compiling lib/fuzzing/fuzz_ndr_X.c
[  8/210] Compiling lib/fuzzing/fuzz_ndr_X.c
[  9/210] Compiling lib/fuzzing/fuzz_ndr_X.c
[ 10/210] Compiling lib/fuzzing/fuzz_ndr_X.c
[ 11/210] Compiling lib/fuzzing/fuzz_ndr_X.c
[ 12/210] Compiling lib/fuzzing/fuzz_ndr_X.c
[ 13/210] Compiling lib/fuzzing/fuzz_ndr_X.c
[ 14/210] Compiling lib/fuzzing/fuzz_ndr_X.c
[ 15/210] Compiling lib/fuzzing/fuzz_ndr_X.c
[ 16/210] Compiling lib/fuzzing/fuzz_ndr_X.c
[ 17/210] Compiling lib/fuzzing/fuzz_ndr_X.c
[ 18/210] Compiling lib/fuzzing/fuzz_ndr_X.c
[ 19/210] Compiling lib/fuzzing/fuzz_ndr_X.c
[ 20/210] Compiling lib/fuzzing/fuzz_ndr_X.c
[ 21/210] Compiling lib/fuzzing/fuzz_ndr_X.c
[ 22/210] Creating bin/default/lib/replace/replace.empty.c
[ 23/210] Creating bin/default/lib/ldb/include/ldb_version.h
[ 24/210] Creating bin/default/source4/param/shares.empty.c
[ 25/210] Compiling lib/fuzzing/fuzz_ndr_X.c
[ 26/210] Compiling lib/fuzzing/fuzz_ndr_X.c
[ 27/210] Compiling lib/fuzzing/fuzz_ndr_X.c
[ 28/210] Compiling lib/fuzzing/fuzz_ndr_X.c
[ 29/210] Compiling lib/fuzzing/fuzz_ndr_X.c
[ 30/210] Compiling lib/fuzzing/fuzz_ndr_X.c
[ 31/210] Compiling lib/fuzzing/fuzz_ndr_X.c
[ 32/210] Compiling lib/fuzzing/fuzz_ndr_X.c
[ 33/210] Compiling lib/fuzzing/fuzz_ndr_X.c
[ 34/210] Compiling lib/fuzzing/fuzz_ndr_X.c
[ 35/210] Compiling lib/fuzzing/fuzz_ndr_X.c
[ 36/210] Compiling lib/fuzzing/fuzz_ndr_X.c
[ 37/210] Compiling lib/fuzzing/fuzz_ndr_X.c
[ 38/210] Compiling lib/fuzzing/fuzz_ndr_X.c
[ 39/210] Compiling lib/fuzzing/fuzz_ndr_X.c
[ 40/210] Compiling lib/fuzzing/fuzz_ndr_X.c
[ 41/210] Compiling lib/fuzzing/fuzz_ndr_X.c
[ 42/210] Compiling lib/fuzzing/fuzz_ndr_X.c
[ 43/210] Compiling lib/fuzzing/fuzz_ndr_X.c
[ 44/210] Compiling lib/fuzzing/fuzz_ndr_X.c
[ 45/210] Compiling lib/fuzzing/fuzz_ndr_X.c
[ 46/210] Compiling lib/fuzzing/fuzz_ndr_X.c
[ 47/210] Compiling lib/fuzzing/fuzz_ndr_X.c
[ 48/210] Compiling lib/fuzzing/fuzz_ndr_X.c
[ 49/210] Compiling lib/fuzzing/fuzz_ndr_X.c
[ 50/210] Compiling lib/fuzzing/fuzz_ndr_X.c
[ 51/210] Compiling lib/fuzzing/fuzz_ndr_X.c
[ 52/210] Compiling lib/fuzzing/fuzz_ndr_X.c
[ 53/210] Compiling lib/fuzzing/fuzz_ndr_X.c
[ 54/210] Compiling lib/fuzzing/fuzz_ndr_X.c
[ 55/210] Compiling lib/fuzzing/fuzz_ndr_X.c
[ 56/210] Compiling lib/fuzzing/fuzz_ndr_X.c
[ 57/210] Compiling lib/fuzzing/fuzz_ndr_X.c
[ 58/210] Compiling lib/fuzzing/fuzz_ndr_X.c
[ 59/210] Compiling lib/fuzzing/fuzz_ndr_X.c
[ 60/210] Compiling lib/fuzzing/fuzz_ndr_X.c
[ 61/210] Compiling lib/fuzzing/fuzz_ndr_X.c
[ 62/210] Compiling lib/fuzzing/fuzz_ndr_X.c
[ 63/210] Compiling lib/fuzzing/fuzz_ndr_X.c
[ 64/210] Compiling lib/fuzzing/fuzz_ndr_X.c
[ 65/210] Compiling lib/fuzzing/fuzz_ndr_X.c
[ 66/210] Compiling lib/fuzzing/fuzz_ndr_X.c
[ 67/210] Compiling lib/fuzzing/fuzz_ndr_X.c
[ 68/210] Compiling lib/fuzzing/fuzz_ndr_X.c
[ 69/210] Compiling lib/fuzzing/fuzz_ndr_X.c
[ 70/210] Compiling lib/fuzzing/fuzz_ndr_X.c
[ 71/210] Compiling lib/fuzzing/fuzz_ndr_X.c
[ 72/210] Compiling lib/fuzzing/fuzz_ndr_X.c
[ 73/210] Compiling lib/fuzzing/fuzz_ndr_X.c
[ 74/210] Compiling lib/fuzzing/fuzz_ndr_X.c
[ 75/210] Compiling lib/fuzzing/fuzz_ndr_X.c
[ 76/210] Compiling lib/fuzzing/fuzz_ndr_X.c
[ 77/210] Compiling lib/fuzzing/fuzz_ndr_X.c
[ 78/210] Compiling lib/fuzzing/fuzz_ndr_X.c
[ 79/210] Compiling lib/fuzzing/fuzz_ndr_X.c
[ 80/210] Compiling lib/fuzzing/fuzz_ndr_X.c
[ 81/210] Compiling lib/fuzzing/fuzz_ndr_X.c
[ 82/210] Compiling lib/fuzzing/fuzz_ndr_X.c
[ 83/210] Compiling lib/fuzzing/fuzz_ndr_X.c
[ 84/210] Compiling lib/fuzzing/fuzz_ndr_X.c
[ 85/210] Compiling lib/fuzzing/fuzz_ndr_X.c
[ 86/210] Compiling lib/fuzzing/fuzz_ndr_X.c
[ 87/210] Compiling lib/fuzzing/fuzz_ndr_X.c
[ 88/210] Compiling lib/fuzzing/fuzz_ndr_X.c
[ 89/210] Compiling lib/fuzzing/fuzz_ndr_X.c
[ 90/210] Compiling lib/fuzzing/fuzz_ndr_X.c
[ 91/210] Compiling lib/fuzzing/fuzz_ndr_X.c
[ 92/210] Compiling lib/fuzzing/fuzz_ndr_X.c
[ 93/210] Compiling lib/fuzzing/fuzz_ndr_X.c
[ 94/210] Compiling lib/fuzzing/fuzz_ndr_X.c
[ 95/210] Compiling lib/fuzzing/fuzz_ndr_X.c
[ 96/210] Compiling lib/fuzzing/fuzz_ndr_X.c
[ 97/210] Compiling lib/fuzzing/fuzz_ndr_X.c
[ 98/210] Compiling lib/fuzzing/fuzz_ndr_X.c
[ 99/210] Compiling lib/fuzzing/fuzz_ndr_X.c
[100/210] Compiling lib/fuzzing/fuzz_ndr_X.c
[101/210] Compiling lib/fuzzing/fuzz_ndr_X.c
[102/210] Compiling lib/fuzzing/fuzz_ndr_X.c
[103/210] Compiling lib/fuzzing/fuzz_ndr_X.c
[104/210] Compiling lib/fuzzing/fuzz_ndr_X.c
[105/210] Compiling lib/fuzzing/fuzz_ndr_X.c
[106/210] Compiling lib/fuzzing/fuzz_ndr_X.c
[107/210] Compiling lib/fuzzing/fuzz_ndr_X.c
[108/210] Compiling lib/fuzzing/fuzz_ndr_X.c
[109/210] Compiling lib/fuzzing/fuzz_ndr_X.c
[110/210] Compiling lib/fuzzing/fuzz_ndr_X.c
[111/210] Compiling lib/fuzzing/fuzz_ndr_X.c
[112/210] Compiling lib/fuzzing/fuzz_ndr_X.c
[113/210] Compiling lib/fuzzing/fuzz_ndr_X.c
[114/210] Compiling lib/fuzzing/fuzz_ndr_X.c
[115/210] Compiling lib/fuzzing/fuzz_ndr_X.c
[116/210] Compiling lib/fuzzing/fuzz_ndr_X.c
[117/210] Compiling lib/fuzzing/fuzz_ndr_X.c
[118/210] Compiling lib/fuzzing/fuzz_ndr_X.c
[119/210] Compiling lib/fuzzing/fuzz_ndr_X.c
[120/210] Compiling lib/fuzzing/fuzz_ndr_X.c
[121/210] Compiling lib/fuzzing/fuzz_ndr_X.c
[122/210] Compiling lib/fuzzing/fuzz_ndr_X.c
[123/210] Compiling lib/fuzzing/fuzz_ndr_X.c
[124/210] Compiling lib/fuzzing/fuzz_ndr_X.c
[125/210] Compiling lib/fuzzing/fuzz_ndr_X.c
[126/210] Compiling lib/fuzzing/fuzz_ndr_X.c
[127/210] Compiling lib/fuzzing/fuzz_ndr_X.c
[128/210] Compiling lib/fuzzing/fuzz_ndr_X.c
[129/210] Compiling lib/fuzzing/fuzz_ndr_X.c
[130/210] Compiling lib/fuzzing/fuzz_ndr_X.c
[131/210] Compiling lib/fuzzing/fuzz_ndr_X.c
[132/210] Compiling lib/fuzzing/fuzz_ndr_X.c
[133/210] Compiling lib/fuzzing/fuzz_ndr_X.c
[134/210] Compiling lib/fuzzing/fuzz_ndr_X.c
[135/210] Compiling lib/fuzzing/fuzz_ndr_X.c
[136/210] Compiling lib/fuzzing/fuzz_ndr_X.c
[137/210] Compiling lib/fuzzing/fuzz_ndr_X.c
[138/210] Compiling lib/fuzzing/fuzz_ndr_X.c
[139/210] Compiling lib/fuzzing/fuzz_ndr_X.c
[140/210] Compiling lib/fuzzing/fuzz_ndr_X.c
[141/210] Compiling lib/fuzzing/fuzz_ndr_X.c
[142/210] Compiling lib/fuzzing/fuzz_ndr_X.c
[143/210] Compiling lib/fuzzing/fuzz_ndr_X.c
[144/210] Compiling lib/fuzzing/fuzz_ndr_X.c
[145/210] Compiling lib/fuzzing/fuzz_ndr_X.c
[146/210] Creating bin/default/source4/librpc/ndr-samba4.empty.c
[147/210] Creating bin/default/source4/librpc/dcerpc-samba4.empty.c
[148/210] Creating bin/default/source4/librpc/dcerpc-samr.empty.c
[149/210] Creating bin/default/source4/dsdb/samdb/ldb_modules/dsdb-module.empty.c
[150/210] Creating bin/default/auth/ntlmssp/gensec_ntlmssp.empty.c
[151/210] Compiling nsswitch/libwbclient/wbclient.pc.in
[152/210] Compiling lib/util/samba-util.pc.in
[153/210] Creating bin/default/librpc/NDR_KRB5PAC.empty.c
[154/210] Compiling librpc/ndr_krb5pac.pc.in
[155/210] Creating bin/default/librpc/ndr-standard.empty.c
[156/210] Compiling librpc/ndr_standard.pc.in
[157/210] Creating bin/default/librpc/NDR_NBT.empty.c
[158/210] Compiling librpc/ndr_nbt.pc.in
[159/210] Creating bin/default/librpc/ndr-samba.empty.c
[160/210] Creating bin/default/librpc/dcerpc-samba.empty.c
[161/210] Creating bin/default/librpc/NDR_MISC.empty.c
[162/210] Compiling librpc/ndr.pc.in
[163/210] Creating bin/default/libcli/auth/cliauth.empty.c
[164/210] Creating bin/default/third_party/heimdal_build/gssapi.empty.c
[165/210] Creating bin/default/third_party/heimdal_build/asn1.empty.c
[166/210] Processing HEIMDAL_ERRORLIST: third_party/heimdal/lib/wind/gen-errorlist.py third_party/heimdal/lib/wind/rfc3454.txt third_party/heimdal/lib/wind/stringprep.py -> bin/default/third_party/heimdal/lib/wind/errorlist_table.c bin/default/third_party/heimdal/lib/wind/errorlist_table.h
[167/210] Processing HEIMDAL_NORMALIZE_TABLE: third_party/heimdal/lib/wind/gen-normalize.py third_party/heimdal/lib/wind/UnicodeData.txt third_party/heimdal/lib/wind/CompositionExclusions-3.2.0.txt -> bin/default/third_party/heimdal/lib/wind/normalize_table.h bin/default/third_party/heimdal/lib/wind/normalize_table.c
[168/210] Processing HEIMDAL_COMBINING_TABLE: third_party/heimdal/lib/wind/gen-combining.py third_party/heimdal/lib/wind/UnicodeData.txt -> bin/default/third_party/heimdal/lib/wind/combining_table.h bin/default/third_party/heimdal/lib/wind/combining_table.c
[169/210] Processing HEIMDAL_BIDI_TABLE: third_party/heimdal/lib/wind/gen-bidi.py third_party/heimdal/lib/wind/rfc3454.txt -> bin/default/third_party/heimdal/lib/wind/bidi_table.h bin/default/third_party/heimdal/lib/wind/bidi_table.c
[170/210] Processing HEIMDAL_MAP_TABLE: third_party/heimdal/lib/wind/gen-map.py third_party/heimdal/lib/wind/stringprep.py third_party/heimdal/lib/wind/rfc3454.txt -> bin/default/third_party/heimdal/lib/wind/map_table.h bin/default/third_party/heimdal/lib/wind/map_table.c
[171/210] Creating bin/default/third_party/heimdal_build/asn1_compile.objlist.empty.c
[172/210] Creating bin/default/third_party/heimdal_build/compile_et.objlist.empty.c
[173/210] Creating bin/default/third_party/heimdal_build/samba4kinit.objlist.empty.c
[174/210] Creating bin/default/third_party/heimdal_build/samba4kgetcred.objlist.empty.c
[175/210] Creating bin/default/third_party/heimdal_build/samba4kpasswd.objlist.empty.c
[176/210] Creating bin/default/third_party/heimdal_build/gssapi_krb5.empty.c
[177/210] Creating bin/default/third_party/heimdal_build/k5crypto.empty.c
[178/210] Creating bin/default/lib/samba-sockets.empty.c
[179/210] Creating bin/default/source3/smbd/build_options.c
[180/210] Compiling source3/libnet/netapi.pc.in
[181/210] Creating bin/default/source3/samba-passdb.empty.c
[182/210] Compiling lib/fuzzing/fuzz_ndr_X.c
[183/210] Compiling lib/fuzzing/fuzz_ndr_X.c
[184/210] Compiling lib/fuzzing/fuzz_ndr_X.c
[185/210] Compiling lib/fuzzing/fuzz_ndr_X.c
[186/210] Compiling lib/fuzzing/fuzz_ndr_X.c
[187/210] Compiling lib/fuzzing/fuzz_ndr_X.c
[188/210] Compiling lib/fuzzing/fuzz_ndr_X.c
[189/210] Compiling lib/fuzzing/fuzz_ndr_X.c
[190/210] Compiling lib/fuzzing/fuzz_ndr_X.c
[191/210] Compiling lib/fuzzing/fuzz_ndr_X.c
[192/210] Compiling lib/fuzzing/fuzz_ndr_X.c
[193/210] Compiling lib/fuzzing/fuzz_ndr_X.c
[194/210] Compiling lib/fuzzing/fuzz_ndr_X.c
[195/210] Compiling lib/fuzzing/fuzz_ndr_X.c
[196/210] Compiling lib/fuzzing/fuzz_ndr_X.c
[197/210] Compiling lib/fuzzing/fuzz_ndr_X.c
[198/210] Compiling lib/fuzzing/fuzz_ndr_X.c
[199/210] Compiling lib/fuzzing/fuzz_ndr_X.c
[200/210] Compiling source3/libsmb/smbclient.pc.in
[201/210] Creating bin/default/source3/modules/vfs.empty.c
[202/210] Creating bin/default/source3/modules/perfcount.empty.c
[203/210] Creating bin/default/source3/rpc_server/rpc.empty.c
[204/210] Creating bin/default/source3/rpc_server/RPC_SERVER.empty.c
[205/210] Creating bin/default/source3/rpc_server/RPC_SERVICE.empty.c
[206/210] Compiling packaging/systemd/smb.service.in
[207/210] Compiling packaging/systemd/nmb.service.in
[208/210] Compiling packaging/systemd/winbind.service.in
[209/210] Compiling packaging/systemd/samba.service.in
[210/210] Compiling packaging/systemd/samba-bgqd.service.in
fooresult B.1,rfc4518-map

[211/257] Processing third_party/heimdal/lib/com_err/parse.y
[212/257] Compiling third_party/heimdal/lib/com_err/lex.l
[213/257] Compiling lib/replace/replace.c
[214/257] Compiling third_party/heimdal/lib/roken/ecalloc.c
[215/257] Compiling third_party/heimdal/lib/roken/timeval.c
[216/257] Compiling third_party/heimdal/lib/roken/mergesort_r.c
[217/257] Compiling third_party/heimdal/lib/roken/bswap.c
[218/257] Compiling third_party/heimdal/lib/roken/rtbl.c
[219/257] Compiling third_party/heimdal/lib/roken/net_read.c
[220/257] Compiling third_party/heimdal/lib/roken/strsep_copy.c
[221/257] Compiling third_party/heimdal/lib/roken/getauxval.c
[222/257] Compiling third_party/heimdal/lib/roken/mergesort.c
[223/257] Compiling third_party/heimdal/lib/roken/emalloc.c
[224/257] Compiling third_party/heimdal/lib/roken/ct.c
[225/257] Compiling third_party/heimdal/lib/roken/get_window_size.c
[226/257] Compiling third_party/heimdal/lib/roken/estrdup.c
[227/257] Compiling third_party/heimdal/lib/roken/issuid.c
[228/257] Compiling third_party/heimdal/lib/roken/getarg.c
[229/257] Compiling third_party/heimdal/lib/roken/simple_exec.c
[230/257] Compiling third_party/heimdal/lib/roken/net_write.c
[231/257] Compiling third_party/heimdal/lib/roken/parse_time.c
[232/257] Compiling third_party/heimdal/lib/roken/clz.c
[233/257] Compiling third_party/heimdal/lib/roken/secure_getenv.c
[234/257] Compiling third_party/heimdal/lib/roken/strupr.c
[235/257] Compiling third_party/heimdal/lib/roken/base64.c
[236/257] Compiling third_party/heimdal/lib/roken/getdtablesize.c
[237/257] Compiling third_party/heimdal/lib/roken/h_errno.c
[238/257] Compiling third_party/heimdal_build/replace.c
[239/257] Compiling third_party/heimdal/lib/roken/xfree.c
[240/257] Compiling third_party/heimdal/lib/roken/parse_units.c
[241/257] Compiling third_party/heimdal/lib/roken/strlwr.c
[242/257] Compiling third_party/heimdal/lib/roken/strcollect.c
[243/257] Compiling third_party/heimdal/lib/roken/strpool.c
[244/257] Compiling third_party/heimdal/lib/roken/rand.c
[245/257] Compiling third_party/heimdal/lib/roken/cloexec.c
[246/257] Compiling third_party/heimdal/lib/roken/strsep.c
[247/257] Compiling third_party/heimdal/lib/roken/dumpdata.c
[248/257] Compiling third_party/heimdal/lib/roken/vis.c
[249/257] Compiling third_party/heimdal/lib/roken/erealloc.c
[250/257] Compiling third_party/heimdal/lib/roken/hex.c
[251/257] Compiling third_party/heimdal/lib/vers/print_version.c
[252/257] Compiling third_party/heimdal_build/version.c
[253/257] Compiling bin/default/third_party/heimdal/lib/com_err/parse.tab.c
[254/257] Compiling bin/default/third_party/heimdal/lib/com_err/lex.lex.c
[255/257] Compiling third_party/heimdal/lib/com_err/compile_et.c
[256/257] Compiling bin/default/third_party/heimdal_build/compile_et.objlist.empty.c
third_party/heimdal/lib/com_err/parse.tab.c: In function 'yyparse':
third_party/heimdal/lib/com_err/parse.tab.c:1157:21: warning: ignoring return value of 'asprintf' declared with attribute 'warn_unused_result' [-Wunused-result]
 1157 |                     asprintf (&prefix, "%s_", (yyvsp[0].string));
      |                     ^~~~~~~~~~~~~~~~~~~~~~~~~~~~~~~~~~~~~~~~~~~~
third_party/heimdal/lib/com_err/parse.tab.c:1183:25: warning: ignoring return value of 'asprintf' declared with attribute 'warn_unused_result' [-Wunused-result]
 1183 |                         asprintf (&ec->name, "%s%s", prefix, (yyvsp[-2].string));
      |                         ^~~~~~~~~~~~~~~~~~~~~~~~~~~~~~~~~~~~~~~~~~~~~~~~~~~~~~~~

[257/257] Linking bin/default/third_party/heimdal_build/compile_et
[258/273] Processing HEIMDAL_HEIM_ERR_ET: third_party/heimdal/lib/base/heim_err.et third_party/heimdal_build/et_compile_wrapper.sh -> bin/default/third_party/heimdal/lib/base/heim_err.c bin/default/third_party/heimdal/lib/base/heim_err.h
[259/273] Processing HEIMNTLM_ET: third_party/heimdal/lib/ntlm/ntlm_err.et third_party/heimdal_build/et_compile_wrapper.sh -> bin/default/third_party/heimdal/lib/ntlm/ntlm_err.c bin/default/third_party/heimdal/lib/ntlm/ntlm_err.h
[260/273] Processing HEIMDAL_HDB_ERR_ET: third_party/heimdal/lib/hdb/hdb_err.et third_party/heimdal_build/et_compile_wrapper.sh -> bin/default/third_party/heimdal/lib/hdb/hdb_err.c bin/default/third_party/heimdal/lib/hdb/hdb_err.h
[261/273] Processing HEIMDAL_NEGOEX_ERR_ET: third_party/heimdal/lib/gssapi/spnego/negoex_err.et third_party/heimdal_build/et_compile_wrapper.sh -> bin/default/third_party/heimdal/lib/gssapi/spnego/negoex_err.c bin/default/third_party/heimdal/lib/gssapi/spnego/negoex_err.h
[262/273] Processing HEIMDAL_GKRB5_ERR_ET: third_party/heimdal/lib/gssapi/krb5/gkrb5_err.et third_party/heimdal_build/et_compile_wrapper.sh -> bin/default/third_party/heimdal/lib/gssapi/krb5/gkrb5_err.c bin/default/third_party/heimdal/lib/gssapi/krb5/gkrb5_err.h
[263/273] Processing HEIMDAL_KRB5_ERR_ET: third_party/heimdal/lib/krb5/krb5_err.et third_party/heimdal_build/et_compile_wrapper.sh -> bin/default/third_party/heimdal/lib/krb5/krb5_err.c bin/default/third_party/heimdal/lib/krb5/krb5_err.h
[264/273] Processing HEIMDAL_KRB_ERR_ET: third_party/heimdal/lib/krb5/krb_err.et third_party/heimdal_build/et_compile_wrapper.sh -> bin/default/third_party/heimdal/lib/krb5/krb_err.c bin/default/third_party/heimdal/lib/krb5/krb_err.h
[265/273] Processing HEIMDAL_K524_ERR_ET: third_party/heimdal/lib/krb5/k524_err.et third_party/heimdal_build/et_compile_wrapper.sh -> bin/default/third_party/heimdal/lib/krb5/k524_err.c bin/default/third_party/heimdal/lib/krb5/k524_err.h
[266/273] Processing HEIMDAL_K5E1_ERR_ET: third_party/heimdal/lib/krb5/k5e1_err.et third_party/heimdal_build/et_compile_wrapper.sh -> bin/default/third_party/heimdal/lib/krb5/k5e1_err.c bin/default/third_party/heimdal/lib/krb5/k5e1_err.h
[267/273] Processing HEIMDAL_KX509_ERR_ET: third_party/heimdal/lib/krb5/kx509_err.et third_party/heimdal_build/et_compile_wrapper.sh -> bin/default/third_party/heimdal/lib/krb5/kx509_err.c bin/default/third_party/heimdal/lib/krb5/kx509_err.h
[268/273] Processing ../heimdal/lib/asn1/der-protos.h: third_party/heimdal/lib/asn1/der_get.c third_party/heimdal/lib/asn1/der_put.c third_party/heimdal/lib/asn1/der_free.c third_party/heimdal/lib/asn1/der_format.c third_party/heimdal/lib/asn1/der_length.c third_party/heimdal/lib/asn1/der_copy.c third_party/heimdal/lib/asn1/der_cmp.c third_party/heimdal/lib/asn1/der_print.c third_party/heimdal/lib/asn1/extra.c third_party/heimdal/lib/asn1/timegm.c third_party/heimdal/lib/asn1/template.c third_party/heimdal/lib/asn1/oid_resolution.c -> bin/default/third_party/heimdal/lib/asn1/der-protos.h
[269/273] Processing ../heimdal/lib/asn1/der-private.h: third_party/heimdal/lib/asn1/der_get.c third_party/heimdal/lib/asn1/der_put.c third_party/heimdal/lib/asn1/der_free.c third_party/heimdal/lib/asn1/der_format.c third_party/heimdal/lib/asn1/der_length.c third_party/heimdal/lib/asn1/der_copy.c third_party/heimdal/lib/asn1/der_cmp.c third_party/heimdal/lib/asn1/der_print.c third_party/heimdal/lib/asn1/extra.c third_party/heimdal/lib/asn1/timegm.c third_party/heimdal/lib/asn1/template.c third_party/heimdal/lib/asn1/oid_resolution.c -> bin/default/third_party/heimdal/lib/asn1/der-private.h
[270/273] Processing HEIMDAL_ASN1_ERR_ET: third_party/heimdal/lib/asn1/asn1_err.et third_party/heimdal_build/et_compile_wrapper.sh -> bin/default/third_party/heimdal/lib/asn1/asn1_err.c bin/default/third_party/heimdal/lib/asn1/asn1_err.h
[271/273] Processing ../heimdal/lib/base/heimbase-protos.h: third_party/heimdal/lib/base/array.c third_party/heimdal/lib/base/bool.c third_party/heimdal/lib/base/bsearch.c third_party/heimdal/lib/base/data.c third_party/heimdal/lib/base/db.c third_party/heimdal/lib/base/dict.c third_party/heimdal/lib/base/error.c third_party/heimdal/lib/base/heimbase.c third_party/heimdal/lib/base/string.c third_party/heimdal/lib/base/number.c third_party/heimdal/lib/base/null.c third_party/heimdal/lib/base/json.c bin/default/third_party/heimdal/lib/base/heim_err.c third_party/heimdal/lib/base/config_file.c third_party/heimdal/lib/base/context.c third_party/heimdal/lib/base/error_string.c third_party/heimdal/lib/base/expand_path.c third_party/heimdal/lib/base/log.c third_party/heimdal/lib/base/plugin.c third_party/heimdal/lib/base/warn.c -> bin/default/third_party/heimdal/lib/base/heimbase-protos.h
[272/273] Processing HEIMDAL_HX509_ERR_ET: third_party/heimdal/lib/hx509/hx509_err.et third_party/heimdal_build/et_compile_wrapper.sh -> bin/default/third_party/heimdal/lib/hx509/hx509_err.c bin/default/third_party/heimdal/lib/hx509/hx509_err.h
updating /mnt/build_wrt/build_dir/hostpkg/samba-4.22.7/bin/default/third_party/heimdal/lib/asn1/der-private.h

[273/273] Processing WIND_ERR_ET: third_party/heimdal/lib/wind/wind_err.et third_party/heimdal_build/et_compile_wrapper.sh -> bin/default/third_party/heimdal/lib/wind/wind_err.c bin/default/third_party/heimdal/lib/wind/wind_err.h
updating /mnt/build_wrt/build_dir/hostpkg/samba-4.22.7/bin/default/third_party/heimdal/lib/asn1/der-protos.h

updating /mnt/build_wrt/build_dir/hostpkg/samba-4.22.7/bin/default/third_party/heimdal/lib/base/heimbase-protos.h

[274/307] Processing third_party/heimdal/lib/asn1/asn1parse.y
[275/307] Compiling third_party/heimdal/lib/asn1/lex.l
[276/307] Compiling third_party/heimdal/lib/base/string.c
[277/307] Compiling third_party/heimdal/lib/base/json.c
[278/307] Compiling third_party/heimdal/lib/base/db.c
[279/307] Compiling third_party/heimdal/lib/com_err/error.c
[280/307] Compiling bin/default/third_party/heimdal/lib/base/heim_err.c
[281/307] Compiling third_party/heimdal/lib/base/bool.c
third_party/heimdal/lib/base/heim_err.c: In function 'initialize_heim_error_table_r':
third_party/heimdal/lib/base/heim_err.c:212:36: warning: passing argument 2 of 'initialize_error_table_r' discards 'const' qualifier from pointer target type [-Wdiscarded-qualifiers]
  212 |     initialize_error_table_r(list, heim_error_strings, num_errors, ERROR_TABLE_BASE_heim);
      |                                    ^~~~~~~~~~~~~~~~~~
In file included from third_party/heimdal/lib/base/heim_err.c:6:
../../../../../staging_dir/host/include/com_err.h:57:51: note: expected 'const char **' but argument is of type 'const char * const*'
   57 |                                      const char **messages,
      |                                      ~~~~~~~~~~~~~^~~~~~~~

[282/307] Compiling third_party/heimdal/lib/base/dict.c
[283/307] Compiling third_party/heimdal/lib/base/heimbase.c
[284/307] Compiling third_party/heimdal/lib/com_err/com_err.c
[285/307] Compiling third_party/heimdal/lib/base/number.c
[286/307] Compiling third_party/heimdal/lib/base/bsearch.c
[287/307] Compiling third_party/heimdal/lib/base/array.c
[288/307] Compiling third_party/heimdal/lib/base/data.c
[289/307] Compiling third_party/heimdal/lib/base/null.c
[290/307] Compiling third_party/heimdal/lib/base/error.c
[291/307] Compiling third_party/heimdal/lib/asn1/gen.c
[292/307] Compiling third_party/heimdal/lib/asn1/gen_template.c
[293/307] Compiling third_party/heimdal/lib/asn1/hash.c
[294/307] Compiling third_party/heimdal/lib/asn1/gen_length.c
[295/307] Compiling bin/default/third_party/heimdal/lib/asn1/asn1parse.tab.c
[296/307] Compiling third_party/heimdal/lib/asn1/symbol.c
[297/307] Compiling third_party/heimdal/lib/asn1/gen_seq.c
[298/307] Compiling third_party/heimdal/lib/asn1/main.c
[299/307] Compiling third_party/heimdal/lib/asn1/gen_print.c
[300/307] Compiling bin/default/third_party/heimdal/lib/asn1/lex.lex.c
[301/307] Compiling third_party/heimdal/lib/asn1/gen_copy.c
[302/307] Compiling third_party/heimdal/lib/asn1/gen_free.c
[303/307] Compiling third_party/heimdal/lib/asn1/gen_decode.c
[304/307] Compiling third_party/heimdal/lib/asn1/gen_encode.c
[305/307] Compiling third_party/heimdal/lib/asn1/gen_glue.c
[306/307] Compiling bin/default/third_party/heimdal_build/asn1_compile.objlist.empty.c
[307/307] Linking bin/default/third_party/heimdal_build/asn1_compile
Waf: Leaving directory `/mnt/build_wrt/build_dir/hostpkg/samba-4.22.7/bin/default'
Build commands will be stored in bin/default/compile_commands.json
'build' finished successfully (7.776s)
touch /mnt/build_wrt/build_dir/hostpkg/samba-4.22.7/.built
install -d -m0755 /mnt/build_wrt/staging_dir/hostpkg/bin/
# add host tools suffix, prevent conflicts with krb5
install -m0755 /mnt/build_wrt/build_dir/hostpkg/samba-4.22.7/bin/asn1_compile /mnt/build_wrt/staging_dir/hostpkg/bin/asn1_compile_samba
install -m0755 /mnt/build_wrt/build_dir/hostpkg/samba-4.22.7/bin/compile_et /mnt/build_wrt/staging_dir/hostpkg/bin/compile_et_samba
mkdir -p /mnt/build_wrt/staging_dir/hostpkg/stamp
touch /mnt/build_wrt/build_dir/hostpkg/samba-4.22.7/.built
touch /mnt/build_wrt/staging_dir/hostpkg/stamp/.samba_installed 
make[3]: Leaving directory '/mnt/build_wrt/feeds/packages/net/samba4'
time: package/feeds/packages/samba4/host-compile#52.57#27.65#71.45
make[3]: Entering directory '/mnt/build_wrt/package/libs/popt'
mkdir -p /mnt/build_wrt/staging_dir/target-aarch64_cortex-a53_musl/root-qualcommax/stamp
echo '0' | cmp -s - /mnt/build_wrt/staging_dir/target-aarch64_cortex-a53_musl/pkginfo/libpopt.version || { mkdir -p /mnt/build_wrt/staging_dir/target-aarch64_cortex-a53_musl/pkginfo; echo '0' > /mnt/build_wrt/staging_dir/target-aarch64_cortex-a53_musl/pkginfo/libpopt.version;  cp /mnt/build_wrt/staging_dir/target-aarch64_cortex-a53_musl/pkginfo/libpopt.version /mnt/build_wrt/staging_dir/target-aarch64_cortex-a53_musl/pkginfo/libpopt-any.version;  } 
SHELL= flock /mnt/build_wrt/tmp/.root-copy.flock -c 'cp -fpR /mnt/build_wrt/build_dir/target-aarch64_cortex-a53_musl/popt-1.19/.pkgdir/libpopt/. /mnt/build_wrt/staging_dir/target-aarch64_cortex-a53_musl/root-qualcommax/'
touch /mnt/build_wrt/staging_dir/target-aarch64_cortex-a53_musl/root-qualcommax/stamp/.libpopt_installed
echo "libpopt" >> /mnt/build_wrt/staging_dir/target-aarch64_cortex-a53_musl/pkginfo/popt.default.install
make[3]: Leaving directory '/mnt/build_wrt/package/libs/popt'
time: package/libs/popt/compile#0.10#0.11#0.19
make[3]: Entering directory '/mnt/build_wrt/feeds/packages/libs/liburing'
mkdir -p /mnt/build_wrt/staging_dir/target-aarch64_cortex-a53_musl/root-qualcommax/stamp
SHELL= flock /mnt/build_wrt/tmp/.root-copy.flock -c 'cp -fpR /mnt/build_wrt/build_dir/target-aarch64_cortex-a53_musl/liburing-liburing-2.14/.pkgdir/liburing/. /mnt/build_wrt/staging_dir/target-aarch64_cortex-a53_musl/root-qualcommax/'
touch /mnt/build_wrt/staging_dir/target-aarch64_cortex-a53_musl/root-qualcommax/stamp/.liburing_installed
echo "liburing" >> /mnt/build_wrt/staging_dir/target-aarch64_cortex-a53_musl/pkginfo/liburing.default.install
make[3]: Leaving directory '/mnt/build_wrt/feeds/packages/libs/liburing'
time: package/feeds/packages/liburing/compile#0.10#0.12#0.20
make[3]: Entering directory '/mnt/build_wrt/feeds/packages/libs/gdbm'
make[3]: Leaving directory '/mnt/build_wrt/feeds/packages/libs/gdbm'
time: package/feeds/packages/gdbm/compile#0.08#0.11#0.17
make[3]: Entering directory '/mnt/build_wrt/feeds/packages/libs/avahi'
Makefile:337: *** Package/libavahi-dbus-support is missing the TITLE field.  Stop.
make[3]: Leaving directory '/mnt/build_wrt/feeds/packages/libs/avahi'
time: package/feeds/packages/avahi/dbus/compile#0.07#0.07#0.13
    ERROR: package/feeds/packages/avahi failed to build (build variant: dbus).
make[2]: *** [package/Makefile:198: package/feeds/packages/avahi/compile] Error 1
make[2]: Leaving directory '/mnt/build_wrt'
make[1]: *** [package/Makefile:192: /mnt/build_wrt/staging_dir/target-aarch64_cortex-a53_musl/stamp/.package_compile] Error 2
make[1]: Leaving directory '/mnt/build_wrt'
make: *** [/mnt/build_wrt/include/toplevel.mk:233: world] Error 2

--- RECENT ERROR LOGS IN BUILD DIR ---
=== File: ./wrt/build_dir/toolchain-aarch64_cortex-a53_gcc-14.4.0_musl/gcc-14.4.0-final/aarch64-openwrt-linux-musl/libgcc/config.log ===
build_os='linux-gnu'
build_subdir='build-x86_64-pc-linux-gnu'
build_vendor='pc'
cpu_type='aarch64'
datadir='${datarootdir}'
datarootdir='${prefix}/share'
decimal_float='no'
docdir='${datarootdir}/doc/${PACKAGE_TARNAME}'
double_type_size='64'
dvidir='${docdir}'
enable_decimal_float='no'
enable_execute_stack='enable-execute-stack-empty.c'
enable_gcov='yes'
enable_shared='yes'
enable_vtable_verify='no'
exec_prefix='${prefix}'
extra_parts='crtbegin.o crtbeginS.o crtbeginT.o crtend.o crtendS.o crtfastmath.o'
fixed_point='no'
force_explicit_eh_registry=''
get_gcc_base_ver='cat'
host='aarch64-openwrt-linux-musl'
host_alias='aarch64-openwrt-linux-musl'
host_cpu='aarch64'
host_noncanonical='aarch64-openwrt-linux-musl'
host_os='linux-musl'
host_subdir='.'
host_vendor='openwrt'
htmldir='${docdir}'
includedir='${prefix}/include'
infodir='${datarootdir}/info'
libdir='${exec_prefix}/lib'
libexecdir='${exec_prefix}/libexec'
libgcc_topdir='/mnt/build_wrt/build_dir/toolchain-aarch64_cortex-a53_gcc-14.4.0_musl/gcc-14.4.0/libgcc/..'
localedir='${datarootdir}/locale'
localstatedir='${prefix}/var'
long_double_type_size='128'
mandir='${datarootdir}/man'
md_unwind_header='aarch64/linux-unwind.h'
oldincludedir='/usr/include'
pdfdir='${docdir}'
prefix='/mnt/build_wrt/staging_dir/toolchain-aarch64_cortex-a53_gcc-14.4.0_musl'
program_transform_name='s&^&aarch64-openwrt-linux-musl-&'
psdir='${docdir}'
real_host_noncanonical='aarch64-openwrt-linux-musl'
sbindir='${exec_prefix}/sbin'
set_have_cc_tls='-DHAVE_CC_TLS'
set_use_emutls=''
sfp_machine_header='aarch64/sfp-machine.h'
sharedstatedir='${prefix}/com'
slibdir='/mnt/build_wrt/staging_dir/toolchain-aarch64_cortex-a53_gcc-14.4.0_musl/lib'
solaris_ld_v2_maps=''
sysconfdir='${prefix}/etc'
target_alias='aarch64-openwrt-linux-musl'
target_noncanonical='aarch64-openwrt-linux-musl'
target_subdir='aarch64-openwrt-linux-musl'
thread_header='gthr-posix.h'
tm_defines=''
tm_file=' $(srcdir)/config/aarch64/value-unwind.h'
tmake_file=' $(srcdir)/config/t-crtstuff-pic $(srcdir)/config/t-libgcc-pic $(srcdir)/config/t-eh-dw2-dip $(srcdir)/config/t-slibgcc $(srcdir)/config/t-slibgcc-gld $(srcdir)/config/t-slibgcc-elf-ver $(srcdir)/config/t-linux $(srcdir)/config/aarch64/t-aarch64 $(srcdir)/config/aarch64/t-lse $(srcdir)/config/t-slibgcc-libgcc $(srcdir)/config/aarch64/t-softfp $(srcdir)/config/t-softfp $(srcdir)/config/t-crtfm $(srcdir)/config/t-dfprules $(srcdir)/config/aarch64/t-heap-trampoline $(srcdir)/config/t-gthr-noweak'
toolexecdir='$(exec_prefix)/$(target_noncanonical)'
toolexeclibdir='$(toolexecdir)/lib'
unwind_header='unwind-generic.h'
use_tm_clone_registry='-DUSE_TM_CLONE_REGISTRY=0'
vis_hide='-fvisibility=hidden -DHIDE_EXPORTS'
with_aix_soname='aix'

## ----------- ##
## confdefs.h. ##
## ----------- ##

/* confdefs.h */
#define PACKAGE_NAME "GNU C Runtime Library"
#define PACKAGE_TARNAME "libgcc"
#define PACKAGE_VERSION "1.0"
#define PACKAGE_STRING "GNU C Runtime Library 1.0"
#define PACKAGE_BUGREPORT ""
#define PACKAGE_URL "http://www.gnu.org/software/libgcc/"
#define SIZEOF_DOUBLE 8
#define SIZEOF_LONG_DOUBLE 16
#define HAVE_INTTYPES_H 1
#define HAVE_STDINT_H 1
#define HAVE_STDLIB_H 1
#define HAVE_FTW_H 1
#define HAVE_UNISTD_H 1
#define HAVE_SYS_STAT_H 1
#define HAVE_SYS_TYPES_H 1
#define HAVE_STRING_H 1
#define HAVE_STRINGS_H 1
#define HAVE_MEMORY_H 1
#define HAVE_SYS_AUXV_H 1
#define HAVE_SYS_MMAN_H 1
#define STDC_HEADERS 1
#define HAVE_GETIPINFO 1
#define AS_HIDDEN_DIRECTIVE .hidden
#define HAVE_AS_CFI_SECTIONS 1
#define HAVE_AS_LSE 1
#define HAVE_AS_VARIANT_PCS 1
#define HAVE_INIT_PRIORITY 1

configure: exit 0
=== File: ./wrt/build_dir/toolchain-aarch64_cortex-a53_gcc-14.4.0_musl/gcc-14.4.0-final/aarch64-openwrt-linux-musl/libvtv/config.log ===
ac_ct_DUMPBIN=''
am__EXEEXT_FALSE=''
am__EXEEXT_TRUE='#'
am__fastdepCC_FALSE='#'
am__fastdepCC_TRUE=''
am__fastdepCXX_FALSE='#'
am__fastdepCXX_TRUE=''
am__include='include'
am__isrc=' -I$(srcdir)'
am__leading_dot='.'
am__nodep='_no'
am__quote=''
am__tar='$${TAR-tar} chof - "$$tardir"'
am__untar='$${TAR-tar} xf -'
bindir='${exec_prefix}/bin'
build='x86_64-pc-linux-gnu'
build_alias='x86_64-pc-linux-gnu'
build_cpu='x86_64'
build_os='linux-gnu'
build_vendor='pc'
datadir='${datarootdir}'
datarootdir='${prefix}/share'
docdir='${datarootdir}/doc/${PACKAGE_TARNAME}'
dvidir='${docdir}'
enable_shared='yes'
enable_static='yes'
exec_prefix='${prefix}'
get_gcc_base_ver='cat'
host='aarch64-openwrt-linux-musl'
host_alias='aarch64-openwrt-linux-musl'
host_cpu='aarch64'
host_os='linux-musl'
host_vendor='openwrt'
htmldir='${docdir}'
includedir='${prefix}/include'
infodir='${datarootdir}/info'
install_sh='${SHELL} /mnt/build_wrt/build_dir/toolchain-aarch64_cortex-a53_gcc-14.4.0_musl/gcc-14.4.0/install-sh'
libdir='${exec_prefix}/lib'
libexecdir='${exec_prefix}/libexec'
libtool_VERSION='1:0:0'
libvtv_builddir='/mnt/build_wrt/build_dir/toolchain-aarch64_cortex-a53_gcc-14.4.0_musl/gcc-14.4.0-final/aarch64-openwrt-linux-musl/libvtv'
libvtv_srcdir='/mnt/build_wrt/build_dir/toolchain-aarch64_cortex-a53_gcc-14.4.0_musl/gcc-14.4.0/libvtv'
localedir='${datarootdir}/locale'
localstatedir='${prefix}/var'
lt_host_flags=''
mandir='${datarootdir}/man'
mkdir_p='$(MKDIR_P)'
multi_basedir='/mnt/build_wrt/build_dir/toolchain-aarch64_cortex-a53_gcc-14.4.0_musl/gcc-14.4.0/libvtv/..'
oldincludedir='/usr/include'
pdfdir='${docdir}'
prefix='/mnt/build_wrt/staging_dir/toolchain-aarch64_cortex-a53_gcc-14.4.0_musl'
program_transform_name='s&^&aarch64-openwrt-linux-musl-&'
psdir='${docdir}'
sbindir='${exec_prefix}/sbin'
sharedstatedir='${prefix}/com'
sysconfdir='${prefix}/etc'
target='aarch64-openwrt-linux-musl'
target_alias='aarch64-openwrt-linux-musl'
target_cpu='aarch64'
target_noncanonical='aarch64-openwrt-linux-musl'
target_os='linux-musl'
target_vendor='openwrt'
toolexecdir='$(exec_prefix)/$(target_alias)'
toolexeclibdir='$(toolexecdir)/lib'
toplevel_builddir='/mnt/build_wrt/build_dir/toolchain-aarch64_cortex-a53_gcc-14.4.0_musl/gcc-14.4.0-final/aarch64-openwrt-linux-musl/libvtv/..'
toplevel_srcdir='/mnt/build_wrt/build_dir/toolchain-aarch64_cortex-a53_gcc-14.4.0_musl/gcc-14.4.0/libvtv/..'

## ----------- ##
## confdefs.h. ##
## ----------- ##

/* confdefs.h */
#define PACKAGE_NAME "GNU Vtable Verification Runtime Library"
#define PACKAGE_TARNAME "libvtv"
#define PACKAGE_VERSION "1.0"
#define PACKAGE_STRING "GNU Vtable Verification Runtime Library 1.0"
#define PACKAGE_BUGREPORT ""
#define PACKAGE_URL "http://www.gnu.org/software/libvtv/"
#define STDC_HEADERS 1
#define HAVE_SYS_TYPES_H 1
#define HAVE_SYS_STAT_H 1
#define HAVE_STDLIB_H 1
#define HAVE_STRING_H 1
#define HAVE_MEMORY_H 1
#define HAVE_STRINGS_H 1
#define HAVE_INTTYPES_H 1
#define HAVE_STDINT_H 1
#define HAVE_UNISTD_H 1
#define __EXTENSIONS__ 1
#define _ALL_SOURCE 1
#define _GNU_SOURCE 1
#define _POSIX_PTHREAD_SEMANTICS 1
#define _TANDEM_SOURCE 1
#define PACKAGE "libvtv"
#define VERSION "1.0"
#define HAVE_SECURE_GETENV 1
#define HAVE_DLFCN_H 1
#define LT_OBJDIR ".libs/"

configure: exit 0
=== File: ./wrt/build_dir/toolchain-aarch64_cortex-a53_gcc-14.4.0_musl/gcc-14.4.0-final/build-x86_64-pc-linux-gnu/libiberty/config.log ===
#define HAVE_BCOPY 1
#define HAVE_BSEARCH 1
#define HAVE_BZERO 1
#define HAVE_CALLOC 1
#define HAVE_CLOCK 1
#define HAVE_FFS 1
#define HAVE_GETCWD 1
#define HAVE_GETPAGESIZE 1
#define HAVE_GETTIMEOFDAY 1
#define HAVE_INDEX 1
#define HAVE_INSQUE 1
#define HAVE_MEMCHR 1
#define HAVE_MEMCMP 1
#define HAVE_MEMCPY 1
#define HAVE_MEMMEM 1
#define HAVE_MEMMOVE 1
#define HAVE_MEMPCPY 1
#define HAVE_MEMSET 1
#define HAVE_MKSTEMPS 1
#define HAVE_PUTENV 1
#define HAVE_RANDOM 1
#define HAVE_RENAME 1
#define HAVE_RINDEX 1
#define HAVE_SETENV 1
#define HAVE_SNPRINTF 1
#define HAVE_SIGSETMASK 1
#define HAVE_STPCPY 1
#define HAVE_STPNCPY 1
#define HAVE_STRCASECMP 1
#define HAVE_STRCHR 1
#define HAVE_STRDUP 1
#define HAVE_STRNCASECMP 1
#define HAVE_STRNDUP 1
#define HAVE_STRNLEN 1
#define HAVE_STRRCHR 1
#define HAVE_STRSTR 1
#define HAVE_STRTOD 1
#define HAVE_STRTOL 1
#define HAVE_STRTOUL 1
#define HAVE_STRTOLL 1
#define HAVE_STRTOULL 1
#define HAVE_STRVERSCMP 1
#define HAVE_TMPNAM 1
#define HAVE_VASPRINTF 1
#define HAVE_VFPRINTF 1
#define HAVE_VPRINTF 1
#define HAVE_VSNPRINTF 1
#define HAVE_VSPRINTF 1
#define HAVE_WAITPID 1
#define STACK_DIRECTION 1
#define HAVE_FORK 1
#define HAVE_VFORK 1
#define HAVE_WORKING_VFORK 1
#define HAVE_WORKING_FORK 1
#define HAVE___FSETLOCKING 1
#define HAVE_CANONICALIZE_FILE_NAME 1
#define HAVE_DUP3 1
#define HAVE_GETRLIMIT 1
#define HAVE_GETRUSAGE 1
#define HAVE_GETTIMEOFDAY 1
#define HAVE_ON_EXIT 1
#define HAVE_PIPE2 1
#define HAVE_POSIX_SPAWN 1
#define HAVE_POSIX_SPAWNP 1
#define HAVE_PSIGNAL 1
#define HAVE_REALPATH 1
#define HAVE_SETRLIMIT 1
#define HAVE_STRERROR 1
#define HAVE_STRSIGNAL 1
#define HAVE_SYSCONF 1
#define HAVE_TIMES 1
#define HAVE_WAIT3 1
#define HAVE_WAIT4 1
#define HAVE_SBRK 1
#define HAVE_DECL_BASENAME 1
#define HAVE_DECL_FFS 1
#define HAVE_DECL_ASPRINTF 1
#define HAVE_DECL_VASPRINTF 1
#define HAVE_DECL_SNPRINTF 1
#define HAVE_DECL_VSNPRINTF 1
#define HAVE_DECL_CALLOC 1
#define HAVE_DECL_GETENV 1
#define HAVE_DECL_GETOPT 1
#define HAVE_DECL_MALLOC 1
#define HAVE_DECL_REALLOC 1
#define HAVE_DECL_SBRK 1
#define HAVE_DECL_STRTOL 1
#define HAVE_DECL_STRTOUL 1
#define HAVE_DECL_STRTOLL 1
#define HAVE_DECL_STRTOULL 1
#define HAVE_DECL_STRVERSCMP 1
#define HAVE_DECL_STRNLEN 1
#define HAVE_X86_SHA1_HW_SUPPORT 1
#define HAVE_STDLIB_H 1
#define HAVE_UNISTD_H 1
#define HAVE_SYS_PARAM_H 1
#define HAVE_GETPAGESIZE 1
#define HAVE_MMAP 1

configure: exit 0
=== File: ./wrt/build_dir/toolchain-aarch64_cortex-a53_gcc-14.4.0_musl/gcc-14.4.0-final/build-x86_64-pc-linux-gnu/libcpp/config.log ===
sysconfdir='${prefix}/etc'
target='aarch64-openwrt-linux-musl'
target_alias='aarch64-openwrt-linux-musl'
target_cpu='aarch64'
target_os='linux-musl'
target_vendor='openwrt'
warn='-W -Wall -Wno-narrowing -Wwrite-strings -Wmissing-format-attribute'

## ----------- ##
## confdefs.h. ##
## ----------- ##

/* confdefs.h */
#define PACKAGE_NAME "cpplib"
#define PACKAGE_TARNAME "cpplib"
#define PACKAGE_VERSION " "
#define PACKAGE_STRING "cpplib  "
#define PACKAGE_BUGREPORT "gcc-bugs@gcc.gnu.org"
#define PACKAGE_URL ""
#define STDC_HEADERS 1
#define HAVE_SYS_TYPES_H 1
#define HAVE_SYS_STAT_H 1
#define HAVE_STDLIB_H 1
#define HAVE_STRING_H 1
#define HAVE_MEMORY_H 1
#define HAVE_STRINGS_H 1
#define HAVE_INTTYPES_H 1
#define HAVE_STDINT_H 1
#define HAVE_UNISTD_H 1
#define __EXTENSIONS__ 1
#define _ALL_SOURCE 1
#define _GNU_SOURCE 1
#define _POSIX_PTHREAD_SEMANTICS 1
#define _TANDEM_SOURCE 1
#define TIME_WITH_SYS_TIME 1
#define STRING_WITH_STRINGS 1
#define HAVE_LOCALE_H 1
#define HAVE_FCNTL_H 1
#define HAVE_LIMITS_H 1
#define HAVE_STDDEF_H 1
#define HAVE_STDLIB_H 1
#define HAVE_STRINGS_H 1
#define HAVE_STRING_H 1
#define HAVE_SYS_FILE_H 1
#define HAVE_UNISTD_H 1
#define HAVE_OBSTACK 1
#define HAVE_UINTPTR_T 1
#define SIZEOF_INT 4
#define SIZEOF_LONG 8
#define HAVE_CLEARERR_UNLOCKED 1
#define HAVE_FEOF_UNLOCKED 1
#define HAVE_FERROR_UNLOCKED 1
#define HAVE_FFLUSH_UNLOCKED 1
#define HAVE_FGETC_UNLOCKED 1
#define HAVE_FGETS_UNLOCKED 1
#define HAVE_FILENO_UNLOCKED 1
#define HAVE_FPUTC_UNLOCKED 1
#define HAVE_FPUTS_UNLOCKED 1
#define HAVE_FREAD_UNLOCKED 1
#define HAVE_FWRITE_UNLOCKED 1
#define HAVE_GETCHAR_UNLOCKED 1
#define HAVE_GETC_UNLOCKED 1
#define HAVE_PUTCHAR_UNLOCKED 1
#define HAVE_PUTC_UNLOCKED 1
#define HAVE_SETLOCALE 1
#define HAVE_DECL_ABORT 1
#define HAVE_DECL_ASPRINTF 1
#define HAVE_DECL_BASENAME 1
#define HAVE_DECL_ERRNO 0
#define HAVE_DECL_GETOPT 1
#define HAVE_DECL_VASPRINTF 1
#define HAVE_DECL_CLEARERR_UNLOCKED 1
#define HAVE_DECL_FEOF_UNLOCKED 1
#define HAVE_DECL_FERROR_UNLOCKED 1
#define HAVE_DECL_FFLUSH_UNLOCKED 1
#define HAVE_DECL_FGETC_UNLOCKED 1
#define HAVE_DECL_FGETS_UNLOCKED 1
#define HAVE_DECL_FILENO_UNLOCKED 1
#define HAVE_DECL_FPRINTF_UNLOCKED 0
#define HAVE_DECL_FPUTC_UNLOCKED 1
#define HAVE_DECL_FPUTS_UNLOCKED 1
#define HAVE_DECL_FREAD_UNLOCKED 1
#define HAVE_DECL_FWRITE_UNLOCKED 1
#define HAVE_DECL_GETCHAR_UNLOCKED 1
#define HAVE_DECL_GETC_UNLOCKED 1
#define HAVE_DECL_PUTCHAR_UNLOCKED 1
#define HAVE_DECL_PUTC_UNLOCKED 1
#define HAVE_ALLOCA_H 1
#define HAVE_ALLOCA 1
#define STDC_HEADERS 1
#define HAVE_LANGINFO_CODESET 1
#define SIZEOF_INO_T 8
#define SIZEOF_DEV_T 8
#define ICONV_CONST 
#define PACKAGE "cpplib"
#define CHECKING_P 0
#define ENABLE_ASSERT_CHECKING 1
#define ENABLE_CANONICAL_SYSTEM_HEADERS 1

configure: exit 0
=== File: ./wrt/build_dir/toolchain-aarch64_cortex-a53_gcc-14.4.0_musl/gcc-14.4.0-final/build-x86_64-pc-linux-gnu/fixincludes/config.log ===
includedir='${prefix}/include'
infodir='${datarootdir}/info'
libdir='${exec_prefix}/lib'
libexecdir='${exec_prefix}/libexec'
localedir='${datarootdir}/locale'
localstatedir='${prefix}/var'
mandir='${datarootdir}/man'
oldincludedir='/usr/include'
pdfdir='${docdir}'
prefix='/mnt/build_wrt/staging_dir/toolchain-aarch64_cortex-a53_gcc-14.4.0_musl'
program_transform_name='s&^&aarch64-openwrt-linux-musl-&'
psdir='${docdir}'
sbindir='${exec_prefix}/sbin'
sharedstatedir='${prefix}/com'
sysconfdir='${prefix}/etc'
target='aarch64-openwrt-linux-musl'
target_alias='aarch64-openwrt-linux-musl'
target_cpu='aarch64'
target_noncanonical='aarch64-openwrt-linux-musl'
target_os='linux-musl'
target_vendor='openwrt'

## ----------- ##
## confdefs.h. ##
## ----------- ##

/* confdefs.h */
#define PACKAGE_NAME "fixincludes"
#define PACKAGE_TARNAME "fixincludes"
#define PACKAGE_VERSION " "
#define PACKAGE_STRING "fixincludes  "
#define PACKAGE_BUGREPORT ""
#define PACKAGE_URL ""
#define STDC_HEADERS 1
#define HAVE_SYS_TYPES_H 1
#define HAVE_SYS_STAT_H 1
#define HAVE_STDLIB_H 1
#define HAVE_STRING_H 1
#define HAVE_MEMORY_H 1
#define HAVE_STRINGS_H 1
#define HAVE_INTTYPES_H 1
#define HAVE_STDINT_H 1
#define HAVE_UNISTD_H 1
#define __EXTENSIONS__ 1
#define _ALL_SOURCE 1
#define _GNU_SOURCE 1
#define _POSIX_PTHREAD_SEMANTICS 1
#define _TANDEM_SOURCE 1
#define EXE_EXT ""
#define STDC_HEADERS 1
#define HAVE_STDDEF_H 1
#define HAVE_STDLIB_H 1
#define HAVE_STRINGS_H 1
#define HAVE_UNISTD_H 1
#define HAVE_FCNTL_H 1
#define HAVE_SYS_FILE_H 1
#define HAVE_SYS_STAT_H 1
#define HAVE_CLEARERR_UNLOCKED 1
#define HAVE_FEOF_UNLOCKED 1
#define HAVE_FERROR_UNLOCKED 1
#define HAVE_FFLUSH_UNLOCKED 1
#define HAVE_FGETC_UNLOCKED 1
#define HAVE_FGETS_UNLOCKED 1
#define HAVE_FILENO_UNLOCKED 1
#define HAVE_FPUTC_UNLOCKED 1
#define HAVE_FPUTS_UNLOCKED 1
#define HAVE_FREAD_UNLOCKED 1
#define HAVE_FWRITE_UNLOCKED 1
#define HAVE_GETCHAR_UNLOCKED 1
#define HAVE_GETC_UNLOCKED 1
#define HAVE_PUTCHAR_UNLOCKED 1
#define HAVE_PUTC_UNLOCKED 1
#define HAVE_DECL_ABORT 1
#define HAVE_DECL_ASPRINTF 1
#define HAVE_DECL_BASENAME 1
#define HAVE_DECL_ERRNO 0
#define HAVE_DECL_VASPRINTF 1
#define HAVE_DECL_MEMMEM 1
#define HAVE_DECL_CLEARERR_UNLOCKED 1
#define HAVE_DECL_FEOF_UNLOCKED 1
#define HAVE_DECL_FERROR_UNLOCKED 1
#define HAVE_DECL_FFLUSH_UNLOCKED 1
#define HAVE_DECL_FGETC_UNLOCKED 1
#define HAVE_DECL_FGETS_UNLOCKED 1
#define HAVE_DECL_FILENO_UNLOCKED 1
#define HAVE_DECL_FPRINTF_UNLOCKED 0
#define HAVE_DECL_FPUTC_UNLOCKED 1
#define HAVE_DECL_FPUTS_UNLOCKED 1
#define HAVE_DECL_FREAD_UNLOCKED 1
#define HAVE_DECL_FWRITE_UNLOCKED 1
#define HAVE_DECL_GETCHAR_UNLOCKED 1
#define HAVE_DECL_GETC_UNLOCKED 1
#define HAVE_DECL_PUTCHAR_UNLOCKED 1
#define HAVE_DECL_PUTC_UNLOCKED 1
#define HAVE_MMAP_FILE 1
#define HAVE_MMAP_DEV_ZERO 1
#define HAVE_MMAP_ANON 1
#define SED_PROGRAM "/mnt/build_wrt/staging_dir/host/bin/sed"

configure: exit 0
=== File: ./wrt/build_dir/toolchain-aarch64_cortex-a53_gcc-14.4.0_musl/gcc-14.4.0-final/fixincludes/config.log ===
includedir='${prefix}/include'
infodir='${datarootdir}/info'
libdir='${exec_prefix}/lib'
libexecdir='${exec_prefix}/libexec'
localedir='${datarootdir}/locale'
localstatedir='${prefix}/var'
mandir='${datarootdir}/man'
oldincludedir='/usr/include'
pdfdir='${docdir}'
prefix='/mnt/build_wrt/staging_dir/toolchain-aarch64_cortex-a53_gcc-14.4.0_musl'
program_transform_name='s&^&aarch64-openwrt-linux-musl-&'
psdir='${docdir}'
sbindir='${exec_prefix}/sbin'
sharedstatedir='${prefix}/com'
sysconfdir='${prefix}/etc'
target='aarch64-openwrt-linux-musl'
target_alias='aarch64-openwrt-linux-musl'
target_cpu='aarch64'
target_noncanonical='aarch64-openwrt-linux-musl'
target_os='linux-musl'
target_vendor='openwrt'

## ----------- ##
## confdefs.h. ##
## ----------- ##

/* confdefs.h */
#define PACKAGE_NAME "fixincludes"
#define PACKAGE_TARNAME "fixincludes"
#define PACKAGE_VERSION " "
#define PACKAGE_STRING "fixincludes  "
#define PACKAGE_BUGREPORT ""
#define PACKAGE_URL ""
#define STDC_HEADERS 1
#define HAVE_SYS_TYPES_H 1
#define HAVE_SYS_STAT_H 1
#define HAVE_STDLIB_H 1
#define HAVE_STRING_H 1
#define HAVE_MEMORY_H 1
#define HAVE_STRINGS_H 1
#define HAVE_INTTYPES_H 1
#define HAVE_STDINT_H 1
#define HAVE_UNISTD_H 1
#define __EXTENSIONS__ 1
#define _ALL_SOURCE 1
#define _GNU_SOURCE 1
#define _POSIX_PTHREAD_SEMANTICS 1
#define _TANDEM_SOURCE 1
#define EXE_EXT ""
#define STDC_HEADERS 1
#define HAVE_STDDEF_H 1
#define HAVE_STDLIB_H 1
#define HAVE_STRINGS_H 1
#define HAVE_UNISTD_H 1
#define HAVE_FCNTL_H 1
#define HAVE_SYS_FILE_H 1
#define HAVE_SYS_STAT_H 1
#define HAVE_CLEARERR_UNLOCKED 1
#define HAVE_FEOF_UNLOCKED 1
#define HAVE_FERROR_UNLOCKED 1
#define HAVE_FFLUSH_UNLOCKED 1
#define HAVE_FGETC_UNLOCKED 1
#define HAVE_FGETS_UNLOCKED 1
#define HAVE_FILENO_UNLOCKED 1
#define HAVE_FPUTC_UNLOCKED 1
#define HAVE_FPUTS_UNLOCKED 1
#define HAVE_FREAD_UNLOCKED 1
#define HAVE_FWRITE_UNLOCKED 1
#define HAVE_GETCHAR_UNLOCKED 1
#define HAVE_GETC_UNLOCKED 1
#define HAVE_PUTCHAR_UNLOCKED 1
#define HAVE_PUTC_UNLOCKED 1
#define HAVE_DECL_ABORT 1
#define HAVE_DECL_ASPRINTF 1
#define HAVE_DECL_BASENAME 1
#define HAVE_DECL_ERRNO 0
#define HAVE_DECL_VASPRINTF 1
#define HAVE_DECL_MEMMEM 1
#define HAVE_DECL_CLEARERR_UNLOCKED 1
#define HAVE_DECL_FEOF_UNLOCKED 1
#define HAVE_DECL_FERROR_UNLOCKED 1
#define HAVE_DECL_FFLUSH_UNLOCKED 1
#define HAVE_DECL_FGETC_UNLOCKED 1
#define HAVE_DECL_FGETS_UNLOCKED 1
#define HAVE_DECL_FILENO_UNLOCKED 1
#define HAVE_DECL_FPRINTF_UNLOCKED 0
#define HAVE_DECL_FPUTC_UNLOCKED 1
#define HAVE_DECL_FPUTS_UNLOCKED 1
#define HAVE_DECL_FREAD_UNLOCKED 1
#define HAVE_DECL_FWRITE_UNLOCKED 1
#define HAVE_DECL_GETCHAR_UNLOCKED 1
#define HAVE_DECL_GETC_UNLOCKED 1
#define HAVE_DECL_PUTCHAR_UNLOCKED 1
#define HAVE_DECL_PUTC_UNLOCKED 1
#define HAVE_MMAP_FILE 1
#define HAVE_MMAP_DEV_ZERO 1
#define HAVE_MMAP_ANON 1
#define SED_PROGRAM "/mnt/build_wrt/staging_dir/host/bin/sed"

configure: exit 0
=== File: ./wrt/build_dir/toolchain-aarch64_cortex-a53_gcc-14.4.0_musl/gcc-14.4.0-initial/gcc/config.log ===
#define HAVE_DECL_MALLINFO2 1
#define HAVE_DECL_LDGETNAME 0
#define HAVE_DECL_TIMES 1
#define HAVE_DECL_SIGALTSTACK 1
#define HAVE_STRUCT_TMS 1
#define HAVE_CLOCK_T 1
#define HOST_HAS_F_SETLKW 1
#define HOST_HAS_O_CLOEXEC 1
#define HAVE_FCNTL_H 1
#define HOST_HAS_O_NONBLOCK 1
#define HOST_HAS_PERSONALITY_ADDR_NO_RANDOMIZE 1
#define HAVE_AF_UNIX 1
#define HAVE_AF_INET6 1
#define HAVE_GNU_LD 1
#define HAVE_GNU_AS 1
#define DEFAULT_USE_CXA_ATEXIT 2
#define EXTRA_MODES_FILE "config/aarch64/aarch64-modes.def"
#define LTOPLUGINSONAME "liblto_plugin.so"
#define HAVE_DLFCN_H 1
#define LT_OBJDIR ".libs/"
#define DARWIN_DO_EXTRA_RPATH 0
#define DARWIN_ADD_RPATH ""
#define PLUGIN_LD_SUFFIX "ld"
#define HAVE_GAS_BALIGN_AND_P2ALIGN 1
#define HAVE_GAS_MAX_SKIP_P2ALIGN 1
#define HAVE_GAS_SUBSECTION_ORDERING 1
#define HAVE_GAS_WEAK 1
#define HAVE_GAS_WEAKREF 1
#define HAVE_GNU_INDIRECT_FUNCTION 0
#define HAVE_GAS_HIDDEN 1
#define HAVE_LD_RO_RW_SECTION_MIXING 1
#define HAVE_INITFINI_ARRAY_SUPPORT 1
#define HAVE_AS_LEB128 1
#define HAVE_GAS_CFI_DIRECTIVE 1
#define HAVE_GAS_CFI_PERSONALITY_DIRECTIVE 1
#define HAVE_GAS_CFI_SECTIONS_DIRECTIVE 1
#define HAVE_GAS_SECTION_EXCLUDE 1
#define HAVE_GAS_SHF_GNU_RETAIN 1
#define HAVE_GAS_SECTION_LINK_ORDER 1
#define HAVE_GAS_SHF_MERGE 1
#define HAVE_LD_ALIGNED_SHF_MERGE 1
#define HAVE_COMDAT_GROUP 1
#define HAVE_GAS_LOC_STMT 1
#define HAVE_GAS_DISCRIMINATOR 1
#define HAVE_AS_TLS 1
#define HAVE_LD_STATIC_DYNAMIC 1
#define LD_STATIC_OPTION "-Bstatic"
#define LD_DYNAMIC_OPTION "-Bdynamic"
#define HAVE_LD_DEMANGLE 1
#define HAVE_LTO_PLUGIN 2
#define HAVE_AS_MABI_OPTION 1
#define HAVE_AS_SMALL_PIC_RELOCS 1
#define HAVE_AS_DWARF2_DEBUG_LINE 1
#define HAVE_AS_DWARF2_DEBUG_VIEW 1
#define HAVE_AS_GDWARF2_DEBUG_FLAG 1
#define HAVE_AS_GDWARF_5_DEBUG_FLAG 1
#define HAVE_AS_WORKING_DWARF_N_FLAG 1
#define HAVE_AS_DEBUG_PREFIX_MAP 1
#define HAVE_AS_COMPRESS_DEBUG 2
#define AS_COMPRESS_DEBUG_OPTION "--compress-debug-sections"
#define AS_NO_COMPRESS_DEBUG_OPTION "--nocompress-debug-sections"
#define TARGET_GLIBC_MAJOR 0
#define TARGET_GLIBC_MINOR 0
#define HAVE_AS_LINE_ZERO 1
#define HAVE_LD_EH_FRAME_HDR 1
#define HAVE_LD_EH_FRAME_CIEV3 1
#define HAVE_LD_PIE 1
#define HAVE_LD_PIE_COPYRELOC 0
#define HAVE_LD_EH_GC_SECTIONS 1
#define HAVE_LD_COMPRESS_DEBUG 2
#define LD_COMPRESS_DEBUG_OPTION "--compress-debug-sections"
#define HAVE_LD_AS_NEEDED 1
#define LD_AS_NEEDED_OPTION "--push-state --as-needed"
#define LD_NO_AS_NEEDED_OPTION "--pop-state"
#define HAVE_LD_BUILDID 1
#define HAVE_LD_SYSROOT 1
#define TARGET_LIBC_PROVIDES_SSP 1
#define TARGET_DL_ITERATE_PHDR 1
#define ENABLE_LTO 1
#define ENABLE_LTO 1
#define ENABLE_LTO 1
#define ENABLE_LTO 1
#define ENABLE_LTO 1
#define ENABLE_LTO 1
#define ENABLE_LTO 1
#define ENABLE_LTO 1
#define ENABLE_LTO 1
#define ENABLE_LTO 1
#define ENABLE_LTO 1
#define ENABLE_LTO 1
#define ENABLE_PLUGIN 1
#define ENABLE_LIBQUADMATH_SUPPORT 1
#define DIAGNOSTICS_COLOR_DEFAULT -1
#define DIAGNOSTICS_URLS_DEFAULT DIAGNOSTICS_URL_AUTO
#define HAVE_LD_PUSHPOPSTATE_SUPPORT 1
#define HAVE_LD_NOW_SUPPORT 1
#define HAVE_LD_RELRO_SUPPORT 1
#define HAVE_FHARDENED_SUPPORT 1

configure: exit 0
=== File: ./wrt/build_dir/toolchain-aarch64_cortex-a53_gcc-14.4.0_musl/gcc-14.4.0-initial/lto-plugin/config.log ===
ac_lto_plugin_extra_ldflags='-pthread'
ac_lto_plugin_ldflags='-Wc,-static-libgcc'
ac_lto_plugin_warn_cflags='-Wall'
accel_dir_suffix=''
am__EXEEXT_FALSE=''
am__EXEEXT_TRUE='#'
am__fastdepCC_FALSE='#'
am__fastdepCC_TRUE=''
am__include='include'
am__isrc=' -I$(srcdir)'
am__leading_dot='.'
am__nodep='_no'
am__quote=''
am__tar='$${TAR-tar} chof - "$$tardir"'
am__untar='$${TAR-tar} xf -'
bindir='${exec_prefix}/bin'
build='x86_64-pc-linux-gnu'
build_alias='x86_64-pc-linux-gnu'
build_cpu='x86_64'
build_libsubdir='build-x86_64-pc-linux-gnu'
build_os='linux-gnu'
build_subdir='build-x86_64-pc-linux-gnu'
build_vendor='pc'
datadir='${datarootdir}'
datarootdir='${prefix}/share'
docdir='${datarootdir}/doc/${PACKAGE_TARNAME}'
dvidir='${docdir}'
enable_host_bind_now=''
exec_prefix='${prefix}'
gcc_build_dir='../gcc'
get_gcc_base_ver='cat'
host='x86_64-pc-linux-gnu'
host_alias='x86_64-pc-linux-gnu'
host_cpu='x86_64'
host_os='linux-gnu'
host_subdir='.'
host_vendor='pc'
htmldir='${docdir}'
includedir='${prefix}/include'
infodir='${datarootdir}/info'
install_sh='${SHELL} /mnt/build_wrt/build_dir/toolchain-aarch64_cortex-a53_gcc-14.4.0_musl/gcc-14.4.0/install-sh'
libdir='${exec_prefix}/lib'
libexecdir='${exec_prefix}/libexec'
localedir='${datarootdir}/locale'
localstatedir='${prefix}/var'
lt_host_flags=''
mandir='${datarootdir}/man'
mkdir_p='$(MKDIR_P)'
oldincludedir='/usr/include'
pdfdir='${docdir}'
prefix='/mnt/build_wrt/staging_dir/toolchain-aarch64_cortex-a53_gcc-14.4.0_musl'
program_transform_name='s&^&aarch64-openwrt-linux-musl-&'
psdir='${docdir}'
real_target_noncanonical='aarch64-openwrt-linux-musl'
sbindir='${exec_prefix}/sbin'
sharedstatedir='${prefix}/com'
sysconfdir='${prefix}/etc'
target='aarch64-openwrt-linux-musl'
target_alias='aarch64-openwrt-linux-musl'
target_cpu='aarch64'
target_noncanonical='aarch64-openwrt-linux-musl'
target_os='linux-musl'
target_subdir='aarch64-openwrt-linux-musl'
target_vendor='openwrt'
with_libiberty='../libiberty'

## ----------- ##
## confdefs.h. ##
## ----------- ##

/* confdefs.h */
#define PACKAGE_NAME "LTO plugin for ld"
#define PACKAGE_TARNAME "lto-plugin"
#define PACKAGE_VERSION "0.1"
#define PACKAGE_STRING "LTO plugin for ld 0.1"
#define PACKAGE_BUGREPORT ""
#define PACKAGE_URL ""
#define PACKAGE "lto-plugin"
#define VERSION "0.1"
#define STDC_HEADERS 1
#define HAVE_SYS_TYPES_H 1
#define HAVE_SYS_STAT_H 1
#define HAVE_STDLIB_H 1
#define HAVE_STRING_H 1
#define HAVE_MEMORY_H 1
#define HAVE_STRINGS_H 1
#define HAVE_INTTYPES_H 1
#define HAVE_STDINT_H 1
#define HAVE_UNISTD_H 1
#define __EXTENSIONS__ 1
#define _ALL_SOURCE 1
#define _GNU_SOURCE 1
#define _POSIX_PTHREAD_SEMANTICS 1
#define _TANDEM_SOURCE 1
#define HAVE_PTHREAD_LOCKING 1
#define HAVE_DLFCN_H 1
#define LT_OBJDIR ".libs/"
#define HAVE_SYS_WAIT_H 1

configure: exit 0
=== File: ./wrt/build_dir/toolchain-aarch64_cortex-a53_gcc-14.4.0_musl/gcc-14.4.0-initial/libdecnumber/config.log ===
DEFS='-DHAVE_CONFIG_H'
ECHO_C=''
ECHO_N='-n'
ECHO_T=''
EGREP='/mnt/build_wrt/staging_dir/host/bin/grep -E'
EXEEXT=''
GREP='/mnt/build_wrt/staging_dir/host/bin/grep'
LDFLAGS='-static-libstdc++ -static-libgcc '
LIBOBJS=''
LIBS=''
LTLIBOBJS=''
MAINT='#'
OBJEXT='o'
PACKAGE_BUGREPORT='gcc-bugs@gcc.gnu.org'
PACKAGE_NAME='libdecnumber'
PACKAGE_STRING='libdecnumber  '
PACKAGE_TARNAME='libdecnumber'
PACKAGE_URL=''
PACKAGE_VERSION=' '
PATH_SEPARATOR=':'
PICFLAG=''
RANLIB='ranlib --plugin /usr/libexec/gcc/x86_64-linux-gnu/13/liblto_plugin.so'
SET_MAKE=''
SHELL='/bin/bash'
WARN_CFLAGS='-W -Wall -Wwrite-strings -Wstrict-prototypes -Wmissing-prototypes -Wold-style-definition -Wmissing-format-attribute -Wcast-qual'
WARN_PEDANTIC='-pedantic -Wno-long-long'
WERROR=''
ac_ct_CC=''
bindir='${exec_prefix}/bin'
build='x86_64-pc-linux-gnu'
build_alias='x86_64-pc-linux-gnu'
build_cpu='x86_64'
build_os='linux-gnu'
build_vendor='pc'
datadir='${datarootdir}'
datarootdir='${prefix}/share'
docdir='${datarootdir}/doc/${PACKAGE_TARNAME}'
dvidir='${docdir}'
enable_decimal_float='dpd'
enable_host_pie=''
enable_host_shared=''
exec_prefix='${prefix}'
host='x86_64-pc-linux-gnu'
host_alias='x86_64-pc-linux-gnu'
host_cpu='x86_64'
host_os='linux-gnu'
host_vendor='pc'
htmldir='${docdir}'
includedir='${prefix}/include'
infodir='${datarootdir}/info'
libdir='${exec_prefix}/lib'
libexecdir='${exec_prefix}/libexec'
localedir='${datarootdir}/locale'
localstatedir='${prefix}/var'
mandir='${datarootdir}/man'
nolto_flags='-fno-lto'
oldincludedir='/usr/include'
pdfdir='${docdir}'
prefix='/mnt/build_wrt/staging_dir/toolchain-aarch64_cortex-a53_gcc-14.4.0_musl'
program_transform_name='s&^&aarch64-openwrt-linux-musl-&'
psdir='${docdir}'
sbindir='${exec_prefix}/sbin'
sharedstatedir='${prefix}/com'
sysconfdir='${prefix}/etc'
target='aarch64-openwrt-linux-musl'
target_alias='aarch64-openwrt-linux-musl'
target_cpu='aarch64'
target_os='linux-musl'
target_vendor='openwrt'

## ----------- ##
## confdefs.h. ##
## ----------- ##

/* confdefs.h */
#define PACKAGE_NAME "libdecnumber"
#define PACKAGE_TARNAME "libdecnumber"
#define PACKAGE_VERSION " "
#define PACKAGE_STRING "libdecnumber  "
#define PACKAGE_BUGREPORT "gcc-bugs@gcc.gnu.org"
#define PACKAGE_URL ""
#define STDC_HEADERS 1
#define HAVE_SYS_TYPES_H 1
#define HAVE_SYS_STAT_H 1
#define HAVE_STDLIB_H 1
#define HAVE_STRING_H 1
#define HAVE_MEMORY_H 1
#define HAVE_STRINGS_H 1
#define HAVE_INTTYPES_H 1
#define HAVE_STDINT_H 1
#define HAVE_UNISTD_H 1
#define HAVE_CTYPE_H 1
#define HAVE_STDDEF_H 1
#define HAVE_STRING_H 1
#define HAVE_STDIO_H 1
#define SIZEOF_INT 4
#define SIZEOF_LONG 8
#define STDC_HEADERS 1

configure: exit 0
=== File: ./wrt/build_dir/toolchain-aarch64_cortex-a53_gcc-14.4.0_musl/gcc-14.4.0-initial/libbacktrace/config.log ===
VIEW_FILE='mmapio.lo'
WARN_FLAGS='-W -Wall -Wwrite-strings -Wstrict-prototypes -Wmissing-prototypes -Wold-style-definition -Wmissing-format-attribute -Wcast-qual'
XZ='xz'
ac_ct_CC=''
ac_ct_DUMPBIN=''
am__EXEEXT_FALSE=''
am__EXEEXT_TRUE='#'
am__isrc=' -I$(srcdir)'
am__leading_dot='.'
am__tar='$${TAR-tar} chof - "$$tardir"'
am__untar='$${TAR-tar} xf -'
bindir='${exec_prefix}/bin'
build='x86_64-pc-linux-gnu'
build_alias='x86_64-pc-linux-gnu'
build_cpu='x86_64'
build_os='linux-gnu'
build_vendor='pc'
datadir='${datarootdir}'
datarootdir='${prefix}/share'
docdir='${datarootdir}/doc/${PACKAGE_TARNAME}'
dvidir='${docdir}'
exec_prefix='${prefix}'
host='x86_64-pc-linux-gnu'
host_alias='x86_64-pc-linux-gnu'
host_cpu='x86_64'
host_os='linux-gnu'
host_vendor='pc'
htmldir='${docdir}'
includedir='${prefix}/include'
infodir='${datarootdir}/info'
install_sh='${SHELL} /mnt/build_wrt/build_dir/toolchain-aarch64_cortex-a53_gcc-14.4.0_musl/gcc-14.4.0/install-sh'
libdir='${exec_prefix}/lib'
libexecdir='${exec_prefix}/libexec'
libtool_VERSION='1:0:0'
localedir='${datarootdir}/locale'
localstatedir='${prefix}/var'
mandir='${datarootdir}/man'
mkdir_p='$(MKDIR_P)'
multi_basedir=''
oldincludedir='/usr/include'
pdfdir='${docdir}'
prefix='/mnt/build_wrt/staging_dir/toolchain-aarch64_cortex-a53_gcc-14.4.0_musl'
program_transform_name='s&^&aarch64-openwrt-linux-musl-&'
psdir='${docdir}'
sbindir='${exec_prefix}/sbin'
sharedstatedir='${prefix}/com'
sysconfdir='${prefix}/etc'
target='aarch64-openwrt-linux-musl'
target_alias='aarch64-openwrt-linux-musl'
target_cpu='aarch64'
target_os='linux-musl'
target_vendor='openwrt'

## ----------- ##
## confdefs.h. ##
## ----------- ##

/* confdefs.h */
#define PACKAGE_NAME "package-unused"
#define PACKAGE_TARNAME "libbacktrace"
#define PACKAGE_VERSION "version-unused"
#define PACKAGE_STRING "package-unused version-unused"
#define PACKAGE_BUGREPORT ""
#define PACKAGE_URL ""
#define STDC_HEADERS 1
#define HAVE_SYS_TYPES_H 1
#define HAVE_SYS_STAT_H 1
#define HAVE_STDLIB_H 1
#define HAVE_STRING_H 1
#define HAVE_MEMORY_H 1
#define HAVE_STRINGS_H 1
#define HAVE_INTTYPES_H 1
#define HAVE_STDINT_H 1
#define HAVE_UNISTD_H 1
#define __EXTENSIONS__ 1
#define _ALL_SOURCE 1
#define _GNU_SOURCE 1
#define _POSIX_PTHREAD_SEMANTICS 1
#define _TANDEM_SOURCE 1
#define HAVE_DLFCN_H 1
#define LT_OBJDIR ".libs/"
#define HAVE_GETIPINFO 1
#define HAVE_SYNC_FUNCTIONS 1
#define HAVE_ATOMIC_FUNCTIONS 1
#define BACKTRACE_ELF_SIZE 64
#define BACKTRACE_XCOFF_SIZE unused
#define HAVE_SYS_MMAN_H 1
#define HAVE_LINK_H 1
#define HAVE_DL_ITERATE_PHDR 1
#define HAVE_FCNTL 1
#define HAVE_DECL_STRNLEN 1
#define HAVE_DECL_GETPAGESIZE 1
#define HAVE_LSTAT 1
#define HAVE_READLINK 1
#define HAVE_DECL__PGMPTR 0
#define HAVE_CLOCK_GETTIME 1
#define HAVE_ZLIB 1
#define HAVE_ZSTD 1

configure: exit 0
=== File: ./wrt/build_dir/toolchain-aarch64_cortex-a53_gcc-14.4.0_musl/gcc-14.4.0-initial/libiberty/config.log ===
#define HAVE_BCOPY 1
#define HAVE_BSEARCH 1
#define HAVE_BZERO 1
#define HAVE_CALLOC 1
#define HAVE_CLOCK 1
#define HAVE_FFS 1
#define HAVE_GETCWD 1
#define HAVE_GETPAGESIZE 1
#define HAVE_GETTIMEOFDAY 1
#define HAVE_INDEX 1
#define HAVE_INSQUE 1
#define HAVE_MEMCHR 1
#define HAVE_MEMCMP 1
#define HAVE_MEMCPY 1
#define HAVE_MEMMEM 1
#define HAVE_MEMMOVE 1
#define HAVE_MEMPCPY 1
#define HAVE_MEMSET 1
#define HAVE_MKSTEMPS 1
#define HAVE_PUTENV 1
#define HAVE_RANDOM 1
#define HAVE_RENAME 1
#define HAVE_RINDEX 1
#define HAVE_SETENV 1
#define HAVE_SNPRINTF 1
#define HAVE_SIGSETMASK 1
#define HAVE_STPCPY 1
#define HAVE_STPNCPY 1
#define HAVE_STRCASECMP 1
#define HAVE_STRCHR 1
#define HAVE_STRDUP 1
#define HAVE_STRNCASECMP 1
#define HAVE_STRNDUP 1
#define HAVE_STRNLEN 1
#define HAVE_STRRCHR 1
#define HAVE_STRSTR 1
#define HAVE_STRTOD 1
#define HAVE_STRTOL 1
#define HAVE_STRTOUL 1
#define HAVE_STRTOLL 1
#define HAVE_STRTOULL 1
#define HAVE_STRVERSCMP 1
#define HAVE_TMPNAM 1
#define HAVE_VASPRINTF 1
#define HAVE_VFPRINTF 1
#define HAVE_VPRINTF 1
#define HAVE_VSNPRINTF 1
#define HAVE_VSPRINTF 1
#define HAVE_WAITPID 1
#define STACK_DIRECTION 1
#define HAVE_FORK 1
#define HAVE_VFORK 1
#define HAVE_WORKING_VFORK 1
#define HAVE_WORKING_FORK 1
#define HAVE___FSETLOCKING 1
#define HAVE_CANONICALIZE_FILE_NAME 1
#define HAVE_DUP3 1
#define HAVE_GETRLIMIT 1
#define HAVE_GETRUSAGE 1
#define HAVE_GETTIMEOFDAY 1
#define HAVE_ON_EXIT 1
#define HAVE_PIPE2 1
#define HAVE_POSIX_SPAWN 1
#define HAVE_POSIX_SPAWNP 1
#define HAVE_PSIGNAL 1
#define HAVE_REALPATH 1
#define HAVE_SETRLIMIT 1
#define HAVE_STRERROR 1
#define HAVE_STRSIGNAL 1
#define HAVE_SYSCONF 1
#define HAVE_TIMES 1
#define HAVE_WAIT3 1
#define HAVE_WAIT4 1
#define HAVE_SBRK 1
#define HAVE_DECL_BASENAME 1
#define HAVE_DECL_FFS 1
#define HAVE_DECL_ASPRINTF 1
#define HAVE_DECL_VASPRINTF 1
#define HAVE_DECL_SNPRINTF 1
#define HAVE_DECL_VSNPRINTF 1
#define HAVE_DECL_CALLOC 1
#define HAVE_DECL_GETENV 1
#define HAVE_DECL_GETOPT 1
#define HAVE_DECL_MALLOC 1
#define HAVE_DECL_REALLOC 1
#define HAVE_DECL_SBRK 1
#define HAVE_DECL_STRTOL 1
#define HAVE_DECL_STRTOUL 1
#define HAVE_DECL_STRTOLL 1
#define HAVE_DECL_STRTOULL 1
#define HAVE_DECL_STRVERSCMP 1
#define HAVE_DECL_STRNLEN 1
#define HAVE_X86_SHA1_HW_SUPPORT 1
#define HAVE_STDLIB_H 1
#define HAVE_UNISTD_H 1
#define HAVE_SYS_PARAM_H 1
#define HAVE_GETPAGESIZE 1
#define HAVE_MMAP 1

configure: exit 0
=== File: ./wrt/build_dir/toolchain-aarch64_cortex-a53_gcc-14.4.0_musl/gcc-14.4.0-initial/libcody/config.log ===
ac_cv_env_LDFLAGS_value='-static-libstdc++ -static-libgcc '
ac_cv_env_LIBS_set=
ac_cv_env_LIBS_value=
ac_cv_env_build_alias_set=set
ac_cv_env_build_alias_value=x86_64-pc-linux-gnu
ac_cv_env_host_alias_set=set
ac_cv_env_host_alias_value=x86_64-pc-linux-gnu
ac_cv_env_target_alias_set=set
ac_cv_env_target_alias_value=aarch64-openwrt-linux-musl
ac_cv_host=x86_64-pc-linux-gnu
ac_cv_objext=o
ac_cv_prog_AR='ar --plugin /usr/libexec/gcc/x86_64-linux-gnu/13/liblto_plugin.so'
ac_cv_prog_RANLIB='ranlib --plugin /usr/libexec/gcc/x86_64-linux-gnu/13/liblto_plugin.so'
ac_cv_prog_cxx_g=yes
ac_cv_search_ZSTD_compress='/mnt/build_wrt/staging_dir/host/lib/libzstd.a -pthread'
libgcc_cv_fixed_point=no

## ----------------- ##
## Output variables. ##
## ----------------- ##

AR='ar --plugin /usr/libexec/gcc/x86_64-linux-gnu/13/liblto_plugin.so'
CPPFLAGS=''
CXX='g++ -std=c++11'
CXXFLAGS='-O2 -I/mnt/build_wrt/staging_dir/host/include -pipe  '
DEFS='-DHAVE_CONFIG_H'
ECHO_C=''
ECHO_N='-n'
ECHO_T=''
EXCEPTIONS=''
EXEEXT=''
LDFLAGS='-static-libstdc++ -static-libgcc  -Wl,--no-undefined'
LD_PICFLAG=''
LIBOBJS=''
LIBS=''
LTLIBOBJS=''
MAINTAINER=''
OBJEXT='o'
PACKAGE_BUGREPORT='github.com/urnathan/libcody'
PACKAGE_NAME='codylib'
PACKAGE_STRING='codylib 0.0'
PACKAGE_TARNAME='codylib'
PACKAGE_URL=''
PACKAGE_VERSION='0.0'
PATH_SEPARATOR=':'
PICFLAG=''
RANLIB='ranlib --plugin /usr/libexec/gcc/x86_64-linux-gnu/13/liblto_plugin.so'
SHELL='/bin/bash'
ac_ct_CXX=''
bindir='${exec_prefix}/bin'
build='x86_64-pc-linux-gnu'
build_alias='x86_64-pc-linux-gnu'
build_cpu='x86_64'
build_os='linux-gnu'
build_vendor='pc'
configure_args=' '\''--srcdir=/mnt/build_wrt/build_dir/toolchain-aarch64_cortex-a53_gcc-14.4.0_musl/gcc-14.4.0/libcody'\'' '\''--cache-file=./config.cache'\'' '\''--with-bugurl=http://bugs.openwrt.org/'\'' '\''--with-pkgversion=OpenWrt GCC 14.4.0 r0-a4638cd'\'' '\''--prefix=/mnt/build_wrt/staging_dir/toolchain-aarch64_cortex-a53_gcc-14.4.0_musl'\'' '\''--with-gnu-ld'\'' '\''--enable-target-optspace'\'' '\''--disable-libgomp'\'' '\''--disable-libmudflap'\'' '\''--disable-multilib'\'' '\''--disable-libmpx'\'' '\''--disable-nls'\'' '\''--disable-libssp'\'' '\''--disable-tm-clone-registry'\'' '\''--without-isl'\'' '\''--without-cloog'\'' '\''--with-host-libstdcxx=-lstdc++'\'' '\''--with-system-zlib=/mnt/build_wrt/staging_dir/host'\'' '\''--with-zstd=/mnt/build_wrt/staging_dir/host'\'' '\''--with-gmp=/mnt/build_wrt/staging_dir/host'\'' '\''--with-mpfr=/mnt/build_wrt/staging_dir/host'\'' '\''--with-mpc=/mnt/build_wrt/staging_dir/host'\'' '\''--disable-decimal-float'\'' '\''--with-diagnostics-color=auto-if-env'\'' '\''--enable-__cxa_atexit'\'' '\''--enable-libstdcxx-dual-abi'\'' '\''--with-default-libstdcxx-abi=new'\'' '\''--with-newlib'\'' '\''--with-sysroot=/mnt/build_wrt/staging_dir/toolchain-aarch64_cortex-a53_gcc-14.4.0_musl'\'' '\''--disable-shared'\'' '\''--disable-threads'\'' '\''--enable-languages=c,lto'\'' '\''--program-transform-name=s&^&aarch64-openwrt-linux-musl-&'\'' '\''--disable-option-checking'\'' '\''--build=x86_64-pc-linux-gnu'\'' '\''--host=x86_64-pc-linux-gnu'\'' '\''--target=aarch64-openwrt-linux-musl'\'' '\''build_alias=x86_64-pc-linux-gnu'\'' '\''host_alias=x86_64-pc-linux-gnu'\'' '\''target_alias=aarch64-openwrt-linux-musl'\'' '\''CXX=g++'\'' '\''CXXFLAGS=-O2 -I/mnt/build_wrt/staging_dir/host/include -pipe  '\'' '\''LDFLAGS=-static-libstdc++ -static-libgcc '\'''
datadir='${datarootdir}'
datarootdir='${prefix}/share'
docdir='${datarootdir}/doc/${PACKAGE_TARNAME}'
dvidir='${docdir}'
enable_host_pie=''
enable_host_shared=''
exec_prefix='${prefix}'
host='x86_64-pc-linux-gnu'
host_alias='x86_64-pc-linux-gnu'
host_cpu='x86_64'
host_os='linux-gnu'
host_vendor='pc'
htmldir='${docdir}'
includedir='${prefix}/include'
infodir='${datarootdir}/info'
libdir='${exec_prefix}/lib'
libexecdir='${exec_prefix}/libexec'
localedir='${datarootdir}/locale'
localstatedir='${prefix}/var'
mandir='${datarootdir}/man'
oldincludedir='/usr/include'
pdfdir='${docdir}'
prefix='/mnt/build_wrt/staging_dir/toolchain-aarch64_cortex-a53_gcc-14.4.0_musl'
program_transform_name='s&^&aarch64-openwrt-linux-musl-&'
psdir='${docdir}'
sbindir='${exec_prefix}/sbin'
sharedstatedir='${prefix}/com'
sysconfdir='${prefix}/etc'
target_alias='aarch64-openwrt-linux-musl'

## ----------- ##
## confdefs.h. ##
## ----------- ##

/* confdefs.h */
#define PACKAGE_NAME "codylib"
#define PACKAGE_TARNAME "codylib"
#define PACKAGE_VERSION "0.0"
#define PACKAGE_STRING "codylib 0.0"
#define PACKAGE_BUGREPORT "github.com/urnathan/libcody"
#define PACKAGE_URL ""
#define NMS_CHECKING 0

configure: exit 0
=== File: ./wrt/build_dir/toolchain-aarch64_cortex-a53_gcc-14.4.0_musl/gcc-14.4.0-initial/config.log ===
build_cpu='x86_64'
build_libsubdir='build-x86_64-pc-linux-gnu'
build_noncanonical='x86_64-pc-linux-gnu'
build_os='linux-gnu'
build_subdir='build-x86_64-pc-linux-gnu'
build_tooldir='${exec_prefix}/aarch64-openwrt-linux-musl'
build_vendor='pc'
compare_exclusions='gcc/cc*-checksum$(objext) | gcc/ada/*tools/* | gcc/m2/gm2-compiler-boot/M2Version* | gcc/m2/gm2-compiler-boot/SYSTEM* | gcc/m2/gm2version*'
configdirs=' libiberty zlib libbacktrace libcpp libcody libdecnumber fixincludes gcc libcc1 c++tools lto-plugin'
datadir='${datarootdir}'
datarootdir='${prefix}/share'
do_compare='cmp --ignore-initial=16 $$f1 $$f2'
docdir='${datarootdir}/doc/${PACKAGE}'
dvidir='${docdir}'
exec_prefix='${prefix}'
extra_host_libiberty_configure_flags='--enable-shared'
extra_host_zlib_configure_flags=''
extra_isl_gmp_configure_flags=''
extra_linker_plugin_configure_flags=''
extra_linker_plugin_flags=''
extra_mpc_gmp_configure_flags=''
extra_mpc_mpfr_configure_flags=''
extra_mpfr_configure_flags=''
gcc_host_pie=''
get_gcc_base_ver='cat'
gmpinc='-I/mnt/build_wrt/staging_dir/host/include -I/mnt/build_wrt/staging_dir/host/include -I/mnt/build_wrt/staging_dir/host/include '
gmplibs='-L/mnt/build_wrt/staging_dir/host/lib -L/mnt/build_wrt/staging_dir/host/lib -L/mnt/build_wrt/staging_dir/host/lib -lmpc -lmpfr -lgmp'
host='x86_64-pc-linux-gnu'
host_alias='x86_64-pc-linux-gnu'
host_configargs=' --cache-file=./config.cache  '\''--with-bugurl=http://bugs.openwrt.org/'\'' '\''--with-pkgversion=OpenWrt GCC 14.4.0 r0-a4638cd'\'' '\''--prefix=/mnt/build_wrt/staging_dir/toolchain-aarch64_cortex-a53_gcc-14.4.0_musl'\'' '\''--with-gnu-ld'\'' '\''--enable-target-optspace'\'' '\''--disable-libgomp'\'' '\''--disable-libmudflap'\'' '\''--disable-multilib'\'' '\''--disable-libmpx'\'' '\''--disable-nls'\'' '\''--disable-libssp'\'' '\''--disable-tm-clone-registry'\'' '\''--without-isl'\'' '\''--without-cloog'\'' '\''--with-host-libstdcxx=-lstdc++'\'' '\''--with-system-zlib=/mnt/build_wrt/staging_dir/host'\'' '\''--with-zstd=/mnt/build_wrt/staging_dir/host'\'' '\''--with-gmp=/mnt/build_wrt/staging_dir/host'\'' '\''--with-mpfr=/mnt/build_wrt/staging_dir/host'\'' '\''--with-mpc=/mnt/build_wrt/staging_dir/host'\'' '\''--disable-decimal-float'\'' '\''--with-diagnostics-color=auto-if-env'\'' '\''--enable-__cxa_atexit'\'' '\''--enable-libstdcxx-dual-abi'\'' '\''--with-default-libstdcxx-abi=new'\'' '\''--with-newlib'\'' '\''--with-sysroot=/mnt/build_wrt/staging_dir/toolchain-aarch64_cortex-a53_gcc-14.4.0_musl'\'' '\''--disable-shared'\'' '\''--disable-threads'\'' '\''--enable-languages=c,lto'\'' --program-transform-name='\''s&^&aarch64-openwrt-linux-musl-&'\'' --disable-option-checking'
host_cpu='x86_64'
host_libs_picflag=''
host_noncanonical='x86_64-pc-linux-gnu'
host_os='linux-gnu'
host_pie='no'
host_shared='no'
host_subdir='.'
host_vendor='pc'
htmldir='${docdir}'
includedir='${prefix}/include'
infodir='${datarootdir}/info'
islinc=''
isllibs=''
libdir='${exec_prefix}/lib'
libexecdir='${exec_prefix}/libexec'
localedir='${datarootdir}/locale'
localstatedir='${prefix}/var'
mandir='${datarootdir}/man'
oldincludedir='/usr/include'
pdfdir='${docdir}'
poststage1_ldflags='-static-libstdc++ -static-libgcc'
poststage1_libs=''
prefix='/mnt/build_wrt/staging_dir/toolchain-aarch64_cortex-a53_gcc-14.4.0_musl'
program_transform_name='s&^&aarch64-openwrt-linux-musl-&'
psdir='${docdir}'
sbindir='${exec_prefix}/sbin'
sharedstatedir='${prefix}/com'
stage1_cflags='-g'
stage1_checking='--enable-checking=yes,types'
stage1_languages='c,lto'
stage1_ldflags='-static-libstdc++ -static-libgcc'
stage1_libs=''
stage2_werror_flag=''
sysconfdir='${prefix}/etc'
target='aarch64-openwrt-linux-musl'
target_alias='aarch64-openwrt-linux-musl'
target_configargs='--cache-file=./config.cache --with-cross-host=x86_64-pc-linux-gnu   '\''--with-bugurl=http://bugs.openwrt.org/'\'' '\''--with-pkgversion=OpenWrt GCC 14.4.0 r0-a4638cd'\'' '\''--prefix=/mnt/build_wrt/staging_dir/toolchain-aarch64_cortex-a53_gcc-14.4.0_musl'\'' '\''--with-gnu-ld'\'' '\''--enable-target-optspace'\'' '\''--disable-libgomp'\'' '\''--disable-libmudflap'\'' '\''--disable-multilib'\'' '\''--disable-libmpx'\'' '\''--disable-nls'\'' '\''--disable-libssp'\'' '\''--disable-tm-clone-registry'\'' '\''--without-cloog'\'' '\''--with-host-libstdcxx=-lstdc++'\'' '\''--with-system-zlib=/mnt/build_wrt/staging_dir/host'\'' '\''--with-zstd=/mnt/build_wrt/staging_dir/host'\'' '\''--disable-decimal-float'\'' '\''--with-diagnostics-color=auto-if-env'\'' '\''--enable-__cxa_atexit'\'' '\''--enable-libstdcxx-dual-abi'\'' '\''--with-default-libstdcxx-abi=new'\'' '\''--with-newlib'\'' '\''--with-sysroot=/mnt/build_wrt/staging_dir/toolchain-aarch64_cortex-a53_gcc-14.4.0_musl'\'' '\''--disable-shared'\'' '\''--disable-threads'\'' '\''--enable-languages=c,lto'\'' --program-transform-name='\''s&^&aarch64-openwrt-linux-musl-&'\'' --disable-option-checking --disable-year2038'
target_configdirs=' libgcc libatomic libquadmath'
target_cpu='aarch64'
target_noncanonical='aarch64-openwrt-linux-musl'
target_os='linux-musl'
target_subdir='aarch64-openwrt-linux-musl'
target_vendor='openwrt'
tooldir='${exec_prefix}/aarch64-openwrt-linux-musl'

## ------------------- ##
## File substitutions. ##
## ------------------- ##

alphaieee_frag='/dev/null'
host_makefile_frag='/dev/null'
ospace_frag='/mnt/build_wrt/build_dir/toolchain-aarch64_cortex-a53_gcc-14.4.0_musl/gcc-14.4.0/config/mt-ospace'
serialization_dependencies='serdep.tmp'
target_makefile_frag='/mnt/build_wrt/build_dir/toolchain-aarch64_cortex-a53_gcc-14.4.0_musl/gcc-14.4.0/config/mt-gnu'

## ----------- ##
## confdefs.h. ##
## ----------- ##

/* confdefs.h */
#define PACKAGE_NAME ""
#define PACKAGE_TARNAME ""
#define PACKAGE_VERSION ""
#define PACKAGE_STRING ""
#define PACKAGE_BUGREPORT ""
#define PACKAGE_URL ""
#define HAVE_CXX11 1
#define LT_OBJDIR ".libs/"

configure: exit 0
=== File: ./wrt/build_dir/toolchain-aarch64_cortex-a53_gcc-14.4.0_musl/gcc-14.4.0-initial/libcpp/config.log ===
target='aarch64-openwrt-linux-musl'
target_alias='aarch64-openwrt-linux-musl'
target_cpu='aarch64'
target_os='linux-musl'
target_vendor='openwrt'
warn='-W -Wall -Wno-narrowing -Wwrite-strings -Wmissing-format-attribute'

## ----------- ##
## confdefs.h. ##
## ----------- ##

/* confdefs.h */
#define PACKAGE_NAME "cpplib"
#define PACKAGE_TARNAME "cpplib"
#define PACKAGE_VERSION " "
#define PACKAGE_STRING "cpplib  "
#define PACKAGE_BUGREPORT "gcc-bugs@gcc.gnu.org"
#define PACKAGE_URL ""
#define STDC_HEADERS 1
#define HAVE_SYS_TYPES_H 1
#define HAVE_SYS_STAT_H 1
#define HAVE_STDLIB_H 1
#define HAVE_STRING_H 1
#define HAVE_MEMORY_H 1
#define HAVE_STRINGS_H 1
#define HAVE_INTTYPES_H 1
#define HAVE_STDINT_H 1
#define HAVE_UNISTD_H 1
#define __EXTENSIONS__ 1
#define _ALL_SOURCE 1
#define _GNU_SOURCE 1
#define _POSIX_PTHREAD_SEMANTICS 1
#define _TANDEM_SOURCE 1
#define TIME_WITH_SYS_TIME 1
#define STRING_WITH_STRINGS 1
#define HAVE_LOCALE_H 1
#define HAVE_FCNTL_H 1
#define HAVE_LIMITS_H 1
#define HAVE_STDDEF_H 1
#define HAVE_STDLIB_H 1
#define HAVE_STRINGS_H 1
#define HAVE_STRING_H 1
#define HAVE_SYS_FILE_H 1
#define HAVE_UNISTD_H 1
#define HAVE_OBSTACK 1
#define HAVE_UINTPTR_T 1
#define SIZEOF_INT 4
#define SIZEOF_LONG 8
#define HAVE_CLEARERR_UNLOCKED 1
#define HAVE_FEOF_UNLOCKED 1
#define HAVE_FERROR_UNLOCKED 1
#define HAVE_FFLUSH_UNLOCKED 1
#define HAVE_FGETC_UNLOCKED 1
#define HAVE_FGETS_UNLOCKED 1
#define HAVE_FILENO_UNLOCKED 1
#define HAVE_FPUTC_UNLOCKED 1
#define HAVE_FPUTS_UNLOCKED 1
#define HAVE_FREAD_UNLOCKED 1
#define HAVE_FWRITE_UNLOCKED 1
#define HAVE_GETCHAR_UNLOCKED 1
#define HAVE_GETC_UNLOCKED 1
#define HAVE_PUTCHAR_UNLOCKED 1
#define HAVE_PUTC_UNLOCKED 1
#define HAVE_SETLOCALE 1
#define HAVE_DECL_ABORT 1
#define HAVE_DECL_ASPRINTF 1
#define HAVE_DECL_BASENAME 1
#define HAVE_DECL_ERRNO 0
#define HAVE_DECL_GETOPT 1
#define HAVE_DECL_VASPRINTF 1
#define HAVE_DECL_CLEARERR_UNLOCKED 1
#define HAVE_DECL_FEOF_UNLOCKED 1
#define HAVE_DECL_FERROR_UNLOCKED 1
#define HAVE_DECL_FFLUSH_UNLOCKED 1
#define HAVE_DECL_FGETC_UNLOCKED 1
#define HAVE_DECL_FGETS_UNLOCKED 1
#define HAVE_DECL_FILENO_UNLOCKED 1
#define HAVE_DECL_FPRINTF_UNLOCKED 0
#define HAVE_DECL_FPUTC_UNLOCKED 1
#define HAVE_DECL_FPUTS_UNLOCKED 1
#define HAVE_DECL_FREAD_UNLOCKED 1
#define HAVE_DECL_FWRITE_UNLOCKED 1
#define HAVE_DECL_GETCHAR_UNLOCKED 1
#define HAVE_DECL_GETC_UNLOCKED 1
#define HAVE_DECL_PUTCHAR_UNLOCKED 1
#define HAVE_DECL_PUTC_UNLOCKED 1
#define HAVE_ALLOCA_H 1
#define HAVE_ALLOCA 1
#define STDC_HEADERS 1
#define HAVE_LANGINFO_CODESET 1
#define SIZEOF_INO_T 8
#define SIZEOF_DEV_T 8
#define HAVE_ICONV 1
#define ICONV_CONST 
#define PACKAGE "cpplib"
#define CHECKING_P 0
#define ENABLE_ASSERT_CHECKING 1
#define ENABLE_CANONICAL_SYSTEM_HEADERS 1

configure: exit 0
=== File: ./wrt/build_dir/toolchain-aarch64_cortex-a53_gcc-14.4.0_musl/gcc-14.4.0-initial/zlib/config.log ===
SET_MAKE=''
SHELL='/bin/bash'
STRIP='strip'
TARGET_LIBRARY_FALSE=''
TARGET_LIBRARY_TRUE='#'
VERSION='1.1.4'
ac_ct_CC=''
ac_ct_DUMPBIN=''
am__EXEEXT_FALSE=''
am__EXEEXT_TRUE='#'
am__fastdepCC_FALSE='#'
am__fastdepCC_TRUE=''
am__include='include'
am__isrc=' -I$(srcdir)'
am__leading_dot='.'
am__nodep='_no'
am__quote=''
am__tar='$${TAR-tar} chof - "$$tardir"'
am__untar='$${TAR-tar} xf -'
bindir='${exec_prefix}/bin'
build='x86_64-pc-linux-gnu'
build_alias='x86_64-pc-linux-gnu'
build_cpu='x86_64'
build_os='linux-gnu'
build_vendor='pc'
datadir='${datarootdir}'
datarootdir='${prefix}/share'
docdir='${datarootdir}/doc/${PACKAGE_TARNAME}'
dvidir='${docdir}'
enable_host_pie=''
enable_host_shared=''
exec_prefix='${prefix}'
host='x86_64-pc-linux-gnu'
host_alias='x86_64-pc-linux-gnu'
host_cpu='x86_64'
host_os='linux-gnu'
host_vendor='pc'
htmldir='${docdir}'
includedir='${prefix}/include'
infodir='${datarootdir}/info'
install_sh='${SHELL} /mnt/build_wrt/build_dir/toolchain-aarch64_cortex-a53_gcc-14.4.0_musl/gcc-14.4.0/install-sh'
libdir='${exec_prefix}/lib'
libexecdir='${exec_prefix}/libexec'
localedir='${datarootdir}/locale'
localstatedir='${prefix}/var'
mandir='${datarootdir}/man'
mkdir_p='$(MKDIR_P)'
mkinstalldirs='/mnt/build_wrt/build_dir/toolchain-aarch64_cortex-a53_gcc-14.4.0_musl/gcc-14.4.0/mkinstalldirs'
multi_basedir=''
oldincludedir='/usr/include'
pdfdir='${docdir}'
prefix='/mnt/build_wrt/staging_dir/toolchain-aarch64_cortex-a53_gcc-14.4.0_musl'
program_transform_name='s&^&aarch64-openwrt-linux-musl-&'
psdir='${docdir}'
sbindir='${exec_prefix}/sbin'
sharedstatedir='${prefix}/com'
sysconfdir='${prefix}/etc'
target='aarch64-openwrt-linux-musl'
target_alias='aarch64-openwrt-linux-musl'
target_cpu='aarch64'
target_os='linux-musl'
target_vendor='openwrt'
toolexecdir='$(libdir)/gcc-lib/$(target_alias)'
toolexeclibdir='$(libdir)/../lib'

## ----------- ##
## confdefs.h. ##
## ----------- ##

/* confdefs.h */
#define PACKAGE_NAME "zlib"
#define PACKAGE_TARNAME "zlib"
#define PACKAGE_VERSION "1.1.4"
#define PACKAGE_STRING "zlib 1.1.4"
#define PACKAGE_BUGREPORT ""
#define PACKAGE_URL ""
#define PACKAGE "zlib"
#define VERSION "1.1.4"
#define STDC_HEADERS 1
#define HAVE_SYS_TYPES_H 1
#define HAVE_SYS_STAT_H 1
#define HAVE_STDLIB_H 1
#define HAVE_STRING_H 1
#define HAVE_MEMORY_H 1
#define HAVE_STRINGS_H 1
#define HAVE_INTTYPES_H 1
#define HAVE_STDINT_H 1
#define HAVE_UNISTD_H 1
#define HAVE_DLFCN_H 1
#define LT_OBJDIR ".libs/"
#define HAVE_STDLIB_H 1
#define HAVE_UNISTD_H 1
#define HAVE_SYS_PARAM_H 1
#define HAVE_GETPAGESIZE 1
#define HAVE_MMAP 1
#define HAVE_MEMCPY 1
#define HAVE_STRERROR 1
#define HAVE_UNISTD_H 1

configure: exit 0
=== File: ./wrt/build_dir/toolchain-aarch64_cortex-a53_gcc-14.4.0_musl/gcc-14.4.0-initial/aarch64-openwrt-linux-musl/libgcc/config.log ===
PATH_SEPARATOR=':'
PICFLAG='-fPIC'
RANLIB='/mnt/build_wrt/staging_dir/toolchain-aarch64_cortex-a53_gcc-14.4.0_musl/aarch64-openwrt-linux-musl/bin/ranlib'
SHELL='/bin/bash'
STRIP='/mnt/build_wrt/staging_dir/toolchain-aarch64_cortex-a53_gcc-14.4.0_musl/aarch64-openwrt-linux-musl/bin/strip'
ac_ct_CC=''
accel_dir_suffix=''
asm_hidden_op='.hidden'
bindir='${exec_prefix}/bin'
build='x86_64-pc-linux-gnu'
build_alias='x86_64-pc-linux-gnu'
build_cpu='x86_64'
build_libsubdir='build-x86_64-pc-linux-gnu'
build_os='linux-gnu'
build_subdir='build-x86_64-pc-linux-gnu'
build_vendor='pc'
cpu_type='aarch64'
datadir='${datarootdir}'
datarootdir='${prefix}/share'
decimal_float='no'
docdir='${datarootdir}/doc/${PACKAGE_TARNAME}'
double_type_size='64'
dvidir='${docdir}'
enable_decimal_float='no'
enable_execute_stack='enable-execute-stack-empty.c'
enable_gcov='yes'
enable_shared='no'
enable_vtable_verify='no'
exec_prefix='${prefix}'
extra_parts='crtbegin.o crtbeginS.o crtbeginT.o crtend.o crtendS.o crtfastmath.o'
fixed_point='no'
force_explicit_eh_registry=''
get_gcc_base_ver='cat'
host='aarch64-openwrt-linux-musl'
host_alias='aarch64-openwrt-linux-musl'
host_cpu='aarch64'
host_noncanonical='aarch64-openwrt-linux-musl'
host_os='linux-musl'
host_subdir='.'
host_vendor='openwrt'
htmldir='${docdir}'
includedir='${prefix}/include'
infodir='${datarootdir}/info'
libdir='${exec_prefix}/lib'
libexecdir='${exec_prefix}/libexec'
libgcc_topdir='/mnt/build_wrt/build_dir/toolchain-aarch64_cortex-a53_gcc-14.4.0_musl/gcc-14.4.0/libgcc/..'
localedir='${datarootdir}/locale'
localstatedir='${prefix}/var'
long_double_type_size='128'
mandir='${datarootdir}/man'
md_unwind_header='aarch64/linux-unwind.h'
oldincludedir='/usr/include'
pdfdir='${docdir}'
prefix='/mnt/build_wrt/staging_dir/toolchain-aarch64_cortex-a53_gcc-14.4.0_musl'
program_transform_name='s&^&aarch64-openwrt-linux-musl-&'
psdir='${docdir}'
real_host_noncanonical='aarch64-openwrt-linux-musl'
sbindir='${exec_prefix}/sbin'
set_have_cc_tls='-DHAVE_CC_TLS'
set_use_emutls=''
sfp_machine_header='aarch64/sfp-machine.h'
sharedstatedir='${prefix}/com'
slibdir='$(exec_prefix)/$(host_noncanonical)/lib'
solaris_ld_v2_maps=''
sysconfdir='${prefix}/etc'
target_alias='aarch64-openwrt-linux-musl'
target_noncanonical='aarch64-openwrt-linux-musl'
target_subdir='aarch64-openwrt-linux-musl'
thread_header='gthr-single.h'
tm_defines=''
tm_file=' $(srcdir)/config/aarch64/value-unwind.h'
tmake_file=' $(srcdir)/config/t-crtstuff-pic $(srcdir)/config/t-libgcc-pic $(srcdir)/config/t-eh-dw2-dip $(srcdir)/config/t-slibgcc $(srcdir)/config/t-slibgcc-gld $(srcdir)/config/t-slibgcc-elf-ver $(srcdir)/config/t-linux $(srcdir)/config/aarch64/t-aarch64 $(srcdir)/config/aarch64/t-lse $(srcdir)/config/t-slibgcc-libgcc $(srcdir)/config/aarch64/t-softfp $(srcdir)/config/t-softfp $(srcdir)/config/t-crtfm $(srcdir)/config/t-dfprules $(srcdir)/config/aarch64/t-heap-trampoline $(srcdir)/config/t-gthr-noweak'
toolexecdir='$(exec_prefix)/$(target_noncanonical)'
toolexeclibdir='$(toolexecdir)/lib'
unwind_header='unwind-generic.h'
use_tm_clone_registry='-DUSE_TM_CLONE_REGISTRY=0'
vis_hide='-fvisibility=hidden -DHIDE_EXPORTS'
with_aix_soname='aix'

## ----------- ##
## confdefs.h. ##
## ----------- ##

/* confdefs.h */
#define PACKAGE_NAME "GNU C Runtime Library"
#define PACKAGE_TARNAME "libgcc"
#define PACKAGE_VERSION "1.0"
#define PACKAGE_STRING "GNU C Runtime Library 1.0"
#define PACKAGE_BUGREPORT ""
#define PACKAGE_URL "http://www.gnu.org/software/libgcc/"
#define SIZEOF_DOUBLE 8
#define SIZEOF_LONG_DOUBLE 16
#define HAVE_GETIPINFO 1
#define AS_HIDDEN_DIRECTIVE .hidden
#define HAVE_AS_CFI_SECTIONS 1
#define HAVE_AS_LSE 1
#define HAVE_AS_VARIANT_PCS 1
#define HAVE_INIT_PRIORITY 1

configure: exit 0
=== File: ./wrt/build_dir/toolchain-aarch64_cortex-a53_gcc-14.4.0_musl/gcc-14.4.0-initial/build-x86_64-pc-linux-gnu/libiberty/config.log ===
#define HAVE_BCOPY 1
#define HAVE_BSEARCH 1
#define HAVE_BZERO 1
#define HAVE_CALLOC 1
#define HAVE_CLOCK 1
#define HAVE_FFS 1
#define HAVE_GETCWD 1
#define HAVE_GETPAGESIZE 1
#define HAVE_GETTIMEOFDAY 1
#define HAVE_INDEX 1
#define HAVE_INSQUE 1
#define HAVE_MEMCHR 1
#define HAVE_MEMCMP 1
#define HAVE_MEMCPY 1
#define HAVE_MEMMEM 1
#define HAVE_MEMMOVE 1
#define HAVE_MEMPCPY 1
#define HAVE_MEMSET 1
#define HAVE_MKSTEMPS 1
#define HAVE_PUTENV 1
#define HAVE_RANDOM 1
#define HAVE_RENAME 1
#define HAVE_RINDEX 1
#define HAVE_SETENV 1
#define HAVE_SNPRINTF 1
#define HAVE_SIGSETMASK 1
#define HAVE_STPCPY 1
#define HAVE_STPNCPY 1
#define HAVE_STRCASECMP 1
#define HAVE_STRCHR 1
#define HAVE_STRDUP 1
#define HAVE_STRNCASECMP 1
#define HAVE_STRNDUP 1
#define HAVE_STRNLEN 1
#define HAVE_STRRCHR 1
#define HAVE_STRSTR 1
#define HAVE_STRTOD 1
#define HAVE_STRTOL 1
#define HAVE_STRTOUL 1
#define HAVE_STRTOLL 1
#define HAVE_STRTOULL 1
#define HAVE_STRVERSCMP 1
#define HAVE_TMPNAM 1
#define HAVE_VASPRINTF 1
#define HAVE_VFPRINTF 1
#define HAVE_VPRINTF 1
#define HAVE_VSNPRINTF 1
#define HAVE_VSPRINTF 1
#define HAVE_WAITPID 1
#define STACK_DIRECTION 1
#define HAVE_FORK 1
#define HAVE_VFORK 1
#define HAVE_WORKING_VFORK 1
#define HAVE_WORKING_FORK 1
#define HAVE___FSETLOCKING 1
#define HAVE_CANONICALIZE_FILE_NAME 1
#define HAVE_DUP3 1
#define HAVE_GETRLIMIT 1
#define HAVE_GETRUSAGE 1
#define HAVE_GETTIMEOFDAY 1
#define HAVE_ON_EXIT 1
#define HAVE_PIPE2 1
#define HAVE_POSIX_SPAWN 1
#define HAVE_POSIX_SPAWNP 1
#define HAVE_PSIGNAL 1
#define HAVE_REALPATH 1
#define HAVE_SETRLIMIT 1
#define HAVE_STRERROR 1
#define HAVE_STRSIGNAL 1
#define HAVE_SYSCONF 1
#define HAVE_TIMES 1
#define HAVE_WAIT3 1
#define HAVE_WAIT4 1
#define HAVE_SBRK 1
#define HAVE_DECL_BASENAME 1
#define HAVE_DECL_FFS 1
#define HAVE_DECL_ASPRINTF 1
#define HAVE_DECL_VASPRINTF 1
#define HAVE_DECL_SNPRINTF 1
#define HAVE_DECL_VSNPRINTF 1
#define HAVE_DECL_CALLOC 1
#define HAVE_DECL_GETENV 1
#define HAVE_DECL_GETOPT 1
#define HAVE_DECL_MALLOC 1
#define HAVE_DECL_REALLOC 1
#define HAVE_DECL_SBRK 1
#define HAVE_DECL_STRTOL 1
#define HAVE_DECL_STRTOUL 1
#define HAVE_DECL_STRTOLL 1
#define HAVE_DECL_STRTOULL 1
#define HAVE_DECL_STRVERSCMP 1
#define HAVE_DECL_STRNLEN 1
#define HAVE_X86_SHA1_HW_SUPPORT 1
#define HAVE_STDLIB_H 1
#define HAVE_UNISTD_H 1
#define HAVE_SYS_PARAM_H 1
#define HAVE_GETPAGESIZE 1
#define HAVE_MMAP 1

configure: exit 0
=== File: ./wrt/build_dir/toolchain-aarch64_cortex-a53_gcc-14.4.0_musl/gcc-14.4.0-initial/build-x86_64-pc-linux-gnu/libcpp/config.log ===
sysconfdir='${prefix}/etc'
target='aarch64-openwrt-linux-musl'
target_alias='aarch64-openwrt-linux-musl'
target_cpu='aarch64'
target_os='linux-musl'
target_vendor='openwrt'
warn='-W -Wall -Wno-narrowing -Wwrite-strings -Wmissing-format-attribute'

## ----------- ##
## confdefs.h. ##
## ----------- ##

/* confdefs.h */
#define PACKAGE_NAME "cpplib"
#define PACKAGE_TARNAME "cpplib"
#define PACKAGE_VERSION " "
#define PACKAGE_STRING "cpplib  "
#define PACKAGE_BUGREPORT "gcc-bugs@gcc.gnu.org"
#define PACKAGE_URL ""
#define STDC_HEADERS 1
#define HAVE_SYS_TYPES_H 1
#define HAVE_SYS_STAT_H 1
#define HAVE_STDLIB_H 1
#define HAVE_STRING_H 1
#define HAVE_MEMORY_H 1
#define HAVE_STRINGS_H 1
#define HAVE_INTTYPES_H 1
#define HAVE_STDINT_H 1
#define HAVE_UNISTD_H 1
#define __EXTENSIONS__ 1
#define _ALL_SOURCE 1
#define _GNU_SOURCE 1
#define _POSIX_PTHREAD_SEMANTICS 1
#define _TANDEM_SOURCE 1
#define TIME_WITH_SYS_TIME 1
#define STRING_WITH_STRINGS 1
#define HAVE_LOCALE_H 1
#define HAVE_FCNTL_H 1
#define HAVE_LIMITS_H 1
#define HAVE_STDDEF_H 1
#define HAVE_STDLIB_H 1
#define HAVE_STRINGS_H 1
#define HAVE_STRING_H 1
#define HAVE_SYS_FILE_H 1
#define HAVE_UNISTD_H 1
#define HAVE_OBSTACK 1
#define HAVE_UINTPTR_T 1
#define SIZEOF_INT 4
#define SIZEOF_LONG 8
#define HAVE_CLEARERR_UNLOCKED 1
#define HAVE_FEOF_UNLOCKED 1
#define HAVE_FERROR_UNLOCKED 1
#define HAVE_FFLUSH_UNLOCKED 1
#define HAVE_FGETC_UNLOCKED 1
#define HAVE_FGETS_UNLOCKED 1
#define HAVE_FILENO_UNLOCKED 1
#define HAVE_FPUTC_UNLOCKED 1
#define HAVE_FPUTS_UNLOCKED 1
#define HAVE_FREAD_UNLOCKED 1
#define HAVE_FWRITE_UNLOCKED 1
#define HAVE_GETCHAR_UNLOCKED 1
#define HAVE_GETC_UNLOCKED 1
#define HAVE_PUTCHAR_UNLOCKED 1
#define HAVE_PUTC_UNLOCKED 1
#define HAVE_SETLOCALE 1
#define HAVE_DECL_ABORT 1
#define HAVE_DECL_ASPRINTF 1
#define HAVE_DECL_BASENAME 1
#define HAVE_DECL_ERRNO 0
#define HAVE_DECL_GETOPT 1
#define HAVE_DECL_VASPRINTF 1
#define HAVE_DECL_CLEARERR_UNLOCKED 1
#define HAVE_DECL_FEOF_UNLOCKED 1
#define HAVE_DECL_FERROR_UNLOCKED 1
#define HAVE_DECL_FFLUSH_UNLOCKED 1
#define HAVE_DECL_FGETC_UNLOCKED 1
#define HAVE_DECL_FGETS_UNLOCKED 1
#define HAVE_DECL_FILENO_UNLOCKED 1
#define HAVE_DECL_FPRINTF_UNLOCKED 0
#define HAVE_DECL_FPUTC_UNLOCKED 1
#define HAVE_DECL_FPUTS_UNLOCKED 1
#define HAVE_DECL_FREAD_UNLOCKED 1
#define HAVE_DECL_FWRITE_UNLOCKED 1
#define HAVE_DECL_GETCHAR_UNLOCKED 1
#define HAVE_DECL_GETC_UNLOCKED 1
#define HAVE_DECL_PUTCHAR_UNLOCKED 1
#define HAVE_DECL_PUTC_UNLOCKED 1
#define HAVE_ALLOCA_H 1
#define HAVE_ALLOCA 1
#define STDC_HEADERS 1
#define HAVE_LANGINFO_CODESET 1
#define SIZEOF_INO_T 8
#define SIZEOF_DEV_T 8
#define ICONV_CONST 
#define PACKAGE "cpplib"
#define CHECKING_P 0
#define ENABLE_ASSERT_CHECKING 1
#define ENABLE_CANONICAL_SYSTEM_HEADERS 1

configure: exit 0
=== File: ./wrt/build_dir/toolchain-aarch64_cortex-a53_gcc-14.4.0_musl/gcc-14.4.0-initial/build-x86_64-pc-linux-gnu/fixincludes/config.log ===
includedir='${prefix}/include'
infodir='${datarootdir}/info'
libdir='${exec_prefix}/lib'
libexecdir='${exec_prefix}/libexec'
localedir='${datarootdir}/locale'
localstatedir='${prefix}/var'
mandir='${datarootdir}/man'
oldincludedir='/usr/include'
pdfdir='${docdir}'
prefix='/mnt/build_wrt/staging_dir/toolchain-aarch64_cortex-a53_gcc-14.4.0_musl'
program_transform_name='s&^&aarch64-openwrt-linux-musl-&'
psdir='${docdir}'
sbindir='${exec_prefix}/sbin'
sharedstatedir='${prefix}/com'
sysconfdir='${prefix}/etc'
target='aarch64-openwrt-linux-musl'
target_alias='aarch64-openwrt-linux-musl'
target_cpu='aarch64'
target_noncanonical='aarch64-openwrt-linux-musl'
target_os='linux-musl'
target_vendor='openwrt'

## ----------- ##
## confdefs.h. ##
## ----------- ##

/* confdefs.h */
#define PACKAGE_NAME "fixincludes"
#define PACKAGE_TARNAME "fixincludes"
#define PACKAGE_VERSION " "
#define PACKAGE_STRING "fixincludes  "
#define PACKAGE_BUGREPORT ""
#define PACKAGE_URL ""
#define STDC_HEADERS 1
#define HAVE_SYS_TYPES_H 1
#define HAVE_SYS_STAT_H 1
#define HAVE_STDLIB_H 1
#define HAVE_STRING_H 1
#define HAVE_MEMORY_H 1
#define HAVE_STRINGS_H 1
#define HAVE_INTTYPES_H 1
#define HAVE_STDINT_H 1
#define HAVE_UNISTD_H 1
#define __EXTENSIONS__ 1
#define _ALL_SOURCE 1
#define _GNU_SOURCE 1
#define _POSIX_PTHREAD_SEMANTICS 1
#define _TANDEM_SOURCE 1
#define EXE_EXT ""
#define STDC_HEADERS 1
#define HAVE_STDDEF_H 1
#define HAVE_STDLIB_H 1
#define HAVE_STRINGS_H 1
#define HAVE_UNISTD_H 1
#define HAVE_FCNTL_H 1
#define HAVE_SYS_FILE_H 1
#define HAVE_SYS_STAT_H 1
#define HAVE_CLEARERR_UNLOCKED 1
#define HAVE_FEOF_UNLOCKED 1
#define HAVE_FERROR_UNLOCKED 1
#define HAVE_FFLUSH_UNLOCKED 1
#define HAVE_FGETC_UNLOCKED 1
#define HAVE_FGETS_UNLOCKED 1
#define HAVE_FILENO_UNLOCKED 1
#define HAVE_FPUTC_UNLOCKED 1
#define HAVE_FPUTS_UNLOCKED 1
#define HAVE_FREAD_UNLOCKED 1
#define HAVE_FWRITE_UNLOCKED 1
#define HAVE_GETCHAR_UNLOCKED 1
#define HAVE_GETC_UNLOCKED 1
#define HAVE_PUTCHAR_UNLOCKED 1
#define HAVE_PUTC_UNLOCKED 1
#define HAVE_DECL_ABORT 1
#define HAVE_DECL_ASPRINTF 1
#define HAVE_DECL_BASENAME 1
#define HAVE_DECL_ERRNO 0
#define HAVE_DECL_VASPRINTF 1
#define HAVE_DECL_MEMMEM 1
#define HAVE_DECL_CLEARERR_UNLOCKED 1
#define HAVE_DECL_FEOF_UNLOCKED 1
#define HAVE_DECL_FERROR_UNLOCKED 1
#define HAVE_DECL_FFLUSH_UNLOCKED 1
#define HAVE_DECL_FGETC_UNLOCKED 1
#define HAVE_DECL_FGETS_UNLOCKED 1
#define HAVE_DECL_FILENO_UNLOCKED 1
#define HAVE_DECL_FPRINTF_UNLOCKED 0
#define HAVE_DECL_FPUTC_UNLOCKED 1
#define HAVE_DECL_FPUTS_UNLOCKED 1
#define HAVE_DECL_FREAD_UNLOCKED 1
#define HAVE_DECL_FWRITE_UNLOCKED 1
#define HAVE_DECL_GETCHAR_UNLOCKED 1
#define HAVE_DECL_GETC_UNLOCKED 1
#define HAVE_DECL_PUTCHAR_UNLOCKED 1
#define HAVE_DECL_PUTC_UNLOCKED 1
#define HAVE_MMAP_FILE 1
#define HAVE_MMAP_DEV_ZERO 1
#define HAVE_MMAP_ANON 1
#define SED_PROGRAM "/mnt/build_wrt/staging_dir/host/bin/sed"

configure: exit 0
=== File: ./wrt/build_dir/toolchain-aarch64_cortex-a53_gcc-14.4.0_musl/gcc-14.4.0-initial/fixincludes/config.log ===
includedir='${prefix}/include'
infodir='${datarootdir}/info'
libdir='${exec_prefix}/lib'
libexecdir='${exec_prefix}/libexec'
localedir='${datarootdir}/locale'
localstatedir='${prefix}/var'
mandir='${datarootdir}/man'
oldincludedir='/usr/include'
pdfdir='${docdir}'
prefix='/mnt/build_wrt/staging_dir/toolchain-aarch64_cortex-a53_gcc-14.4.0_musl'
program_transform_name='s&^&aarch64-openwrt-linux-musl-&'
psdir='${docdir}'
sbindir='${exec_prefix}/sbin'
sharedstatedir='${prefix}/com'
sysconfdir='${prefix}/etc'
target='aarch64-openwrt-linux-musl'
target_alias='aarch64-openwrt-linux-musl'
target_cpu='aarch64'
target_noncanonical='aarch64-openwrt-linux-musl'
target_os='linux-musl'
target_vendor='openwrt'

## ----------- ##
## confdefs.h. ##
## ----------- ##

/* confdefs.h */
#define PACKAGE_NAME "fixincludes"
#define PACKAGE_TARNAME "fixincludes"
#define PACKAGE_VERSION " "
#define PACKAGE_STRING "fixincludes  "
#define PACKAGE_BUGREPORT ""
#define PACKAGE_URL ""
#define STDC_HEADERS 1
#define HAVE_SYS_TYPES_H 1
#define HAVE_SYS_STAT_H 1
#define HAVE_STDLIB_H 1
#define HAVE_STRING_H 1
#define HAVE_MEMORY_H 1
#define HAVE_STRINGS_H 1
#define HAVE_INTTYPES_H 1
#define HAVE_STDINT_H 1
#define HAVE_UNISTD_H 1
#define __EXTENSIONS__ 1
#define _ALL_SOURCE 1
#define _GNU_SOURCE 1
#define _POSIX_PTHREAD_SEMANTICS 1
#define _TANDEM_SOURCE 1
#define EXE_EXT ""
#define STDC_HEADERS 1
#define HAVE_STDDEF_H 1
#define HAVE_STDLIB_H 1
#define HAVE_STRINGS_H 1
#define HAVE_UNISTD_H 1
#define HAVE_FCNTL_H 1
#define HAVE_SYS_FILE_H 1
#define HAVE_SYS_STAT_H 1
#define HAVE_CLEARERR_UNLOCKED 1
#define HAVE_FEOF_UNLOCKED 1
#define HAVE_FERROR_UNLOCKED 1
#define HAVE_FFLUSH_UNLOCKED 1
#define HAVE_FGETC_UNLOCKED 1
#define HAVE_FGETS_UNLOCKED 1
#define HAVE_FILENO_UNLOCKED 1
#define HAVE_FPUTC_UNLOCKED 1
#define HAVE_FPUTS_UNLOCKED 1
#define HAVE_FREAD_UNLOCKED 1
#define HAVE_FWRITE_UNLOCKED 1
#define HAVE_GETCHAR_UNLOCKED 1
#define HAVE_GETC_UNLOCKED 1
#define HAVE_PUTCHAR_UNLOCKED 1
#define HAVE_PUTC_UNLOCKED 1
#define HAVE_DECL_ABORT 1
#define HAVE_DECL_ASPRINTF 1
#define HAVE_DECL_BASENAME 1
#define HAVE_DECL_ERRNO 0
#define HAVE_DECL_VASPRINTF 1
#define HAVE_DECL_MEMMEM 1
#define HAVE_DECL_CLEARERR_UNLOCKED 1
#define HAVE_DECL_FEOF_UNLOCKED 1
#define HAVE_DECL_FERROR_UNLOCKED 1
#define HAVE_DECL_FFLUSH_UNLOCKED 1
#define HAVE_DECL_FGETC_UNLOCKED 1
#define HAVE_DECL_FGETS_UNLOCKED 1
#define HAVE_DECL_FILENO_UNLOCKED 1
#define HAVE_DECL_FPRINTF_UNLOCKED 0
#define HAVE_DECL_FPUTC_UNLOCKED 1
#define HAVE_DECL_FPUTS_UNLOCKED 1
#define HAVE_DECL_FREAD_UNLOCKED 1
#define HAVE_DECL_FWRITE_UNLOCKED 1
#define HAVE_DECL_GETCHAR_UNLOCKED 1
#define HAVE_DECL_GETC_UNLOCKED 1
#define HAVE_DECL_PUTCHAR_UNLOCKED 1
#define HAVE_DECL_PUTC_UNLOCKED 1
#define HAVE_MMAP_FILE 1
#define HAVE_MMAP_DEV_ZERO 1
#define HAVE_MMAP_ANON 1
#define SED_PROGRAM "/mnt/build_wrt/staging_dir/host/bin/sed"

configure: exit 0
