Build Failure Diagnostic Report - 2026-07-26_22-43-26
Target Config: JDC-ARTHUR
Commit SHA: e79f6e2ca3e1ff021a1ae5a72df8bec0c4487bf7
=========================================================

--- VERBOSE SINGLE-THREADED BUILD OUTPUT (LAST 500 LINES) ---
SHELL= flock /mnt/build_wrt/tmp/.root-copy.flock -c 'cp -fpR /mnt/build_wrt/build_dir/target-aarch64_cortex-a53_musl/ethtool-tiny/ethtool-7.1/.pkgdir/ethtool/. /mnt/build_wrt/staging_dir/target-aarch64_cortex-a53_musl/root-qualcommax/'
touch /mnt/build_wrt/staging_dir/target-aarch64_cortex-a53_musl/root-qualcommax/stamp/.ethtool_installed
echo "ethtool" >> /mnt/build_wrt/staging_dir/target-aarch64_cortex-a53_musl/pkginfo/ethtool.tiny.install
make[3]: Leaving directory '/mnt/build_wrt/package/network/utils/ethtool'
time: package/network/utils/ethtool/tiny/compile#0.09#0.12#0.20
make[3]: Entering directory '/mnt/build_wrt/package/network/utils/ipset'
mkdir -p /mnt/build_wrt/staging_dir/target-aarch64_cortex-a53_musl/root-qualcommax/stamp
echo '13' | cmp -s - /mnt/build_wrt/staging_dir/target-aarch64_cortex-a53_musl/pkginfo/libipset.version || { mkdir -p /mnt/build_wrt/staging_dir/target-aarch64_cortex-a53_musl/pkginfo; echo '13' > /mnt/build_wrt/staging_dir/target-aarch64_cortex-a53_musl/pkginfo/libipset.version;  cp /mnt/build_wrt/staging_dir/target-aarch64_cortex-a53_musl/pkginfo/libipset.version /mnt/build_wrt/staging_dir/target-aarch64_cortex-a53_musl/pkginfo/libipset-any.version;  } 
SHELL= flock /mnt/build_wrt/tmp/.root-copy.flock -c 'cp -fpR /mnt/build_wrt/build_dir/target-aarch64_cortex-a53_musl/linux-qualcommax_ipq60xx/ipset-7.24/.pkgdir/libipset/. /mnt/build_wrt/staging_dir/target-aarch64_cortex-a53_musl/root-qualcommax/'
touch /mnt/build_wrt/staging_dir/target-aarch64_cortex-a53_musl/root-qualcommax/stamp/.libipset_installed
echo "libipset" >> /mnt/build_wrt/staging_dir/target-aarch64_cortex-a53_musl/pkginfo/ipset.default.install
mkdir -p /mnt/build_wrt/staging_dir/target-aarch64_cortex-a53_musl/root-qualcommax/stamp
SHELL= flock /mnt/build_wrt/tmp/.root-copy.flock -c 'cp -fpR /mnt/build_wrt/build_dir/target-aarch64_cortex-a53_musl/linux-qualcommax_ipq60xx/ipset-7.24/.pkgdir/ipset/. /mnt/build_wrt/staging_dir/target-aarch64_cortex-a53_musl/root-qualcommax/'
touch /mnt/build_wrt/staging_dir/target-aarch64_cortex-a53_musl/root-qualcommax/stamp/.ipset_installed
echo "ipset" >> /mnt/build_wrt/staging_dir/target-aarch64_cortex-a53_musl/pkginfo/ipset.default.install
make[3]: Leaving directory '/mnt/build_wrt/package/network/utils/ipset'
time: package/network/utils/ipset/compile#0.10#0.14#0.23
make[3]: Entering directory '/mnt/build_wrt/package/network/utils/wwan'
rm -f /mnt/build_wrt/build_dir/target-aarch64_cortex-a53_musl/wwan-2019.04.29/.built
touch /mnt/build_wrt/build_dir/target-aarch64_cortex-a53_musl/wwan-2019.04.29/.built_check
true
touch /mnt/build_wrt/build_dir/target-aarch64_cortex-a53_musl/wwan-2019.04.29/.built
rm -rf /mnt/build_wrt/build_dir/target-aarch64_cortex-a53_musl/wwan-2019.04.29/ipkg-aarch64_cortex-a53/wwan
/mnt/build_wrt/scripts/ipkg-remove wwan /mnt/build_wrt/bin/packages/aarch64_cortex-a53/base/wwan-2019.04.29-r7.apk
removed '/mnt/build_wrt/bin/packages/aarch64_cortex-a53/base/wwan-2019.04.29-r7.apk'
mkdir -p /mnt/build_wrt/bin/targets/qualcommax/ipq60xx/packages /mnt/build_wrt/build_dir/target-aarch64_cortex-a53_musl/wwan-2019.04.29/ipkg-aarch64_cortex-a53/wwan /mnt/build_wrt/staging_dir/target-aarch64_cortex-a53_musl/pkginfo
install -d -m0755 /mnt/build_wrt/build_dir/target-aarch64_cortex-a53_musl/wwan-2019.04.29/ipkg-aarch64_cortex-a53/wwan/lib/netifd/proto/
cp -fpR ./files/wwan.sh /mnt/build_wrt/build_dir/target-aarch64_cortex-a53_musl/wwan-2019.04.29/ipkg-aarch64_cortex-a53/wwan/lib/netifd/proto/
install -d -m0755 /mnt/build_wrt/build_dir/target-aarch64_cortex-a53_musl/wwan-2019.04.29/ipkg-aarch64_cortex-a53/wwan/etc/hotplug.d/usb
install -m0755 ./files/wwan.usb /mnt/build_wrt/build_dir/target-aarch64_cortex-a53_musl/wwan-2019.04.29/ipkg-aarch64_cortex-a53/wwan/etc/hotplug.d/usb/00_wwan.sh
install -d -m0755 /mnt/build_wrt/build_dir/target-aarch64_cortex-a53_musl/wwan-2019.04.29/ipkg-aarch64_cortex-a53/wwan/etc/hotplug.d/usbmisc
install -m0755 ./files/wwan.usbmisc /mnt/build_wrt/build_dir/target-aarch64_cortex-a53_musl/wwan-2019.04.29/ipkg-aarch64_cortex-a53/wwan/etc/hotplug.d/usbmisc/00_wwan.sh
install -d -m0755 /mnt/build_wrt/build_dir/target-aarch64_cortex-a53_musl/wwan-2019.04.29/ipkg-aarch64_cortex-a53/wwan/lib/network/wwan/
install -m0644 ./files/data/* /mnt/build_wrt/build_dir/target-aarch64_cortex-a53_musl/wwan-2019.04.29/ipkg-aarch64_cortex-a53/wwan/lib/network/wwan/
#in order to keep the Lede GIT repo free of filenames with colons,
#we name the files xxxx-yyyy
# and rename here after copying to the build directory
shopt -s nullglob ; for filevar in /mnt/build_wrt/build_dir/target-aarch64_cortex-a53_musl/wwan-2019.04.29/ipkg-aarch64_cortex-a53/wwan/lib/network/wwan/*-* ; do FILENAME=$(basename $filevar) ; NEWNAME=${FILENAME//-/:} ; mv "/mnt/build_wrt/build_dir/target-aarch64_cortex-a53_musl/wwan-2019.04.29/ipkg-aarch64_cortex-a53/wwan/lib/network/wwan/$FILENAME" "/mnt/build_wrt/build_dir/target-aarch64_cortex-a53_musl/wwan-2019.04.29/ipkg-aarch64_cortex-a53/wwan/lib/network/wwan/$NEWNAME" ; done
find /mnt/build_wrt/build_dir/target-aarch64_cortex-a53_musl/wwan-2019.04.29/ipkg-aarch64_cortex-a53/wwan -name '.svn' -o -name '.#*' -o -name '*~'| xargs -r rm -rf
export CROSS="aarch64-openwrt-linux-musl-"  NO_RENAME=1 ; NM="aarch64-openwrt-linux-musl-nm" STRIP="/mnt/build_wrt/staging_dir/host/bin/sstrip -z" STRIP_KMOD="/mnt/build_wrt/scripts/strip-kmod.sh" PATCHELF="/mnt/build_wrt/staging_dir/host/bin/patchelf" /mnt/build_wrt/scripts/rstrip.sh /mnt/build_wrt/build_dir/target-aarch64_cortex-a53_musl/wwan-2019.04.29/ipkg-aarch64_cortex-a53/wwan
install -d -m0755 /mnt/build_wrt/bin/packages/aarch64_cortex-a53/base
mkdir -p /mnt/build_wrt/build_dir/target-aarch64_cortex-a53_musl/wwan-2019.04.29/apk-aarch64_cortex-a53/wwan/
mkdir -p /mnt/build_wrt/build_dir/target-aarch64_cortex-a53_musl/wwan-2019.04.29/ipkg-aarch64_cortex-a53/wwan/lib/apk/packages/
(cd /mnt/build_wrt/build_dir/target-aarch64_cortex-a53_musl/wwan-2019.04.29/apk-aarch64_cortex-a53/wwan; )
( echo "#!/bin/sh"; echo "[ \"\${IPKG_NO_SCRIPT}\" = \"1\" ] && exit 0"; echo "[ -s "\${IPKG_INSTROOT}/lib/functions.sh" ] || exit 0"; echo ". \${IPKG_INSTROOT}/lib/functions.sh"; echo 'export root="${IPKG_INSTROOT}"'; echo 'export pkgname="wwan"'; echo "add_group_and_user"; echo "default_postinst"; [ ! -f /mnt/build_wrt/build_dir/target-aarch64_cortex-a53_musl/wwan-2019.04.29/apk-aarch64_cortex-a53/wwan/postinst-pkg ] || sed '/^\s*#!/d' "/mnt/build_wrt/build_dir/target-aarch64_cortex-a53_musl/wwan-2019.04.29/apk-aarch64_cortex-a53/wwan/postinst-pkg"; ) > /mnt/build_wrt/build_dir/target-aarch64_cortex-a53_musl/wwan-2019.04.29/apk-aarch64_cortex-a53/wwan/post-install;
( echo "#!/bin/sh"; echo 'export PKG_UPGRADE=1'; [ ! -f /mnt/build_wrt/build_dir/target-aarch64_cortex-a53_musl/wwan-2019.04.29/apk-aarch64_cortex-a53/wwan/post-install ] || sed '/^\s*#!/d' "/mnt/build_wrt/build_dir/target-aarch64_cortex-a53_musl/wwan-2019.04.29/apk-aarch64_cortex-a53/wwan/post-install"; ) > /mnt/build_wrt/build_dir/target-aarch64_cortex-a53_musl/wwan-2019.04.29/apk-aarch64_cortex-a53/wwan/post-upgrade;
( echo "#!/bin/sh"; echo "[ -s "\${IPKG_INSTROOT}/lib/functions.sh" ] || exit 0"; echo ". \${IPKG_INSTROOT}/lib/functions.sh"; echo 'export root="${IPKG_INSTROOT}"'; echo 'export pkgname="wwan"'; echo "default_prerm"; [ ! -f /mnt/build_wrt/build_dir/target-aarch64_cortex-a53_musl/wwan-2019.04.29/apk-aarch64_cortex-a53/wwan/prerm-pkg ] || sed '/^\s*#!/d' "/mnt/build_wrt/build_dir/target-aarch64_cortex-a53_musl/wwan-2019.04.29/apk-aarch64_cortex-a53/wwan/prerm-pkg"; ) > /mnt/build_wrt/build_dir/target-aarch64_cortex-a53_musl/wwan-2019.04.29/apk-aarch64_cortex-a53/wwan/pre-deinstall;
[ ! -f /mnt/build_wrt/build_dir/target-aarch64_cortex-a53_musl/wwan-2019.04.29/apk-aarch64_cortex-a53/wwan/postrm ] || sed -zi 's/^\s*#!/#!/' "/mnt/build_wrt/build_dir/target-aarch64_cortex-a53_musl/wwan-2019.04.29/apk-aarch64_cortex-a53/wwan/postrm";
if [ -n "" ]; then echo  > /mnt/build_wrt/build_dir/target-aarch64_cortex-a53_musl/wwan-2019.04.29/ipkg-aarch64_cortex-a53/wwan/lib/apk/packages/wwan.rusers; fi;
if [ -n "" ]; then echo  > /mnt/build_wrt/build_dir/target-aarch64_cortex-a53_musl/wwan-2019.04.29/ipkg-aarch64_cortex-a53/wwan/lib/apk/packages/wwan.alternatives; fi;
(cd /mnt/build_wrt/build_dir/target-aarch64_cortex-a53_musl/wwan-2019.04.29/ipkg-aarch64_cortex-a53/wwan && find . -type f,l -printf "/%P\n" | sort > /mnt/build_wrt/tmp/wwan.list && mv /mnt/build_wrt/tmp/wwan.list /mnt/build_wrt/build_dir/target-aarch64_cortex-a53_musl/wwan-2019.04.29/ipkg-aarch64_cortex-a53/wwan/lib/apk/packages/wwan.list)
# Move conffiles to IDIR and build conffiles_static with csums
if [ -f /mnt/build_wrt/build_dir/target-aarch64_cortex-a53_musl/wwan-2019.04.29/apk-aarch64_cortex-a53/wwan/conffiles ]; then mv -f /mnt/build_wrt/build_dir/target-aarch64_cortex-a53_musl/wwan-2019.04.29/apk-aarch64_cortex-a53/wwan/conffiles /mnt/build_wrt/build_dir/target-aarch64_cortex-a53_musl/wwan-2019.04.29/ipkg-aarch64_cortex-a53/wwan/lib/apk/packages/wwan.conffiles; for file in $(cat /mnt/build_wrt/build_dir/target-aarch64_cortex-a53_musl/wwan-2019.04.29/ipkg-aarch64_cortex-a53/wwan/lib/apk/packages/wwan.conffiles); do [ -f /mnt/build_wrt/build_dir/target-aarch64_cortex-a53_musl/wwan-2019.04.29/ipkg-aarch64_cortex-a53/wwan/$file ] || continue; csum=$(/mnt/build_wrt/staging_dir/host/bin/mkhash sha256 /mnt/build_wrt/build_dir/target-aarch64_cortex-a53_musl/wwan-2019.04.29/ipkg-aarch64_cortex-a53/wwan/$file); echo $file $csum >> /mnt/build_wrt/build_dir/target-aarch64_cortex-a53_musl/wwan-2019.04.29/ipkg-aarch64_cortex-a53/wwan/lib/apk/packages/wwan.conffiles_static; done; fi
# Some package (base-files) manually append stuff to conffiles
# Append stuff from it and delete the CONTROL directory since everything else should be migrated
if [ -f /mnt/build_wrt/build_dir/target-aarch64_cortex-a53_musl/wwan-2019.04.29/ipkg-aarch64_cortex-a53/wwan/CONTROL/conffiles ]; then echo $(IDIR_wwan)/CONTROL/conffiles >> /mnt/build_wrt/build_dir/target-aarch64_cortex-a53_musl/wwan-2019.04.29/ipkg-aarch64_cortex-a53/wwan/lib/apk/packages/wwan.conffiles; for file in $(cat /mnt/build_wrt/build_dir/target-aarch64_cortex-a53_musl/wwan-2019.04.29/ipkg-aarch64_cortex-a53/wwan/CONTROL/conffiles); do [ -f /mnt/build_wrt/build_dir/target-aarch64_cortex-a53_musl/wwan-2019.04.29/ipkg-aarch64_cortex-a53/wwan/$file ] || continue; csum=$(/mnt/build_wrt/staging_dir/host/bin/mkhash sha256 /mnt/build_wrt/build_dir/target-aarch64_cortex-a53_musl/wwan-2019.04.29/ipkg-aarch64_cortex-a53/wwan/$file); echo $file $csum >> /mnt/build_wrt/build_dir/target-aarch64_cortex-a53_musl/wwan-2019.04.29/ipkg-aarch64_cortex-a53/wwan/lib/apk/packages/wwan.conffiles_static; done; rm -rf /mnt/build_wrt/build_dir/target-aarch64_cortex-a53_musl/wwan-2019.04.29/ipkg-aarch64_cortex-a53/wwan/CONTROL/conffiles; fi
if [ -z "$(ls -A /mnt/build_wrt/build_dir/target-aarch64_cortex-a53_musl/wwan-2019.04.29/ipkg-aarch64_cortex-a53/wwan/CONTROL 2>/dev/null)" ]; then rm -rf /mnt/build_wrt/build_dir/target-aarch64_cortex-a53_musl/wwan-2019.04.29/ipkg-aarch64_cortex-a53/wwan/CONTROL; else echo "CONTROL directory /mnt/build_wrt/build_dir/target-aarch64_cortex-a53_musl/wwan-2019.04.29/ipkg-aarch64_cortex-a53/wwan/CONTROL is not empty! This is not right and should be checked!" >&2; exit 1; fi
SOURCE_DATE_EPOCH=0 /mnt/build_wrt/staging_dir/host/bin/fakeroot /mnt/build_wrt/staging_dir/host/bin/apk mkpkg --info "name:wwan" --info "version:2019.04.29-r7" --info "tags:openwrt:section=net" --info "description:Generic OpenWrt 3G/4G proto handler" --info "arch:aarch64_cortex-a53" --info "license:GPL-2.0" --info "origin:feeds/base/network/utils/wwan" --info "url:" --info "maintainer:John Crispin <john@phrozen.org>" --info "provides:wwan-any"  --script "post-install:/mnt/build_wrt/build_dir/target-aarch64_cortex-a53_musl/wwan-2019.04.29/apk-aarch64_cortex-a53/wwan/post-install" --script "post-upgrade:/mnt/build_wrt/build_dir/target-aarch64_cortex-a53_musl/wwan-2019.04.29/apk-aarch64_cortex-a53/wwan/post-upgrade" --script "pre-deinstall:/mnt/build_wrt/build_dir/target-aarch64_cortex-a53_musl/wwan-2019.04.29/apk-aarch64_cortex-a53/wwan/pre-deinstall" --info "depends:libc" --files "/mnt/build_wrt/build_dir/target-aarch64_cortex-a53_musl/wwan-2019.04.29/ipkg-aarch64_cortex-a53/wwan" --sign /mnt/build_wrt/private-key.pem --output "/mnt/build_wrt/bin/packages/aarch64_cortex-a53/base/wwan-2019.04.29-r7.apk"
rm -rf /mnt/build_wrt/build_dir/target-aarch64_cortex-a53_musl/wwan-2019.04.29/.pkgdir/wwan.installed /mnt/build_wrt/build_dir/target-aarch64_cortex-a53_musl/wwan-2019.04.29/.pkgdir/wwan
mkdir -p /mnt/build_wrt/build_dir/target-aarch64_cortex-a53_musl/wwan-2019.04.29/.pkgdir/wwan
install -d -m0755 /mnt/build_wrt/build_dir/target-aarch64_cortex-a53_musl/wwan-2019.04.29/.pkgdir/wwan/lib/netifd/proto/
cp -fpR ./files/wwan.sh /mnt/build_wrt/build_dir/target-aarch64_cortex-a53_musl/wwan-2019.04.29/.pkgdir/wwan/lib/netifd/proto/
install -d -m0755 /mnt/build_wrt/build_dir/target-aarch64_cortex-a53_musl/wwan-2019.04.29/.pkgdir/wwan/etc/hotplug.d/usb
install -m0755 ./files/wwan.usb /mnt/build_wrt/build_dir/target-aarch64_cortex-a53_musl/wwan-2019.04.29/.pkgdir/wwan/etc/hotplug.d/usb/00_wwan.sh
install -d -m0755 /mnt/build_wrt/build_dir/target-aarch64_cortex-a53_musl/wwan-2019.04.29/.pkgdir/wwan/etc/hotplug.d/usbmisc
install -m0755 ./files/wwan.usbmisc /mnt/build_wrt/build_dir/target-aarch64_cortex-a53_musl/wwan-2019.04.29/.pkgdir/wwan/etc/hotplug.d/usbmisc/00_wwan.sh
install -d -m0755 /mnt/build_wrt/build_dir/target-aarch64_cortex-a53_musl/wwan-2019.04.29/.pkgdir/wwan/lib/network/wwan/
install -m0644 ./files/data/* /mnt/build_wrt/build_dir/target-aarch64_cortex-a53_musl/wwan-2019.04.29/.pkgdir/wwan/lib/network/wwan/
#in order to keep the Lede GIT repo free of filenames with colons,
#we name the files xxxx-yyyy
# and rename here after copying to the build directory
shopt -s nullglob ; for filevar in /mnt/build_wrt/build_dir/target-aarch64_cortex-a53_musl/wwan-2019.04.29/.pkgdir/wwan/lib/network/wwan/*-* ; do FILENAME=$(basename $filevar) ; NEWNAME=${FILENAME//-/:} ; mv "/mnt/build_wrt/build_dir/target-aarch64_cortex-a53_musl/wwan-2019.04.29/.pkgdir/wwan/lib/network/wwan/$FILENAME" "/mnt/build_wrt/build_dir/target-aarch64_cortex-a53_musl/wwan-2019.04.29/.pkgdir/wwan/lib/network/wwan/$NEWNAME" ; done
touch /mnt/build_wrt/build_dir/target-aarch64_cortex-a53_musl/wwan-2019.04.29/.pkgdir/wwan.installed
mkdir -p /mnt/build_wrt/staging_dir/target-aarch64_cortex-a53_musl/root-qualcommax/stamp
SHELL= flock /mnt/build_wrt/tmp/.root-copy.flock -c 'cp -fpR /mnt/build_wrt/build_dir/target-aarch64_cortex-a53_musl/wwan-2019.04.29/.pkgdir/wwan/. /mnt/build_wrt/staging_dir/target-aarch64_cortex-a53_musl/root-qualcommax/'
touch /mnt/build_wrt/staging_dir/target-aarch64_cortex-a53_musl/root-qualcommax/stamp/.wwan_installed
echo "wwan" >> /mnt/build_wrt/staging_dir/target-aarch64_cortex-a53_musl/pkginfo/wwan.default.install
make[3]: Leaving directory '/mnt/build_wrt/package/network/utils/wwan'
time: package/network/utils/wwan/compile#1.71#2.29#3.94
make[3]: Entering directory '/mnt/build_wrt/package/network/utils/umbim'
mkdir -p /mnt/build_wrt/staging_dir/target-aarch64_cortex-a53_musl/root-qualcommax/stamp
SHELL= flock /mnt/build_wrt/tmp/.root-copy.flock -c 'cp -fpR /mnt/build_wrt/build_dir/target-aarch64_cortex-a53_musl/umbim-2025.10.04~2939b7d0/.pkgdir/umbim/. /mnt/build_wrt/staging_dir/target-aarch64_cortex-a53_musl/root-qualcommax/'
touch /mnt/build_wrt/staging_dir/target-aarch64_cortex-a53_musl/root-qualcommax/stamp/.umbim_installed
echo "umbim" >> /mnt/build_wrt/staging_dir/target-aarch64_cortex-a53_musl/pkginfo/umbim.default.install
make[3]: Leaving directory '/mnt/build_wrt/package/network/utils/umbim'
time: package/network/utils/umbim/compile#0.09#0.11#0.19
make[3]: Entering directory '/mnt/build_wrt/package/network/utils/uqmi'
rm -f /mnt/build_wrt/build_dir/target-aarch64_cortex-a53_musl/uqmi-2025.07.30~7914da43/.built
touch /mnt/build_wrt/build_dir/target-aarch64_cortex-a53_musl/uqmi-2025.07.30~7914da43/.built_check
MAKEFLAGS="" /mnt/build_wrt/staging_dir/host/bin/ninja  -j1 -C /mnt/build_wrt/build_dir/target-aarch64_cortex-a53_musl/uqmi-2025.07.30~7914da43 
ninja: Entering directory `/mnt/build_wrt/build_dir/target-aarch64_cortex-a53_musl/uqmi-2025.07.30~7914da43'
ninja: no work to do.
DESTDIR="/mnt/build_wrt/build_dir/target-aarch64_cortex-a53_musl/uqmi-2025.07.30~7914da43/ipkg-install" MAKEFLAGS="" /mnt/build_wrt/staging_dir/host/bin/ninja  -j1 -C /mnt/build_wrt/build_dir/target-aarch64_cortex-a53_musl/uqmi-2025.07.30~7914da43 install
ninja: Entering directory `/mnt/build_wrt/build_dir/target-aarch64_cortex-a53_musl/uqmi-2025.07.30~7914da43'
[0/1] Install the project...
-- Install configuration: "Release"
-- Up-to-date: /mnt/build_wrt/build_dir/target-aarch64_cortex-a53_musl/uqmi-2025.07.30~7914da43/ipkg-install/usr/sbin/uqmi
touch /mnt/build_wrt/build_dir/target-aarch64_cortex-a53_musl/uqmi-2025.07.30~7914da43/.built
rm -rf /mnt/build_wrt/build_dir/target-aarch64_cortex-a53_musl/uqmi-2025.07.30~7914da43/ipkg-aarch64_cortex-a53/uqmi
/mnt/build_wrt/scripts/ipkg-remove uqmi /mnt/build_wrt/bin/targets/qualcommax/ipq60xx/packages/uqmi-2025.07.30~7914da43-r2.apk
removed '/mnt/build_wrt/bin/targets/qualcommax/ipq60xx/packages/uqmi-2025.07.30~7914da43-r2.apk'
mkdir -p /mnt/build_wrt/bin/targets/qualcommax/ipq60xx/packages /mnt/build_wrt/build_dir/target-aarch64_cortex-a53_musl/uqmi-2025.07.30~7914da43/ipkg-aarch64_cortex-a53/uqmi /mnt/build_wrt/staging_dir/target-aarch64_cortex-a53_musl/pkginfo
install -d -m0755 /mnt/build_wrt/build_dir/target-aarch64_cortex-a53_musl/uqmi-2025.07.30~7914da43/ipkg-aarch64_cortex-a53/uqmi/sbin
install -m0755 /mnt/build_wrt/build_dir/target-aarch64_cortex-a53_musl/uqmi-2025.07.30~7914da43/uqmi/uqmi /mnt/build_wrt/build_dir/target-aarch64_cortex-a53_musl/uqmi-2025.07.30~7914da43/ipkg-aarch64_cortex-a53/uqmi/sbin/
cp -fpR ./files/* /mnt/build_wrt/build_dir/target-aarch64_cortex-a53_musl/uqmi-2025.07.30~7914da43/ipkg-aarch64_cortex-a53/uqmi/
find /mnt/build_wrt/build_dir/target-aarch64_cortex-a53_musl/uqmi-2025.07.30~7914da43/ipkg-aarch64_cortex-a53/uqmi -name '.svn' -o -name '.#*' -o -name '*~'| xargs -r rm -rf
export CROSS="aarch64-openwrt-linux-musl-"  NO_RENAME=1 ; NM="aarch64-openwrt-linux-musl-nm" STRIP="/mnt/build_wrt/staging_dir/host/bin/sstrip -z" STRIP_KMOD="/mnt/build_wrt/scripts/strip-kmod.sh" PATCHELF="/mnt/build_wrt/staging_dir/host/bin/patchelf" /mnt/build_wrt/scripts/rstrip.sh /mnt/build_wrt/build_dir/target-aarch64_cortex-a53_musl/uqmi-2025.07.30~7914da43/ipkg-aarch64_cortex-a53/uqmi
rstrip.sh: /mnt/build_wrt/build_dir/target-aarch64_cortex-a53_musl/uqmi-2025.07.30~7914da43/ipkg-aarch64_cortex-a53/uqmi/sbin/uqmi: executable
install -d -m0755 /mnt/build_wrt/bin/targets/qualcommax/ipq60xx/packages
mkdir -p /mnt/build_wrt/build_dir/target-aarch64_cortex-a53_musl/uqmi-2025.07.30~7914da43/apk-aarch64_cortex-a53/uqmi/
mkdir -p /mnt/build_wrt/build_dir/target-aarch64_cortex-a53_musl/uqmi-2025.07.30~7914da43/ipkg-aarch64_cortex-a53/uqmi/lib/apk/packages/
(cd /mnt/build_wrt/build_dir/target-aarch64_cortex-a53_musl/uqmi-2025.07.30~7914da43/apk-aarch64_cortex-a53/uqmi; )
( echo "#!/bin/sh"; echo "[ \"\${IPKG_NO_SCRIPT}\" = \"1\" ] && exit 0"; echo "[ -s "\${IPKG_INSTROOT}/lib/functions.sh" ] || exit 0"; echo ". \${IPKG_INSTROOT}/lib/functions.sh"; echo 'export root="${IPKG_INSTROOT}"'; echo 'export pkgname="uqmi"'; echo "add_group_and_user"; echo "default_postinst"; [ ! -f /mnt/build_wrt/build_dir/target-aarch64_cortex-a53_musl/uqmi-2025.07.30~7914da43/apk-aarch64_cortex-a53/uqmi/postinst-pkg ] || sed '/^\s*#!/d' "/mnt/build_wrt/build_dir/target-aarch64_cortex-a53_musl/uqmi-2025.07.30~7914da43/apk-aarch64_cortex-a53/uqmi/postinst-pkg"; ) > /mnt/build_wrt/build_dir/target-aarch64_cortex-a53_musl/uqmi-2025.07.30~7914da43/apk-aarch64_cortex-a53/uqmi/post-install;
( echo "#!/bin/sh"; echo 'export PKG_UPGRADE=1'; [ ! -f /mnt/build_wrt/build_dir/target-aarch64_cortex-a53_musl/uqmi-2025.07.30~7914da43/apk-aarch64_cortex-a53/uqmi/post-install ] || sed '/^\s*#!/d' "/mnt/build_wrt/build_dir/target-aarch64_cortex-a53_musl/uqmi-2025.07.30~7914da43/apk-aarch64_cortex-a53/uqmi/post-install"; ) > /mnt/build_wrt/build_dir/target-aarch64_cortex-a53_musl/uqmi-2025.07.30~7914da43/apk-aarch64_cortex-a53/uqmi/post-upgrade;
( echo "#!/bin/sh"; echo "[ -s "\${IPKG_INSTROOT}/lib/functions.sh" ] || exit 0"; echo ". \${IPKG_INSTROOT}/lib/functions.sh"; echo 'export root="${IPKG_INSTROOT}"'; echo 'export pkgname="uqmi"'; echo "default_prerm"; [ ! -f /mnt/build_wrt/build_dir/target-aarch64_cortex-a53_musl/uqmi-2025.07.30~7914da43/apk-aarch64_cortex-a53/uqmi/prerm-pkg ] || sed '/^\s*#!/d' "/mnt/build_wrt/build_dir/target-aarch64_cortex-a53_musl/uqmi-2025.07.30~7914da43/apk-aarch64_cortex-a53/uqmi/prerm-pkg"; ) > /mnt/build_wrt/build_dir/target-aarch64_cortex-a53_musl/uqmi-2025.07.30~7914da43/apk-aarch64_cortex-a53/uqmi/pre-deinstall;
[ ! -f /mnt/build_wrt/build_dir/target-aarch64_cortex-a53_musl/uqmi-2025.07.30~7914da43/apk-aarch64_cortex-a53/uqmi/postrm ] || sed -zi 's/^\s*#!/#!/' "/mnt/build_wrt/build_dir/target-aarch64_cortex-a53_musl/uqmi-2025.07.30~7914da43/apk-aarch64_cortex-a53/uqmi/postrm";
if [ -n "" ]; then echo  > /mnt/build_wrt/build_dir/target-aarch64_cortex-a53_musl/uqmi-2025.07.30~7914da43/ipkg-aarch64_cortex-a53/uqmi/lib/apk/packages/uqmi.rusers; fi;
if [ -n "" ]; then echo  > /mnt/build_wrt/build_dir/target-aarch64_cortex-a53_musl/uqmi-2025.07.30~7914da43/ipkg-aarch64_cortex-a53/uqmi/lib/apk/packages/uqmi.alternatives; fi;
(cd /mnt/build_wrt/build_dir/target-aarch64_cortex-a53_musl/uqmi-2025.07.30~7914da43/ipkg-aarch64_cortex-a53/uqmi && find . -type f,l -printf "/%P\n" | sort > /mnt/build_wrt/tmp/uqmi.list && mv /mnt/build_wrt/tmp/uqmi.list /mnt/build_wrt/build_dir/target-aarch64_cortex-a53_musl/uqmi-2025.07.30~7914da43/ipkg-aarch64_cortex-a53/uqmi/lib/apk/packages/uqmi.list)
# Move conffiles to IDIR and build conffiles_static with csums
if [ -f /mnt/build_wrt/build_dir/target-aarch64_cortex-a53_musl/uqmi-2025.07.30~7914da43/apk-aarch64_cortex-a53/uqmi/conffiles ]; then mv -f /mnt/build_wrt/build_dir/target-aarch64_cortex-a53_musl/uqmi-2025.07.30~7914da43/apk-aarch64_cortex-a53/uqmi/conffiles /mnt/build_wrt/build_dir/target-aarch64_cortex-a53_musl/uqmi-2025.07.30~7914da43/ipkg-aarch64_cortex-a53/uqmi/lib/apk/packages/uqmi.conffiles; for file in $(cat /mnt/build_wrt/build_dir/target-aarch64_cortex-a53_musl/uqmi-2025.07.30~7914da43/ipkg-aarch64_cortex-a53/uqmi/lib/apk/packages/uqmi.conffiles); do [ -f /mnt/build_wrt/build_dir/target-aarch64_cortex-a53_musl/uqmi-2025.07.30~7914da43/ipkg-aarch64_cortex-a53/uqmi/$file ] || continue; csum=$(/mnt/build_wrt/staging_dir/host/bin/mkhash sha256 /mnt/build_wrt/build_dir/target-aarch64_cortex-a53_musl/uqmi-2025.07.30~7914da43/ipkg-aarch64_cortex-a53/uqmi/$file); echo $file $csum >> /mnt/build_wrt/build_dir/target-aarch64_cortex-a53_musl/uqmi-2025.07.30~7914da43/ipkg-aarch64_cortex-a53/uqmi/lib/apk/packages/uqmi.conffiles_static; done; fi
# Some package (base-files) manually append stuff to conffiles
# Append stuff from it and delete the CONTROL directory since everything else should be migrated
if [ -f /mnt/build_wrt/build_dir/target-aarch64_cortex-a53_musl/uqmi-2025.07.30~7914da43/ipkg-aarch64_cortex-a53/uqmi/CONTROL/conffiles ]; then echo $(IDIR_uqmi)/CONTROL/conffiles >> /mnt/build_wrt/build_dir/target-aarch64_cortex-a53_musl/uqmi-2025.07.30~7914da43/ipkg-aarch64_cortex-a53/uqmi/lib/apk/packages/uqmi.conffiles; for file in $(cat /mnt/build_wrt/build_dir/target-aarch64_cortex-a53_musl/uqmi-2025.07.30~7914da43/ipkg-aarch64_cortex-a53/uqmi/CONTROL/conffiles); do [ -f /mnt/build_wrt/build_dir/target-aarch64_cortex-a53_musl/uqmi-2025.07.30~7914da43/ipkg-aarch64_cortex-a53/uqmi/$file ] || continue; csum=$(/mnt/build_wrt/staging_dir/host/bin/mkhash sha256 /mnt/build_wrt/build_dir/target-aarch64_cortex-a53_musl/uqmi-2025.07.30~7914da43/ipkg-aarch64_cortex-a53/uqmi/$file); echo $file $csum >> /mnt/build_wrt/build_dir/target-aarch64_cortex-a53_musl/uqmi-2025.07.30~7914da43/ipkg-aarch64_cortex-a53/uqmi/lib/apk/packages/uqmi.conffiles_static; done; rm -rf /mnt/build_wrt/build_dir/target-aarch64_cortex-a53_musl/uqmi-2025.07.30~7914da43/ipkg-aarch64_cortex-a53/uqmi/CONTROL/conffiles; fi
if [ -z "$(ls -A /mnt/build_wrt/build_dir/target-aarch64_cortex-a53_musl/uqmi-2025.07.30~7914da43/ipkg-aarch64_cortex-a53/uqmi/CONTROL 2>/dev/null)" ]; then rm -rf /mnt/build_wrt/build_dir/target-aarch64_cortex-a53_musl/uqmi-2025.07.30~7914da43/ipkg-aarch64_cortex-a53/uqmi/CONTROL; else echo "CONTROL directory /mnt/build_wrt/build_dir/target-aarch64_cortex-a53_musl/uqmi-2025.07.30~7914da43/ipkg-aarch64_cortex-a53/uqmi/CONTROL is not empty! This is not right and should be checked!" >&2; exit 1; fi
SOURCE_DATE_EPOCH=0 /mnt/build_wrt/staging_dir/host/bin/fakeroot /mnt/build_wrt/staging_dir/host/bin/apk mkpkg --info "name:uqmi" --info "version:2025.07.30~7914da43-r2" --info "tags:openwrt:section=net" --info "description:uqmi is a command line tool for controlling mobile broadband modems using the QMI-protocol." --info "arch:aarch64_cortex-a53" --info "license:GPL-2.0" --info "origin:feeds/base/network/utils/uqmi" --info "url:" --info "maintainer:Matti Laakso <malaakso@elisanet.fi>" --info "provides:uqmi-any"  --script "post-install:/mnt/build_wrt/build_dir/target-aarch64_cortex-a53_musl/uqmi-2025.07.30~7914da43/apk-aarch64_cortex-a53/uqmi/post-install" --script "post-upgrade:/mnt/build_wrt/build_dir/target-aarch64_cortex-a53_musl/uqmi-2025.07.30~7914da43/apk-aarch64_cortex-a53/uqmi/post-upgrade" --script "pre-deinstall:/mnt/build_wrt/build_dir/target-aarch64_cortex-a53_musl/uqmi-2025.07.30~7914da43/apk-aarch64_cortex-a53/uqmi/pre-deinstall" --info "depends:libc libubox20260708 libblobmsg-json20260708 kmod-usb-net kmod-usb-net-qmi-wwan wwan" --files "/mnt/build_wrt/build_dir/target-aarch64_cortex-a53_musl/uqmi-2025.07.30~7914da43/ipkg-aarch64_cortex-a53/uqmi" --sign /mnt/build_wrt/private-key.pem --output "/mnt/build_wrt/bin/targets/qualcommax/ipq60xx/packages/uqmi-2025.07.30~7914da43-r2.apk"
rm -rf /mnt/build_wrt/build_dir/target-aarch64_cortex-a53_musl/uqmi-2025.07.30~7914da43/.pkgdir/uqmi.installed /mnt/build_wrt/build_dir/target-aarch64_cortex-a53_musl/uqmi-2025.07.30~7914da43/.pkgdir/uqmi
mkdir -p /mnt/build_wrt/build_dir/target-aarch64_cortex-a53_musl/uqmi-2025.07.30~7914da43/.pkgdir/uqmi
install -d -m0755 /mnt/build_wrt/build_dir/target-aarch64_cortex-a53_musl/uqmi-2025.07.30~7914da43/.pkgdir/uqmi/sbin
install -m0755 /mnt/build_wrt/build_dir/target-aarch64_cortex-a53_musl/uqmi-2025.07.30~7914da43/uqmi/uqmi /mnt/build_wrt/build_dir/target-aarch64_cortex-a53_musl/uqmi-2025.07.30~7914da43/.pkgdir/uqmi/sbin/
cp -fpR ./files/* /mnt/build_wrt/build_dir/target-aarch64_cortex-a53_musl/uqmi-2025.07.30~7914da43/.pkgdir/uqmi/
touch /mnt/build_wrt/build_dir/target-aarch64_cortex-a53_musl/uqmi-2025.07.30~7914da43/.pkgdir/uqmi.installed
mkdir -p /mnt/build_wrt/staging_dir/target-aarch64_cortex-a53_musl/root-qualcommax/stamp
SHELL= flock /mnt/build_wrt/tmp/.root-copy.flock -c 'cp -fpR /mnt/build_wrt/build_dir/target-aarch64_cortex-a53_musl/uqmi-2025.07.30~7914da43/.pkgdir/uqmi/. /mnt/build_wrt/staging_dir/target-aarch64_cortex-a53_musl/root-qualcommax/'
touch /mnt/build_wrt/staging_dir/target-aarch64_cortex-a53_musl/root-qualcommax/stamp/.uqmi_installed
echo "uqmi" >> /mnt/build_wrt/staging_dir/target-aarch64_cortex-a53_musl/pkginfo/uqmi.default.install
rm -rf /mnt/build_wrt/tmp/stage-uqmi
mkdir -p /mnt/build_wrt/tmp/stage-uqmi/host /mnt/build_wrt/staging_dir/target-aarch64_cortex-a53_musl/packages
find /mnt/build_wrt/tmp/stage-uqmi -name '*.la' | xargs -r rm -f; 
if [ -f /mnt/build_wrt/staging_dir/target-aarch64_cortex-a53_musl/packages/uqmi.list ]; then /mnt/build_wrt/scripts/clean-package.sh "/mnt/build_wrt/staging_dir/target-aarch64_cortex-a53_musl/packages/uqmi.list" "/mnt/build_wrt/staging_dir/target-aarch64_cortex-a53_musl"; fi
if [ -d /mnt/build_wrt/tmp/stage-uqmi ]; then (cd /mnt/build_wrt/tmp/stage-uqmi; find ./ > /mnt/build_wrt/tmp/stage-uqmi.files); 	SHELL= flock /mnt/build_wrt/tmp/.staging-dir.flock -c ' mv /mnt/build_wrt/tmp/stage-uqmi.files /mnt/build_wrt/staging_dir/target-aarch64_cortex-a53_musl/packages/uqmi.list && cp -fpR /mnt/build_wrt/tmp/stage-uqmi/* /mnt/build_wrt/staging_dir/target-aarch64_cortex-a53_musl/; '; fi
rm -rf /mnt/build_wrt/tmp/stage-uqmi
touch /mnt/build_wrt/staging_dir/target-aarch64_cortex-a53_musl/stamp/.uqmi_installed
make[3]: Leaving directory '/mnt/build_wrt/package/network/utils/uqmi'
time: package/network/utils/uqmi/compile#0.18#0.28#0.42
make[3]: Entering directory '/mnt/build_wrt/package/network/utils/wireguard-tools'
mkdir -p /mnt/build_wrt/staging_dir/target-aarch64_cortex-a53_musl/root-qualcommax/stamp
SHELL= flock /mnt/build_wrt/tmp/.root-copy.flock -c 'cp -fpR /mnt/build_wrt/build_dir/target-aarch64_cortex-a53_musl/wireguard-tools-1.0.20260223/.pkgdir/wireguard-tools/. /mnt/build_wrt/staging_dir/target-aarch64_cortex-a53_musl/root-qualcommax/'
touch /mnt/build_wrt/staging_dir/target-aarch64_cortex-a53_musl/root-qualcommax/stamp/.wireguard-tools_installed
echo "wireguard-tools" >> /mnt/build_wrt/staging_dir/target-aarch64_cortex-a53_musl/pkginfo/wireguard-tools.default.install
make[3]: Leaving directory '/mnt/build_wrt/package/network/utils/wireguard-tools'
time: package/network/utils/wireguard-tools/compile#0.09#0.12#0.20
make[3]: Entering directory '/mnt/build_wrt/package/packages/gecoosac'
mkdir -p /mnt/build_wrt/staging_dir/target-aarch64_cortex-a53_musl/root-qualcommax/stamp
SHELL= flock /mnt/build_wrt/tmp/.root-copy.flock -c 'cp -fpR /mnt/build_wrt/build_dir/target-aarch64_cortex-a53_musl/gecoosac-2.2.20251015/.pkgdir/gecoosac/. /mnt/build_wrt/staging_dir/target-aarch64_cortex-a53_musl/root-qualcommax/'
touch /mnt/build_wrt/staging_dir/target-aarch64_cortex-a53_musl/root-qualcommax/stamp/.gecoosac_installed
echo "gecoosac" >> /mnt/build_wrt/staging_dir/target-aarch64_cortex-a53_musl/pkginfo/gecoosac.default.install
make[3]: Leaving directory '/mnt/build_wrt/package/packages/gecoosac'
time: package/packages/gecoosac/compile#0.13#0.14#0.27
make[3]: Entering directory '/mnt/build_wrt/package/packages/luci-app-gecoosac'
rm -f /mnt/build_wrt/build_dir/target-aarch64_cortex-a53_musl/luci-app-gecoosac/.built
touch /mnt/build_wrt/build_dir/target-aarch64_cortex-a53_musl/luci-app-gecoosac/.built_check
touch /mnt/build_wrt/build_dir/target-aarch64_cortex-a53_musl/luci-app-gecoosac/.built
rm -rf /mnt/build_wrt/build_dir/target-aarch64_cortex-a53_musl/luci-app-gecoosac/ipkg-all/luci-app-gecoosac
/mnt/build_wrt/scripts/ipkg-remove luci-app-gecoosac /mnt/build_wrt/bin/packages/aarch64_cortex-a53/base/luci-app-gecoosac-20260717-r6.apk
removed '/mnt/build_wrt/bin/packages/aarch64_cortex-a53/base/luci-app-gecoosac-20260717-r6.apk'
mkdir -p /mnt/build_wrt/bin/targets/qualcommax/ipq60xx/packages /mnt/build_wrt/build_dir/target-aarch64_cortex-a53_musl/luci-app-gecoosac/ipkg-all/luci-app-gecoosac /mnt/build_wrt/staging_dir/target-aarch64_cortex-a53_musl/pkginfo
install -d -m0755 /mnt/build_wrt/build_dir/target-aarch64_cortex-a53_musl/luci-app-gecoosac/ipkg-all/luci-app-gecoosac/www
cp -pR /mnt/build_wrt/build_dir/target-aarch64_cortex-a53_musl/luci-app-gecoosac/htdocs/* /mnt/build_wrt/build_dir/target-aarch64_cortex-a53_musl/luci-app-gecoosac/ipkg-all/luci-app-gecoosac/www/
find /mnt/build_wrt/build_dir/target-aarch64_cortex-a53_musl/luci-app-gecoosac/ipkg-all/luci-app-gecoosac/www/ -type f -name '*.js' | while read src; do if jsmin < "$src" > "$src.o"; then mv "$src.o" "$src"; fi; done
find /mnt/build_wrt/build_dir/target-aarch64_cortex-a53_musl/luci-app-gecoosac/ipkg-all/luci-app-gecoosac/www/ -type f -name '*.css' | while read src; do if csstidy "$src" --template=highest --remove_last_semicolon=true "$src.o"; then mv "$src.o" "$src"; fi; done
install -d -m0755 /mnt/build_wrt/build_dir/target-aarch64_cortex-a53_musl/luci-app-gecoosac/ipkg-all/luci-app-gecoosac/
cp -pR /mnt/build_wrt/build_dir/target-aarch64_cortex-a53_musl/luci-app-gecoosac/root/* /mnt/build_wrt/build_dir/target-aarch64_cortex-a53_musl/luci-app-gecoosac/ipkg-all/luci-app-gecoosac/
find /mnt/build_wrt/build_dir/target-aarch64_cortex-a53_musl/luci-app-gecoosac/ipkg-all/luci-app-gecoosac -name '.svn' -o -name '.#*' -o -name '*~'| xargs -r rm -rf
export CROSS="aarch64-openwrt-linux-musl-"  NO_RENAME=1 ; NM="aarch64-openwrt-linux-musl-nm" STRIP="/mnt/build_wrt/staging_dir/host/bin/sstrip -z" STRIP_KMOD="/mnt/build_wrt/scripts/strip-kmod.sh" PATCHELF="/mnt/build_wrt/staging_dir/host/bin/patchelf" /mnt/build_wrt/scripts/rstrip.sh /mnt/build_wrt/build_dir/target-aarch64_cortex-a53_musl/luci-app-gecoosac/ipkg-all/luci-app-gecoosac
install -d -m0755 /mnt/build_wrt/bin/packages/aarch64_cortex-a53/base
mkdir -p /mnt/build_wrt/build_dir/target-aarch64_cortex-a53_musl/luci-app-gecoosac/apk-all/luci-app-gecoosac/
mkdir -p /mnt/build_wrt/build_dir/target-aarch64_cortex-a53_musl/luci-app-gecoosac/ipkg-all/luci-app-gecoosac/lib/apk/packages/
(cd /mnt/build_wrt/build_dir/target-aarch64_cortex-a53_musl/luci-app-gecoosac/apk-all/luci-app-gecoosac; echo "$V_Package_luci_app_gecoosac_conffiles" > conffiles;  echo "$V_Package_luci_app_gecoosac_postinst" > postinst-pkg; chmod 0755 postinst-pkg;)
( echo "#!/bin/sh"; echo "[ \"\${IPKG_NO_SCRIPT}\" = \"1\" ] && exit 0"; echo "[ -s "\${IPKG_INSTROOT}/lib/functions.sh" ] || exit 0"; echo ". \${IPKG_INSTROOT}/lib/functions.sh"; echo 'export root="${IPKG_INSTROOT}"'; echo 'export pkgname="luci-app-gecoosac"'; echo "add_group_and_user"; echo "default_postinst"; [ ! -f /mnt/build_wrt/build_dir/target-aarch64_cortex-a53_musl/luci-app-gecoosac/apk-all/luci-app-gecoosac/postinst-pkg ] || sed '/^\s*#!/d' "/mnt/build_wrt/build_dir/target-aarch64_cortex-a53_musl/luci-app-gecoosac/apk-all/luci-app-gecoosac/postinst-pkg"; ) > /mnt/build_wrt/build_dir/target-aarch64_cortex-a53_musl/luci-app-gecoosac/apk-all/luci-app-gecoosac/post-install;
( echo "#!/bin/sh"; echo 'export PKG_UPGRADE=1'; [ ! -f /mnt/build_wrt/build_dir/target-aarch64_cortex-a53_musl/luci-app-gecoosac/apk-all/luci-app-gecoosac/post-install ] || sed '/^\s*#!/d' "/mnt/build_wrt/build_dir/target-aarch64_cortex-a53_musl/luci-app-gecoosac/apk-all/luci-app-gecoosac/post-install"; ) > /mnt/build_wrt/build_dir/target-aarch64_cortex-a53_musl/luci-app-gecoosac/apk-all/luci-app-gecoosac/post-upgrade;
( echo "#!/bin/sh"; echo "[ -s "\${IPKG_INSTROOT}/lib/functions.sh" ] || exit 0"; echo ". \${IPKG_INSTROOT}/lib/functions.sh"; echo 'export root="${IPKG_INSTROOT}"'; echo 'export pkgname="luci-app-gecoosac"'; echo "default_prerm"; [ ! -f /mnt/build_wrt/build_dir/target-aarch64_cortex-a53_musl/luci-app-gecoosac/apk-all/luci-app-gecoosac/prerm-pkg ] || sed '/^\s*#!/d' "/mnt/build_wrt/build_dir/target-aarch64_cortex-a53_musl/luci-app-gecoosac/apk-all/luci-app-gecoosac/prerm-pkg"; ) > /mnt/build_wrt/build_dir/target-aarch64_cortex-a53_musl/luci-app-gecoosac/apk-all/luci-app-gecoosac/pre-deinstall;
[ ! -f /mnt/build_wrt/build_dir/target-aarch64_cortex-a53_musl/luci-app-gecoosac/apk-all/luci-app-gecoosac/postrm ] || sed -zi 's/^\s*#!/#!/' "/mnt/build_wrt/build_dir/target-aarch64_cortex-a53_musl/luci-app-gecoosac/apk-all/luci-app-gecoosac/postrm";
if [ -n "" ]; then echo  > /mnt/build_wrt/build_dir/target-aarch64_cortex-a53_musl/luci-app-gecoosac/ipkg-all/luci-app-gecoosac/lib/apk/packages/luci-app-gecoosac.rusers; fi;
if [ -n "" ]; then echo  > /mnt/build_wrt/build_dir/target-aarch64_cortex-a53_musl/luci-app-gecoosac/ipkg-all/luci-app-gecoosac/lib/apk/packages/luci-app-gecoosac.alternatives; fi;
(cd /mnt/build_wrt/build_dir/target-aarch64_cortex-a53_musl/luci-app-gecoosac/ipkg-all/luci-app-gecoosac && find . -type f,l -printf "/%P\n" | sort > /mnt/build_wrt/tmp/luci-app-gecoosac.list && mv /mnt/build_wrt/tmp/luci-app-gecoosac.list /mnt/build_wrt/build_dir/target-aarch64_cortex-a53_musl/luci-app-gecoosac/ipkg-all/luci-app-gecoosac/lib/apk/packages/luci-app-gecoosac.list)
# Move conffiles to IDIR and build conffiles_static with csums
if [ -f /mnt/build_wrt/build_dir/target-aarch64_cortex-a53_musl/luci-app-gecoosac/apk-all/luci-app-gecoosac/conffiles ]; then mv -f /mnt/build_wrt/build_dir/target-aarch64_cortex-a53_musl/luci-app-gecoosac/apk-all/luci-app-gecoosac/conffiles /mnt/build_wrt/build_dir/target-aarch64_cortex-a53_musl/luci-app-gecoosac/ipkg-all/luci-app-gecoosac/lib/apk/packages/luci-app-gecoosac.conffiles; for file in $(cat /mnt/build_wrt/build_dir/target-aarch64_cortex-a53_musl/luci-app-gecoosac/ipkg-all/luci-app-gecoosac/lib/apk/packages/luci-app-gecoosac.conffiles); do [ -f /mnt/build_wrt/build_dir/target-aarch64_cortex-a53_musl/luci-app-gecoosac/ipkg-all/luci-app-gecoosac/$file ] || continue; csum=$(/mnt/build_wrt/staging_dir/host/bin/mkhash sha256 /mnt/build_wrt/build_dir/target-aarch64_cortex-a53_musl/luci-app-gecoosac/ipkg-all/luci-app-gecoosac/$file); echo $file $csum >> /mnt/build_wrt/build_dir/target-aarch64_cortex-a53_musl/luci-app-gecoosac/ipkg-all/luci-app-gecoosac/lib/apk/packages/luci-app-gecoosac.conffiles_static; done; fi
# Some package (base-files) manually append stuff to conffiles
# Append stuff from it and delete the CONTROL directory since everything else should be migrated
if [ -f /mnt/build_wrt/build_dir/target-aarch64_cortex-a53_musl/luci-app-gecoosac/ipkg-all/luci-app-gecoosac/CONTROL/conffiles ]; then echo $(IDIR_luci-app-gecoosac)/CONTROL/conffiles >> /mnt/build_wrt/build_dir/target-aarch64_cortex-a53_musl/luci-app-gecoosac/ipkg-all/luci-app-gecoosac/lib/apk/packages/luci-app-gecoosac.conffiles; for file in $(cat /mnt/build_wrt/build_dir/target-aarch64_cortex-a53_musl/luci-app-gecoosac/ipkg-all/luci-app-gecoosac/CONTROL/conffiles); do [ -f /mnt/build_wrt/build_dir/target-aarch64_cortex-a53_musl/luci-app-gecoosac/ipkg-all/luci-app-gecoosac/$file ] || continue; csum=$(/mnt/build_wrt/staging_dir/host/bin/mkhash sha256 /mnt/build_wrt/build_dir/target-aarch64_cortex-a53_musl/luci-app-gecoosac/ipkg-all/luci-app-gecoosac/$file); echo $file $csum >> /mnt/build_wrt/build_dir/target-aarch64_cortex-a53_musl/luci-app-gecoosac/ipkg-all/luci-app-gecoosac/lib/apk/packages/luci-app-gecoosac.conffiles_static; done; rm -rf /mnt/build_wrt/build_dir/target-aarch64_cortex-a53_musl/luci-app-gecoosac/ipkg-all/luci-app-gecoosac/CONTROL/conffiles; fi
if [ -z "$(ls -A /mnt/build_wrt/build_dir/target-aarch64_cortex-a53_musl/luci-app-gecoosac/ipkg-all/luci-app-gecoosac/CONTROL 2>/dev/null)" ]; then rm -rf /mnt/build_wrt/build_dir/target-aarch64_cortex-a53_musl/luci-app-gecoosac/ipkg-all/luci-app-gecoosac/CONTROL; else echo "CONTROL directory /mnt/build_wrt/build_dir/target-aarch64_cortex-a53_musl/luci-app-gecoosac/ipkg-all/luci-app-gecoosac/CONTROL is not empty! This is not right and should be checked!" >&2; exit 1; fi
SOURCE_DATE_EPOCH=0 /mnt/build_wrt/staging_dir/host/bin/fakeroot /mnt/build_wrt/staging_dir/host/bin/apk mkpkg --info "name:luci-app-gecoosac" --info "version:20260717-r6" --info "tags:openwrt:section=luci" --info "description:LuCI Support for gecoosac" --info "arch:noarch" --info "license:" --info "origin:feeds/base/packages/luci-app-gecoosac" --info "url:https://github.com/openwrt/luci" --info "maintainer:OpenWrt LuCI community" --info "provides:luci-app-gecoosac-any"  --script "post-install:/mnt/build_wrt/build_dir/target-aarch64_cortex-a53_musl/luci-app-gecoosac/apk-all/luci-app-gecoosac/post-install" --script "post-upgrade:/mnt/build_wrt/build_dir/target-aarch64_cortex-a53_musl/luci-app-gecoosac/apk-all/luci-app-gecoosac/post-upgrade" --script "pre-deinstall:/mnt/build_wrt/build_dir/target-aarch64_cortex-a53_musl/luci-app-gecoosac/apk-all/luci-app-gecoosac/pre-deinstall" --info "depends:libc luci-base rpcd-mod-ucode gecoosac" --files "/mnt/build_wrt/build_dir/target-aarch64_cortex-a53_musl/luci-app-gecoosac/ipkg-all/luci-app-gecoosac" --sign /mnt/build_wrt/private-key.pem --output "/mnt/build_wrt/bin/packages/aarch64_cortex-a53/base/luci-app-gecoosac-20260717-r6.apk"
rm -rf /mnt/build_wrt/build_dir/target-aarch64_cortex-a53_musl/luci-app-gecoosac/ipkg-all/luci-i18n-gecoosac-zh-cn
/mnt/build_wrt/scripts/ipkg-remove luci-i18n-gecoosac-zh-cn /mnt/build_wrt/bin/packages/aarch64_cortex-a53/base/luci-i18n-gecoosac-zh-cn-20260717-r6.apk
removed '/mnt/build_wrt/bin/packages/aarch64_cortex-a53/base/luci-i18n-gecoosac-zh-cn-20260717-r6.apk'
mkdir -p /mnt/build_wrt/bin/targets/qualcommax/ipq60xx/packages /mnt/build_wrt/build_dir/target-aarch64_cortex-a53_musl/luci-app-gecoosac/ipkg-all/luci-i18n-gecoosac-zh-cn /mnt/build_wrt/staging_dir/target-aarch64_cortex-a53_musl/pkginfo
install -d -m0755 /mnt/build_wrt/build_dir/target-aarch64_cortex-a53_musl/luci-app-gecoosac/ipkg-all/luci-i18n-gecoosac-zh-cn/etc/uci-defaults
echo "uci set luci.languages.zh_cn='简体中文 (Simplified Chinese)'; uci commit luci" > /mnt/build_wrt/build_dir/target-aarch64_cortex-a53_musl/luci-app-gecoosac/ipkg-all/luci-i18n-gecoosac-zh-cn/etc/uci-defaults/luci-i18n-gecoosac-zh-cn
install -d -m0755 /mnt/build_wrt/build_dir/target-aarch64_cortex-a53_musl/luci-app-gecoosac/ipkg-all/luci-i18n-gecoosac-zh-cn/usr/lib/lua/luci/i18n
po2lmo /mnt/build_wrt/package/packages/luci-app-gecoosac/po/zh_Hans/gecoosac.po /mnt/build_wrt/build_dir/target-aarch64_cortex-a53_musl/luci-app-gecoosac/ipkg-all/luci-i18n-gecoosac-zh-cn/usr/lib/lua/luci/i18n/gecoosac.zh-cn.lmo;
find /mnt/build_wrt/build_dir/target-aarch64_cortex-a53_musl/luci-app-gecoosac/ipkg-all/luci-i18n-gecoosac-zh-cn -name '.svn' -o -name '.#*' -o -name '*~'| xargs -r rm -rf
export CROSS="aarch64-openwrt-linux-musl-"  NO_RENAME=1 ; NM="aarch64-openwrt-linux-musl-nm" STRIP="/mnt/build_wrt/staging_dir/host/bin/sstrip -z" STRIP_KMOD="/mnt/build_wrt/scripts/strip-kmod.sh" PATCHELF="/mnt/build_wrt/staging_dir/host/bin/patchelf" /mnt/build_wrt/scripts/rstrip.sh /mnt/build_wrt/build_dir/target-aarch64_cortex-a53_musl/luci-app-gecoosac/ipkg-all/luci-i18n-gecoosac-zh-cn
install -d -m0755 /mnt/build_wrt/bin/packages/aarch64_cortex-a53/base
mkdir -p /mnt/build_wrt/build_dir/target-aarch64_cortex-a53_musl/luci-app-gecoosac/apk-all/luci-i18n-gecoosac-zh-cn/
mkdir -p /mnt/build_wrt/build_dir/target-aarch64_cortex-a53_musl/luci-app-gecoosac/ipkg-all/luci-i18n-gecoosac-zh-cn/lib/apk/packages/
(cd /mnt/build_wrt/build_dir/target-aarch64_cortex-a53_musl/luci-app-gecoosac/apk-all/luci-i18n-gecoosac-zh-cn; )
( echo "#!/bin/sh"; echo "[ \"\${IPKG_NO_SCRIPT}\" = \"1\" ] && exit 0"; echo "[ -s "\${IPKG_INSTROOT}/lib/functions.sh" ] || exit 0"; echo ". \${IPKG_INSTROOT}/lib/functions.sh"; echo 'export root="${IPKG_INSTROOT}"'; echo 'export pkgname="luci-i18n-gecoosac-zh-cn"'; echo "add_group_and_user"; echo "default_postinst"; [ ! -f /mnt/build_wrt/build_dir/target-aarch64_cortex-a53_musl/luci-app-gecoosac/apk-all/luci-i18n-gecoosac-zh-cn/postinst-pkg ] || sed '/^\s*#!/d' "/mnt/build_wrt/build_dir/target-aarch64_cortex-a53_musl/luci-app-gecoosac/apk-all/luci-i18n-gecoosac-zh-cn/postinst-pkg"; ) > /mnt/build_wrt/build_dir/target-aarch64_cortex-a53_musl/luci-app-gecoosac/apk-all/luci-i18n-gecoosac-zh-cn/post-install;
( echo "#!/bin/sh"; echo 'export PKG_UPGRADE=1'; [ ! -f /mnt/build_wrt/build_dir/target-aarch64_cortex-a53_musl/luci-app-gecoosac/apk-all/luci-i18n-gecoosac-zh-cn/post-install ] || sed '/^\s*#!/d' "/mnt/build_wrt/build_dir/target-aarch64_cortex-a53_musl/luci-app-gecoosac/apk-all/luci-i18n-gecoosac-zh-cn/post-install"; ) > /mnt/build_wrt/build_dir/target-aarch64_cortex-a53_musl/luci-app-gecoosac/apk-all/luci-i18n-gecoosac-zh-cn/post-upgrade;
( echo "#!/bin/sh"; echo "[ -s "\${IPKG_INSTROOT}/lib/functions.sh" ] || exit 0"; echo ". \${IPKG_INSTROOT}/lib/functions.sh"; echo 'export root="${IPKG_INSTROOT}"'; echo 'export pkgname="luci-i18n-gecoosac-zh-cn"'; echo "default_prerm"; [ ! -f /mnt/build_wrt/build_dir/target-aarch64_cortex-a53_musl/luci-app-gecoosac/apk-all/luci-i18n-gecoosac-zh-cn/prerm-pkg ] || sed '/^\s*#!/d' "/mnt/build_wrt/build_dir/target-aarch64_cortex-a53_musl/luci-app-gecoosac/apk-all/luci-i18n-gecoosac-zh-cn/prerm-pkg"; ) > /mnt/build_wrt/build_dir/target-aarch64_cortex-a53_musl/luci-app-gecoosac/apk-all/luci-i18n-gecoosac-zh-cn/pre-deinstall;
[ ! -f /mnt/build_wrt/build_dir/target-aarch64_cortex-a53_musl/luci-app-gecoosac/apk-all/luci-i18n-gecoosac-zh-cn/postrm ] || sed -zi 's/^\s*#!/#!/' "/mnt/build_wrt/build_dir/target-aarch64_cortex-a53_musl/luci-app-gecoosac/apk-all/luci-i18n-gecoosac-zh-cn/postrm";
if [ -n "" ]; then echo  > /mnt/build_wrt/build_dir/target-aarch64_cortex-a53_musl/luci-app-gecoosac/ipkg-all/luci-i18n-gecoosac-zh-cn/lib/apk/packages/luci-i18n-gecoosac-zh-cn.rusers; fi;
if [ -n "" ]; then echo  > /mnt/build_wrt/build_dir/target-aarch64_cortex-a53_musl/luci-app-gecoosac/ipkg-all/luci-i18n-gecoosac-zh-cn/lib/apk/packages/luci-i18n-gecoosac-zh-cn.alternatives; fi;
(cd /mnt/build_wrt/build_dir/target-aarch64_cortex-a53_musl/luci-app-gecoosac/ipkg-all/luci-i18n-gecoosac-zh-cn && find . -type f,l -printf "/%P\n" | sort > /mnt/build_wrt/tmp/luci-i18n-gecoosac-zh-cn.list && mv /mnt/build_wrt/tmp/luci-i18n-gecoosac-zh-cn.list /mnt/build_wrt/build_dir/target-aarch64_cortex-a53_musl/luci-app-gecoosac/ipkg-all/luci-i18n-gecoosac-zh-cn/lib/apk/packages/luci-i18n-gecoosac-zh-cn.list)
# Move conffiles to IDIR and build conffiles_static with csums
if [ -f /mnt/build_wrt/build_dir/target-aarch64_cortex-a53_musl/luci-app-gecoosac/apk-all/luci-i18n-gecoosac-zh-cn/conffiles ]; then mv -f /mnt/build_wrt/build_dir/target-aarch64_cortex-a53_musl/luci-app-gecoosac/apk-all/luci-i18n-gecoosac-zh-cn/conffiles /mnt/build_wrt/build_dir/target-aarch64_cortex-a53_musl/luci-app-gecoosac/ipkg-all/luci-i18n-gecoosac-zh-cn/lib/apk/packages/luci-i18n-gecoosac-zh-cn.conffiles; for file in $(cat /mnt/build_wrt/build_dir/target-aarch64_cortex-a53_musl/luci-app-gecoosac/ipkg-all/luci-i18n-gecoosac-zh-cn/lib/apk/packages/luci-i18n-gecoosac-zh-cn.conffiles); do [ -f /mnt/build_wrt/build_dir/target-aarch64_cortex-a53_musl/luci-app-gecoosac/ipkg-all/luci-i18n-gecoosac-zh-cn/$file ] || continue; csum=$(/mnt/build_wrt/staging_dir/host/bin/mkhash sha256 /mnt/build_wrt/build_dir/target-aarch64_cortex-a53_musl/luci-app-gecoosac/ipkg-all/luci-i18n-gecoosac-zh-cn/$file); echo $file $csum >> /mnt/build_wrt/build_dir/target-aarch64_cortex-a53_musl/luci-app-gecoosac/ipkg-all/luci-i18n-gecoosac-zh-cn/lib/apk/packages/luci-i18n-gecoosac-zh-cn.conffiles_static; done; fi
# Some package (base-files) manually append stuff to conffiles
# Append stuff from it and delete the CONTROL directory since everything else should be migrated
if [ -f /mnt/build_wrt/build_dir/target-aarch64_cortex-a53_musl/luci-app-gecoosac/ipkg-all/luci-i18n-gecoosac-zh-cn/CONTROL/conffiles ]; then echo $(IDIR_luci-i18n-gecoosac-zh-cn)/CONTROL/conffiles >> /mnt/build_wrt/build_dir/target-aarch64_cortex-a53_musl/luci-app-gecoosac/ipkg-all/luci-i18n-gecoosac-zh-cn/lib/apk/packages/luci-i18n-gecoosac-zh-cn.conffiles; for file in $(cat /mnt/build_wrt/build_dir/target-aarch64_cortex-a53_musl/luci-app-gecoosac/ipkg-all/luci-i18n-gecoosac-zh-cn/CONTROL/conffiles); do [ -f /mnt/build_wrt/build_dir/target-aarch64_cortex-a53_musl/luci-app-gecoosac/ipkg-all/luci-i18n-gecoosac-zh-cn/$file ] || continue; csum=$(/mnt/build_wrt/staging_dir/host/bin/mkhash sha256 /mnt/build_wrt/build_dir/target-aarch64_cortex-a53_musl/luci-app-gecoosac/ipkg-all/luci-i18n-gecoosac-zh-cn/$file); echo $file $csum >> /mnt/build_wrt/build_dir/target-aarch64_cortex-a53_musl/luci-app-gecoosac/ipkg-all/luci-i18n-gecoosac-zh-cn/lib/apk/packages/luci-i18n-gecoosac-zh-cn.conffiles_static; done; rm -rf /mnt/build_wrt/build_dir/target-aarch64_cortex-a53_musl/luci-app-gecoosac/ipkg-all/luci-i18n-gecoosac-zh-cn/CONTROL/conffiles; fi
if [ -z "$(ls -A /mnt/build_wrt/build_dir/target-aarch64_cortex-a53_musl/luci-app-gecoosac/ipkg-all/luci-i18n-gecoosac-zh-cn/CONTROL 2>/dev/null)" ]; then rm -rf /mnt/build_wrt/build_dir/target-aarch64_cortex-a53_musl/luci-app-gecoosac/ipkg-all/luci-i18n-gecoosac-zh-cn/CONTROL; else echo "CONTROL directory /mnt/build_wrt/build_dir/target-aarch64_cortex-a53_musl/luci-app-gecoosac/ipkg-all/luci-i18n-gecoosac-zh-cn/CONTROL is not empty! This is not right and should be checked!" >&2; exit 1; fi
SOURCE_DATE_EPOCH=0 /mnt/build_wrt/staging_dir/host/bin/fakeroot /mnt/build_wrt/staging_dir/host/bin/apk mkpkg --info "name:luci-i18n-gecoosac-zh-cn" --info "version:20260717-r6" --info "tags:openwrt:section=luci" --info "description:Translation for luci-app-gecoosac - 简体中文 (Simplified Chinese)" --info "arch:noarch" --info "license:" --info "origin:feeds/base/packages/luci-app-gecoosac" --info "url:" --info "maintainer:" --info "provides:luci-i18n-gecoosac-zh-cn-any"  --script "post-install:/mnt/build_wrt/build_dir/target-aarch64_cortex-a53_musl/luci-app-gecoosac/apk-all/luci-i18n-gecoosac-zh-cn/post-install" --script "post-upgrade:/mnt/build_wrt/build_dir/target-aarch64_cortex-a53_musl/luci-app-gecoosac/apk-all/luci-i18n-gecoosac-zh-cn/post-upgrade" --script "pre-deinstall:/mnt/build_wrt/build_dir/target-aarch64_cortex-a53_musl/luci-app-gecoosac/apk-all/luci-i18n-gecoosac-zh-cn/pre-deinstall" --info "depends:libc luci-app-gecoosac" --files "/mnt/build_wrt/build_dir/target-aarch64_cortex-a53_musl/luci-app-gecoosac/ipkg-all/luci-i18n-gecoosac-zh-cn" --sign /mnt/build_wrt/private-key.pem --output "/mnt/build_wrt/bin/packages/aarch64_cortex-a53/base/luci-i18n-gecoosac-zh-cn-20260717-r6.apk"
rm -rf /mnt/build_wrt/build_dir/target-aarch64_cortex-a53_musl/luci-app-gecoosac/.pkgdir/luci-app-gecoosac.installed /mnt/build_wrt/build_dir/target-aarch64_cortex-a53_musl/luci-app-gecoosac/.pkgdir/luci-app-gecoosac
mkdir -p /mnt/build_wrt/build_dir/target-aarch64_cortex-a53_musl/luci-app-gecoosac/.pkgdir/luci-app-gecoosac
install -d -m0755 /mnt/build_wrt/build_dir/target-aarch64_cortex-a53_musl/luci-app-gecoosac/.pkgdir/luci-app-gecoosac/www
cp -pR /mnt/build_wrt/build_dir/target-aarch64_cortex-a53_musl/luci-app-gecoosac/htdocs/* /mnt/build_wrt/build_dir/target-aarch64_cortex-a53_musl/luci-app-gecoosac/.pkgdir/luci-app-gecoosac/www/
find /mnt/build_wrt/build_dir/target-aarch64_cortex-a53_musl/luci-app-gecoosac/.pkgdir/luci-app-gecoosac/www/ -type f -name '*.js' | while read src; do if jsmin < "$src" > "$src.o"; then mv "$src.o" "$src"; fi; done
find /mnt/build_wrt/build_dir/target-aarch64_cortex-a53_musl/luci-app-gecoosac/.pkgdir/luci-app-gecoosac/www/ -type f -name '*.css' | while read src; do if csstidy "$src" --template=highest --remove_last_semicolon=true "$src.o"; then mv "$src.o" "$src"; fi; done
install -d -m0755 /mnt/build_wrt/build_dir/target-aarch64_cortex-a53_musl/luci-app-gecoosac/.pkgdir/luci-app-gecoosac/
cp -pR /mnt/build_wrt/build_dir/target-aarch64_cortex-a53_musl/luci-app-gecoosac/root/* /mnt/build_wrt/build_dir/target-aarch64_cortex-a53_musl/luci-app-gecoosac/.pkgdir/luci-app-gecoosac/
touch /mnt/build_wrt/build_dir/target-aarch64_cortex-a53_musl/luci-app-gecoosac/.pkgdir/luci-app-gecoosac.installed
mkdir -p /mnt/build_wrt/staging_dir/target-aarch64_cortex-a53_musl/root-qualcommax/stamp
SHELL= flock /mnt/build_wrt/tmp/.root-copy.flock -c 'cp -fpR /mnt/build_wrt/build_dir/target-aarch64_cortex-a53_musl/luci-app-gecoosac/.pkgdir/luci-app-gecoosac/. /mnt/build_wrt/staging_dir/target-aarch64_cortex-a53_musl/root-qualcommax/'
touch /mnt/build_wrt/staging_dir/target-aarch64_cortex-a53_musl/root-qualcommax/stamp/.luci-app-gecoosac_installed
echo "luci-app-gecoosac" >> /mnt/build_wrt/staging_dir/target-aarch64_cortex-a53_musl/pkginfo/luci-app-gecoosac.default.install
rm -rf /mnt/build_wrt/build_dir/target-aarch64_cortex-a53_musl/luci-app-gecoosac/.pkgdir/luci-i18n-gecoosac-zh-cn.installed /mnt/build_wrt/build_dir/target-aarch64_cortex-a53_musl/luci-app-gecoosac/.pkgdir/luci-i18n-gecoosac-zh-cn
mkdir -p /mnt/build_wrt/build_dir/target-aarch64_cortex-a53_musl/luci-app-gecoosac/.pkgdir/luci-i18n-gecoosac-zh-cn
install -d -m0755 /mnt/build_wrt/build_dir/target-aarch64_cortex-a53_musl/luci-app-gecoosac/.pkgdir/luci-i18n-gecoosac-zh-cn/etc/uci-defaults
echo "uci set luci.languages.zh_cn='简体中文 (Simplified Chinese)'; uci commit luci" > /mnt/build_wrt/build_dir/target-aarch64_cortex-a53_musl/luci-app-gecoosac/.pkgdir/luci-i18n-gecoosac-zh-cn/etc/uci-defaults/luci-i18n-gecoosac-zh-cn
install -d -m0755 /mnt/build_wrt/build_dir/target-aarch64_cortex-a53_musl/luci-app-gecoosac/.pkgdir/luci-i18n-gecoosac-zh-cn/usr/lib/lua/luci/i18n
po2lmo /mnt/build_wrt/package/packages/luci-app-gecoosac/po/zh_Hans/gecoosac.po /mnt/build_wrt/build_dir/target-aarch64_cortex-a53_musl/luci-app-gecoosac/.pkgdir/luci-i18n-gecoosac-zh-cn/usr/lib/lua/luci/i18n/gecoosac.zh-cn.lmo;
touch /mnt/build_wrt/build_dir/target-aarch64_cortex-a53_musl/luci-app-gecoosac/.pkgdir/luci-i18n-gecoosac-zh-cn.installed
mkdir -p /mnt/build_wrt/staging_dir/target-aarch64_cortex-a53_musl/root-qualcommax/stamp
SHELL= flock /mnt/build_wrt/tmp/.root-copy.flock -c 'cp -fpR /mnt/build_wrt/build_dir/target-aarch64_cortex-a53_musl/luci-app-gecoosac/.pkgdir/luci-i18n-gecoosac-zh-cn/. /mnt/build_wrt/staging_dir/target-aarch64_cortex-a53_musl/root-qualcommax/'
touch /mnt/build_wrt/staging_dir/target-aarch64_cortex-a53_musl/root-qualcommax/stamp/.luci-i18n-gecoosac-zh-cn_installed
echo "luci-i18n-gecoosac-zh-cn" >> /mnt/build_wrt/staging_dir/target-aarch64_cortex-a53_musl/pkginfo/luci-app-gecoosac.default.install
make[3]: Leaving directory '/mnt/build_wrt/package/packages/luci-app-gecoosac'
time: package/packages/luci-app-gecoosac/compile#0.22#0.39#0.57
make[3]: Entering directory '/mnt/build_wrt/package/packages/luci-app-homeproxy'
rm -f /mnt/build_wrt/build_dir/target-aarch64_cortex-a53_musl/luci-app-homeproxy/.built
touch /mnt/build_wrt/build_dir/target-aarch64_cortex-a53_musl/luci-app-homeproxy/.built_check
touch /mnt/build_wrt/build_dir/target-aarch64_cortex-a53_musl/luci-app-homeproxy/.built
rm -rf /mnt/build_wrt/build_dir/target-aarch64_cortex-a53_musl/luci-app-homeproxy/ipkg-all/luci-app-homeproxy
/mnt/build_wrt/scripts/ipkg-remove luci-app-homeproxy /mnt/build_wrt/bin/packages/aarch64_cortex-a53/base/luci-app-homeproxy-20260717-r6.apk
removed '/mnt/build_wrt/bin/packages/aarch64_cortex-a53/base/luci-app-homeproxy-20260717-r6.apk'
mkdir -p /mnt/build_wrt/bin/targets/qualcommax/ipq60xx/packages /mnt/build_wrt/build_dir/target-aarch64_cortex-a53_musl/luci-app-homeproxy/ipkg-all/luci-app-homeproxy /mnt/build_wrt/staging_dir/target-aarch64_cortex-a53_musl/pkginfo
install -d -m0755 /mnt/build_wrt/build_dir/target-aarch64_cortex-a53_musl/luci-app-homeproxy/ipkg-all/luci-app-homeproxy/www
cp -pR /mnt/build_wrt/build_dir/target-aarch64_cortex-a53_musl/luci-app-homeproxy/htdocs/* /mnt/build_wrt/build_dir/target-aarch64_cortex-a53_musl/luci-app-homeproxy/ipkg-all/luci-app-homeproxy/www/
find /mnt/build_wrt/build_dir/target-aarch64_cortex-a53_musl/luci-app-homeproxy/ipkg-all/luci-app-homeproxy/www/ -type f -name '*.js' | while read src; do if jsmin < "$src" > "$src.o"; then mv "$src.o" "$src"; fi; done
find /mnt/build_wrt/build_dir/target-aarch64_cortex-a53_musl/luci-app-homeproxy/ipkg-all/luci-app-homeproxy/www/ -type f -name '*.css' | while read src; do if csstidy "$src" --template=highest --remove_last_semicolon=true "$src.o"; then mv "$src.o" "$src"; fi; done
install -d -m0755 /mnt/build_wrt/build_dir/target-aarch64_cortex-a53_musl/luci-app-homeproxy/ipkg-all/luci-app-homeproxy/
cp -pR /mnt/build_wrt/build_dir/target-aarch64_cortex-a53_musl/luci-app-homeproxy/root/* /mnt/build_wrt/build_dir/target-aarch64_cortex-a53_musl/luci-app-homeproxy/ipkg-all/luci-app-homeproxy/
find /mnt/build_wrt/build_dir/target-aarch64_cortex-a53_musl/luci-app-homeproxy/ipkg-all/luci-app-homeproxy -name '.svn' -o -name '.#*' -o -name '*~'| xargs -r rm -rf
export CROSS="aarch64-openwrt-linux-musl-"  NO_RENAME=1 ; NM="aarch64-openwrt-linux-musl-nm" STRIP="/mnt/build_wrt/staging_dir/host/bin/sstrip -z" STRIP_KMOD="/mnt/build_wrt/scripts/strip-kmod.sh" PATCHELF="/mnt/build_wrt/staging_dir/host/bin/patchelf" /mnt/build_wrt/scripts/rstrip.sh /mnt/build_wrt/build_dir/target-aarch64_cortex-a53_musl/luci-app-homeproxy/ipkg-all/luci-app-homeproxy
install -d -m0755 /mnt/build_wrt/bin/packages/aarch64_cortex-a53/base
mkdir -p /mnt/build_wrt/build_dir/target-aarch64_cortex-a53_musl/luci-app-homeproxy/apk-all/luci-app-homeproxy/
mkdir -p /mnt/build_wrt/build_dir/target-aarch64_cortex-a53_musl/luci-app-homeproxy/ipkg-all/luci-app-homeproxy/lib/apk/packages/
(cd /mnt/build_wrt/build_dir/target-aarch64_cortex-a53_musl/luci-app-homeproxy/apk-all/luci-app-homeproxy; echo "$V_Package_luci_app_homeproxy_conffiles" > conffiles;  echo "$V_Package_luci_app_homeproxy_postinst" > postinst-pkg; chmod 0755 postinst-pkg;)
( echo "#!/bin/sh"; echo "[ \"\${IPKG_NO_SCRIPT}\" = \"1\" ] && exit 0"; echo "[ -s "\${IPKG_INSTROOT}/lib/functions.sh" ] || exit 0"; echo ". \${IPKG_INSTROOT}/lib/functions.sh"; echo 'export root="${IPKG_INSTROOT}"'; echo 'export pkgname="luci-app-homeproxy"'; echo "add_group_and_user"; echo "default_postinst"; [ ! -f /mnt/build_wrt/build_dir/target-aarch64_cortex-a53_musl/luci-app-homeproxy/apk-all/luci-app-homeproxy/postinst-pkg ] || sed '/^\s*#!/d' "/mnt/build_wrt/build_dir/target-aarch64_cortex-a53_musl/luci-app-homeproxy/apk-all/luci-app-homeproxy/postinst-pkg"; ) > /mnt/build_wrt/build_dir/target-aarch64_cortex-a53_musl/luci-app-homeproxy/apk-all/luci-app-homeproxy/post-install;
( echo "#!/bin/sh"; echo 'export PKG_UPGRADE=1'; [ ! -f /mnt/build_wrt/build_dir/target-aarch64_cortex-a53_musl/luci-app-homeproxy/apk-all/luci-app-homeproxy/post-install ] || sed '/^\s*#!/d' "/mnt/build_wrt/build_dir/target-aarch64_cortex-a53_musl/luci-app-homeproxy/apk-all/luci-app-homeproxy/post-install"; ) > /mnt/build_wrt/build_dir/target-aarch64_cortex-a53_musl/luci-app-homeproxy/apk-all/luci-app-homeproxy/post-upgrade;
( echo "#!/bin/sh"; echo "[ -s "\${IPKG_INSTROOT}/lib/functions.sh" ] || exit 0"; echo ". \${IPKG_INSTROOT}/lib/functions.sh"; echo 'export root="${IPKG_INSTROOT}"'; echo 'export pkgname="luci-app-homeproxy"'; echo "default_prerm"; [ ! -f /mnt/build_wrt/build_dir/target-aarch64_cortex-a53_musl/luci-app-homeproxy/apk-all/luci-app-homeproxy/prerm-pkg ] || sed '/^\s*#!/d' "/mnt/build_wrt/build_dir/target-aarch64_cortex-a53_musl/luci-app-homeproxy/apk-all/luci-app-homeproxy/prerm-pkg"; ) > /mnt/build_wrt/build_dir/target-aarch64_cortex-a53_musl/luci-app-homeproxy/apk-all/luci-app-homeproxy/pre-deinstall;
[ ! -f /mnt/build_wrt/build_dir/target-aarch64_cortex-a53_musl/luci-app-homeproxy/apk-all/luci-app-homeproxy/postrm ] || sed -zi 's/^\s*#!/#!/' "/mnt/build_wrt/build_dir/target-aarch64_cortex-a53_musl/luci-app-homeproxy/apk-all/luci-app-homeproxy/postrm";
if [ -n "" ]; then echo  > /mnt/build_wrt/build_dir/target-aarch64_cortex-a53_musl/luci-app-homeproxy/ipkg-all/luci-app-homeproxy/lib/apk/packages/luci-app-homeproxy.rusers; fi;
if [ -n "" ]; then echo  > /mnt/build_wrt/build_dir/target-aarch64_cortex-a53_musl/luci-app-homeproxy/ipkg-all/luci-app-homeproxy/lib/apk/packages/luci-app-homeproxy.alternatives; fi;
(cd /mnt/build_wrt/build_dir/target-aarch64_cortex-a53_musl/luci-app-homeproxy/ipkg-all/luci-app-homeproxy && find . -type f,l -printf "/%P\n" | sort > /mnt/build_wrt/tmp/luci-app-homeproxy.list && mv /mnt/build_wrt/tmp/luci-app-homeproxy.list /mnt/build_wrt/build_dir/target-aarch64_cortex-a53_musl/luci-app-homeproxy/ipkg-all/luci-app-homeproxy/lib/apk/packages/luci-app-homeproxy.list)
# Move conffiles to IDIR and build conffiles_static with csums
if [ -f /mnt/build_wrt/build_dir/target-aarch64_cortex-a53_musl/luci-app-homeproxy/apk-all/luci-app-homeproxy/conffiles ]; then mv -f /mnt/build_wrt/build_dir/target-aarch64_cortex-a53_musl/luci-app-homeproxy/apk-all/luci-app-homeproxy/conffiles /mnt/build_wrt/build_dir/target-aarch64_cortex-a53_musl/luci-app-homeproxy/ipkg-all/luci-app-homeproxy/lib/apk/packages/luci-app-homeproxy.conffiles; for file in $(cat /mnt/build_wrt/build_dir/target-aarch64_cortex-a53_musl/luci-app-homeproxy/ipkg-all/luci-app-homeproxy/lib/apk/packages/luci-app-homeproxy.conffiles); do [ -f /mnt/build_wrt/build_dir/target-aarch64_cortex-a53_musl/luci-app-homeproxy/ipkg-all/luci-app-homeproxy/$file ] || continue; csum=$(/mnt/build_wrt/staging_dir/host/bin/mkhash sha256 /mnt/build_wrt/build_dir/target-aarch64_cortex-a53_musl/luci-app-homeproxy/ipkg-all/luci-app-homeproxy/$file); echo $file $csum >> /mnt/build_wrt/build_dir/target-aarch64_cortex-a53_musl/luci-app-homeproxy/ipkg-all/luci-app-homeproxy/lib/apk/packages/luci-app-homeproxy.conffiles_static; done; fi
# Some package (base-files) manually append stuff to conffiles
# Append stuff from it and delete the CONTROL directory since everything else should be migrated
if [ -f /mnt/build_wrt/build_dir/target-aarch64_cortex-a53_musl/luci-app-homeproxy/ipkg-all/luci-app-homeproxy/CONTROL/conffiles ]; then echo $(IDIR_luci-app-homeproxy)/CONTROL/conffiles >> /mnt/build_wrt/build_dir/target-aarch64_cortex-a53_musl/luci-app-homeproxy/ipkg-all/luci-app-homeproxy/lib/apk/packages/luci-app-homeproxy.conffiles; for file in $(cat /mnt/build_wrt/build_dir/target-aarch64_cortex-a53_musl/luci-app-homeproxy/ipkg-all/luci-app-homeproxy/CONTROL/conffiles); do [ -f /mnt/build_wrt/build_dir/target-aarch64_cortex-a53_musl/luci-app-homeproxy/ipkg-all/luci-app-homeproxy/$file ] || continue; csum=$(/mnt/build_wrt/staging_dir/host/bin/mkhash sha256 /mnt/build_wrt/build_dir/target-aarch64_cortex-a53_musl/luci-app-homeproxy/ipkg-all/luci-app-homeproxy/$file); echo $file $csum >> /mnt/build_wrt/build_dir/target-aarch64_cortex-a53_musl/luci-app-homeproxy/ipkg-all/luci-app-homeproxy/lib/apk/packages/luci-app-homeproxy.conffiles_static; done; rm -rf /mnt/build_wrt/build_dir/target-aarch64_cortex-a53_musl/luci-app-homeproxy/ipkg-all/luci-app-homeproxy/CONTROL/conffiles; fi
if [ -z "$(ls -A /mnt/build_wrt/build_dir/target-aarch64_cortex-a53_musl/luci-app-homeproxy/ipkg-all/luci-app-homeproxy/CONTROL 2>/dev/null)" ]; then rm -rf /mnt/build_wrt/build_dir/target-aarch64_cortex-a53_musl/luci-app-homeproxy/ipkg-all/luci-app-homeproxy/CONTROL; else echo "CONTROL directory /mnt/build_wrt/build_dir/target-aarch64_cortex-a53_musl/luci-app-homeproxy/ipkg-all/luci-app-homeproxy/CONTROL is not empty! This is not right and should be checked!" >&2; exit 1; fi
SOURCE_DATE_EPOCH=0 /mnt/build_wrt/staging_dir/host/bin/fakeroot /mnt/build_wrt/staging_dir/host/bin/apk mkpkg --info "name:luci-app-homeproxy" --info "version:20260717-r6" --info "tags:openwrt:section=luci" --info "description:The modern ImmortalWrt proxy platform for ARM64/AMD64 — AI Edition" --info "arch:noarch" --info "license:" --info "origin:feeds/base/packages/luci-app-homeproxy" --info "url:https://github.com/openwrt/luci" --info "maintainer:OpenWrt LuCI community" --info "provides:luci-app-homeproxy-any"  --script "post-install:/mnt/build_wrt/build_dir/target-aarch64_cortex-a53_musl/luci-app-homeproxy/apk-all/luci-app-homeproxy/post-install" --script "post-upgrade:/mnt/build_wrt/build_dir/target-aarch64_cortex-a53_musl/luci-app-homeproxy/apk-all/luci-app-homeproxy/post-upgrade" --script "pre-deinstall:/mnt/build_wrt/build_dir/target-aarch64_cortex-a53_musl/luci-app-homeproxy/apk-all/luci-app-homeproxy/pre-deinstall" --info "depends:sing-box>=1.14.0_alpha1 libc firewall4 ip-full kmod-tun kmod-nft-tproxy curl unzip ucode-mod-digest" --files "/mnt/build_wrt/build_dir/target-aarch64_cortex-a53_musl/luci-app-homeproxy/ipkg-all/luci-app-homeproxy" --sign /mnt/build_wrt/private-key.pem --output "/mnt/build_wrt/bin/packages/aarch64_cortex-a53/base/luci-app-homeproxy-20260717-r6.apk"
rm -rf /mnt/build_wrt/build_dir/target-aarch64_cortex-a53_musl/luci-app-homeproxy/ipkg-all/luci-i18n-homeproxy-zh-cn
/mnt/build_wrt/scripts/ipkg-remove luci-i18n-homeproxy-zh-cn /mnt/build_wrt/bin/packages/aarch64_cortex-a53/base/luci-i18n-homeproxy-zh-cn-20260717-r6.apk
removed '/mnt/build_wrt/bin/packages/aarch64_cortex-a53/base/luci-i18n-homeproxy-zh-cn-20260717-r6.apk'
mkdir -p /mnt/build_wrt/bin/targets/qualcommax/ipq60xx/packages /mnt/build_wrt/build_dir/target-aarch64_cortex-a53_musl/luci-app-homeproxy/ipkg-all/luci-i18n-homeproxy-zh-cn /mnt/build_wrt/staging_dir/target-aarch64_cortex-a53_musl/pkginfo
install -d -m0755 /mnt/build_wrt/build_dir/target-aarch64_cortex-a53_musl/luci-app-homeproxy/ipkg-all/luci-i18n-homeproxy-zh-cn/etc/uci-defaults
echo "uci set luci.languages.zh_cn='简体中文 (Simplified Chinese)'; uci commit luci" > /mnt/build_wrt/build_dir/target-aarch64_cortex-a53_musl/luci-app-homeproxy/ipkg-all/luci-i18n-homeproxy-zh-cn/etc/uci-defaults/luci-i18n-homeproxy-zh-cn
install -d -m0755 /mnt/build_wrt/build_dir/target-aarch64_cortex-a53_musl/luci-app-homeproxy/ipkg-all/luci-i18n-homeproxy-zh-cn/usr/lib/lua/luci/i18n
po2lmo /mnt/build_wrt/package/packages/luci-app-homeproxy/po/zh_Hans/homeproxy.po /mnt/build_wrt/build_dir/target-aarch64_cortex-a53_musl/luci-app-homeproxy/ipkg-all/luci-i18n-homeproxy-zh-cn/usr/lib/lua/luci/i18n/homeproxy.zh-cn.lmo;
find /mnt/build_wrt/build_dir/target-aarch64_cortex-a53_musl/luci-app-homeproxy/ipkg-all/luci-i18n-homeproxy-zh-cn -name '.svn' -o -name '.#*' -o -name '*~'| xargs -r rm -rf
export CROSS="aarch64-openwrt-linux-musl-"  NO_RENAME=1 ; NM="aarch64-openwrt-linux-musl-nm" STRIP="/mnt/build_wrt/staging_dir/host/bin/sstrip -z" STRIP_KMOD="/mnt/build_wrt/scripts/strip-kmod.sh" PATCHELF="/mnt/build_wrt/staging_dir/host/bin/patchelf" /mnt/build_wrt/scripts/rstrip.sh /mnt/build_wrt/build_dir/target-aarch64_cortex-a53_musl/luci-app-homeproxy/ipkg-all/luci-i18n-homeproxy-zh-cn
install -d -m0755 /mnt/build_wrt/bin/packages/aarch64_cortex-a53/base
mkdir -p /mnt/build_wrt/build_dir/target-aarch64_cortex-a53_musl/luci-app-homeproxy/apk-all/luci-i18n-homeproxy-zh-cn/
mkdir -p /mnt/build_wrt/build_dir/target-aarch64_cortex-a53_musl/luci-app-homeproxy/ipkg-all/luci-i18n-homeproxy-zh-cn/lib/apk/packages/
(cd /mnt/build_wrt/build_dir/target-aarch64_cortex-a53_musl/luci-app-homeproxy/apk-all/luci-i18n-homeproxy-zh-cn; )
( echo "#!/bin/sh"; echo "[ \"\${IPKG_NO_SCRIPT}\" = \"1\" ] && exit 0"; echo "[ -s "\${IPKG_INSTROOT}/lib/functions.sh" ] || exit 0"; echo ". \${IPKG_INSTROOT}/lib/functions.sh"; echo 'export root="${IPKG_INSTROOT}"'; echo 'export pkgname="luci-i18n-homeproxy-zh-cn"'; echo "add_group_and_user"; echo "default_postinst"; [ ! -f /mnt/build_wrt/build_dir/target-aarch64_cortex-a53_musl/luci-app-homeproxy/apk-all/luci-i18n-homeproxy-zh-cn/postinst-pkg ] || sed '/^\s*#!/d' "/mnt/build_wrt/build_dir/target-aarch64_cortex-a53_musl/luci-app-homeproxy/apk-all/luci-i18n-homeproxy-zh-cn/postinst-pkg"; ) > /mnt/build_wrt/build_dir/target-aarch64_cortex-a53_musl/luci-app-homeproxy/apk-all/luci-i18n-homeproxy-zh-cn/post-install;
( echo "#!/bin/sh"; echo 'export PKG_UPGRADE=1'; [ ! -f /mnt/build_wrt/build_dir/target-aarch64_cortex-a53_musl/luci-app-homeproxy/apk-all/luci-i18n-homeproxy-zh-cn/post-install ] || sed '/^\s*#!/d' "/mnt/build_wrt/build_dir/target-aarch64_cortex-a53_musl/luci-app-homeproxy/apk-all/luci-i18n-homeproxy-zh-cn/post-install"; ) > /mnt/build_wrt/build_dir/target-aarch64_cortex-a53_musl/luci-app-homeproxy/apk-all/luci-i18n-homeproxy-zh-cn/post-upgrade;
( echo "#!/bin/sh"; echo "[ -s "\${IPKG_INSTROOT}/lib/functions.sh" ] || exit 0"; echo ". \${IPKG_INSTROOT}/lib/functions.sh"; echo 'export root="${IPKG_INSTROOT}"'; echo 'export pkgname="luci-i18n-homeproxy-zh-cn"'; echo "default_prerm"; [ ! -f /mnt/build_wrt/build_dir/target-aarch64_cortex-a53_musl/luci-app-homeproxy/apk-all/luci-i18n-homeproxy-zh-cn/prerm-pkg ] || sed '/^\s*#!/d' "/mnt/build_wrt/build_dir/target-aarch64_cortex-a53_musl/luci-app-homeproxy/apk-all/luci-i18n-homeproxy-zh-cn/prerm-pkg"; ) > /mnt/build_wrt/build_dir/target-aarch64_cortex-a53_musl/luci-app-homeproxy/apk-all/luci-i18n-homeproxy-zh-cn/pre-deinstall;
[ ! -f /mnt/build_wrt/build_dir/target-aarch64_cortex-a53_musl/luci-app-homeproxy/apk-all/luci-i18n-homeproxy-zh-cn/postrm ] || sed -zi 's/^\s*#!/#!/' "/mnt/build_wrt/build_dir/target-aarch64_cortex-a53_musl/luci-app-homeproxy/apk-all/luci-i18n-homeproxy-zh-cn/postrm";
if [ -n "" ]; then echo  > /mnt/build_wrt/build_dir/target-aarch64_cortex-a53_musl/luci-app-homeproxy/ipkg-all/luci-i18n-homeproxy-zh-cn/lib/apk/packages/luci-i18n-homeproxy-zh-cn.rusers; fi;
if [ -n "" ]; then echo  > /mnt/build_wrt/build_dir/target-aarch64_cortex-a53_musl/luci-app-homeproxy/ipkg-all/luci-i18n-homeproxy-zh-cn/lib/apk/packages/luci-i18n-homeproxy-zh-cn.alternatives; fi;
(cd /mnt/build_wrt/build_dir/target-aarch64_cortex-a53_musl/luci-app-homeproxy/ipkg-all/luci-i18n-homeproxy-zh-cn && find . -type f,l -printf "/%P\n" | sort > /mnt/build_wrt/tmp/luci-i18n-homeproxy-zh-cn.list && mv /mnt/build_wrt/tmp/luci-i18n-homeproxy-zh-cn.list /mnt/build_wrt/build_dir/target-aarch64_cortex-a53_musl/luci-app-homeproxy/ipkg-all/luci-i18n-homeproxy-zh-cn/lib/apk/packages/luci-i18n-homeproxy-zh-cn.list)
# Move conffiles to IDIR and build conffiles_static with csums
if [ -f /mnt/build_wrt/build_dir/target-aarch64_cortex-a53_musl/luci-app-homeproxy/apk-all/luci-i18n-homeproxy-zh-cn/conffiles ]; then mv -f /mnt/build_wrt/build_dir/target-aarch64_cortex-a53_musl/luci-app-homeproxy/apk-all/luci-i18n-homeproxy-zh-cn/conffiles /mnt/build_wrt/build_dir/target-aarch64_cortex-a53_musl/luci-app-homeproxy/ipkg-all/luci-i18n-homeproxy-zh-cn/lib/apk/packages/luci-i18n-homeproxy-zh-cn.conffiles; for file in $(cat /mnt/build_wrt/build_dir/target-aarch64_cortex-a53_musl/luci-app-homeproxy/ipkg-all/luci-i18n-homeproxy-zh-cn/lib/apk/packages/luci-i18n-homeproxy-zh-cn.conffiles); do [ -f /mnt/build_wrt/build_dir/target-aarch64_cortex-a53_musl/luci-app-homeproxy/ipkg-all/luci-i18n-homeproxy-zh-cn/$file ] || continue; csum=$(/mnt/build_wrt/staging_dir/host/bin/mkhash sha256 /mnt/build_wrt/build_dir/target-aarch64_cortex-a53_musl/luci-app-homeproxy/ipkg-all/luci-i18n-homeproxy-zh-cn/$file); echo $file $csum >> /mnt/build_wrt/build_dir/target-aarch64_cortex-a53_musl/luci-app-homeproxy/ipkg-all/luci-i18n-homeproxy-zh-cn/lib/apk/packages/luci-i18n-homeproxy-zh-cn.conffiles_static; done; fi
# Some package (base-files) manually append stuff to conffiles
# Append stuff from it and delete the CONTROL directory since everything else should be migrated
if [ -f /mnt/build_wrt/build_dir/target-aarch64_cortex-a53_musl/luci-app-homeproxy/ipkg-all/luci-i18n-homeproxy-zh-cn/CONTROL/conffiles ]; then echo $(IDIR_luci-i18n-homeproxy-zh-cn)/CONTROL/conffiles >> /mnt/build_wrt/build_dir/target-aarch64_cortex-a53_musl/luci-app-homeproxy/ipkg-all/luci-i18n-homeproxy-zh-cn/lib/apk/packages/luci-i18n-homeproxy-zh-cn.conffiles; for file in $(cat /mnt/build_wrt/build_dir/target-aarch64_cortex-a53_musl/luci-app-homeproxy/ipkg-all/luci-i18n-homeproxy-zh-cn/CONTROL/conffiles); do [ -f /mnt/build_wrt/build_dir/target-aarch64_cortex-a53_musl/luci-app-homeproxy/ipkg-all/luci-i18n-homeproxy-zh-cn/$file ] || continue; csum=$(/mnt/build_wrt/staging_dir/host/bin/mkhash sha256 /mnt/build_wrt/build_dir/target-aarch64_cortex-a53_musl/luci-app-homeproxy/ipkg-all/luci-i18n-homeproxy-zh-cn/$file); echo $file $csum >> /mnt/build_wrt/build_dir/target-aarch64_cortex-a53_musl/luci-app-homeproxy/ipkg-all/luci-i18n-homeproxy-zh-cn/lib/apk/packages/luci-i18n-homeproxy-zh-cn.conffiles_static; done; rm -rf /mnt/build_wrt/build_dir/target-aarch64_cortex-a53_musl/luci-app-homeproxy/ipkg-all/luci-i18n-homeproxy-zh-cn/CONTROL/conffiles; fi
if [ -z "$(ls -A /mnt/build_wrt/build_dir/target-aarch64_cortex-a53_musl/luci-app-homeproxy/ipkg-all/luci-i18n-homeproxy-zh-cn/CONTROL 2>/dev/null)" ]; then rm -rf /mnt/build_wrt/build_dir/target-aarch64_cortex-a53_musl/luci-app-homeproxy/ipkg-all/luci-i18n-homeproxy-zh-cn/CONTROL; else echo "CONTROL directory /mnt/build_wrt/build_dir/target-aarch64_cortex-a53_musl/luci-app-homeproxy/ipkg-all/luci-i18n-homeproxy-zh-cn/CONTROL is not empty! This is not right and should be checked!" >&2; exit 1; fi
SOURCE_DATE_EPOCH=0 /mnt/build_wrt/staging_dir/host/bin/fakeroot /mnt/build_wrt/staging_dir/host/bin/apk mkpkg --info "name:luci-i18n-homeproxy-zh-cn" --info "version:20260717-r6" --info "tags:openwrt:section=luci" --info "description:Translation for luci-app-homeproxy - 简体中文 (Simplified Chinese)" --info "arch:noarch" --info "license:" --info "origin:feeds/base/packages/luci-app-homeproxy" --info "url:" --info "maintainer:" --info "provides:luci-i18n-homeproxy-zh-cn-any"  --script "post-install:/mnt/build_wrt/build_dir/target-aarch64_cortex-a53_musl/luci-app-homeproxy/apk-all/luci-i18n-homeproxy-zh-cn/post-install" --script "post-upgrade:/mnt/build_wrt/build_dir/target-aarch64_cortex-a53_musl/luci-app-homeproxy/apk-all/luci-i18n-homeproxy-zh-cn/post-upgrade" --script "pre-deinstall:/mnt/build_wrt/build_dir/target-aarch64_cortex-a53_musl/luci-app-homeproxy/apk-all/luci-i18n-homeproxy-zh-cn/pre-deinstall" --info "depends:libc luci-app-homeproxy" --files "/mnt/build_wrt/build_dir/target-aarch64_cortex-a53_musl/luci-app-homeproxy/ipkg-all/luci-i18n-homeproxy-zh-cn" --sign /mnt/build_wrt/private-key.pem --output "/mnt/build_wrt/bin/packages/aarch64_cortex-a53/base/luci-i18n-homeproxy-zh-cn-20260717-r6.apk"
rm -rf /mnt/build_wrt/build_dir/target-aarch64_cortex-a53_musl/luci-app-homeproxy/.pkgdir/luci-app-homeproxy.installed /mnt/build_wrt/build_dir/target-aarch64_cortex-a53_musl/luci-app-homeproxy/.pkgdir/luci-app-homeproxy
mkdir -p /mnt/build_wrt/build_dir/target-aarch64_cortex-a53_musl/luci-app-homeproxy/.pkgdir/luci-app-homeproxy
install -d -m0755 /mnt/build_wrt/build_dir/target-aarch64_cortex-a53_musl/luci-app-homeproxy/.pkgdir/luci-app-homeproxy/www
cp -pR /mnt/build_wrt/build_dir/target-aarch64_cortex-a53_musl/luci-app-homeproxy/htdocs/* /mnt/build_wrt/build_dir/target-aarch64_cortex-a53_musl/luci-app-homeproxy/.pkgdir/luci-app-homeproxy/www/
find /mnt/build_wrt/build_dir/target-aarch64_cortex-a53_musl/luci-app-homeproxy/.pkgdir/luci-app-homeproxy/www/ -type f -name '*.js' | while read src; do if jsmin < "$src" > "$src.o"; then mv "$src.o" "$src"; fi; done
find /mnt/build_wrt/build_dir/target-aarch64_cortex-a53_musl/luci-app-homeproxy/.pkgdir/luci-app-homeproxy/www/ -type f -name '*.css' | while read src; do if csstidy "$src" --template=highest --remove_last_semicolon=true "$src.o"; then mv "$src.o" "$src"; fi; done
install -d -m0755 /mnt/build_wrt/build_dir/target-aarch64_cortex-a53_musl/luci-app-homeproxy/.pkgdir/luci-app-homeproxy/
cp -pR /mnt/build_wrt/build_dir/target-aarch64_cortex-a53_musl/luci-app-homeproxy/root/* /mnt/build_wrt/build_dir/target-aarch64_cortex-a53_musl/luci-app-homeproxy/.pkgdir/luci-app-homeproxy/
touch /mnt/build_wrt/build_dir/target-aarch64_cortex-a53_musl/luci-app-homeproxy/.pkgdir/luci-app-homeproxy.installed
mkdir -p /mnt/build_wrt/staging_dir/target-aarch64_cortex-a53_musl/root-qualcommax/stamp
SHELL= flock /mnt/build_wrt/tmp/.root-copy.flock -c 'cp -fpR /mnt/build_wrt/build_dir/target-aarch64_cortex-a53_musl/luci-app-homeproxy/.pkgdir/luci-app-homeproxy/. /mnt/build_wrt/staging_dir/target-aarch64_cortex-a53_musl/root-qualcommax/'
touch /mnt/build_wrt/staging_dir/target-aarch64_cortex-a53_musl/root-qualcommax/stamp/.luci-app-homeproxy_installed
echo "luci-app-homeproxy" >> /mnt/build_wrt/staging_dir/target-aarch64_cortex-a53_musl/pkginfo/luci-app-homeproxy.default.install
rm -rf /mnt/build_wrt/build_dir/target-aarch64_cortex-a53_musl/luci-app-homeproxy/.pkgdir/luci-i18n-homeproxy-zh-cn.installed /mnt/build_wrt/build_dir/target-aarch64_cortex-a53_musl/luci-app-homeproxy/.pkgdir/luci-i18n-homeproxy-zh-cn
mkdir -p /mnt/build_wrt/build_dir/target-aarch64_cortex-a53_musl/luci-app-homeproxy/.pkgdir/luci-i18n-homeproxy-zh-cn
install -d -m0755 /mnt/build_wrt/build_dir/target-aarch64_cortex-a53_musl/luci-app-homeproxy/.pkgdir/luci-i18n-homeproxy-zh-cn/etc/uci-defaults
echo "uci set luci.languages.zh_cn='简体中文 (Simplified Chinese)'; uci commit luci" > /mnt/build_wrt/build_dir/target-aarch64_cortex-a53_musl/luci-app-homeproxy/.pkgdir/luci-i18n-homeproxy-zh-cn/etc/uci-defaults/luci-i18n-homeproxy-zh-cn
install -d -m0755 /mnt/build_wrt/build_dir/target-aarch64_cortex-a53_musl/luci-app-homeproxy/.pkgdir/luci-i18n-homeproxy-zh-cn/usr/lib/lua/luci/i18n
po2lmo /mnt/build_wrt/package/packages/luci-app-homeproxy/po/zh_Hans/homeproxy.po /mnt/build_wrt/build_dir/target-aarch64_cortex-a53_musl/luci-app-homeproxy/.pkgdir/luci-i18n-homeproxy-zh-cn/usr/lib/lua/luci/i18n/homeproxy.zh-cn.lmo;
touch /mnt/build_wrt/build_dir/target-aarch64_cortex-a53_musl/luci-app-homeproxy/.pkgdir/luci-i18n-homeproxy-zh-cn.installed
mkdir -p /mnt/build_wrt/staging_dir/target-aarch64_cortex-a53_musl/root-qualcommax/stamp
SHELL= flock /mnt/build_wrt/tmp/.root-copy.flock -c 'cp -fpR /mnt/build_wrt/build_dir/target-aarch64_cortex-a53_musl/luci-app-homeproxy/.pkgdir/luci-i18n-homeproxy-zh-cn/. /mnt/build_wrt/staging_dir/target-aarch64_cortex-a53_musl/root-qualcommax/'
touch /mnt/build_wrt/staging_dir/target-aarch64_cortex-a53_musl/root-qualcommax/stamp/.luci-i18n-homeproxy-zh-cn_installed
echo "luci-i18n-homeproxy-zh-cn" >> /mnt/build_wrt/staging_dir/target-aarch64_cortex-a53_musl/pkginfo/luci-app-homeproxy.default.install
make[3]: Leaving directory '/mnt/build_wrt/package/packages/luci-app-homeproxy'
time: package/packages/luci-app-homeproxy/compile#0.72#0.65#1.35
make[3]: Entering directory '/mnt/build_wrt/package/packages/luci-app-wolultra'
rm -f /mnt/build_wrt/build_dir/target-aarch64_cortex-a53_musl/luci-app-wolultra/.built
touch /mnt/build_wrt/build_dir/target-aarch64_cortex-a53_musl/luci-app-wolultra/.built_check
touch /mnt/build_wrt/build_dir/target-aarch64_cortex-a53_musl/luci-app-wolultra/.built
rm -rf /mnt/build_wrt/build_dir/target-aarch64_cortex-a53_musl/luci-app-wolultra/ipkg-all/luci-app-wolultra
/mnt/build_wrt/scripts/ipkg-remove luci-app-wolultra /mnt/build_wrt/bin/packages/aarch64_cortex-a53/base/luci-app-wolultra-20260717-r4.apk
removed '/mnt/build_wrt/bin/packages/aarch64_cortex-a53/base/luci-app-wolultra-20260717-r4.apk'
mkdir -p /mnt/build_wrt/bin/targets/qualcommax/ipq60xx/packages /mnt/build_wrt/build_dir/target-aarch64_cortex-a53_musl/luci-app-wolultra/ipkg-all/luci-app-wolultra /mnt/build_wrt/staging_dir/target-aarch64_cortex-a53_musl/pkginfo
install -d -m0755 /mnt/build_wrt/build_dir/target-aarch64_cortex-a53_musl/luci-app-wolultra/ipkg-all/luci-app-wolultra/www
cp -pR /mnt/build_wrt/build_dir/target-aarch64_cortex-a53_musl/luci-app-wolultra/htdocs/* /mnt/build_wrt/build_dir/target-aarch64_cortex-a53_musl/luci-app-wolultra/ipkg-all/luci-app-wolultra/www/
find /mnt/build_wrt/build_dir/target-aarch64_cortex-a53_musl/luci-app-wolultra/ipkg-all/luci-app-wolultra/www/ -type f -name '*.js' | while read src; do if jsmin < "$src" > "$src.o"; then mv "$src.o" "$src"; fi; done
find /mnt/build_wrt/build_dir/target-aarch64_cortex-a53_musl/luci-app-wolultra/ipkg-all/luci-app-wolultra/www/ -type f -name '*.css' | while read src; do if csstidy "$src" --template=highest --remove_last_semicolon=true "$src.o"; then mv "$src.o" "$src"; fi; done
install -d -m0755 /mnt/build_wrt/build_dir/target-aarch64_cortex-a53_musl/luci-app-wolultra/ipkg-all/luci-app-wolultra/
cp -pR /mnt/build_wrt/build_dir/target-aarch64_cortex-a53_musl/luci-app-wolultra/root/* /mnt/build_wrt/build_dir/target-aarch64_cortex-a53_musl/luci-app-wolultra/ipkg-all/luci-app-wolultra/
find /mnt/build_wrt/build_dir/target-aarch64_cortex-a53_musl/luci-app-wolultra/ipkg-all/luci-app-wolultra -name '.svn' -o -name '.#*' -o -name '*~'| xargs -r rm -rf
export CROSS="aarch64-openwrt-linux-musl-"  NO_RENAME=1 ; NM="aarch64-openwrt-linux-musl-nm" STRIP="/mnt/build_wrt/staging_dir/host/bin/sstrip -z" STRIP_KMOD="/mnt/build_wrt/scripts/strip-kmod.sh" PATCHELF="/mnt/build_wrt/staging_dir/host/bin/patchelf" /mnt/build_wrt/scripts/rstrip.sh /mnt/build_wrt/build_dir/target-aarch64_cortex-a53_musl/luci-app-wolultra/ipkg-all/luci-app-wolultra
install -d -m0755 /mnt/build_wrt/bin/packages/aarch64_cortex-a53/base
mkdir -p /mnt/build_wrt/build_dir/target-aarch64_cortex-a53_musl/luci-app-wolultra/apk-all/luci-app-wolultra/
mkdir -p /mnt/build_wrt/build_dir/target-aarch64_cortex-a53_musl/luci-app-wolultra/ipkg-all/luci-app-wolultra/lib/apk/packages/
(cd /mnt/build_wrt/build_dir/target-aarch64_cortex-a53_musl/luci-app-wolultra/apk-all/luci-app-wolultra; echo "$V_Package_luci_app_wolultra_conffiles" > conffiles;  echo "$V_Package_luci_app_wolultra_postinst" > postinst-pkg; chmod 0755 postinst-pkg;)
( echo "#!/bin/sh"; echo "[ \"\${IPKG_NO_SCRIPT}\" = \"1\" ] && exit 0"; echo "[ -s "\${IPKG_INSTROOT}/lib/functions.sh" ] || exit 0"; echo ". \${IPKG_INSTROOT}/lib/functions.sh"; echo 'export root="${IPKG_INSTROOT}"'; echo 'export pkgname="luci-app-wolultra"'; echo "add_group_and_user"; echo "default_postinst"; [ ! -f /mnt/build_wrt/build_dir/target-aarch64_cortex-a53_musl/luci-app-wolultra/apk-all/luci-app-wolultra/postinst-pkg ] || sed '/^\s*#!/d' "/mnt/build_wrt/build_dir/target-aarch64_cortex-a53_musl/luci-app-wolultra/apk-all/luci-app-wolultra/postinst-pkg"; ) > /mnt/build_wrt/build_dir/target-aarch64_cortex-a53_musl/luci-app-wolultra/apk-all/luci-app-wolultra/post-install;
( echo "#!/bin/sh"; echo 'export PKG_UPGRADE=1'; [ ! -f /mnt/build_wrt/build_dir/target-aarch64_cortex-a53_musl/luci-app-wolultra/apk-all/luci-app-wolultra/post-install ] || sed '/^\s*#!/d' "/mnt/build_wrt/build_dir/target-aarch64_cortex-a53_musl/luci-app-wolultra/apk-all/luci-app-wolultra/post-install"; ) > /mnt/build_wrt/build_dir/target-aarch64_cortex-a53_musl/luci-app-wolultra/apk-all/luci-app-wolultra/post-upgrade;
( echo "#!/bin/sh"; echo "[ -s "\${IPKG_INSTROOT}/lib/functions.sh" ] || exit 0"; echo ". \${IPKG_INSTROOT}/lib/functions.sh"; echo 'export root="${IPKG_INSTROOT}"'; echo 'export pkgname="luci-app-wolultra"'; echo "default_prerm"; [ ! -f /mnt/build_wrt/build_dir/target-aarch64_cortex-a53_musl/luci-app-wolultra/apk-all/luci-app-wolultra/prerm-pkg ] || sed '/^\s*#!/d' "/mnt/build_wrt/build_dir/target-aarch64_cortex-a53_musl/luci-app-wolultra/apk-all/luci-app-wolultra/prerm-pkg"; ) > /mnt/build_wrt/build_dir/target-aarch64_cortex-a53_musl/luci-app-wolultra/apk-all/luci-app-wolultra/pre-deinstall;
[ ! -f /mnt/build_wrt/build_dir/target-aarch64_cortex-a53_musl/luci-app-wolultra/apk-all/luci-app-wolultra/postrm ] || sed -zi 's/^\s*#!/#!/' "/mnt/build_wrt/build_dir/target-aarch64_cortex-a53_musl/luci-app-wolultra/apk-all/luci-app-wolultra/postrm";
if [ -n "" ]; then echo  > /mnt/build_wrt/build_dir/target-aarch64_cortex-a53_musl/luci-app-wolultra/ipkg-all/luci-app-wolultra/lib/apk/packages/luci-app-wolultra.rusers; fi;
if [ -n "" ]; then echo  > /mnt/build_wrt/build_dir/target-aarch64_cortex-a53_musl/luci-app-wolultra/ipkg-all/luci-app-wolultra/lib/apk/packages/luci-app-wolultra.alternatives; fi;
(cd /mnt/build_wrt/build_dir/target-aarch64_cortex-a53_musl/luci-app-wolultra/ipkg-all/luci-app-wolultra && find . -type f,l -printf "/%P\n" | sort > /mnt/build_wrt/tmp/luci-app-wolultra.list && mv /mnt/build_wrt/tmp/luci-app-wolultra.list /mnt/build_wrt/build_dir/target-aarch64_cortex-a53_musl/luci-app-wolultra/ipkg-all/luci-app-wolultra/lib/apk/packages/luci-app-wolultra.list)
# Move conffiles to IDIR and build conffiles_static with csums
if [ -f /mnt/build_wrt/build_dir/target-aarch64_cortex-a53_musl/luci-app-wolultra/apk-all/luci-app-wolultra/conffiles ]; then mv -f /mnt/build_wrt/build_dir/target-aarch64_cortex-a53_musl/luci-app-wolultra/apk-all/luci-app-wolultra/conffiles /mnt/build_wrt/build_dir/target-aarch64_cortex-a53_musl/luci-app-wolultra/ipkg-all/luci-app-wolultra/lib/apk/packages/luci-app-wolultra.conffiles; for file in $(cat /mnt/build_wrt/build_dir/target-aarch64_cortex-a53_musl/luci-app-wolultra/ipkg-all/luci-app-wolultra/lib/apk/packages/luci-app-wolultra.conffiles); do [ -f /mnt/build_wrt/build_dir/target-aarch64_cortex-a53_musl/luci-app-wolultra/ipkg-all/luci-app-wolultra/$file ] || continue; csum=$(/mnt/build_wrt/staging_dir/host/bin/mkhash sha256 /mnt/build_wrt/build_dir/target-aarch64_cortex-a53_musl/luci-app-wolultra/ipkg-all/luci-app-wolultra/$file); echo $file $csum >> /mnt/build_wrt/build_dir/target-aarch64_cortex-a53_musl/luci-app-wolultra/ipkg-all/luci-app-wolultra/lib/apk/packages/luci-app-wolultra.conffiles_static; done; fi
# Some package (base-files) manually append stuff to conffiles
# Append stuff from it and delete the CONTROL directory since everything else should be migrated
if [ -f /mnt/build_wrt/build_dir/target-aarch64_cortex-a53_musl/luci-app-wolultra/ipkg-all/luci-app-wolultra/CONTROL/conffiles ]; then echo $(IDIR_luci-app-wolultra)/CONTROL/conffiles >> /mnt/build_wrt/build_dir/target-aarch64_cortex-a53_musl/luci-app-wolultra/ipkg-all/luci-app-wolultra/lib/apk/packages/luci-app-wolultra.conffiles; for file in $(cat /mnt/build_wrt/build_dir/target-aarch64_cortex-a53_musl/luci-app-wolultra/ipkg-all/luci-app-wolultra/CONTROL/conffiles); do [ -f /mnt/build_wrt/build_dir/target-aarch64_cortex-a53_musl/luci-app-wolultra/ipkg-all/luci-app-wolultra/$file ] || continue; csum=$(/mnt/build_wrt/staging_dir/host/bin/mkhash sha256 /mnt/build_wrt/build_dir/target-aarch64_cortex-a53_musl/luci-app-wolultra/ipkg-all/luci-app-wolultra/$file); echo $file $csum >> /mnt/build_wrt/build_dir/target-aarch64_cortex-a53_musl/luci-app-wolultra/ipkg-all/luci-app-wolultra/lib/apk/packages/luci-app-wolultra.conffiles_static; done; rm -rf /mnt/build_wrt/build_dir/target-aarch64_cortex-a53_musl/luci-app-wolultra/ipkg-all/luci-app-wolultra/CONTROL/conffiles; fi
if [ -z "$(ls -A /mnt/build_wrt/build_dir/target-aarch64_cortex-a53_musl/luci-app-wolultra/ipkg-all/luci-app-wolultra/CONTROL 2>/dev/null)" ]; then rm -rf /mnt/build_wrt/build_dir/target-aarch64_cortex-a53_musl/luci-app-wolultra/ipkg-all/luci-app-wolultra/CONTROL; else echo "CONTROL directory /mnt/build_wrt/build_dir/target-aarch64_cortex-a53_musl/luci-app-wolultra/ipkg-all/luci-app-wolultra/CONTROL is not empty! This is not right and should be checked!" >&2; exit 1; fi
SOURCE_DATE_EPOCH=0 /mnt/build_wrt/staging_dir/host/bin/fakeroot /mnt/build_wrt/staging_dir/host/bin/apk mkpkg --info "name:luci-app-wolultra" --info "version:20260717-r4" --info "tags:openwrt:section=luci" --info "description:LuCI support for WOL Ultra" --info "arch:noarch" --info "license:" --info "origin:feeds/base/packages/luci-app-wolultra" --info "url:https://github.com/openwrt/luci" --info "maintainer:OpenWrt LuCI community" --info "provides:luci-app-wolultra-any"  --script "post-install:/mnt/build_wrt/build_dir/target-aarch64_cortex-a53_musl/luci-app-wolultra/apk-all/luci-app-wolultra/post-install" --script "post-upgrade:/mnt/build_wrt/build_dir/target-aarch64_cortex-a53_musl/luci-app-wolultra/apk-all/luci-app-wolultra/post-upgrade" --script "pre-deinstall:/mnt/build_wrt/build_dir/target-aarch64_cortex-a53_musl/luci-app-wolultra/apk-all/luci-app-wolultra/pre-deinstall" --info "depends:libc luci-base etherwake" --files "/mnt/build_wrt/build_dir/target-aarch64_cortex-a53_musl/luci-app-wolultra/ipkg-all/luci-app-wolultra" --sign /mnt/build_wrt/private-key.pem --output "/mnt/build_wrt/bin/packages/aarch64_cortex-a53/base/luci-app-wolultra-20260717-r4.apk"
rm -rf /mnt/build_wrt/build_dir/target-aarch64_cortex-a53_musl/luci-app-wolultra/ipkg-all/luci-i18n-wolultra-zh-cn
/mnt/build_wrt/scripts/ipkg-remove luci-i18n-wolultra-zh-cn /mnt/build_wrt/bin/packages/aarch64_cortex-a53/base/luci-i18n-wolultra-zh-cn-20260717-r4.apk
removed '/mnt/build_wrt/bin/packages/aarch64_cortex-a53/base/luci-i18n-wolultra-zh-cn-20260717-r4.apk'
mkdir -p /mnt/build_wrt/bin/targets/qualcommax/ipq60xx/packages /mnt/build_wrt/build_dir/target-aarch64_cortex-a53_musl/luci-app-wolultra/ipkg-all/luci-i18n-wolultra-zh-cn /mnt/build_wrt/staging_dir/target-aarch64_cortex-a53_musl/pkginfo
install -d -m0755 /mnt/build_wrt/build_dir/target-aarch64_cortex-a53_musl/luci-app-wolultra/ipkg-all/luci-i18n-wolultra-zh-cn/etc/uci-defaults
echo "uci set luci.languages.zh_cn='简体中文 (Simplified Chinese)'; uci commit luci" > /mnt/build_wrt/build_dir/target-aarch64_cortex-a53_musl/luci-app-wolultra/ipkg-all/luci-i18n-wolultra-zh-cn/etc/uci-defaults/luci-i18n-wolultra-zh-cn
install -d -m0755 /mnt/build_wrt/build_dir/target-aarch64_cortex-a53_musl/luci-app-wolultra/ipkg-all/luci-i18n-wolultra-zh-cn/usr/lib/lua/luci/i18n
po2lmo /mnt/build_wrt/package/packages/luci-app-wolultra/po/zh_Hans/wolultra.po /mnt/build_wrt/build_dir/target-aarch64_cortex-a53_musl/luci-app-wolultra/ipkg-all/luci-i18n-wolultra-zh-cn/usr/lib/lua/luci/i18n/wolultra.zh-cn.lmo;
find /mnt/build_wrt/build_dir/target-aarch64_cortex-a53_musl/luci-app-wolultra/ipkg-all/luci-i18n-wolultra-zh-cn -name '.svn' -o -name '.#*' -o -name '*~'| xargs -r rm -rf
export CROSS="aarch64-openwrt-linux-musl-"  NO_RENAME=1 ; NM="aarch64-openwrt-linux-musl-nm" STRIP="/mnt/build_wrt/staging_dir/host/bin/sstrip -z" STRIP_KMOD="/mnt/build_wrt/scripts/strip-kmod.sh" PATCHELF="/mnt/build_wrt/staging_dir/host/bin/patchelf" /mnt/build_wrt/scripts/rstrip.sh /mnt/build_wrt/build_dir/target-aarch64_cortex-a53_musl/luci-app-wolultra/ipkg-all/luci-i18n-wolultra-zh-cn
install -d -m0755 /mnt/build_wrt/bin/packages/aarch64_cortex-a53/base
mkdir -p /mnt/build_wrt/build_dir/target-aarch64_cortex-a53_musl/luci-app-wolultra/apk-all/luci-i18n-wolultra-zh-cn/
mkdir -p /mnt/build_wrt/build_dir/target-aarch64_cortex-a53_musl/luci-app-wolultra/ipkg-all/luci-i18n-wolultra-zh-cn/lib/apk/packages/
(cd /mnt/build_wrt/build_dir/target-aarch64_cortex-a53_musl/luci-app-wolultra/apk-all/luci-i18n-wolultra-zh-cn; )
( echo "#!/bin/sh"; echo "[ \"\${IPKG_NO_SCRIPT}\" = \"1\" ] && exit 0"; echo "[ -s "\${IPKG_INSTROOT}/lib/functions.sh" ] || exit 0"; echo ". \${IPKG_INSTROOT}/lib/functions.sh"; echo 'export root="${IPKG_INSTROOT}"'; echo 'export pkgname="luci-i18n-wolultra-zh-cn"'; echo "add_group_and_user"; echo "default_postinst"; [ ! -f /mnt/build_wrt/build_dir/target-aarch64_cortex-a53_musl/luci-app-wolultra/apk-all/luci-i18n-wolultra-zh-cn/postinst-pkg ] || sed '/^\s*#!/d' "/mnt/build_wrt/build_dir/target-aarch64_cortex-a53_musl/luci-app-wolultra/apk-all/luci-i18n-wolultra-zh-cn/postinst-pkg"; ) > /mnt/build_wrt/build_dir/target-aarch64_cortex-a53_musl/luci-app-wolultra/apk-all/luci-i18n-wolultra-zh-cn/post-install;
( echo "#!/bin/sh"; echo 'export PKG_UPGRADE=1'; [ ! -f /mnt/build_wrt/build_dir/target-aarch64_cortex-a53_musl/luci-app-wolultra/apk-all/luci-i18n-wolultra-zh-cn/post-install ] || sed '/^\s*#!/d' "/mnt/build_wrt/build_dir/target-aarch64_cortex-a53_musl/luci-app-wolultra/apk-all/luci-i18n-wolultra-zh-cn/post-install"; ) > /mnt/build_wrt/build_dir/target-aarch64_cortex-a53_musl/luci-app-wolultra/apk-all/luci-i18n-wolultra-zh-cn/post-upgrade;
( echo "#!/bin/sh"; echo "[ -s "\${IPKG_INSTROOT}/lib/functions.sh" ] || exit 0"; echo ". \${IPKG_INSTROOT}/lib/functions.sh"; echo 'export root="${IPKG_INSTROOT}"'; echo 'export pkgname="luci-i18n-wolultra-zh-cn"'; echo "default_prerm"; [ ! -f /mnt/build_wrt/build_dir/target-aarch64_cortex-a53_musl/luci-app-wolultra/apk-all/luci-i18n-wolultra-zh-cn/prerm-pkg ] || sed '/^\s*#!/d' "/mnt/build_wrt/build_dir/target-aarch64_cortex-a53_musl/luci-app-wolultra/apk-all/luci-i18n-wolultra-zh-cn/prerm-pkg"; ) > /mnt/build_wrt/build_dir/target-aarch64_cortex-a53_musl/luci-app-wolultra/apk-all/luci-i18n-wolultra-zh-cn/pre-deinstall;
[ ! -f /mnt/build_wrt/build_dir/target-aarch64_cortex-a53_musl/luci-app-wolultra/apk-all/luci-i18n-wolultra-zh-cn/postrm ] || sed -zi 's/^\s*#!/#!/' "/mnt/build_wrt/build_dir/target-aarch64_cortex-a53_musl/luci-app-wolultra/apk-all/luci-i18n-wolultra-zh-cn/postrm";
if [ -n "" ]; then echo  > /mnt/build_wrt/build_dir/target-aarch64_cortex-a53_musl/luci-app-wolultra/ipkg-all/luci-i18n-wolultra-zh-cn/lib/apk/packages/luci-i18n-wolultra-zh-cn.rusers; fi;
if [ -n "" ]; then echo  > /mnt/build_wrt/build_dir/target-aarch64_cortex-a53_musl/luci-app-wolultra/ipkg-all/luci-i18n-wolultra-zh-cn/lib/apk/packages/luci-i18n-wolultra-zh-cn.alternatives; fi;
(cd /mnt/build_wrt/build_dir/target-aarch64_cortex-a53_musl/luci-app-wolultra/ipkg-all/luci-i18n-wolultra-zh-cn && find . -type f,l -printf "/%P\n" | sort > /mnt/build_wrt/tmp/luci-i18n-wolultra-zh-cn.list && mv /mnt/build_wrt/tmp/luci-i18n-wolultra-zh-cn.list /mnt/build_wrt/build_dir/target-aarch64_cortex-a53_musl/luci-app-wolultra/ipkg-all/luci-i18n-wolultra-zh-cn/lib/apk/packages/luci-i18n-wolultra-zh-cn.list)
# Move conffiles to IDIR and build conffiles_static with csums
if [ -f /mnt/build_wrt/build_dir/target-aarch64_cortex-a53_musl/luci-app-wolultra/apk-all/luci-i18n-wolultra-zh-cn/conffiles ]; then mv -f /mnt/build_wrt/build_dir/target-aarch64_cortex-a53_musl/luci-app-wolultra/apk-all/luci-i18n-wolultra-zh-cn/conffiles /mnt/build_wrt/build_dir/target-aarch64_cortex-a53_musl/luci-app-wolultra/ipkg-all/luci-i18n-wolultra-zh-cn/lib/apk/packages/luci-i18n-wolultra-zh-cn.conffiles; for file in $(cat /mnt/build_wrt/build_dir/target-aarch64_cortex-a53_musl/luci-app-wolultra/ipkg-all/luci-i18n-wolultra-zh-cn/lib/apk/packages/luci-i18n-wolultra-zh-cn.conffiles); do [ -f /mnt/build_wrt/build_dir/target-aarch64_cortex-a53_musl/luci-app-wolultra/ipkg-all/luci-i18n-wolultra-zh-cn/$file ] || continue; csum=$(/mnt/build_wrt/staging_dir/host/bin/mkhash sha256 /mnt/build_wrt/build_dir/target-aarch64_cortex-a53_musl/luci-app-wolultra/ipkg-all/luci-i18n-wolultra-zh-cn/$file); echo $file $csum >> /mnt/build_wrt/build_dir/target-aarch64_cortex-a53_musl/luci-app-wolultra/ipkg-all/luci-i18n-wolultra-zh-cn/lib/apk/packages/luci-i18n-wolultra-zh-cn.conffiles_static; done; fi
# Some package (base-files) manually append stuff to conffiles
# Append stuff from it and delete the CONTROL directory since everything else should be migrated
if [ -f /mnt/build_wrt/build_dir/target-aarch64_cortex-a53_musl/luci-app-wolultra/ipkg-all/luci-i18n-wolultra-zh-cn/CONTROL/conffiles ]; then echo $(IDIR_luci-i18n-wolultra-zh-cn)/CONTROL/conffiles >> /mnt/build_wrt/build_dir/target-aarch64_cortex-a53_musl/luci-app-wolultra/ipkg-all/luci-i18n-wolultra-zh-cn/lib/apk/packages/luci-i18n-wolultra-zh-cn.conffiles; for file in $(cat /mnt/build_wrt/build_dir/target-aarch64_cortex-a53_musl/luci-app-wolultra/ipkg-all/luci-i18n-wolultra-zh-cn/CONTROL/conffiles); do [ -f /mnt/build_wrt/build_dir/target-aarch64_cortex-a53_musl/luci-app-wolultra/ipkg-all/luci-i18n-wolultra-zh-cn/$file ] || continue; csum=$(/mnt/build_wrt/staging_dir/host/bin/mkhash sha256 /mnt/build_wrt/build_dir/target-aarch64_cortex-a53_musl/luci-app-wolultra/ipkg-all/luci-i18n-wolultra-zh-cn/$file); echo $file $csum >> /mnt/build_wrt/build_dir/target-aarch64_cortex-a53_musl/luci-app-wolultra/ipkg-all/luci-i18n-wolultra-zh-cn/lib/apk/packages/luci-i18n-wolultra-zh-cn.conffiles_static; done; rm -rf /mnt/build_wrt/build_dir/target-aarch64_cortex-a53_musl/luci-app-wolultra/ipkg-all/luci-i18n-wolultra-zh-cn/CONTROL/conffiles; fi
if [ -z "$(ls -A /mnt/build_wrt/build_dir/target-aarch64_cortex-a53_musl/luci-app-wolultra/ipkg-all/luci-i18n-wolultra-zh-cn/CONTROL 2>/dev/null)" ]; then rm -rf /mnt/build_wrt/build_dir/target-aarch64_cortex-a53_musl/luci-app-wolultra/ipkg-all/luci-i18n-wolultra-zh-cn/CONTROL; else echo "CONTROL directory /mnt/build_wrt/build_dir/target-aarch64_cortex-a53_musl/luci-app-wolultra/ipkg-all/luci-i18n-wolultra-zh-cn/CONTROL is not empty! This is not right and should be checked!" >&2; exit 1; fi
SOURCE_DATE_EPOCH=0 /mnt/build_wrt/staging_dir/host/bin/fakeroot /mnt/build_wrt/staging_dir/host/bin/apk mkpkg --info "name:luci-i18n-wolultra-zh-cn" --info "version:20260717-r4" --info "tags:openwrt:section=luci" --info "description:Translation for luci-app-wolultra - 简体中文 (Simplified Chinese)" --info "arch:noarch" --info "license:" --info "origin:feeds/base/packages/luci-app-wolultra" --info "url:" --info "maintainer:" --info "provides:luci-i18n-wolultra-zh-cn-any"  --script "post-install:/mnt/build_wrt/build_dir/target-aarch64_cortex-a53_musl/luci-app-wolultra/apk-all/luci-i18n-wolultra-zh-cn/post-install" --script "post-upgrade:/mnt/build_wrt/build_dir/target-aarch64_cortex-a53_musl/luci-app-wolultra/apk-all/luci-i18n-wolultra-zh-cn/post-upgrade" --script "pre-deinstall:/mnt/build_wrt/build_dir/target-aarch64_cortex-a53_musl/luci-app-wolultra/apk-all/luci-i18n-wolultra-zh-cn/pre-deinstall" --info "depends:libc luci-app-wolultra" --files "/mnt/build_wrt/build_dir/target-aarch64_cortex-a53_musl/luci-app-wolultra/ipkg-all/luci-i18n-wolultra-zh-cn" --sign /mnt/build_wrt/private-key.pem --output "/mnt/build_wrt/bin/packages/aarch64_cortex-a53/base/luci-i18n-wolultra-zh-cn-20260717-r4.apk"
rm -rf /mnt/build_wrt/build_dir/target-aarch64_cortex-a53_musl/luci-app-wolultra/.pkgdir/luci-app-wolultra.installed /mnt/build_wrt/build_dir/target-aarch64_cortex-a53_musl/luci-app-wolultra/.pkgdir/luci-app-wolultra
mkdir -p /mnt/build_wrt/build_dir/target-aarch64_cortex-a53_musl/luci-app-wolultra/.pkgdir/luci-app-wolultra
install -d -m0755 /mnt/build_wrt/build_dir/target-aarch64_cortex-a53_musl/luci-app-wolultra/.pkgdir/luci-app-wolultra/www
cp -pR /mnt/build_wrt/build_dir/target-aarch64_cortex-a53_musl/luci-app-wolultra/htdocs/* /mnt/build_wrt/build_dir/target-aarch64_cortex-a53_musl/luci-app-wolultra/.pkgdir/luci-app-wolultra/www/
find /mnt/build_wrt/build_dir/target-aarch64_cortex-a53_musl/luci-app-wolultra/.pkgdir/luci-app-wolultra/www/ -type f -name '*.js' | while read src; do if jsmin < "$src" > "$src.o"; then mv "$src.o" "$src"; fi; done
find /mnt/build_wrt/build_dir/target-aarch64_cortex-a53_musl/luci-app-wolultra/.pkgdir/luci-app-wolultra/www/ -type f -name '*.css' | while read src; do if csstidy "$src" --template=highest --remove_last_semicolon=true "$src.o"; then mv "$src.o" "$src"; fi; done
install -d -m0755 /mnt/build_wrt/build_dir/target-aarch64_cortex-a53_musl/luci-app-wolultra/.pkgdir/luci-app-wolultra/
cp -pR /mnt/build_wrt/build_dir/target-aarch64_cortex-a53_musl/luci-app-wolultra/root/* /mnt/build_wrt/build_dir/target-aarch64_cortex-a53_musl/luci-app-wolultra/.pkgdir/luci-app-wolultra/
touch /mnt/build_wrt/build_dir/target-aarch64_cortex-a53_musl/luci-app-wolultra/.pkgdir/luci-app-wolultra.installed
mkdir -p /mnt/build_wrt/staging_dir/target-aarch64_cortex-a53_musl/root-qualcommax/stamp
SHELL= flock /mnt/build_wrt/tmp/.root-copy.flock -c 'cp -fpR /mnt/build_wrt/build_dir/target-aarch64_cortex-a53_musl/luci-app-wolultra/.pkgdir/luci-app-wolultra/. /mnt/build_wrt/staging_dir/target-aarch64_cortex-a53_musl/root-qualcommax/'
touch /mnt/build_wrt/staging_dir/target-aarch64_cortex-a53_musl/root-qualcommax/stamp/.luci-app-wolultra_installed
echo "luci-app-wolultra" >> /mnt/build_wrt/staging_dir/target-aarch64_cortex-a53_musl/pkginfo/luci-app-wolultra.default.install
rm -rf /mnt/build_wrt/build_dir/target-aarch64_cortex-a53_musl/luci-app-wolultra/.pkgdir/luci-i18n-wolultra-zh-cn.installed /mnt/build_wrt/build_dir/target-aarch64_cortex-a53_musl/luci-app-wolultra/.pkgdir/luci-i18n-wolultra-zh-cn
mkdir -p /mnt/build_wrt/build_dir/target-aarch64_cortex-a53_musl/luci-app-wolultra/.pkgdir/luci-i18n-wolultra-zh-cn
install -d -m0755 /mnt/build_wrt/build_dir/target-aarch64_cortex-a53_musl/luci-app-wolultra/.pkgdir/luci-i18n-wolultra-zh-cn/etc/uci-defaults
echo "uci set luci.languages.zh_cn='简体中文 (Simplified Chinese)'; uci commit luci" > /mnt/build_wrt/build_dir/target-aarch64_cortex-a53_musl/luci-app-wolultra/.pkgdir/luci-i18n-wolultra-zh-cn/etc/uci-defaults/luci-i18n-wolultra-zh-cn
install -d -m0755 /mnt/build_wrt/build_dir/target-aarch64_cortex-a53_musl/luci-app-wolultra/.pkgdir/luci-i18n-wolultra-zh-cn/usr/lib/lua/luci/i18n
po2lmo /mnt/build_wrt/package/packages/luci-app-wolultra/po/zh_Hans/wolultra.po /mnt/build_wrt/build_dir/target-aarch64_cortex-a53_musl/luci-app-wolultra/.pkgdir/luci-i18n-wolultra-zh-cn/usr/lib/lua/luci/i18n/wolultra.zh-cn.lmo;
touch /mnt/build_wrt/build_dir/target-aarch64_cortex-a53_musl/luci-app-wolultra/.pkgdir/luci-i18n-wolultra-zh-cn.installed
mkdir -p /mnt/build_wrt/staging_dir/target-aarch64_cortex-a53_musl/root-qualcommax/stamp
SHELL= flock /mnt/build_wrt/tmp/.root-copy.flock -c 'cp -fpR /mnt/build_wrt/build_dir/target-aarch64_cortex-a53_musl/luci-app-wolultra/.pkgdir/luci-i18n-wolultra-zh-cn/. /mnt/build_wrt/staging_dir/target-aarch64_cortex-a53_musl/root-qualcommax/'
touch /mnt/build_wrt/staging_dir/target-aarch64_cortex-a53_musl/root-qualcommax/stamp/.luci-i18n-wolultra-zh-cn_installed
echo "luci-i18n-wolultra-zh-cn" >> /mnt/build_wrt/staging_dir/target-aarch64_cortex-a53_musl/pkginfo/luci-app-wolultra.default.install
make[3]: Leaving directory '/mnt/build_wrt/package/packages/luci-app-wolultra'
time: package/packages/luci-app-wolultra/compile#0.21#0.36#0.53
make[3]: Entering directory '/mnt/build_wrt/package/qca-nss/nss-eip-firmware'
rm -f /mnt/build_wrt/build_dir/target-aarch64_cortex-a53_musl/nss-eip-firmware-2.5.7/.built
touch /mnt/build_wrt/build_dir/target-aarch64_cortex-a53_musl/nss-eip-firmware-2.5.7/.built_check
touch /mnt/build_wrt/build_dir/target-aarch64_cortex-a53_musl/nss-eip-firmware-2.5.7/.built
rm -rf /mnt/build_wrt/build_dir/target-aarch64_cortex-a53_musl/nss-eip-firmware-2.5.7/ipkg-aarch64_cortex-a53/nss-eip-firmware
/mnt/build_wrt/scripts/ipkg-remove nss-eip-firmware /mnt/build_wrt/bin/packages/aarch64_cortex-a53/base/nss-eip-firmware-2.5.7-r1.apk
removed '/mnt/build_wrt/bin/packages/aarch64_cortex-a53/base/nss-eip-firmware-2.5.7-r1.apk'
mkdir -p /mnt/build_wrt/bin/targets/qualcommax/ipq60xx/packages /mnt/build_wrt/build_dir/target-aarch64_cortex-a53_musl/nss-eip-firmware-2.5.7/ipkg-aarch64_cortex-a53/nss-eip-firmware /mnt/build_wrt/staging_dir/target-aarch64_cortex-a53_musl/pkginfo
install -d -m0755 /mnt/build_wrt/build_dir/target-aarch64_cortex-a53_musl/nss-eip-firmware-2.5.7/ipkg-aarch64_cortex-a53/nss-eip-firmware/lib/firmware/
install -m0644 /mnt/build_wrt/build_dir/target-aarch64_cortex-a53_musl/nss-eip-firmware-2.5.7/ifpp.bin /mnt/build_wrt/build_dir/target-aarch64_cortex-a53_musl/nss-eip-firmware-2.5.7/ipkg-aarch64_cortex-a53/nss-eip-firmware/lib/firmware/ifpp.bin
install -m0644 /mnt/build_wrt/build_dir/target-aarch64_cortex-a53_musl/nss-eip-firmware-2.5.7/ipue.bin /mnt/build_wrt/build_dir/target-aarch64_cortex-a53_musl/nss-eip-firmware-2.5.7/ipkg-aarch64_cortex-a53/nss-eip-firmware/lib/firmware/ipue.bin
install -m0644 /mnt/build_wrt/build_dir/target-aarch64_cortex-a53_musl/nss-eip-firmware-2.5.7/ofpp.bin /mnt/build_wrt/build_dir/target-aarch64_cortex-a53_musl/nss-eip-firmware-2.5.7/ipkg-aarch64_cortex-a53/nss-eip-firmware/lib/firmware/ofpp.bin
install -m0644 /mnt/build_wrt/build_dir/target-aarch64_cortex-a53_musl/nss-eip-firmware-2.5.7/opue.bin /mnt/build_wrt/build_dir/target-aarch64_cortex-a53_musl/nss-eip-firmware-2.5.7/ipkg-aarch64_cortex-a53/nss-eip-firmware/lib/firmware/opue.bin
find /mnt/build_wrt/build_dir/target-aarch64_cortex-a53_musl/nss-eip-firmware-2.5.7/ipkg-aarch64_cortex-a53/nss-eip-firmware -name '.svn' -o -name '.#*' -o -name '*~'| xargs -r rm -rf
export CROSS="aarch64-openwrt-linux-musl-"  NO_RENAME=1 ; NM="aarch64-openwrt-linux-musl-nm" STRIP="/mnt/build_wrt/staging_dir/host/bin/sstrip -z" STRIP_KMOD="/mnt/build_wrt/scripts/strip-kmod.sh" PATCHELF="/mnt/build_wrt/staging_dir/host/bin/patchelf" /mnt/build_wrt/scripts/rstrip.sh /mnt/build_wrt/build_dir/target-aarch64_cortex-a53_musl/nss-eip-firmware-2.5.7/ipkg-aarch64_cortex-a53/nss-eip-firmware
install -d -m0755 /mnt/build_wrt/bin/packages/aarch64_cortex-a53/base
mkdir -p /mnt/build_wrt/build_dir/target-aarch64_cortex-a53_musl/nss-eip-firmware-2.5.7/apk-aarch64_cortex-a53/nss-eip-firmware/
mkdir -p /mnt/build_wrt/build_dir/target-aarch64_cortex-a53_musl/nss-eip-firmware-2.5.7/ipkg-aarch64_cortex-a53/nss-eip-firmware/lib/apk/packages/
(cd /mnt/build_wrt/build_dir/target-aarch64_cortex-a53_musl/nss-eip-firmware-2.5.7/apk-aarch64_cortex-a53/nss-eip-firmware; )
( echo "#!/bin/sh"; echo "[ \"\${IPKG_NO_SCRIPT}\" = \"1\" ] && exit 0"; echo "[ -s "\${IPKG_INSTROOT}/lib/functions.sh" ] || exit 0"; echo ". \${IPKG_INSTROOT}/lib/functions.sh"; echo 'export root="${IPKG_INSTROOT}"'; echo 'export pkgname="nss-eip-firmware"'; echo "add_group_and_user"; echo "default_postinst"; [ ! -f /mnt/build_wrt/build_dir/target-aarch64_cortex-a53_musl/nss-eip-firmware-2.5.7/apk-aarch64_cortex-a53/nss-eip-firmware/postinst-pkg ] || sed '/^\s*#!/d' "/mnt/build_wrt/build_dir/target-aarch64_cortex-a53_musl/nss-eip-firmware-2.5.7/apk-aarch64_cortex-a53/nss-eip-firmware/postinst-pkg"; ) > /mnt/build_wrt/build_dir/target-aarch64_cortex-a53_musl/nss-eip-firmware-2.5.7/apk-aarch64_cortex-a53/nss-eip-firmware/post-install;
( echo "#!/bin/sh"; echo 'export PKG_UPGRADE=1'; [ ! -f /mnt/build_wrt/build_dir/target-aarch64_cortex-a53_musl/nss-eip-firmware-2.5.7/apk-aarch64_cortex-a53/nss-eip-firmware/post-install ] || sed '/^\s*#!/d' "/mnt/build_wrt/build_dir/target-aarch64_cortex-a53_musl/nss-eip-firmware-2.5.7/apk-aarch64_cortex-a53/nss-eip-firmware/post-install"; ) > /mnt/build_wrt/build_dir/target-aarch64_cortex-a53_musl/nss-eip-firmware-2.5.7/apk-aarch64_cortex-a53/nss-eip-firmware/post-upgrade;
( echo "#!/bin/sh"; echo "[ -s "\${IPKG_INSTROOT}/lib/functions.sh" ] || exit 0"; echo ". \${IPKG_INSTROOT}/lib/functions.sh"; echo 'export root="${IPKG_INSTROOT}"'; echo 'export pkgname="nss-eip-firmware"'; echo "default_prerm"; [ ! -f /mnt/build_wrt/build_dir/target-aarch64_cortex-a53_musl/nss-eip-firmware-2.5.7/apk-aarch64_cortex-a53/nss-eip-firmware/prerm-pkg ] || sed '/^\s*#!/d' "/mnt/build_wrt/build_dir/target-aarch64_cortex-a53_musl/nss-eip-firmware-2.5.7/apk-aarch64_cortex-a53/nss-eip-firmware/prerm-pkg"; ) > /mnt/build_wrt/build_dir/target-aarch64_cortex-a53_musl/nss-eip-firmware-2.5.7/apk-aarch64_cortex-a53/nss-eip-firmware/pre-deinstall;
[ ! -f /mnt/build_wrt/build_dir/target-aarch64_cortex-a53_musl/nss-eip-firmware-2.5.7/apk-aarch64_cortex-a53/nss-eip-firmware/postrm ] || sed -zi 's/^\s*#!/#!/' "/mnt/build_wrt/build_dir/target-aarch64_cortex-a53_musl/nss-eip-firmware-2.5.7/apk-aarch64_cortex-a53/nss-eip-firmware/postrm";
if [ -n "" ]; then echo  > /mnt/build_wrt/build_dir/target-aarch64_cortex-a53_musl/nss-eip-firmware-2.5.7/ipkg-aarch64_cortex-a53/nss-eip-firmware/lib/apk/packages/nss-eip-firmware.rusers; fi;
if [ -n "" ]; then echo  > /mnt/build_wrt/build_dir/target-aarch64_cortex-a53_musl/nss-eip-firmware-2.5.7/ipkg-aarch64_cortex-a53/nss-eip-firmware/lib/apk/packages/nss-eip-firmware.alternatives; fi;
(cd /mnt/build_wrt/build_dir/target-aarch64_cortex-a53_musl/nss-eip-firmware-2.5.7/ipkg-aarch64_cortex-a53/nss-eip-firmware && find . -type f,l -printf "/%P\n" | sort > /mnt/build_wrt/tmp/nss-eip-firmware.list && mv /mnt/build_wrt/tmp/nss-eip-firmware.list /mnt/build_wrt/build_dir/target-aarch64_cortex-a53_musl/nss-eip-firmware-2.5.7/ipkg-aarch64_cortex-a53/nss-eip-firmware/lib/apk/packages/nss-eip-firmware.list)
# Move conffiles to IDIR and build conffiles_static with csums
if [ -f /mnt/build_wrt/build_dir/target-aarch64_cortex-a53_musl/nss-eip-firmware-2.5.7/apk-aarch64_cortex-a53/nss-eip-firmware/conffiles ]; then mv -f /mnt/build_wrt/build_dir/target-aarch64_cortex-a53_musl/nss-eip-firmware-2.5.7/apk-aarch64_cortex-a53/nss-eip-firmware/conffiles /mnt/build_wrt/build_dir/target-aarch64_cortex-a53_musl/nss-eip-firmware-2.5.7/ipkg-aarch64_cortex-a53/nss-eip-firmware/lib/apk/packages/nss-eip-firmware.conffiles; for file in $(cat /mnt/build_wrt/build_dir/target-aarch64_cortex-a53_musl/nss-eip-firmware-2.5.7/ipkg-aarch64_cortex-a53/nss-eip-firmware/lib/apk/packages/nss-eip-firmware.conffiles); do [ -f /mnt/build_wrt/build_dir/target-aarch64_cortex-a53_musl/nss-eip-firmware-2.5.7/ipkg-aarch64_cortex-a53/nss-eip-firmware/$file ] || continue; csum=$(/mnt/build_wrt/staging_dir/host/bin/mkhash sha256 /mnt/build_wrt/build_dir/target-aarch64_cortex-a53_musl/nss-eip-firmware-2.5.7/ipkg-aarch64_cortex-a53/nss-eip-firmware/$file); echo $file $csum >> /mnt/build_wrt/build_dir/target-aarch64_cortex-a53_musl/nss-eip-firmware-2.5.7/ipkg-aarch64_cortex-a53/nss-eip-firmware/lib/apk/packages/nss-eip-firmware.conffiles_static; done; fi
# Some package (base-files) manually append stuff to conffiles
# Append stuff from it and delete the CONTROL directory since everything else should be migrated
if [ -f /mnt/build_wrt/build_dir/target-aarch64_cortex-a53_musl/nss-eip-firmware-2.5.7/ipkg-aarch64_cortex-a53/nss-eip-firmware/CONTROL/conffiles ]; then echo $(IDIR_nss-eip-firmware)/CONTROL/conffiles >> /mnt/build_wrt/build_dir/target-aarch64_cortex-a53_musl/nss-eip-firmware-2.5.7/ipkg-aarch64_cortex-a53/nss-eip-firmware/lib/apk/packages/nss-eip-firmware.conffiles; for file in $(cat /mnt/build_wrt/build_dir/target-aarch64_cortex-a53_musl/nss-eip-firmware-2.5.7/ipkg-aarch64_cortex-a53/nss-eip-firmware/CONTROL/conffiles); do [ -f /mnt/build_wrt/build_dir/target-aarch64_cortex-a53_musl/nss-eip-firmware-2.5.7/ipkg-aarch64_cortex-a53/nss-eip-firmware/$file ] || continue; csum=$(/mnt/build_wrt/staging_dir/host/bin/mkhash sha256 /mnt/build_wrt/build_dir/target-aarch64_cortex-a53_musl/nss-eip-firmware-2.5.7/ipkg-aarch64_cortex-a53/nss-eip-firmware/$file); echo $file $csum >> /mnt/build_wrt/build_dir/target-aarch64_cortex-a53_musl/nss-eip-firmware-2.5.7/ipkg-aarch64_cortex-a53/nss-eip-firmware/lib/apk/packages/nss-eip-firmware.conffiles_static; done; rm -rf /mnt/build_wrt/build_dir/target-aarch64_cortex-a53_musl/nss-eip-firmware-2.5.7/ipkg-aarch64_cortex-a53/nss-eip-firmware/CONTROL/conffiles; fi
if [ -z "$(ls -A /mnt/build_wrt/build_dir/target-aarch64_cortex-a53_musl/nss-eip-firmware-2.5.7/ipkg-aarch64_cortex-a53/nss-eip-firmware/CONTROL 2>/dev/null)" ]; then rm -rf /mnt/build_wrt/build_dir/target-aarch64_cortex-a53_musl/nss-eip-firmware-2.5.7/ipkg-aarch64_cortex-a53/nss-eip-firmware/CONTROL; else echo "CONTROL directory /mnt/build_wrt/build_dir/target-aarch64_cortex-a53_musl/nss-eip-firmware-2.5.7/ipkg-aarch64_cortex-a53/nss-eip-firmware/CONTROL is not empty! This is not right and should be checked!" >&2; exit 1; fi
SOURCE_DATE_EPOCH=0 /mnt/build_wrt/staging_dir/host/bin/fakeroot /mnt/build_wrt/staging_dir/host/bin/apk mkpkg --info "name:nss-eip-firmware" --info "version:2.5.7-r1" --info "tags:openwrt:section=firmware" --info "description:NSS EIP-197 firmware" --info "arch:aarch64_cortex-a53" --info "license:" --info "origin:feeds/base/qca-nss/nss-eip-firmware" --info "url:" --info "maintainer:Robert Marko <robimarko@gmail.com>" --info "provides:nss-eip-firmware-any nss-eip=2.5.7-r1"  --script "post-install:/mnt/build_wrt/build_dir/target-aarch64_cortex-a53_musl/nss-eip-firmware-2.5.7/apk-aarch64_cortex-a53/nss-eip-firmware/post-install" --script "post-upgrade:/mnt/build_wrt/build_dir/target-aarch64_cortex-a53_musl/nss-eip-firmware-2.5.7/apk-aarch64_cortex-a53/nss-eip-firmware/post-upgrade" --script "pre-deinstall:/mnt/build_wrt/build_dir/target-aarch64_cortex-a53_musl/nss-eip-firmware-2.5.7/apk-aarch64_cortex-a53/nss-eip-firmware/pre-deinstall" --info "depends:libc" --files "/mnt/build_wrt/build_dir/target-aarch64_cortex-a53_musl/nss-eip-firmware-2.5.7/ipkg-aarch64_cortex-a53/nss-eip-firmware" --sign /mnt/build_wrt/private-key.pem --output "/mnt/build_wrt/bin/packages/aarch64_cortex-a53/base/nss-eip-firmware-2.5.7-r1.apk"
rm -rf /mnt/build_wrt/build_dir/target-aarch64_cortex-a53_musl/nss-eip-firmware-2.5.7/.pkgdir/nss-eip-firmware.installed /mnt/build_wrt/build_dir/target-aarch64_cortex-a53_musl/nss-eip-firmware-2.5.7/.pkgdir/nss-eip-firmware
mkdir -p /mnt/build_wrt/build_dir/target-aarch64_cortex-a53_musl/nss-eip-firmware-2.5.7/.pkgdir/nss-eip-firmware
install -d -m0755 /mnt/build_wrt/build_dir/target-aarch64_cortex-a53_musl/nss-eip-firmware-2.5.7/.pkgdir/nss-eip-firmware/lib/firmware/
install -m0644 /mnt/build_wrt/build_dir/target-aarch64_cortex-a53_musl/nss-eip-firmware-2.5.7/ifpp.bin /mnt/build_wrt/build_dir/target-aarch64_cortex-a53_musl/nss-eip-firmware-2.5.7/.pkgdir/nss-eip-firmware/lib/firmware/ifpp.bin
install -m0644 /mnt/build_wrt/build_dir/target-aarch64_cortex-a53_musl/nss-eip-firmware-2.5.7/ipue.bin /mnt/build_wrt/build_dir/target-aarch64_cortex-a53_musl/nss-eip-firmware-2.5.7/.pkgdir/nss-eip-firmware/lib/firmware/ipue.bin
install -m0644 /mnt/build_wrt/build_dir/target-aarch64_cortex-a53_musl/nss-eip-firmware-2.5.7/ofpp.bin /mnt/build_wrt/build_dir/target-aarch64_cortex-a53_musl/nss-eip-firmware-2.5.7/.pkgdir/nss-eip-firmware/lib/firmware/ofpp.bin
install -m0644 /mnt/build_wrt/build_dir/target-aarch64_cortex-a53_musl/nss-eip-firmware-2.5.7/opue.bin /mnt/build_wrt/build_dir/target-aarch64_cortex-a53_musl/nss-eip-firmware-2.5.7/.pkgdir/nss-eip-firmware/lib/firmware/opue.bin
touch /mnt/build_wrt/build_dir/target-aarch64_cortex-a53_musl/nss-eip-firmware-2.5.7/.pkgdir/nss-eip-firmware.installed
mkdir -p /mnt/build_wrt/staging_dir/target-aarch64_cortex-a53_musl/root-qualcommax/stamp
SHELL= flock /mnt/build_wrt/tmp/.root-copy.flock -c 'cp -fpR /mnt/build_wrt/build_dir/target-aarch64_cortex-a53_musl/nss-eip-firmware-2.5.7/.pkgdir/nss-eip-firmware/. /mnt/build_wrt/staging_dir/target-aarch64_cortex-a53_musl/root-qualcommax/'
touch /mnt/build_wrt/staging_dir/target-aarch64_cortex-a53_musl/root-qualcommax/stamp/.nss-eip-firmware_installed
echo "nss-eip-firmware" >> /mnt/build_wrt/staging_dir/target-aarch64_cortex-a53_musl/pkginfo/nss-eip-firmware.default.install
make[3]: Leaving directory '/mnt/build_wrt/package/qca-nss/nss-eip-firmware'
time: package/qca-nss/nss-eip-firmware/compile#1.07#0.39#1.42
make[3]: Entering directory '/mnt/build_wrt/package/qca-nss/qca-nss-crypto'
mkdir -p /mnt/build_wrt/staging_dir/target-aarch64_cortex-a53_musl/root-qualcommax/stamp
SHELL= flock /mnt/build_wrt/tmp/.root-copy.flock -c 'cp -fpR /mnt/build_wrt/build_dir/target-aarch64_cortex-a53_musl/linux-qualcommax_ipq60xx/qca-nss-crypto-13.1.2024.09.16~60e27b9/.pkgdir/kmod-qca-nss-crypto/. /mnt/build_wrt/staging_dir/target-aarch64_cortex-a53_musl/root-qualcommax/'
touch /mnt/build_wrt/staging_dir/target-aarch64_cortex-a53_musl/root-qualcommax/stamp/.kmod-qca-nss-crypto_installed
echo "kmod-qca-nss-crypto" >> /mnt/build_wrt/staging_dir/target-aarch64_cortex-a53_musl/pkginfo/qca-nss-crypto.default.install
make[3]: Leaving directory '/mnt/build_wrt/package/qca-nss/qca-nss-crypto'
time: package/qca-nss/qca-nss-crypto/compile#0.09#0.13#0.20
make[3]: Entering directory '/mnt/build_wrt/package/qca-nss/qca-nss-ecm'
rm -f /mnt/build_wrt/build_dir/target-aarch64_cortex-a53_musl/linux-qualcommax_ipq60xx/qca-nss-ecm-13.1.2026.04.03~8c7355b/.built
touch /mnt/build_wrt/build_dir/target-aarch64_cortex-a53_musl/linux-qualcommax_ipq60xx/qca-nss-ecm-13.1.2026.04.03~8c7355b/.built_check
make -C /mnt/build_wrt/build_dir/target-aarch64_cortex-a53_musl/linux-qualcommax_ipq60xx/linux-6.18.39 KCFLAGS="-fmacro-prefix-map=/mnt/build_wrt/build_dir/target-aarch64_cortex-a53_musl=target-aarch64_cortex-a53_musl -fno-caller-saves " KAFLAGS="-fmacro-prefix-map=/mnt/build_wrt/build_dir/target-aarch64_cortex-a53_musl=target-aarch64_cortex-a53_musl" HOSTCFLAGS="-O2 -I/mnt/build_wrt/staging_dir/host/include -I/mnt/build_wrt/staging_dir/hostpkg/include -I/mnt/build_wrt/staging_dir/target-aarch64_cortex-a53_musl/host/include -Wall -Wmissing-prototypes -Wstrict-prototypes" CROSS_COMPILE="aarch64-openwrt-linux-musl-" ARCH="arm64" KBUILD_HAVE_NLS=no KBUILD_BUILD_USER="" KBUILD_BUILD_HOST="" KBUILD_BUILD_TIMESTAMP="Thu Jul 23 04:04:25 2026" KBUILD_BUILD_VERSION="0" KBUILD_HOSTLDFLAGS="-L/mnt/build_wrt/staging_dir/host/lib" CONFIG_SHELL="bash" V=''  cmd_syscalls= KBUILD_EXTRA_SYMBOLS="/mnt/build_wrt/build_dir/target-aarch64_cortex-a53_musl/linux-qualcommax_ipq60xx/symvers/fibocom-qmi-wwan.symvers /mnt/build_wrt/build_dir/target-aarch64_cortex-a53_musl/linux-qualcommax_ipq60xx/symvers/fullconenat-nft.symvers /mnt/build_wrt/build_dir/target-aarch64_cortex-a53_musl/linux-qualcommax_ipq60xx/symvers/gpio-button-hotplug.symvers /mnt/build_wrt/build_dir/target-aarch64_cortex-a53_musl/linux-qualcommax_ipq60xx/symvers/mac80211.symvers /mnt/build_wrt/build_dir/target-aarch64_cortex-a53_musl/linux-qualcommax_ipq60xx/symvers/mtd-rw.symvers /mnt/build_wrt/build_dir/target-aarch64_cortex-a53_musl/linux-qualcommax_ipq60xx/symvers/nat46.symvers /mnt/build_wrt/build_dir/target-aarch64_cortex-a53_musl/linux-qualcommax_ipq60xx/symvers/ovpn-backports.symvers /mnt/build_wrt/build_dir/target-aarch64_cortex-a53_musl/linux-qualcommax_ipq60xx/symvers/qca-nss-clients.symvers /mnt/build_wrt/build_dir/target-aarch64_cortex-a53_musl/linux-qualcommax_ipq60xx/symvers/qca-nss-crypto.symvers /mnt/build_wrt/build_dir/target-aarch64_cortex-a53_musl/linux-qualcommax_ipq60xx/symvers/qca-nss-dp.symvers /mnt/build_wrt/build_dir/target-aarch64_cortex-a53_musl/linux-qualcommax_ipq60xx/symvers/qca-nss-drv.symvers /mnt/build_wrt/build_dir/target-aarch64_cortex-a53_musl/linux-qualcommax_ipq60xx/symvers/qca-ssdk.symvers /mnt/build_wrt/build_dir/target-aarch64_cortex-a53_musl/linux-qualcommax_ipq60xx/symvers/qmi_wwan_f.symvers /mnt/build_wrt/build_dir/target-aarch64_cortex-a53_musl/linux-qualcommax_ipq60xx/symvers/qmi_wwan_q.symvers /mnt/build_wrt/build_dir/target-aarch64_cortex-a53_musl/linux-qualcommax_ipq60xx/symvers/qmi_wwan_s.symvers /mnt/build_wrt/build_dir/target-aarch64_cortex-a53_musl/linux-qualcommax_ipq60xx/symvers/quectel-qmi-wwan.symvers" CC="ccache aarch64-openwrt-linux-musl-gcc" KERNELRELEASE=6.18.39  ECM_NON_PORTED_SUPPORT_ENABLE=y ECM_INTERFACE_VLAN_ENABLE=y ECM_CLASSIFIER_MARK_ENABLE=y ECM_CLASSIFIER_DSCP_ENABLE=y ECM_CLASSIFIER_PCC_ENABLE=n ECM_FRONT_END_NSS_ENABLE=y ECM_IPV6_ENABLE=y ECM_BRIDGE_VLAN_FILTERING_ENABLE=y ECM_CLASSIFIER_DSCP_IGS=y ECM_INTERFACE_VXLAN_ENABLE=y ECM_INTERFACE_MACVLAN_ENABLE=y ECM_INTERFACE_MAP_T_ENABLE=y ECM_INTERFACE_IPSEC_ENABLE=n ECM_INTERFACE_L2TPV2_ENABLE=n ECM_INTERFACE_PPPOE_ENABLE=y ECM_INTERFACE_PPP_ENABLE=y ECM_INTERFACE_PPTP_ENABLE=y ECM_INTERFACE_GRE_TAP_ENABLE=y ECM_INTERFACE_GRE_TUN_ENABLE=y ECM_INTERFACE_SIT_ENABLE=y ECM_INTERFACE_TUNIPIP6_ENABLE=y ECM_INTERFACE_BOND_ENABLE=y ECM_INTERFACE_RAWIP_ENABLE=y M="/mnt/build_wrt/build_dir/target-aarch64_cortex-a53_musl/linux-qualcommax_ipq60xx/qca-nss-ecm-13.1.2026.04.03~8c7355b" EXTRA_CFLAGS="-I/mnt/build_wrt/staging_dir/target-aarch64_cortex-a53_musl/usr/include/qca-nss-drv -I/mnt/build_wrt/staging_dir/target-aarch64_cortex-a53_musl/usr/include/qca-mcs -I/mnt/build_wrt/staging_dir/target-aarch64_cortex-a53_musl/usr/include/nat46 -DNSS_FIRMWARE_VERSION_12_5" SoC=ipq60xx modules
make[4]: Entering directory '/mnt/build_wrt/build_dir/target-aarch64_cortex-a53_musl/linux-qualcommax_ipq60xx/linux-6.18.39'
make[5]: Entering directory '/mnt/build_wrt/build_dir/target-aarch64_cortex-a53_musl/linux-qualcommax_ipq60xx/qca-nss-ecm-13.1.2026.04.03~8c7355b'
  MODPOST Module.symvers
ERROR: modpost: "nss_rmnet_rx_get_ifnum" [ecm.ko] undefined!
make[7]: *** [/mnt/build_wrt/build_dir/target-aarch64_cortex-a53_musl/linux-qualcommax_ipq60xx/linux-6.18.39/scripts/Makefile.modpost:147: Module.symvers] Error 1
make[6]: *** [/mnt/build_wrt/build_dir/target-aarch64_cortex-a53_musl/linux-qualcommax_ipq60xx/linux-6.18.39/Makefile:1995: modpost] Error 2
make[5]: *** [/mnt/build_wrt/build_dir/target-aarch64_cortex-a53_musl/linux-qualcommax_ipq60xx/linux-6.18.39/Makefile:248: __sub-make] Error 2
make[5]: Leaving directory '/mnt/build_wrt/build_dir/target-aarch64_cortex-a53_musl/linux-qualcommax_ipq60xx/qca-nss-ecm-13.1.2026.04.03~8c7355b'
make[4]: *** [Makefile:248: __sub-make] Error 2
make[4]: Leaving directory '/mnt/build_wrt/build_dir/target-aarch64_cortex-a53_musl/linux-qualcommax_ipq60xx/linux-6.18.39'
make[3]: *** [Makefile:195: /mnt/build_wrt/build_dir/target-aarch64_cortex-a53_musl/linux-qualcommax_ipq60xx/qca-nss-ecm-13.1.2026.04.03~8c7355b/.built] Error 2
make[3]: Leaving directory '/mnt/build_wrt/package/qca-nss/qca-nss-ecm'
time: package/qca-nss/qca-nss-ecm/compile#0.43#0.26#0.71
    ERROR: package/qca-nss/qca-nss-ecm failed to build.
make[2]: *** [package/Makefile:198: package/qca-nss/qca-nss-ecm/compile] Error 1
make[2]: Leaving directory '/mnt/build_wrt'
make[1]: *** [package/Makefile:192: /mnt/build_wrt/staging_dir/target-aarch64_cortex-a53_musl/stamp/.package_compile] Error 2
make[1]: Leaving directory '/mnt/build_wrt'
make: *** [/mnt/build_wrt/include/toplevel.mk:233: world] Error 2

--- RECENT ERROR LOGS IN BUILD DIR ---
=== File: ./wrt/build_dir/toolchain-aarch64_cortex-a53_gcc-14.4.0_musl/gcc-14.4.0-final/aarch64-openwrt-linux-musl/libgcc/config.log ===
build_os='linux-gnu'
build_subdir='build-x86_64-pc-linux-gnu'
build_vendor='pc'
cpu_type='aarch64'
datadir='${datarootdir}'
datarootdir='${prefix}/share'
decimal_float='no'
docdir='${datarootdir}/doc/${PACKAGE_TARNAME}'
double_type_size='64'
dvidir='${docdir}'
enable_decimal_float='no'
enable_execute_stack='enable-execute-stack-empty.c'
enable_gcov='yes'
enable_shared='yes'
enable_vtable_verify='no'
exec_prefix='${prefix}'
extra_parts='crtbegin.o crtbeginS.o crtbeginT.o crtend.o crtendS.o crtfastmath.o'
fixed_point='no'
force_explicit_eh_registry=''
get_gcc_base_ver='cat'
host='aarch64-openwrt-linux-musl'
host_alias='aarch64-openwrt-linux-musl'
host_cpu='aarch64'
host_noncanonical='aarch64-openwrt-linux-musl'
host_os='linux-musl'
host_subdir='.'
host_vendor='openwrt'
htmldir='${docdir}'
includedir='${prefix}/include'
infodir='${datarootdir}/info'
libdir='${exec_prefix}/lib'
libexecdir='${exec_prefix}/libexec'
libgcc_topdir='/mnt/build_wrt/build_dir/toolchain-aarch64_cortex-a53_gcc-14.4.0_musl/gcc-14.4.0/libgcc/..'
localedir='${datarootdir}/locale'
localstatedir='${prefix}/var'
long_double_type_size='128'
mandir='${datarootdir}/man'
md_unwind_header='aarch64/linux-unwind.h'
oldincludedir='/usr/include'
pdfdir='${docdir}'
prefix='/mnt/build_wrt/staging_dir/toolchain-aarch64_cortex-a53_gcc-14.4.0_musl'
program_transform_name='s&^&aarch64-openwrt-linux-musl-&'
psdir='${docdir}'
real_host_noncanonical='aarch64-openwrt-linux-musl'
sbindir='${exec_prefix}/sbin'
set_have_cc_tls='-DHAVE_CC_TLS'
set_use_emutls=''
sfp_machine_header='aarch64/sfp-machine.h'
sharedstatedir='${prefix}/com'
slibdir='/mnt/build_wrt/staging_dir/toolchain-aarch64_cortex-a53_gcc-14.4.0_musl/lib'
solaris_ld_v2_maps=''
sysconfdir='${prefix}/etc'
target_alias='aarch64-openwrt-linux-musl'
target_noncanonical='aarch64-openwrt-linux-musl'
target_subdir='aarch64-openwrt-linux-musl'
thread_header='gthr-posix.h'
tm_defines=''
tm_file=' $(srcdir)/config/aarch64/value-unwind.h'
tmake_file=' $(srcdir)/config/t-crtstuff-pic $(srcdir)/config/t-libgcc-pic $(srcdir)/config/t-eh-dw2-dip $(srcdir)/config/t-slibgcc $(srcdir)/config/t-slibgcc-gld $(srcdir)/config/t-slibgcc-elf-ver $(srcdir)/config/t-linux $(srcdir)/config/aarch64/t-aarch64 $(srcdir)/config/aarch64/t-lse $(srcdir)/config/t-slibgcc-libgcc $(srcdir)/config/aarch64/t-softfp $(srcdir)/config/t-softfp $(srcdir)/config/t-crtfm $(srcdir)/config/t-dfprules $(srcdir)/config/aarch64/t-heap-trampoline $(srcdir)/config/t-gthr-noweak'
toolexecdir='$(exec_prefix)/$(target_noncanonical)'
toolexeclibdir='$(toolexecdir)/lib'
unwind_header='unwind-generic.h'
use_tm_clone_registry='-DUSE_TM_CLONE_REGISTRY=0'
vis_hide='-fvisibility=hidden -DHIDE_EXPORTS'
with_aix_soname='aix'

## ----------- ##
## confdefs.h. ##
## ----------- ##

/* confdefs.h */
#define PACKAGE_NAME "GNU C Runtime Library"
#define PACKAGE_TARNAME "libgcc"
#define PACKAGE_VERSION "1.0"
#define PACKAGE_STRING "GNU C Runtime Library 1.0"
#define PACKAGE_BUGREPORT ""
#define PACKAGE_URL "http://www.gnu.org/software/libgcc/"
#define SIZEOF_DOUBLE 8
#define SIZEOF_LONG_DOUBLE 16
#define HAVE_INTTYPES_H 1
#define HAVE_STDINT_H 1
#define HAVE_STDLIB_H 1
#define HAVE_FTW_H 1
#define HAVE_UNISTD_H 1
#define HAVE_SYS_STAT_H 1
#define HAVE_SYS_TYPES_H 1
#define HAVE_STRING_H 1
#define HAVE_STRINGS_H 1
#define HAVE_MEMORY_H 1
#define HAVE_SYS_AUXV_H 1
#define HAVE_SYS_MMAN_H 1
#define STDC_HEADERS 1
#define HAVE_GETIPINFO 1
#define AS_HIDDEN_DIRECTIVE .hidden
#define HAVE_AS_CFI_SECTIONS 1
#define HAVE_AS_LSE 1
#define HAVE_AS_VARIANT_PCS 1
#define HAVE_INIT_PRIORITY 1

configure: exit 0
=== File: ./wrt/build_dir/toolchain-aarch64_cortex-a53_gcc-14.4.0_musl/gcc-14.4.0-final/aarch64-openwrt-linux-musl/libvtv/config.log ===
ac_ct_DUMPBIN=''
am__EXEEXT_FALSE=''
am__EXEEXT_TRUE='#'
am__fastdepCC_FALSE='#'
am__fastdepCC_TRUE=''
am__fastdepCXX_FALSE='#'
am__fastdepCXX_TRUE=''
am__include='include'
am__isrc=' -I$(srcdir)'
am__leading_dot='.'
am__nodep='_no'
am__quote=''
am__tar='$${TAR-tar} chof - "$$tardir"'
am__untar='$${TAR-tar} xf -'
bindir='${exec_prefix}/bin'
build='x86_64-pc-linux-gnu'
build_alias='x86_64-pc-linux-gnu'
build_cpu='x86_64'
build_os='linux-gnu'
build_vendor='pc'
datadir='${datarootdir}'
datarootdir='${prefix}/share'
docdir='${datarootdir}/doc/${PACKAGE_TARNAME}'
dvidir='${docdir}'
enable_shared='yes'
enable_static='yes'
exec_prefix='${prefix}'
get_gcc_base_ver='cat'
host='aarch64-openwrt-linux-musl'
host_alias='aarch64-openwrt-linux-musl'
host_cpu='aarch64'
host_os='linux-musl'
host_vendor='openwrt'
htmldir='${docdir}'
includedir='${prefix}/include'
infodir='${datarootdir}/info'
install_sh='${SHELL} /mnt/build_wrt/build_dir/toolchain-aarch64_cortex-a53_gcc-14.4.0_musl/gcc-14.4.0/install-sh'
libdir='${exec_prefix}/lib'
libexecdir='${exec_prefix}/libexec'
libtool_VERSION='1:0:0'
libvtv_builddir='/mnt/build_wrt/build_dir/toolchain-aarch64_cortex-a53_gcc-14.4.0_musl/gcc-14.4.0-final/aarch64-openwrt-linux-musl/libvtv'
libvtv_srcdir='/mnt/build_wrt/build_dir/toolchain-aarch64_cortex-a53_gcc-14.4.0_musl/gcc-14.4.0/libvtv'
localedir='${datarootdir}/locale'
localstatedir='${prefix}/var'
lt_host_flags=''
mandir='${datarootdir}/man'
mkdir_p='$(MKDIR_P)'
multi_basedir='/mnt/build_wrt/build_dir/toolchain-aarch64_cortex-a53_gcc-14.4.0_musl/gcc-14.4.0/libvtv/..'
oldincludedir='/usr/include'
pdfdir='${docdir}'
prefix='/mnt/build_wrt/staging_dir/toolchain-aarch64_cortex-a53_gcc-14.4.0_musl'
program_transform_name='s&^&aarch64-openwrt-linux-musl-&'
psdir='${docdir}'
sbindir='${exec_prefix}/sbin'
sharedstatedir='${prefix}/com'
sysconfdir='${prefix}/etc'
target='aarch64-openwrt-linux-musl'
target_alias='aarch64-openwrt-linux-musl'
target_cpu='aarch64'
target_noncanonical='aarch64-openwrt-linux-musl'
target_os='linux-musl'
target_vendor='openwrt'
toolexecdir='$(exec_prefix)/$(target_alias)'
toolexeclibdir='$(toolexecdir)/lib'
toplevel_builddir='/mnt/build_wrt/build_dir/toolchain-aarch64_cortex-a53_gcc-14.4.0_musl/gcc-14.4.0-final/aarch64-openwrt-linux-musl/libvtv/..'
toplevel_srcdir='/mnt/build_wrt/build_dir/toolchain-aarch64_cortex-a53_gcc-14.4.0_musl/gcc-14.4.0/libvtv/..'

## ----------- ##
## confdefs.h. ##
## ----------- ##

/* confdefs.h */
#define PACKAGE_NAME "GNU Vtable Verification Runtime Library"
#define PACKAGE_TARNAME "libvtv"
#define PACKAGE_VERSION "1.0"
#define PACKAGE_STRING "GNU Vtable Verification Runtime Library 1.0"
#define PACKAGE_BUGREPORT ""
#define PACKAGE_URL "http://www.gnu.org/software/libvtv/"
#define STDC_HEADERS 1
#define HAVE_SYS_TYPES_H 1
#define HAVE_SYS_STAT_H 1
#define HAVE_STDLIB_H 1
#define HAVE_STRING_H 1
#define HAVE_MEMORY_H 1
#define HAVE_STRINGS_H 1
#define HAVE_INTTYPES_H 1
#define HAVE_STDINT_H 1
#define HAVE_UNISTD_H 1
#define __EXTENSIONS__ 1
#define _ALL_SOURCE 1
#define _GNU_SOURCE 1
#define _POSIX_PTHREAD_SEMANTICS 1
#define _TANDEM_SOURCE 1
#define PACKAGE "libvtv"
#define VERSION "1.0"
#define HAVE_SECURE_GETENV 1
#define HAVE_DLFCN_H 1
#define LT_OBJDIR ".libs/"

configure: exit 0
=== File: ./wrt/build_dir/toolchain-aarch64_cortex-a53_gcc-14.4.0_musl/gcc-14.4.0-final/build-x86_64-pc-linux-gnu/libiberty/config.log ===
#define HAVE_BCOPY 1
#define HAVE_BSEARCH 1
#define HAVE_BZERO 1
#define HAVE_CALLOC 1
#define HAVE_CLOCK 1
#define HAVE_FFS 1
#define HAVE_GETCWD 1
#define HAVE_GETPAGESIZE 1
#define HAVE_GETTIMEOFDAY 1
#define HAVE_INDEX 1
#define HAVE_INSQUE 1
#define HAVE_MEMCHR 1
#define HAVE_MEMCMP 1
#define HAVE_MEMCPY 1
#define HAVE_MEMMEM 1
#define HAVE_MEMMOVE 1
#define HAVE_MEMPCPY 1
#define HAVE_MEMSET 1
#define HAVE_MKSTEMPS 1
#define HAVE_PUTENV 1
#define HAVE_RANDOM 1
#define HAVE_RENAME 1
#define HAVE_RINDEX 1
#define HAVE_SETENV 1
#define HAVE_SNPRINTF 1
#define HAVE_SIGSETMASK 1
#define HAVE_STPCPY 1
#define HAVE_STPNCPY 1
#define HAVE_STRCASECMP 1
#define HAVE_STRCHR 1
#define HAVE_STRDUP 1
#define HAVE_STRNCASECMP 1
#define HAVE_STRNDUP 1
#define HAVE_STRNLEN 1
#define HAVE_STRRCHR 1
#define HAVE_STRSTR 1
#define HAVE_STRTOD 1
#define HAVE_STRTOL 1
#define HAVE_STRTOUL 1
#define HAVE_STRTOLL 1
#define HAVE_STRTOULL 1
#define HAVE_STRVERSCMP 1
#define HAVE_TMPNAM 1
#define HAVE_VASPRINTF 1
#define HAVE_VFPRINTF 1
#define HAVE_VPRINTF 1
#define HAVE_VSNPRINTF 1
#define HAVE_VSPRINTF 1
#define HAVE_WAITPID 1
#define STACK_DIRECTION 1
#define HAVE_FORK 1
#define HAVE_VFORK 1
#define HAVE_WORKING_VFORK 1
#define HAVE_WORKING_FORK 1
#define HAVE___FSETLOCKING 1
#define HAVE_CANONICALIZE_FILE_NAME 1
#define HAVE_DUP3 1
#define HAVE_GETRLIMIT 1
#define HAVE_GETRUSAGE 1
#define HAVE_GETTIMEOFDAY 1
#define HAVE_ON_EXIT 1
#define HAVE_PIPE2 1
#define HAVE_POSIX_SPAWN 1
#define HAVE_POSIX_SPAWNP 1
#define HAVE_PSIGNAL 1
#define HAVE_REALPATH 1
#define HAVE_SETRLIMIT 1
#define HAVE_STRERROR 1
#define HAVE_STRSIGNAL 1
#define HAVE_SYSCONF 1
#define HAVE_TIMES 1
#define HAVE_WAIT3 1
#define HAVE_WAIT4 1
#define HAVE_SBRK 1
#define HAVE_DECL_BASENAME 1
#define HAVE_DECL_FFS 1
#define HAVE_DECL_ASPRINTF 1
#define HAVE_DECL_VASPRINTF 1
#define HAVE_DECL_SNPRINTF 1
#define HAVE_DECL_VSNPRINTF 1
#define HAVE_DECL_CALLOC 1
#define HAVE_DECL_GETENV 1
#define HAVE_DECL_GETOPT 1
#define HAVE_DECL_MALLOC 1
#define HAVE_DECL_REALLOC 1
#define HAVE_DECL_SBRK 1
#define HAVE_DECL_STRTOL 1
#define HAVE_DECL_STRTOUL 1
#define HAVE_DECL_STRTOLL 1
#define HAVE_DECL_STRTOULL 1
#define HAVE_DECL_STRVERSCMP 1
#define HAVE_DECL_STRNLEN 1
#define HAVE_X86_SHA1_HW_SUPPORT 1
#define HAVE_STDLIB_H 1
#define HAVE_UNISTD_H 1
#define HAVE_SYS_PARAM_H 1
#define HAVE_GETPAGESIZE 1
#define HAVE_MMAP 1

configure: exit 0
=== File: ./wrt/build_dir/toolchain-aarch64_cortex-a53_gcc-14.4.0_musl/gcc-14.4.0-final/build-x86_64-pc-linux-gnu/libcpp/config.log ===
sysconfdir='${prefix}/etc'
target='aarch64-openwrt-linux-musl'
target_alias='aarch64-openwrt-linux-musl'
target_cpu='aarch64'
target_os='linux-musl'
target_vendor='openwrt'
warn='-W -Wall -Wno-narrowing -Wwrite-strings -Wmissing-format-attribute'

## ----------- ##
## confdefs.h. ##
## ----------- ##

/* confdefs.h */
#define PACKAGE_NAME "cpplib"
#define PACKAGE_TARNAME "cpplib"
#define PACKAGE_VERSION " "
#define PACKAGE_STRING "cpplib  "
#define PACKAGE_BUGREPORT "gcc-bugs@gcc.gnu.org"
#define PACKAGE_URL ""
#define STDC_HEADERS 1
#define HAVE_SYS_TYPES_H 1
#define HAVE_SYS_STAT_H 1
#define HAVE_STDLIB_H 1
#define HAVE_STRING_H 1
#define HAVE_MEMORY_H 1
#define HAVE_STRINGS_H 1
#define HAVE_INTTYPES_H 1
#define HAVE_STDINT_H 1
#define HAVE_UNISTD_H 1
#define __EXTENSIONS__ 1
#define _ALL_SOURCE 1
#define _GNU_SOURCE 1
#define _POSIX_PTHREAD_SEMANTICS 1
#define _TANDEM_SOURCE 1
#define TIME_WITH_SYS_TIME 1
#define STRING_WITH_STRINGS 1
#define HAVE_LOCALE_H 1
#define HAVE_FCNTL_H 1
#define HAVE_LIMITS_H 1
#define HAVE_STDDEF_H 1
#define HAVE_STDLIB_H 1
#define HAVE_STRINGS_H 1
#define HAVE_STRING_H 1
#define HAVE_SYS_FILE_H 1
#define HAVE_UNISTD_H 1
#define HAVE_OBSTACK 1
#define HAVE_UINTPTR_T 1
#define SIZEOF_INT 4
#define SIZEOF_LONG 8
#define HAVE_CLEARERR_UNLOCKED 1
#define HAVE_FEOF_UNLOCKED 1
#define HAVE_FERROR_UNLOCKED 1
#define HAVE_FFLUSH_UNLOCKED 1
#define HAVE_FGETC_UNLOCKED 1
#define HAVE_FGETS_UNLOCKED 1
#define HAVE_FILENO_UNLOCKED 1
#define HAVE_FPUTC_UNLOCKED 1
#define HAVE_FPUTS_UNLOCKED 1
#define HAVE_FREAD_UNLOCKED 1
#define HAVE_FWRITE_UNLOCKED 1
#define HAVE_GETCHAR_UNLOCKED 1
#define HAVE_GETC_UNLOCKED 1
#define HAVE_PUTCHAR_UNLOCKED 1
#define HAVE_PUTC_UNLOCKED 1
#define HAVE_SETLOCALE 1
#define HAVE_DECL_ABORT 1
#define HAVE_DECL_ASPRINTF 1
#define HAVE_DECL_BASENAME 1
#define HAVE_DECL_ERRNO 0
#define HAVE_DECL_GETOPT 1
#define HAVE_DECL_VASPRINTF 1
#define HAVE_DECL_CLEARERR_UNLOCKED 1
#define HAVE_DECL_FEOF_UNLOCKED 1
#define HAVE_DECL_FERROR_UNLOCKED 1
#define HAVE_DECL_FFLUSH_UNLOCKED 1
#define HAVE_DECL_FGETC_UNLOCKED 1
#define HAVE_DECL_FGETS_UNLOCKED 1
#define HAVE_DECL_FILENO_UNLOCKED 1
#define HAVE_DECL_FPRINTF_UNLOCKED 0
#define HAVE_DECL_FPUTC_UNLOCKED 1
#define HAVE_DECL_FPUTS_UNLOCKED 1
#define HAVE_DECL_FREAD_UNLOCKED 1
#define HAVE_DECL_FWRITE_UNLOCKED 1
#define HAVE_DECL_GETCHAR_UNLOCKED 1
#define HAVE_DECL_GETC_UNLOCKED 1
#define HAVE_DECL_PUTCHAR_UNLOCKED 1
#define HAVE_DECL_PUTC_UNLOCKED 1
#define HAVE_ALLOCA_H 1
#define HAVE_ALLOCA 1
#define STDC_HEADERS 1
#define HAVE_LANGINFO_CODESET 1
#define SIZEOF_INO_T 8
#define SIZEOF_DEV_T 8
#define ICONV_CONST 
#define PACKAGE "cpplib"
#define CHECKING_P 0
#define ENABLE_ASSERT_CHECKING 1
#define ENABLE_CANONICAL_SYSTEM_HEADERS 1

configure: exit 0
=== File: ./wrt/build_dir/toolchain-aarch64_cortex-a53_gcc-14.4.0_musl/gcc-14.4.0-final/build-x86_64-pc-linux-gnu/fixincludes/config.log ===
includedir='${prefix}/include'
infodir='${datarootdir}/info'
libdir='${exec_prefix}/lib'
libexecdir='${exec_prefix}/libexec'
localedir='${datarootdir}/locale'
localstatedir='${prefix}/var'
mandir='${datarootdir}/man'
oldincludedir='/usr/include'
pdfdir='${docdir}'
prefix='/mnt/build_wrt/staging_dir/toolchain-aarch64_cortex-a53_gcc-14.4.0_musl'
program_transform_name='s&^&aarch64-openwrt-linux-musl-&'
psdir='${docdir}'
sbindir='${exec_prefix}/sbin'
sharedstatedir='${prefix}/com'
sysconfdir='${prefix}/etc'
target='aarch64-openwrt-linux-musl'
target_alias='aarch64-openwrt-linux-musl'
target_cpu='aarch64'
target_noncanonical='aarch64-openwrt-linux-musl'
target_os='linux-musl'
target_vendor='openwrt'

## ----------- ##
## confdefs.h. ##
## ----------- ##

/* confdefs.h */
#define PACKAGE_NAME "fixincludes"
#define PACKAGE_TARNAME "fixincludes"
#define PACKAGE_VERSION " "
#define PACKAGE_STRING "fixincludes  "
#define PACKAGE_BUGREPORT ""
#define PACKAGE_URL ""
#define STDC_HEADERS 1
#define HAVE_SYS_TYPES_H 1
#define HAVE_SYS_STAT_H 1
#define HAVE_STDLIB_H 1
#define HAVE_STRING_H 1
#define HAVE_MEMORY_H 1
#define HAVE_STRINGS_H 1
#define HAVE_INTTYPES_H 1
#define HAVE_STDINT_H 1
#define HAVE_UNISTD_H 1
#define __EXTENSIONS__ 1
#define _ALL_SOURCE 1
#define _GNU_SOURCE 1
#define _POSIX_PTHREAD_SEMANTICS 1
#define _TANDEM_SOURCE 1
#define EXE_EXT ""
#define STDC_HEADERS 1
#define HAVE_STDDEF_H 1
#define HAVE_STDLIB_H 1
#define HAVE_STRINGS_H 1
#define HAVE_UNISTD_H 1
#define HAVE_FCNTL_H 1
#define HAVE_SYS_FILE_H 1
#define HAVE_SYS_STAT_H 1
#define HAVE_CLEARERR_UNLOCKED 1
#define HAVE_FEOF_UNLOCKED 1
#define HAVE_FERROR_UNLOCKED 1
#define HAVE_FFLUSH_UNLOCKED 1
#define HAVE_FGETC_UNLOCKED 1
#define HAVE_FGETS_UNLOCKED 1
#define HAVE_FILENO_UNLOCKED 1
#define HAVE_FPUTC_UNLOCKED 1
#define HAVE_FPUTS_UNLOCKED 1
#define HAVE_FREAD_UNLOCKED 1
#define HAVE_FWRITE_UNLOCKED 1
#define HAVE_GETCHAR_UNLOCKED 1
#define HAVE_GETC_UNLOCKED 1
#define HAVE_PUTCHAR_UNLOCKED 1
#define HAVE_PUTC_UNLOCKED 1
#define HAVE_DECL_ABORT 1
#define HAVE_DECL_ASPRINTF 1
#define HAVE_DECL_BASENAME 1
#define HAVE_DECL_ERRNO 0
#define HAVE_DECL_VASPRINTF 1
#define HAVE_DECL_MEMMEM 1
#define HAVE_DECL_CLEARERR_UNLOCKED 1
#define HAVE_DECL_FEOF_UNLOCKED 1
#define HAVE_DECL_FERROR_UNLOCKED 1
#define HAVE_DECL_FFLUSH_UNLOCKED 1
#define HAVE_DECL_FGETC_UNLOCKED 1
#define HAVE_DECL_FGETS_UNLOCKED 1
#define HAVE_DECL_FILENO_UNLOCKED 1
#define HAVE_DECL_FPRINTF_UNLOCKED 0
#define HAVE_DECL_FPUTC_UNLOCKED 1
#define HAVE_DECL_FPUTS_UNLOCKED 1
#define HAVE_DECL_FREAD_UNLOCKED 1
#define HAVE_DECL_FWRITE_UNLOCKED 1
#define HAVE_DECL_GETCHAR_UNLOCKED 1
#define HAVE_DECL_GETC_UNLOCKED 1
#define HAVE_DECL_PUTCHAR_UNLOCKED 1
#define HAVE_DECL_PUTC_UNLOCKED 1
#define HAVE_MMAP_FILE 1
#define HAVE_MMAP_DEV_ZERO 1
#define HAVE_MMAP_ANON 1
#define SED_PROGRAM "/mnt/build_wrt/staging_dir/host/bin/sed"

configure: exit 0
=== File: ./wrt/build_dir/toolchain-aarch64_cortex-a53_gcc-14.4.0_musl/gcc-14.4.0-final/fixincludes/config.log ===
includedir='${prefix}/include'
infodir='${datarootdir}/info'
libdir='${exec_prefix}/lib'
libexecdir='${exec_prefix}/libexec'
localedir='${datarootdir}/locale'
localstatedir='${prefix}/var'
mandir='${datarootdir}/man'
oldincludedir='/usr/include'
pdfdir='${docdir}'
prefix='/mnt/build_wrt/staging_dir/toolchain-aarch64_cortex-a53_gcc-14.4.0_musl'
program_transform_name='s&^&aarch64-openwrt-linux-musl-&'
psdir='${docdir}'
sbindir='${exec_prefix}/sbin'
sharedstatedir='${prefix}/com'
sysconfdir='${prefix}/etc'
target='aarch64-openwrt-linux-musl'
target_alias='aarch64-openwrt-linux-musl'
target_cpu='aarch64'
target_noncanonical='aarch64-openwrt-linux-musl'
target_os='linux-musl'
target_vendor='openwrt'

## ----------- ##
## confdefs.h. ##
## ----------- ##

/* confdefs.h */
#define PACKAGE_NAME "fixincludes"
#define PACKAGE_TARNAME "fixincludes"
#define PACKAGE_VERSION " "
#define PACKAGE_STRING "fixincludes  "
#define PACKAGE_BUGREPORT ""
#define PACKAGE_URL ""
#define STDC_HEADERS 1
#define HAVE_SYS_TYPES_H 1
#define HAVE_SYS_STAT_H 1
#define HAVE_STDLIB_H 1
#define HAVE_STRING_H 1
#define HAVE_MEMORY_H 1
#define HAVE_STRINGS_H 1
#define HAVE_INTTYPES_H 1
#define HAVE_STDINT_H 1
#define HAVE_UNISTD_H 1
#define __EXTENSIONS__ 1
#define _ALL_SOURCE 1
#define _GNU_SOURCE 1
#define _POSIX_PTHREAD_SEMANTICS 1
#define _TANDEM_SOURCE 1
#define EXE_EXT ""
#define STDC_HEADERS 1
#define HAVE_STDDEF_H 1
#define HAVE_STDLIB_H 1
#define HAVE_STRINGS_H 1
#define HAVE_UNISTD_H 1
#define HAVE_FCNTL_H 1
#define HAVE_SYS_FILE_H 1
#define HAVE_SYS_STAT_H 1
#define HAVE_CLEARERR_UNLOCKED 1
#define HAVE_FEOF_UNLOCKED 1
#define HAVE_FERROR_UNLOCKED 1
#define HAVE_FFLUSH_UNLOCKED 1
#define HAVE_FGETC_UNLOCKED 1
#define HAVE_FGETS_UNLOCKED 1
#define HAVE_FILENO_UNLOCKED 1
#define HAVE_FPUTC_UNLOCKED 1
#define HAVE_FPUTS_UNLOCKED 1
#define HAVE_FREAD_UNLOCKED 1
#define HAVE_FWRITE_UNLOCKED 1
#define HAVE_GETCHAR_UNLOCKED 1
#define HAVE_GETC_UNLOCKED 1
#define HAVE_PUTCHAR_UNLOCKED 1
#define HAVE_PUTC_UNLOCKED 1
#define HAVE_DECL_ABORT 1
#define HAVE_DECL_ASPRINTF 1
#define HAVE_DECL_BASENAME 1
#define HAVE_DECL_ERRNO 0
#define HAVE_DECL_VASPRINTF 1
#define HAVE_DECL_MEMMEM 1
#define HAVE_DECL_CLEARERR_UNLOCKED 1
#define HAVE_DECL_FEOF_UNLOCKED 1
#define HAVE_DECL_FERROR_UNLOCKED 1
#define HAVE_DECL_FFLUSH_UNLOCKED 1
#define HAVE_DECL_FGETC_UNLOCKED 1
#define HAVE_DECL_FGETS_UNLOCKED 1
#define HAVE_DECL_FILENO_UNLOCKED 1
#define HAVE_DECL_FPRINTF_UNLOCKED 0
#define HAVE_DECL_FPUTC_UNLOCKED 1
#define HAVE_DECL_FPUTS_UNLOCKED 1
#define HAVE_DECL_FREAD_UNLOCKED 1
#define HAVE_DECL_FWRITE_UNLOCKED 1
#define HAVE_DECL_GETCHAR_UNLOCKED 1
#define HAVE_DECL_GETC_UNLOCKED 1
#define HAVE_DECL_PUTCHAR_UNLOCKED 1
#define HAVE_DECL_PUTC_UNLOCKED 1
#define HAVE_MMAP_FILE 1
#define HAVE_MMAP_DEV_ZERO 1
#define HAVE_MMAP_ANON 1
#define SED_PROGRAM "/mnt/build_wrt/staging_dir/host/bin/sed"

configure: exit 0
=== File: ./wrt/build_dir/toolchain-aarch64_cortex-a53_gcc-14.4.0_musl/gcc-14.4.0-initial/gcc/config.log ===
#define HAVE_DECL_MALLINFO2 1
#define HAVE_DECL_LDGETNAME 0
#define HAVE_DECL_TIMES 1
#define HAVE_DECL_SIGALTSTACK 1
#define HAVE_STRUCT_TMS 1
#define HAVE_CLOCK_T 1
#define HOST_HAS_F_SETLKW 1
#define HOST_HAS_O_CLOEXEC 1
#define HAVE_FCNTL_H 1
#define HOST_HAS_O_NONBLOCK 1
#define HOST_HAS_PERSONALITY_ADDR_NO_RANDOMIZE 1
#define HAVE_AF_UNIX 1
#define HAVE_AF_INET6 1
#define HAVE_GNU_LD 1
#define HAVE_GNU_AS 1
#define DEFAULT_USE_CXA_ATEXIT 2
#define EXTRA_MODES_FILE "config/aarch64/aarch64-modes.def"
#define LTOPLUGINSONAME "liblto_plugin.so"
#define HAVE_DLFCN_H 1
#define LT_OBJDIR ".libs/"
#define DARWIN_DO_EXTRA_RPATH 0
#define DARWIN_ADD_RPATH ""
#define PLUGIN_LD_SUFFIX "ld"
#define HAVE_GAS_BALIGN_AND_P2ALIGN 1
#define HAVE_GAS_MAX_SKIP_P2ALIGN 1
#define HAVE_GAS_SUBSECTION_ORDERING 1
#define HAVE_GAS_WEAK 1
#define HAVE_GAS_WEAKREF 1
#define HAVE_GNU_INDIRECT_FUNCTION 0
#define HAVE_GAS_HIDDEN 1
#define HAVE_LD_RO_RW_SECTION_MIXING 1
#define HAVE_INITFINI_ARRAY_SUPPORT 1
#define HAVE_AS_LEB128 1
#define HAVE_GAS_CFI_DIRECTIVE 1
#define HAVE_GAS_CFI_PERSONALITY_DIRECTIVE 1
#define HAVE_GAS_CFI_SECTIONS_DIRECTIVE 1
#define HAVE_GAS_SECTION_EXCLUDE 1
#define HAVE_GAS_SHF_GNU_RETAIN 1
#define HAVE_GAS_SECTION_LINK_ORDER 1
#define HAVE_GAS_SHF_MERGE 1
#define HAVE_LD_ALIGNED_SHF_MERGE 1
#define HAVE_COMDAT_GROUP 1
#define HAVE_GAS_LOC_STMT 1
#define HAVE_GAS_DISCRIMINATOR 1
#define HAVE_AS_TLS 1
#define HAVE_LD_STATIC_DYNAMIC 1
#define LD_STATIC_OPTION "-Bstatic"
#define LD_DYNAMIC_OPTION "-Bdynamic"
#define HAVE_LD_DEMANGLE 1
#define HAVE_LTO_PLUGIN 2
#define HAVE_AS_MABI_OPTION 1
#define HAVE_AS_SMALL_PIC_RELOCS 1
#define HAVE_AS_DWARF2_DEBUG_LINE 1
#define HAVE_AS_DWARF2_DEBUG_VIEW 1
#define HAVE_AS_GDWARF2_DEBUG_FLAG 1
#define HAVE_AS_GDWARF_5_DEBUG_FLAG 1
#define HAVE_AS_WORKING_DWARF_N_FLAG 1
#define HAVE_AS_DEBUG_PREFIX_MAP 1
#define HAVE_AS_COMPRESS_DEBUG 2
#define AS_COMPRESS_DEBUG_OPTION "--compress-debug-sections"
#define AS_NO_COMPRESS_DEBUG_OPTION "--nocompress-debug-sections"
#define TARGET_GLIBC_MAJOR 0
#define TARGET_GLIBC_MINOR 0
#define HAVE_AS_LINE_ZERO 1
#define HAVE_LD_EH_FRAME_HDR 1
#define HAVE_LD_EH_FRAME_CIEV3 1
#define HAVE_LD_PIE 1
#define HAVE_LD_PIE_COPYRELOC 0
#define HAVE_LD_EH_GC_SECTIONS 1
#define HAVE_LD_COMPRESS_DEBUG 2
#define LD_COMPRESS_DEBUG_OPTION "--compress-debug-sections"
#define HAVE_LD_AS_NEEDED 1
#define LD_AS_NEEDED_OPTION "--push-state --as-needed"
#define LD_NO_AS_NEEDED_OPTION "--pop-state"
#define HAVE_LD_BUILDID 1
#define HAVE_LD_SYSROOT 1
#define TARGET_LIBC_PROVIDES_SSP 1
#define TARGET_DL_ITERATE_PHDR 1
#define ENABLE_LTO 1
#define ENABLE_LTO 1
#define ENABLE_LTO 1
#define ENABLE_LTO 1
#define ENABLE_LTO 1
#define ENABLE_LTO 1
#define ENABLE_LTO 1
#define ENABLE_LTO 1
#define ENABLE_LTO 1
#define ENABLE_LTO 1
#define ENABLE_LTO 1
#define ENABLE_LTO 1
#define ENABLE_PLUGIN 1
#define ENABLE_LIBQUADMATH_SUPPORT 1
#define DIAGNOSTICS_COLOR_DEFAULT -1
#define DIAGNOSTICS_URLS_DEFAULT DIAGNOSTICS_URL_AUTO
#define HAVE_LD_PUSHPOPSTATE_SUPPORT 1
#define HAVE_LD_NOW_SUPPORT 1
#define HAVE_LD_RELRO_SUPPORT 1
#define HAVE_FHARDENED_SUPPORT 1

configure: exit 0
=== File: ./wrt/build_dir/toolchain-aarch64_cortex-a53_gcc-14.4.0_musl/gcc-14.4.0-initial/lto-plugin/config.log ===
ac_lto_plugin_extra_ldflags='-pthread'
ac_lto_plugin_ldflags='-Wc,-static-libgcc'
ac_lto_plugin_warn_cflags='-Wall'
accel_dir_suffix=''
am__EXEEXT_FALSE=''
am__EXEEXT_TRUE='#'
am__fastdepCC_FALSE='#'
am__fastdepCC_TRUE=''
am__include='include'
am__isrc=' -I$(srcdir)'
am__leading_dot='.'
am__nodep='_no'
am__quote=''
am__tar='$${TAR-tar} chof - "$$tardir"'
am__untar='$${TAR-tar} xf -'
bindir='${exec_prefix}/bin'
build='x86_64-pc-linux-gnu'
build_alias='x86_64-pc-linux-gnu'
build_cpu='x86_64'
build_libsubdir='build-x86_64-pc-linux-gnu'
build_os='linux-gnu'
build_subdir='build-x86_64-pc-linux-gnu'
build_vendor='pc'
datadir='${datarootdir}'
datarootdir='${prefix}/share'
docdir='${datarootdir}/doc/${PACKAGE_TARNAME}'
dvidir='${docdir}'
enable_host_bind_now=''
exec_prefix='${prefix}'
gcc_build_dir='../gcc'
get_gcc_base_ver='cat'
host='x86_64-pc-linux-gnu'
host_alias='x86_64-pc-linux-gnu'
host_cpu='x86_64'
host_os='linux-gnu'
host_subdir='.'
host_vendor='pc'
htmldir='${docdir}'
includedir='${prefix}/include'
infodir='${datarootdir}/info'
install_sh='${SHELL} /mnt/build_wrt/build_dir/toolchain-aarch64_cortex-a53_gcc-14.4.0_musl/gcc-14.4.0/install-sh'
libdir='${exec_prefix}/lib'
libexecdir='${exec_prefix}/libexec'
localedir='${datarootdir}/locale'
localstatedir='${prefix}/var'
lt_host_flags=''
mandir='${datarootdir}/man'
mkdir_p='$(MKDIR_P)'
oldincludedir='/usr/include'
pdfdir='${docdir}'
prefix='/mnt/build_wrt/staging_dir/toolchain-aarch64_cortex-a53_gcc-14.4.0_musl'
program_transform_name='s&^&aarch64-openwrt-linux-musl-&'
psdir='${docdir}'
real_target_noncanonical='aarch64-openwrt-linux-musl'
sbindir='${exec_prefix}/sbin'
sharedstatedir='${prefix}/com'
sysconfdir='${prefix}/etc'
target='aarch64-openwrt-linux-musl'
target_alias='aarch64-openwrt-linux-musl'
target_cpu='aarch64'
target_noncanonical='aarch64-openwrt-linux-musl'
target_os='linux-musl'
target_subdir='aarch64-openwrt-linux-musl'
target_vendor='openwrt'
with_libiberty='../libiberty'

## ----------- ##
## confdefs.h. ##
## ----------- ##

/* confdefs.h */
#define PACKAGE_NAME "LTO plugin for ld"
#define PACKAGE_TARNAME "lto-plugin"
#define PACKAGE_VERSION "0.1"
#define PACKAGE_STRING "LTO plugin for ld 0.1"
#define PACKAGE_BUGREPORT ""
#define PACKAGE_URL ""
#define PACKAGE "lto-plugin"
#define VERSION "0.1"
#define STDC_HEADERS 1
#define HAVE_SYS_TYPES_H 1
#define HAVE_SYS_STAT_H 1
#define HAVE_STDLIB_H 1
#define HAVE_STRING_H 1
#define HAVE_MEMORY_H 1
#define HAVE_STRINGS_H 1
#define HAVE_INTTYPES_H 1
#define HAVE_STDINT_H 1
#define HAVE_UNISTD_H 1
#define __EXTENSIONS__ 1
#define _ALL_SOURCE 1
#define _GNU_SOURCE 1
#define _POSIX_PTHREAD_SEMANTICS 1
#define _TANDEM_SOURCE 1
#define HAVE_PTHREAD_LOCKING 1
#define HAVE_DLFCN_H 1
#define LT_OBJDIR ".libs/"
#define HAVE_SYS_WAIT_H 1

configure: exit 0
=== File: ./wrt/build_dir/toolchain-aarch64_cortex-a53_gcc-14.4.0_musl/gcc-14.4.0-initial/libdecnumber/config.log ===
DEFS='-DHAVE_CONFIG_H'
ECHO_C=''
ECHO_N='-n'
ECHO_T=''
EGREP='/mnt/build_wrt/staging_dir/host/bin/grep -E'
EXEEXT=''
GREP='/mnt/build_wrt/staging_dir/host/bin/grep'
LDFLAGS='-static-libstdc++ -static-libgcc '
LIBOBJS=''
LIBS=''
LTLIBOBJS=''
MAINT='#'
OBJEXT='o'
PACKAGE_BUGREPORT='gcc-bugs@gcc.gnu.org'
PACKAGE_NAME='libdecnumber'
PACKAGE_STRING='libdecnumber  '
PACKAGE_TARNAME='libdecnumber'
PACKAGE_URL=''
PACKAGE_VERSION=' '
PATH_SEPARATOR=':'
PICFLAG=''
RANLIB='ranlib --plugin /usr/libexec/gcc/x86_64-linux-gnu/13/liblto_plugin.so'
SET_MAKE=''
SHELL='/bin/bash'
WARN_CFLAGS='-W -Wall -Wwrite-strings -Wstrict-prototypes -Wmissing-prototypes -Wold-style-definition -Wmissing-format-attribute -Wcast-qual'
WARN_PEDANTIC='-pedantic -Wno-long-long'
WERROR=''
ac_ct_CC=''
bindir='${exec_prefix}/bin'
build='x86_64-pc-linux-gnu'
build_alias='x86_64-pc-linux-gnu'
build_cpu='x86_64'
build_os='linux-gnu'
build_vendor='pc'
datadir='${datarootdir}'
datarootdir='${prefix}/share'
docdir='${datarootdir}/doc/${PACKAGE_TARNAME}'
dvidir='${docdir}'
enable_decimal_float='dpd'
enable_host_pie=''
enable_host_shared=''
exec_prefix='${prefix}'
host='x86_64-pc-linux-gnu'
host_alias='x86_64-pc-linux-gnu'
host_cpu='x86_64'
host_os='linux-gnu'
host_vendor='pc'
htmldir='${docdir}'
includedir='${prefix}/include'
infodir='${datarootdir}/info'
libdir='${exec_prefix}/lib'
libexecdir='${exec_prefix}/libexec'
localedir='${datarootdir}/locale'
localstatedir='${prefix}/var'
mandir='${datarootdir}/man'
nolto_flags='-fno-lto'
oldincludedir='/usr/include'
pdfdir='${docdir}'
prefix='/mnt/build_wrt/staging_dir/toolchain-aarch64_cortex-a53_gcc-14.4.0_musl'
program_transform_name='s&^&aarch64-openwrt-linux-musl-&'
psdir='${docdir}'
sbindir='${exec_prefix}/sbin'
sharedstatedir='${prefix}/com'
sysconfdir='${prefix}/etc'
target='aarch64-openwrt-linux-musl'
target_alias='aarch64-openwrt-linux-musl'
target_cpu='aarch64'
target_os='linux-musl'
target_vendor='openwrt'

## ----------- ##
## confdefs.h. ##
## ----------- ##

/* confdefs.h */
#define PACKAGE_NAME "libdecnumber"
#define PACKAGE_TARNAME "libdecnumber"
#define PACKAGE_VERSION " "
#define PACKAGE_STRING "libdecnumber  "
#define PACKAGE_BUGREPORT "gcc-bugs@gcc.gnu.org"
#define PACKAGE_URL ""
#define STDC_HEADERS 1
#define HAVE_SYS_TYPES_H 1
#define HAVE_SYS_STAT_H 1
#define HAVE_STDLIB_H 1
#define HAVE_STRING_H 1
#define HAVE_MEMORY_H 1
#define HAVE_STRINGS_H 1
#define HAVE_INTTYPES_H 1
#define HAVE_STDINT_H 1
#define HAVE_UNISTD_H 1
#define HAVE_CTYPE_H 1
#define HAVE_STDDEF_H 1
#define HAVE_STRING_H 1
#define HAVE_STDIO_H 1
#define SIZEOF_INT 4
#define SIZEOF_LONG 8
#define STDC_HEADERS 1

configure: exit 0
=== File: ./wrt/build_dir/toolchain-aarch64_cortex-a53_gcc-14.4.0_musl/gcc-14.4.0-initial/libbacktrace/config.log ===
VIEW_FILE='mmapio.lo'
WARN_FLAGS='-W -Wall -Wwrite-strings -Wstrict-prototypes -Wmissing-prototypes -Wold-style-definition -Wmissing-format-attribute -Wcast-qual'
XZ='xz'
ac_ct_CC=''
ac_ct_DUMPBIN=''
am__EXEEXT_FALSE=''
am__EXEEXT_TRUE='#'
am__isrc=' -I$(srcdir)'
am__leading_dot='.'
am__tar='$${TAR-tar} chof - "$$tardir"'
am__untar='$${TAR-tar} xf -'
bindir='${exec_prefix}/bin'
build='x86_64-pc-linux-gnu'
build_alias='x86_64-pc-linux-gnu'
build_cpu='x86_64'
build_os='linux-gnu'
build_vendor='pc'
datadir='${datarootdir}'
datarootdir='${prefix}/share'
docdir='${datarootdir}/doc/${PACKAGE_TARNAME}'
dvidir='${docdir}'
exec_prefix='${prefix}'
host='x86_64-pc-linux-gnu'
host_alias='x86_64-pc-linux-gnu'
host_cpu='x86_64'
host_os='linux-gnu'
host_vendor='pc'
htmldir='${docdir}'
includedir='${prefix}/include'
infodir='${datarootdir}/info'
install_sh='${SHELL} /mnt/build_wrt/build_dir/toolchain-aarch64_cortex-a53_gcc-14.4.0_musl/gcc-14.4.0/install-sh'
libdir='${exec_prefix}/lib'
libexecdir='${exec_prefix}/libexec'
libtool_VERSION='1:0:0'
localedir='${datarootdir}/locale'
localstatedir='${prefix}/var'
mandir='${datarootdir}/man'
mkdir_p='$(MKDIR_P)'
multi_basedir=''
oldincludedir='/usr/include'
pdfdir='${docdir}'
prefix='/mnt/build_wrt/staging_dir/toolchain-aarch64_cortex-a53_gcc-14.4.0_musl'
program_transform_name='s&^&aarch64-openwrt-linux-musl-&'
psdir='${docdir}'
sbindir='${exec_prefix}/sbin'
sharedstatedir='${prefix}/com'
sysconfdir='${prefix}/etc'
target='aarch64-openwrt-linux-musl'
target_alias='aarch64-openwrt-linux-musl'
target_cpu='aarch64'
target_os='linux-musl'
target_vendor='openwrt'

## ----------- ##
## confdefs.h. ##
## ----------- ##

/* confdefs.h */
#define PACKAGE_NAME "package-unused"
#define PACKAGE_TARNAME "libbacktrace"
#define PACKAGE_VERSION "version-unused"
#define PACKAGE_STRING "package-unused version-unused"
#define PACKAGE_BUGREPORT ""
#define PACKAGE_URL ""
#define STDC_HEADERS 1
#define HAVE_SYS_TYPES_H 1
#define HAVE_SYS_STAT_H 1
#define HAVE_STDLIB_H 1
#define HAVE_STRING_H 1
#define HAVE_MEMORY_H 1
#define HAVE_STRINGS_H 1
#define HAVE_INTTYPES_H 1
#define HAVE_STDINT_H 1
#define HAVE_UNISTD_H 1
#define __EXTENSIONS__ 1
#define _ALL_SOURCE 1
#define _GNU_SOURCE 1
#define _POSIX_PTHREAD_SEMANTICS 1
#define _TANDEM_SOURCE 1
#define HAVE_DLFCN_H 1
#define LT_OBJDIR ".libs/"
#define HAVE_GETIPINFO 1
#define HAVE_SYNC_FUNCTIONS 1
#define HAVE_ATOMIC_FUNCTIONS 1
#define BACKTRACE_ELF_SIZE 64
#define BACKTRACE_XCOFF_SIZE unused
#define HAVE_SYS_MMAN_H 1
#define HAVE_LINK_H 1
#define HAVE_DL_ITERATE_PHDR 1
#define HAVE_FCNTL 1
#define HAVE_DECL_STRNLEN 1
#define HAVE_DECL_GETPAGESIZE 1
#define HAVE_LSTAT 1
#define HAVE_READLINK 1
#define HAVE_DECL__PGMPTR 0
#define HAVE_CLOCK_GETTIME 1
#define HAVE_ZLIB 1
#define HAVE_ZSTD 1

configure: exit 0
=== File: ./wrt/build_dir/toolchain-aarch64_cortex-a53_gcc-14.4.0_musl/gcc-14.4.0-initial/libiberty/config.log ===
#define HAVE_BCOPY 1
#define HAVE_BSEARCH 1
#define HAVE_BZERO 1
#define HAVE_CALLOC 1
#define HAVE_CLOCK 1
#define HAVE_FFS 1
#define HAVE_GETCWD 1
#define HAVE_GETPAGESIZE 1
#define HAVE_GETTIMEOFDAY 1
#define HAVE_INDEX 1
#define HAVE_INSQUE 1
#define HAVE_MEMCHR 1
#define HAVE_MEMCMP 1
#define HAVE_MEMCPY 1
#define HAVE_MEMMEM 1
#define HAVE_MEMMOVE 1
#define HAVE_MEMPCPY 1
#define HAVE_MEMSET 1
#define HAVE_MKSTEMPS 1
#define HAVE_PUTENV 1
#define HAVE_RANDOM 1
#define HAVE_RENAME 1
#define HAVE_RINDEX 1
#define HAVE_SETENV 1
#define HAVE_SNPRINTF 1
#define HAVE_SIGSETMASK 1
#define HAVE_STPCPY 1
#define HAVE_STPNCPY 1
#define HAVE_STRCASECMP 1
#define HAVE_STRCHR 1
#define HAVE_STRDUP 1
#define HAVE_STRNCASECMP 1
#define HAVE_STRNDUP 1
#define HAVE_STRNLEN 1
#define HAVE_STRRCHR 1
#define HAVE_STRSTR 1
#define HAVE_STRTOD 1
#define HAVE_STRTOL 1
#define HAVE_STRTOUL 1
#define HAVE_STRTOLL 1
#define HAVE_STRTOULL 1
#define HAVE_STRVERSCMP 1
#define HAVE_TMPNAM 1
#define HAVE_VASPRINTF 1
#define HAVE_VFPRINTF 1
#define HAVE_VPRINTF 1
#define HAVE_VSNPRINTF 1
#define HAVE_VSPRINTF 1
#define HAVE_WAITPID 1
#define STACK_DIRECTION 1
#define HAVE_FORK 1
#define HAVE_VFORK 1
#define HAVE_WORKING_VFORK 1
#define HAVE_WORKING_FORK 1
#define HAVE___FSETLOCKING 1
#define HAVE_CANONICALIZE_FILE_NAME 1
#define HAVE_DUP3 1
#define HAVE_GETRLIMIT 1
#define HAVE_GETRUSAGE 1
#define HAVE_GETTIMEOFDAY 1
#define HAVE_ON_EXIT 1
#define HAVE_PIPE2 1
#define HAVE_POSIX_SPAWN 1
#define HAVE_POSIX_SPAWNP 1
#define HAVE_PSIGNAL 1
#define HAVE_REALPATH 1
#define HAVE_SETRLIMIT 1
#define HAVE_STRERROR 1
#define HAVE_STRSIGNAL 1
#define HAVE_SYSCONF 1
#define HAVE_TIMES 1
#define HAVE_WAIT3 1
#define HAVE_WAIT4 1
#define HAVE_SBRK 1
#define HAVE_DECL_BASENAME 1
#define HAVE_DECL_FFS 1
#define HAVE_DECL_ASPRINTF 1
#define HAVE_DECL_VASPRINTF 1
#define HAVE_DECL_SNPRINTF 1
#define HAVE_DECL_VSNPRINTF 1
#define HAVE_DECL_CALLOC 1
#define HAVE_DECL_GETENV 1
#define HAVE_DECL_GETOPT 1
#define HAVE_DECL_MALLOC 1
#define HAVE_DECL_REALLOC 1
#define HAVE_DECL_SBRK 1
#define HAVE_DECL_STRTOL 1
#define HAVE_DECL_STRTOUL 1
#define HAVE_DECL_STRTOLL 1
#define HAVE_DECL_STRTOULL 1
#define HAVE_DECL_STRVERSCMP 1
#define HAVE_DECL_STRNLEN 1
#define HAVE_X86_SHA1_HW_SUPPORT 1
#define HAVE_STDLIB_H 1
#define HAVE_UNISTD_H 1
#define HAVE_SYS_PARAM_H 1
#define HAVE_GETPAGESIZE 1
#define HAVE_MMAP 1

configure: exit 0
=== File: ./wrt/build_dir/toolchain-aarch64_cortex-a53_gcc-14.4.0_musl/gcc-14.4.0-initial/libcody/config.log ===
ac_cv_env_LDFLAGS_value='-static-libstdc++ -static-libgcc '
ac_cv_env_LIBS_set=
ac_cv_env_LIBS_value=
ac_cv_env_build_alias_set=set
ac_cv_env_build_alias_value=x86_64-pc-linux-gnu
ac_cv_env_host_alias_set=set
ac_cv_env_host_alias_value=x86_64-pc-linux-gnu
ac_cv_env_target_alias_set=set
ac_cv_env_target_alias_value=aarch64-openwrt-linux-musl
ac_cv_host=x86_64-pc-linux-gnu
ac_cv_objext=o
ac_cv_prog_AR='ar --plugin /usr/libexec/gcc/x86_64-linux-gnu/13/liblto_plugin.so'
ac_cv_prog_RANLIB='ranlib --plugin /usr/libexec/gcc/x86_64-linux-gnu/13/liblto_plugin.so'
ac_cv_prog_cxx_g=yes
ac_cv_search_ZSTD_compress='/mnt/build_wrt/staging_dir/host/lib/libzstd.a -pthread'
libgcc_cv_fixed_point=no

## ----------------- ##
## Output variables. ##
## ----------------- ##

AR='ar --plugin /usr/libexec/gcc/x86_64-linux-gnu/13/liblto_plugin.so'
CPPFLAGS=''
CXX='g++ -std=c++11'
CXXFLAGS='-O2 -I/mnt/build_wrt/staging_dir/host/include -pipe  '
DEFS='-DHAVE_CONFIG_H'
ECHO_C=''
ECHO_N='-n'
ECHO_T=''
EXCEPTIONS=''
EXEEXT=''
LDFLAGS='-static-libstdc++ -static-libgcc  -Wl,--no-undefined'
LD_PICFLAG=''
LIBOBJS=''
LIBS=''
LTLIBOBJS=''
MAINTAINER=''
OBJEXT='o'
PACKAGE_BUGREPORT='github.com/urnathan/libcody'
PACKAGE_NAME='codylib'
PACKAGE_STRING='codylib 0.0'
PACKAGE_TARNAME='codylib'
PACKAGE_URL=''
PACKAGE_VERSION='0.0'
PATH_SEPARATOR=':'
PICFLAG=''
RANLIB='ranlib --plugin /usr/libexec/gcc/x86_64-linux-gnu/13/liblto_plugin.so'
SHELL='/bin/bash'
ac_ct_CXX=''
bindir='${exec_prefix}/bin'
build='x86_64-pc-linux-gnu'
build_alias='x86_64-pc-linux-gnu'
build_cpu='x86_64'
build_os='linux-gnu'
build_vendor='pc'
configure_args=' '\''--srcdir=/mnt/build_wrt/build_dir/toolchain-aarch64_cortex-a53_gcc-14.4.0_musl/gcc-14.4.0/libcody'\'' '\''--cache-file=./config.cache'\'' '\''--with-bugurl=http://bugs.openwrt.org/'\'' '\''--with-pkgversion=OpenWrt GCC 14.4.0 r0-a4638cd'\'' '\''--prefix=/mnt/build_wrt/staging_dir/toolchain-aarch64_cortex-a53_gcc-14.4.0_musl'\'' '\''--with-gnu-ld'\'' '\''--enable-target-optspace'\'' '\''--disable-libgomp'\'' '\''--disable-libmudflap'\'' '\''--disable-multilib'\'' '\''--disable-libmpx'\'' '\''--disable-nls'\'' '\''--disable-libssp'\'' '\''--disable-tm-clone-registry'\'' '\''--without-isl'\'' '\''--without-cloog'\'' '\''--with-host-libstdcxx=-lstdc++'\'' '\''--with-system-zlib=/mnt/build_wrt/staging_dir/host'\'' '\''--with-zstd=/mnt/build_wrt/staging_dir/host'\'' '\''--with-gmp=/mnt/build_wrt/staging_dir/host'\'' '\''--with-mpfr=/mnt/build_wrt/staging_dir/host'\'' '\''--with-mpc=/mnt/build_wrt/staging_dir/host'\'' '\''--disable-decimal-float'\'' '\''--with-diagnostics-color=auto-if-env'\'' '\''--enable-__cxa_atexit'\'' '\''--enable-libstdcxx-dual-abi'\'' '\''--with-default-libstdcxx-abi=new'\'' '\''--with-newlib'\'' '\''--with-sysroot=/mnt/build_wrt/staging_dir/toolchain-aarch64_cortex-a53_gcc-14.4.0_musl'\'' '\''--disable-shared'\'' '\''--disable-threads'\'' '\''--enable-languages=c,lto'\'' '\''--program-transform-name=s&^&aarch64-openwrt-linux-musl-&'\'' '\''--disable-option-checking'\'' '\''--build=x86_64-pc-linux-gnu'\'' '\''--host=x86_64-pc-linux-gnu'\'' '\''--target=aarch64-openwrt-linux-musl'\'' '\''build_alias=x86_64-pc-linux-gnu'\'' '\''host_alias=x86_64-pc-linux-gnu'\'' '\''target_alias=aarch64-openwrt-linux-musl'\'' '\''CXX=g++'\'' '\''CXXFLAGS=-O2 -I/mnt/build_wrt/staging_dir/host/include -pipe  '\'' '\''LDFLAGS=-static-libstdc++ -static-libgcc '\'''
datadir='${datarootdir}'
datarootdir='${prefix}/share'
docdir='${datarootdir}/doc/${PACKAGE_TARNAME}'
dvidir='${docdir}'
enable_host_pie=''
enable_host_shared=''
exec_prefix='${prefix}'
host='x86_64-pc-linux-gnu'
host_alias='x86_64-pc-linux-gnu'
host_cpu='x86_64'
host_os='linux-gnu'
host_vendor='pc'
htmldir='${docdir}'
includedir='${prefix}/include'
infodir='${datarootdir}/info'
libdir='${exec_prefix}/lib'
libexecdir='${exec_prefix}/libexec'
localedir='${datarootdir}/locale'
localstatedir='${prefix}/var'
mandir='${datarootdir}/man'
oldincludedir='/usr/include'
pdfdir='${docdir}'
prefix='/mnt/build_wrt/staging_dir/toolchain-aarch64_cortex-a53_gcc-14.4.0_musl'
program_transform_name='s&^&aarch64-openwrt-linux-musl-&'
psdir='${docdir}'
sbindir='${exec_prefix}/sbin'
sharedstatedir='${prefix}/com'
sysconfdir='${prefix}/etc'
target_alias='aarch64-openwrt-linux-musl'

## ----------- ##
## confdefs.h. ##
## ----------- ##

/* confdefs.h */
#define PACKAGE_NAME "codylib"
#define PACKAGE_TARNAME "codylib"
#define PACKAGE_VERSION "0.0"
#define PACKAGE_STRING "codylib 0.0"
#define PACKAGE_BUGREPORT "github.com/urnathan/libcody"
#define PACKAGE_URL ""
#define NMS_CHECKING 0

configure: exit 0
=== File: ./wrt/build_dir/toolchain-aarch64_cortex-a53_gcc-14.4.0_musl/gcc-14.4.0-initial/config.log ===
build_cpu='x86_64'
build_libsubdir='build-x86_64-pc-linux-gnu'
build_noncanonical='x86_64-pc-linux-gnu'
build_os='linux-gnu'
build_subdir='build-x86_64-pc-linux-gnu'
build_tooldir='${exec_prefix}/aarch64-openwrt-linux-musl'
build_vendor='pc'
compare_exclusions='gcc/cc*-checksum$(objext) | gcc/ada/*tools/* | gcc/m2/gm2-compiler-boot/M2Version* | gcc/m2/gm2-compiler-boot/SYSTEM* | gcc/m2/gm2version*'
configdirs=' libiberty zlib libbacktrace libcpp libcody libdecnumber fixincludes gcc libcc1 c++tools lto-plugin'
datadir='${datarootdir}'
datarootdir='${prefix}/share'
do_compare='cmp --ignore-initial=16 $$f1 $$f2'
docdir='${datarootdir}/doc/${PACKAGE}'
dvidir='${docdir}'
exec_prefix='${prefix}'
extra_host_libiberty_configure_flags='--enable-shared'
extra_host_zlib_configure_flags=''
extra_isl_gmp_configure_flags=''
extra_linker_plugin_configure_flags=''
extra_linker_plugin_flags=''
extra_mpc_gmp_configure_flags=''
extra_mpc_mpfr_configure_flags=''
extra_mpfr_configure_flags=''
gcc_host_pie=''
get_gcc_base_ver='cat'
gmpinc='-I/mnt/build_wrt/staging_dir/host/include -I/mnt/build_wrt/staging_dir/host/include -I/mnt/build_wrt/staging_dir/host/include '
gmplibs='-L/mnt/build_wrt/staging_dir/host/lib -L/mnt/build_wrt/staging_dir/host/lib -L/mnt/build_wrt/staging_dir/host/lib -lmpc -lmpfr -lgmp'
host='x86_64-pc-linux-gnu'
host_alias='x86_64-pc-linux-gnu'
host_configargs=' --cache-file=./config.cache  '\''--with-bugurl=http://bugs.openwrt.org/'\'' '\''--with-pkgversion=OpenWrt GCC 14.4.0 r0-a4638cd'\'' '\''--prefix=/mnt/build_wrt/staging_dir/toolchain-aarch64_cortex-a53_gcc-14.4.0_musl'\'' '\''--with-gnu-ld'\'' '\''--enable-target-optspace'\'' '\''--disable-libgomp'\'' '\''--disable-libmudflap'\'' '\''--disable-multilib'\'' '\''--disable-libmpx'\'' '\''--disable-nls'\'' '\''--disable-libssp'\'' '\''--disable-tm-clone-registry'\'' '\''--without-isl'\'' '\''--without-cloog'\'' '\''--with-host-libstdcxx=-lstdc++'\'' '\''--with-system-zlib=/mnt/build_wrt/staging_dir/host'\'' '\''--with-zstd=/mnt/build_wrt/staging_dir/host'\'' '\''--with-gmp=/mnt/build_wrt/staging_dir/host'\'' '\''--with-mpfr=/mnt/build_wrt/staging_dir/host'\'' '\''--with-mpc=/mnt/build_wrt/staging_dir/host'\'' '\''--disable-decimal-float'\'' '\''--with-diagnostics-color=auto-if-env'\'' '\''--enable-__cxa_atexit'\'' '\''--enable-libstdcxx-dual-abi'\'' '\''--with-default-libstdcxx-abi=new'\'' '\''--with-newlib'\'' '\''--with-sysroot=/mnt/build_wrt/staging_dir/toolchain-aarch64_cortex-a53_gcc-14.4.0_musl'\'' '\''--disable-shared'\'' '\''--disable-threads'\'' '\''--enable-languages=c,lto'\'' --program-transform-name='\''s&^&aarch64-openwrt-linux-musl-&'\'' --disable-option-checking'
host_cpu='x86_64'
host_libs_picflag=''
host_noncanonical='x86_64-pc-linux-gnu'
host_os='linux-gnu'
host_pie='no'
host_shared='no'
host_subdir='.'
host_vendor='pc'
htmldir='${docdir}'
includedir='${prefix}/include'
infodir='${datarootdir}/info'
islinc=''
isllibs=''
libdir='${exec_prefix}/lib'
libexecdir='${exec_prefix}/libexec'
localedir='${datarootdir}/locale'
localstatedir='${prefix}/var'
mandir='${datarootdir}/man'
oldincludedir='/usr/include'
pdfdir='${docdir}'
poststage1_ldflags='-static-libstdc++ -static-libgcc'
poststage1_libs=''
prefix='/mnt/build_wrt/staging_dir/toolchain-aarch64_cortex-a53_gcc-14.4.0_musl'
program_transform_name='s&^&aarch64-openwrt-linux-musl-&'
psdir='${docdir}'
sbindir='${exec_prefix}/sbin'
sharedstatedir='${prefix}/com'
stage1_cflags='-g'
stage1_checking='--enable-checking=yes,types'
stage1_languages='c,lto'
stage1_ldflags='-static-libstdc++ -static-libgcc'
stage1_libs=''
stage2_werror_flag=''
sysconfdir='${prefix}/etc'
target='aarch64-openwrt-linux-musl'
target_alias='aarch64-openwrt-linux-musl'
target_configargs='--cache-file=./config.cache --with-cross-host=x86_64-pc-linux-gnu   '\''--with-bugurl=http://bugs.openwrt.org/'\'' '\''--with-pkgversion=OpenWrt GCC 14.4.0 r0-a4638cd'\'' '\''--prefix=/mnt/build_wrt/staging_dir/toolchain-aarch64_cortex-a53_gcc-14.4.0_musl'\'' '\''--with-gnu-ld'\'' '\''--enable-target-optspace'\'' '\''--disable-libgomp'\'' '\''--disable-libmudflap'\'' '\''--disable-multilib'\'' '\''--disable-libmpx'\'' '\''--disable-nls'\'' '\''--disable-libssp'\'' '\''--disable-tm-clone-registry'\'' '\''--without-cloog'\'' '\''--with-host-libstdcxx=-lstdc++'\'' '\''--with-system-zlib=/mnt/build_wrt/staging_dir/host'\'' '\''--with-zstd=/mnt/build_wrt/staging_dir/host'\'' '\''--disable-decimal-float'\'' '\''--with-diagnostics-color=auto-if-env'\'' '\''--enable-__cxa_atexit'\'' '\''--enable-libstdcxx-dual-abi'\'' '\''--with-default-libstdcxx-abi=new'\'' '\''--with-newlib'\'' '\''--with-sysroot=/mnt/build_wrt/staging_dir/toolchain-aarch64_cortex-a53_gcc-14.4.0_musl'\'' '\''--disable-shared'\'' '\''--disable-threads'\'' '\''--enable-languages=c,lto'\'' --program-transform-name='\''s&^&aarch64-openwrt-linux-musl-&'\'' --disable-option-checking --disable-year2038'
target_configdirs=' libgcc libatomic libquadmath'
target_cpu='aarch64'
target_noncanonical='aarch64-openwrt-linux-musl'
target_os='linux-musl'
target_subdir='aarch64-openwrt-linux-musl'
target_vendor='openwrt'
tooldir='${exec_prefix}/aarch64-openwrt-linux-musl'

## ------------------- ##
## File substitutions. ##
## ------------------- ##

alphaieee_frag='/dev/null'
host_makefile_frag='/dev/null'
ospace_frag='/mnt/build_wrt/build_dir/toolchain-aarch64_cortex-a53_gcc-14.4.0_musl/gcc-14.4.0/config/mt-ospace'
serialization_dependencies='serdep.tmp'
target_makefile_frag='/mnt/build_wrt/build_dir/toolchain-aarch64_cortex-a53_gcc-14.4.0_musl/gcc-14.4.0/config/mt-gnu'

## ----------- ##
## confdefs.h. ##
## ----------- ##

/* confdefs.h */
#define PACKAGE_NAME ""
#define PACKAGE_TARNAME ""
#define PACKAGE_VERSION ""
#define PACKAGE_STRING ""
#define PACKAGE_BUGREPORT ""
#define PACKAGE_URL ""
#define HAVE_CXX11 1
#define LT_OBJDIR ".libs/"

configure: exit 0
=== File: ./wrt/build_dir/toolchain-aarch64_cortex-a53_gcc-14.4.0_musl/gcc-14.4.0-initial/libcpp/config.log ===
target='aarch64-openwrt-linux-musl'
target_alias='aarch64-openwrt-linux-musl'
target_cpu='aarch64'
target_os='linux-musl'
target_vendor='openwrt'
warn='-W -Wall -Wno-narrowing -Wwrite-strings -Wmissing-format-attribute'

## ----------- ##
## confdefs.h. ##
## ----------- ##

/* confdefs.h */
#define PACKAGE_NAME "cpplib"
#define PACKAGE_TARNAME "cpplib"
#define PACKAGE_VERSION " "
#define PACKAGE_STRING "cpplib  "
#define PACKAGE_BUGREPORT "gcc-bugs@gcc.gnu.org"
#define PACKAGE_URL ""
#define STDC_HEADERS 1
#define HAVE_SYS_TYPES_H 1
#define HAVE_SYS_STAT_H 1
#define HAVE_STDLIB_H 1
#define HAVE_STRING_H 1
#define HAVE_MEMORY_H 1
#define HAVE_STRINGS_H 1
#define HAVE_INTTYPES_H 1
#define HAVE_STDINT_H 1
#define HAVE_UNISTD_H 1
#define __EXTENSIONS__ 1
#define _ALL_SOURCE 1
#define _GNU_SOURCE 1
#define _POSIX_PTHREAD_SEMANTICS 1
#define _TANDEM_SOURCE 1
#define TIME_WITH_SYS_TIME 1
#define STRING_WITH_STRINGS 1
#define HAVE_LOCALE_H 1
#define HAVE_FCNTL_H 1
#define HAVE_LIMITS_H 1
#define HAVE_STDDEF_H 1
#define HAVE_STDLIB_H 1
#define HAVE_STRINGS_H 1
#define HAVE_STRING_H 1
#define HAVE_SYS_FILE_H 1
#define HAVE_UNISTD_H 1
#define HAVE_OBSTACK 1
#define HAVE_UINTPTR_T 1
#define SIZEOF_INT 4
#define SIZEOF_LONG 8
#define HAVE_CLEARERR_UNLOCKED 1
#define HAVE_FEOF_UNLOCKED 1
#define HAVE_FERROR_UNLOCKED 1
#define HAVE_FFLUSH_UNLOCKED 1
#define HAVE_FGETC_UNLOCKED 1
#define HAVE_FGETS_UNLOCKED 1
#define HAVE_FILENO_UNLOCKED 1
#define HAVE_FPUTC_UNLOCKED 1
#define HAVE_FPUTS_UNLOCKED 1
#define HAVE_FREAD_UNLOCKED 1
#define HAVE_FWRITE_UNLOCKED 1
#define HAVE_GETCHAR_UNLOCKED 1
#define HAVE_GETC_UNLOCKED 1
#define HAVE_PUTCHAR_UNLOCKED 1
#define HAVE_PUTC_UNLOCKED 1
#define HAVE_SETLOCALE 1
#define HAVE_DECL_ABORT 1
#define HAVE_DECL_ASPRINTF 1
#define HAVE_DECL_BASENAME 1
#define HAVE_DECL_ERRNO 0
#define HAVE_DECL_GETOPT 1
#define HAVE_DECL_VASPRINTF 1
#define HAVE_DECL_CLEARERR_UNLOCKED 1
#define HAVE_DECL_FEOF_UNLOCKED 1
#define HAVE_DECL_FERROR_UNLOCKED 1
#define HAVE_DECL_FFLUSH_UNLOCKED 1
#define HAVE_DECL_FGETC_UNLOCKED 1
#define HAVE_DECL_FGETS_UNLOCKED 1
#define HAVE_DECL_FILENO_UNLOCKED 1
#define HAVE_DECL_FPRINTF_UNLOCKED 0
#define HAVE_DECL_FPUTC_UNLOCKED 1
#define HAVE_DECL_FPUTS_UNLOCKED 1
#define HAVE_DECL_FREAD_UNLOCKED 1
#define HAVE_DECL_FWRITE_UNLOCKED 1
#define HAVE_DECL_GETCHAR_UNLOCKED 1
#define HAVE_DECL_GETC_UNLOCKED 1
#define HAVE_DECL_PUTCHAR_UNLOCKED 1
#define HAVE_DECL_PUTC_UNLOCKED 1
#define HAVE_ALLOCA_H 1
#define HAVE_ALLOCA 1
#define STDC_HEADERS 1
#define HAVE_LANGINFO_CODESET 1
#define SIZEOF_INO_T 8
#define SIZEOF_DEV_T 8
#define HAVE_ICONV 1
#define ICONV_CONST 
#define PACKAGE "cpplib"
#define CHECKING_P 0
#define ENABLE_ASSERT_CHECKING 1
#define ENABLE_CANONICAL_SYSTEM_HEADERS 1

configure: exit 0
=== File: ./wrt/build_dir/toolchain-aarch64_cortex-a53_gcc-14.4.0_musl/gcc-14.4.0-initial/zlib/config.log ===
SET_MAKE=''
SHELL='/bin/bash'
STRIP='strip'
TARGET_LIBRARY_FALSE=''
TARGET_LIBRARY_TRUE='#'
VERSION='1.1.4'
ac_ct_CC=''
ac_ct_DUMPBIN=''
am__EXEEXT_FALSE=''
am__EXEEXT_TRUE='#'
am__fastdepCC_FALSE='#'
am__fastdepCC_TRUE=''
am__include='include'
am__isrc=' -I$(srcdir)'
am__leading_dot='.'
am__nodep='_no'
am__quote=''
am__tar='$${TAR-tar} chof - "$$tardir"'
am__untar='$${TAR-tar} xf -'
bindir='${exec_prefix}/bin'
build='x86_64-pc-linux-gnu'
build_alias='x86_64-pc-linux-gnu'
build_cpu='x86_64'
build_os='linux-gnu'
build_vendor='pc'
datadir='${datarootdir}'
datarootdir='${prefix}/share'
docdir='${datarootdir}/doc/${PACKAGE_TARNAME}'
dvidir='${docdir}'
enable_host_pie=''
enable_host_shared=''
exec_prefix='${prefix}'
host='x86_64-pc-linux-gnu'
host_alias='x86_64-pc-linux-gnu'
host_cpu='x86_64'
host_os='linux-gnu'
host_vendor='pc'
htmldir='${docdir}'
includedir='${prefix}/include'
infodir='${datarootdir}/info'
install_sh='${SHELL} /mnt/build_wrt/build_dir/toolchain-aarch64_cortex-a53_gcc-14.4.0_musl/gcc-14.4.0/install-sh'
libdir='${exec_prefix}/lib'
libexecdir='${exec_prefix}/libexec'
localedir='${datarootdir}/locale'
localstatedir='${prefix}/var'
mandir='${datarootdir}/man'
mkdir_p='$(MKDIR_P)'
mkinstalldirs='/mnt/build_wrt/build_dir/toolchain-aarch64_cortex-a53_gcc-14.4.0_musl/gcc-14.4.0/mkinstalldirs'
multi_basedir=''
oldincludedir='/usr/include'
pdfdir='${docdir}'
prefix='/mnt/build_wrt/staging_dir/toolchain-aarch64_cortex-a53_gcc-14.4.0_musl'
program_transform_name='s&^&aarch64-openwrt-linux-musl-&'
psdir='${docdir}'
sbindir='${exec_prefix}/sbin'
sharedstatedir='${prefix}/com'
sysconfdir='${prefix}/etc'
target='aarch64-openwrt-linux-musl'
target_alias='aarch64-openwrt-linux-musl'
target_cpu='aarch64'
target_os='linux-musl'
target_vendor='openwrt'
toolexecdir='$(libdir)/gcc-lib/$(target_alias)'
toolexeclibdir='$(libdir)/../lib'

## ----------- ##
## confdefs.h. ##
## ----------- ##

/* confdefs.h */
#define PACKAGE_NAME "zlib"
#define PACKAGE_TARNAME "zlib"
#define PACKAGE_VERSION "1.1.4"
#define PACKAGE_STRING "zlib 1.1.4"
#define PACKAGE_BUGREPORT ""
#define PACKAGE_URL ""
#define PACKAGE "zlib"
#define VERSION "1.1.4"
#define STDC_HEADERS 1
#define HAVE_SYS_TYPES_H 1
#define HAVE_SYS_STAT_H 1
#define HAVE_STDLIB_H 1
#define HAVE_STRING_H 1
#define HAVE_MEMORY_H 1
#define HAVE_STRINGS_H 1
#define HAVE_INTTYPES_H 1
#define HAVE_STDINT_H 1
#define HAVE_UNISTD_H 1
#define HAVE_DLFCN_H 1
#define LT_OBJDIR ".libs/"
#define HAVE_STDLIB_H 1
#define HAVE_UNISTD_H 1
#define HAVE_SYS_PARAM_H 1
#define HAVE_GETPAGESIZE 1
#define HAVE_MMAP 1
#define HAVE_MEMCPY 1
#define HAVE_STRERROR 1
#define HAVE_UNISTD_H 1

configure: exit 0
=== File: ./wrt/build_dir/toolchain-aarch64_cortex-a53_gcc-14.4.0_musl/gcc-14.4.0-initial/aarch64-openwrt-linux-musl/libgcc/config.log ===
PATH_SEPARATOR=':'
PICFLAG='-fPIC'
RANLIB='/mnt/build_wrt/staging_dir/toolchain-aarch64_cortex-a53_gcc-14.4.0_musl/aarch64-openwrt-linux-musl/bin/ranlib'
SHELL='/bin/bash'
STRIP='/mnt/build_wrt/staging_dir/toolchain-aarch64_cortex-a53_gcc-14.4.0_musl/aarch64-openwrt-linux-musl/bin/strip'
ac_ct_CC=''
accel_dir_suffix=''
asm_hidden_op='.hidden'
bindir='${exec_prefix}/bin'
build='x86_64-pc-linux-gnu'
build_alias='x86_64-pc-linux-gnu'
build_cpu='x86_64'
build_libsubdir='build-x86_64-pc-linux-gnu'
build_os='linux-gnu'
build_subdir='build-x86_64-pc-linux-gnu'
build_vendor='pc'
cpu_type='aarch64'
datadir='${datarootdir}'
datarootdir='${prefix}/share'
decimal_float='no'
docdir='${datarootdir}/doc/${PACKAGE_TARNAME}'
double_type_size='64'
dvidir='${docdir}'
enable_decimal_float='no'
enable_execute_stack='enable-execute-stack-empty.c'
enable_gcov='yes'
enable_shared='no'
enable_vtable_verify='no'
exec_prefix='${prefix}'
extra_parts='crtbegin.o crtbeginS.o crtbeginT.o crtend.o crtendS.o crtfastmath.o'
fixed_point='no'
force_explicit_eh_registry=''
get_gcc_base_ver='cat'
host='aarch64-openwrt-linux-musl'
host_alias='aarch64-openwrt-linux-musl'
host_cpu='aarch64'
host_noncanonical='aarch64-openwrt-linux-musl'
host_os='linux-musl'
host_subdir='.'
host_vendor='openwrt'
htmldir='${docdir}'
includedir='${prefix}/include'
infodir='${datarootdir}/info'
libdir='${exec_prefix}/lib'
libexecdir='${exec_prefix}/libexec'
libgcc_topdir='/mnt/build_wrt/build_dir/toolchain-aarch64_cortex-a53_gcc-14.4.0_musl/gcc-14.4.0/libgcc/..'
localedir='${datarootdir}/locale'
localstatedir='${prefix}/var'
long_double_type_size='128'
mandir='${datarootdir}/man'
md_unwind_header='aarch64/linux-unwind.h'
oldincludedir='/usr/include'
pdfdir='${docdir}'
prefix='/mnt/build_wrt/staging_dir/toolchain-aarch64_cortex-a53_gcc-14.4.0_musl'
program_transform_name='s&^&aarch64-openwrt-linux-musl-&'
psdir='${docdir}'
real_host_noncanonical='aarch64-openwrt-linux-musl'
sbindir='${exec_prefix}/sbin'
set_have_cc_tls='-DHAVE_CC_TLS'
set_use_emutls=''
sfp_machine_header='aarch64/sfp-machine.h'
sharedstatedir='${prefix}/com'
slibdir='$(exec_prefix)/$(host_noncanonical)/lib'
solaris_ld_v2_maps=''
sysconfdir='${prefix}/etc'
target_alias='aarch64-openwrt-linux-musl'
target_noncanonical='aarch64-openwrt-linux-musl'
target_subdir='aarch64-openwrt-linux-musl'
thread_header='gthr-single.h'
tm_defines=''
tm_file=' $(srcdir)/config/aarch64/value-unwind.h'
tmake_file=' $(srcdir)/config/t-crtstuff-pic $(srcdir)/config/t-libgcc-pic $(srcdir)/config/t-eh-dw2-dip $(srcdir)/config/t-slibgcc $(srcdir)/config/t-slibgcc-gld $(srcdir)/config/t-slibgcc-elf-ver $(srcdir)/config/t-linux $(srcdir)/config/aarch64/t-aarch64 $(srcdir)/config/aarch64/t-lse $(srcdir)/config/t-slibgcc-libgcc $(srcdir)/config/aarch64/t-softfp $(srcdir)/config/t-softfp $(srcdir)/config/t-crtfm $(srcdir)/config/t-dfprules $(srcdir)/config/aarch64/t-heap-trampoline $(srcdir)/config/t-gthr-noweak'
toolexecdir='$(exec_prefix)/$(target_noncanonical)'
toolexeclibdir='$(toolexecdir)/lib'
unwind_header='unwind-generic.h'
use_tm_clone_registry='-DUSE_TM_CLONE_REGISTRY=0'
vis_hide='-fvisibility=hidden -DHIDE_EXPORTS'
with_aix_soname='aix'

## ----------- ##
## confdefs.h. ##
## ----------- ##

/* confdefs.h */
#define PACKAGE_NAME "GNU C Runtime Library"
#define PACKAGE_TARNAME "libgcc"
#define PACKAGE_VERSION "1.0"
#define PACKAGE_STRING "GNU C Runtime Library 1.0"
#define PACKAGE_BUGREPORT ""
#define PACKAGE_URL "http://www.gnu.org/software/libgcc/"
#define SIZEOF_DOUBLE 8
#define SIZEOF_LONG_DOUBLE 16
#define HAVE_GETIPINFO 1
#define AS_HIDDEN_DIRECTIVE .hidden
#define HAVE_AS_CFI_SECTIONS 1
#define HAVE_AS_LSE 1
#define HAVE_AS_VARIANT_PCS 1
#define HAVE_INIT_PRIORITY 1

configure: exit 0
=== File: ./wrt/build_dir/toolchain-aarch64_cortex-a53_gcc-14.4.0_musl/gcc-14.4.0-initial/build-x86_64-pc-linux-gnu/libiberty/config.log ===
#define HAVE_BCOPY 1
#define HAVE_BSEARCH 1
#define HAVE_BZERO 1
#define HAVE_CALLOC 1
#define HAVE_CLOCK 1
#define HAVE_FFS 1
#define HAVE_GETCWD 1
#define HAVE_GETPAGESIZE 1
#define HAVE_GETTIMEOFDAY 1
#define HAVE_INDEX 1
#define HAVE_INSQUE 1
#define HAVE_MEMCHR 1
#define HAVE_MEMCMP 1
#define HAVE_MEMCPY 1
#define HAVE_MEMMEM 1
#define HAVE_MEMMOVE 1
#define HAVE_MEMPCPY 1
#define HAVE_MEMSET 1
#define HAVE_MKSTEMPS 1
#define HAVE_PUTENV 1
#define HAVE_RANDOM 1
#define HAVE_RENAME 1
#define HAVE_RINDEX 1
#define HAVE_SETENV 1
#define HAVE_SNPRINTF 1
#define HAVE_SIGSETMASK 1
#define HAVE_STPCPY 1
#define HAVE_STPNCPY 1
#define HAVE_STRCASECMP 1
#define HAVE_STRCHR 1
#define HAVE_STRDUP 1
#define HAVE_STRNCASECMP 1
#define HAVE_STRNDUP 1
#define HAVE_STRNLEN 1
#define HAVE_STRRCHR 1
#define HAVE_STRSTR 1
#define HAVE_STRTOD 1
#define HAVE_STRTOL 1
#define HAVE_STRTOUL 1
#define HAVE_STRTOLL 1
#define HAVE_STRTOULL 1
#define HAVE_STRVERSCMP 1
#define HAVE_TMPNAM 1
#define HAVE_VASPRINTF 1
#define HAVE_VFPRINTF 1
#define HAVE_VPRINTF 1
#define HAVE_VSNPRINTF 1
#define HAVE_VSPRINTF 1
#define HAVE_WAITPID 1
#define STACK_DIRECTION 1
#define HAVE_FORK 1
#define HAVE_VFORK 1
#define HAVE_WORKING_VFORK 1
#define HAVE_WORKING_FORK 1
#define HAVE___FSETLOCKING 1
#define HAVE_CANONICALIZE_FILE_NAME 1
#define HAVE_DUP3 1
#define HAVE_GETRLIMIT 1
#define HAVE_GETRUSAGE 1
#define HAVE_GETTIMEOFDAY 1
#define HAVE_ON_EXIT 1
#define HAVE_PIPE2 1
#define HAVE_POSIX_SPAWN 1
#define HAVE_POSIX_SPAWNP 1
#define HAVE_PSIGNAL 1
#define HAVE_REALPATH 1
#define HAVE_SETRLIMIT 1
#define HAVE_STRERROR 1
#define HAVE_STRSIGNAL 1
#define HAVE_SYSCONF 1
#define HAVE_TIMES 1
#define HAVE_WAIT3 1
#define HAVE_WAIT4 1
#define HAVE_SBRK 1
#define HAVE_DECL_BASENAME 1
#define HAVE_DECL_FFS 1
#define HAVE_DECL_ASPRINTF 1
#define HAVE_DECL_VASPRINTF 1
#define HAVE_DECL_SNPRINTF 1
#define HAVE_DECL_VSNPRINTF 1
#define HAVE_DECL_CALLOC 1
#define HAVE_DECL_GETENV 1
#define HAVE_DECL_GETOPT 1
#define HAVE_DECL_MALLOC 1
#define HAVE_DECL_REALLOC 1
#define HAVE_DECL_SBRK 1
#define HAVE_DECL_STRTOL 1
#define HAVE_DECL_STRTOUL 1
#define HAVE_DECL_STRTOLL 1
#define HAVE_DECL_STRTOULL 1
#define HAVE_DECL_STRVERSCMP 1
#define HAVE_DECL_STRNLEN 1
#define HAVE_X86_SHA1_HW_SUPPORT 1
#define HAVE_STDLIB_H 1
#define HAVE_UNISTD_H 1
#define HAVE_SYS_PARAM_H 1
#define HAVE_GETPAGESIZE 1
#define HAVE_MMAP 1

configure: exit 0
=== File: ./wrt/build_dir/toolchain-aarch64_cortex-a53_gcc-14.4.0_musl/gcc-14.4.0-initial/build-x86_64-pc-linux-gnu/libcpp/config.log ===
sysconfdir='${prefix}/etc'
target='aarch64-openwrt-linux-musl'
target_alias='aarch64-openwrt-linux-musl'
target_cpu='aarch64'
target_os='linux-musl'
target_vendor='openwrt'
warn='-W -Wall -Wno-narrowing -Wwrite-strings -Wmissing-format-attribute'

## ----------- ##
## confdefs.h. ##
## ----------- ##

/* confdefs.h */
#define PACKAGE_NAME "cpplib"
#define PACKAGE_TARNAME "cpplib"
#define PACKAGE_VERSION " "
#define PACKAGE_STRING "cpplib  "
#define PACKAGE_BUGREPORT "gcc-bugs@gcc.gnu.org"
#define PACKAGE_URL ""
#define STDC_HEADERS 1
#define HAVE_SYS_TYPES_H 1
#define HAVE_SYS_STAT_H 1
#define HAVE_STDLIB_H 1
#define HAVE_STRING_H 1
#define HAVE_MEMORY_H 1
#define HAVE_STRINGS_H 1
#define HAVE_INTTYPES_H 1
#define HAVE_STDINT_H 1
#define HAVE_UNISTD_H 1
#define __EXTENSIONS__ 1
#define _ALL_SOURCE 1
#define _GNU_SOURCE 1
#define _POSIX_PTHREAD_SEMANTICS 1
#define _TANDEM_SOURCE 1
#define TIME_WITH_SYS_TIME 1
#define STRING_WITH_STRINGS 1
#define HAVE_LOCALE_H 1
#define HAVE_FCNTL_H 1
#define HAVE_LIMITS_H 1
#define HAVE_STDDEF_H 1
#define HAVE_STDLIB_H 1
#define HAVE_STRINGS_H 1
#define HAVE_STRING_H 1
#define HAVE_SYS_FILE_H 1
#define HAVE_UNISTD_H 1
#define HAVE_OBSTACK 1
#define HAVE_UINTPTR_T 1
#define SIZEOF_INT 4
#define SIZEOF_LONG 8
#define HAVE_CLEARERR_UNLOCKED 1
#define HAVE_FEOF_UNLOCKED 1
#define HAVE_FERROR_UNLOCKED 1
#define HAVE_FFLUSH_UNLOCKED 1
#define HAVE_FGETC_UNLOCKED 1
#define HAVE_FGETS_UNLOCKED 1
#define HAVE_FILENO_UNLOCKED 1
#define HAVE_FPUTC_UNLOCKED 1
#define HAVE_FPUTS_UNLOCKED 1
#define HAVE_FREAD_UNLOCKED 1
#define HAVE_FWRITE_UNLOCKED 1
#define HAVE_GETCHAR_UNLOCKED 1
#define HAVE_GETC_UNLOCKED 1
#define HAVE_PUTCHAR_UNLOCKED 1
#define HAVE_PUTC_UNLOCKED 1
#define HAVE_SETLOCALE 1
#define HAVE_DECL_ABORT 1
#define HAVE_DECL_ASPRINTF 1
#define HAVE_DECL_BASENAME 1
#define HAVE_DECL_ERRNO 0
#define HAVE_DECL_GETOPT 1
#define HAVE_DECL_VASPRINTF 1
#define HAVE_DECL_CLEARERR_UNLOCKED 1
#define HAVE_DECL_FEOF_UNLOCKED 1
#define HAVE_DECL_FERROR_UNLOCKED 1
#define HAVE_DECL_FFLUSH_UNLOCKED 1
#define HAVE_DECL_FGETC_UNLOCKED 1
#define HAVE_DECL_FGETS_UNLOCKED 1
#define HAVE_DECL_FILENO_UNLOCKED 1
#define HAVE_DECL_FPRINTF_UNLOCKED 0
#define HAVE_DECL_FPUTC_UNLOCKED 1
#define HAVE_DECL_FPUTS_UNLOCKED 1
#define HAVE_DECL_FREAD_UNLOCKED 1
#define HAVE_DECL_FWRITE_UNLOCKED 1
#define HAVE_DECL_GETCHAR_UNLOCKED 1
#define HAVE_DECL_GETC_UNLOCKED 1
#define HAVE_DECL_PUTCHAR_UNLOCKED 1
#define HAVE_DECL_PUTC_UNLOCKED 1
#define HAVE_ALLOCA_H 1
#define HAVE_ALLOCA 1
#define STDC_HEADERS 1
#define HAVE_LANGINFO_CODESET 1
#define SIZEOF_INO_T 8
#define SIZEOF_DEV_T 8
#define ICONV_CONST 
#define PACKAGE "cpplib"
#define CHECKING_P 0
#define ENABLE_ASSERT_CHECKING 1
#define ENABLE_CANONICAL_SYSTEM_HEADERS 1

configure: exit 0
=== File: ./wrt/build_dir/toolchain-aarch64_cortex-a53_gcc-14.4.0_musl/gcc-14.4.0-initial/build-x86_64-pc-linux-gnu/fixincludes/config.log ===
includedir='${prefix}/include'
infodir='${datarootdir}/info'
libdir='${exec_prefix}/lib'
libexecdir='${exec_prefix}/libexec'
localedir='${datarootdir}/locale'
localstatedir='${prefix}/var'
mandir='${datarootdir}/man'
oldincludedir='/usr/include'
pdfdir='${docdir}'
prefix='/mnt/build_wrt/staging_dir/toolchain-aarch64_cortex-a53_gcc-14.4.0_musl'
program_transform_name='s&^&aarch64-openwrt-linux-musl-&'
psdir='${docdir}'
sbindir='${exec_prefix}/sbin'
sharedstatedir='${prefix}/com'
sysconfdir='${prefix}/etc'
target='aarch64-openwrt-linux-musl'
target_alias='aarch64-openwrt-linux-musl'
target_cpu='aarch64'
target_noncanonical='aarch64-openwrt-linux-musl'
target_os='linux-musl'
target_vendor='openwrt'

## ----------- ##
## confdefs.h. ##
## ----------- ##

/* confdefs.h */
#define PACKAGE_NAME "fixincludes"
#define PACKAGE_TARNAME "fixincludes"
#define PACKAGE_VERSION " "
#define PACKAGE_STRING "fixincludes  "
#define PACKAGE_BUGREPORT ""
#define PACKAGE_URL ""
#define STDC_HEADERS 1
#define HAVE_SYS_TYPES_H 1
#define HAVE_SYS_STAT_H 1
#define HAVE_STDLIB_H 1
#define HAVE_STRING_H 1
#define HAVE_MEMORY_H 1
#define HAVE_STRINGS_H 1
#define HAVE_INTTYPES_H 1
#define HAVE_STDINT_H 1
#define HAVE_UNISTD_H 1
#define __EXTENSIONS__ 1
#define _ALL_SOURCE 1
#define _GNU_SOURCE 1
#define _POSIX_PTHREAD_SEMANTICS 1
#define _TANDEM_SOURCE 1
#define EXE_EXT ""
#define STDC_HEADERS 1
#define HAVE_STDDEF_H 1
#define HAVE_STDLIB_H 1
#define HAVE_STRINGS_H 1
#define HAVE_UNISTD_H 1
#define HAVE_FCNTL_H 1
#define HAVE_SYS_FILE_H 1
#define HAVE_SYS_STAT_H 1
#define HAVE_CLEARERR_UNLOCKED 1
#define HAVE_FEOF_UNLOCKED 1
#define HAVE_FERROR_UNLOCKED 1
#define HAVE_FFLUSH_UNLOCKED 1
#define HAVE_FGETC_UNLOCKED 1
#define HAVE_FGETS_UNLOCKED 1
#define HAVE_FILENO_UNLOCKED 1
#define HAVE_FPUTC_UNLOCKED 1
#define HAVE_FPUTS_UNLOCKED 1
#define HAVE_FREAD_UNLOCKED 1
#define HAVE_FWRITE_UNLOCKED 1
#define HAVE_GETCHAR_UNLOCKED 1
#define HAVE_GETC_UNLOCKED 1
#define HAVE_PUTCHAR_UNLOCKED 1
#define HAVE_PUTC_UNLOCKED 1
#define HAVE_DECL_ABORT 1
#define HAVE_DECL_ASPRINTF 1
#define HAVE_DECL_BASENAME 1
#define HAVE_DECL_ERRNO 0
#define HAVE_DECL_VASPRINTF 1
#define HAVE_DECL_MEMMEM 1
#define HAVE_DECL_CLEARERR_UNLOCKED 1
#define HAVE_DECL_FEOF_UNLOCKED 1
#define HAVE_DECL_FERROR_UNLOCKED 1
#define HAVE_DECL_FFLUSH_UNLOCKED 1
#define HAVE_DECL_FGETC_UNLOCKED 1
#define HAVE_DECL_FGETS_UNLOCKED 1
#define HAVE_DECL_FILENO_UNLOCKED 1
#define HAVE_DECL_FPRINTF_UNLOCKED 0
#define HAVE_DECL_FPUTC_UNLOCKED 1
#define HAVE_DECL_FPUTS_UNLOCKED 1
#define HAVE_DECL_FREAD_UNLOCKED 1
#define HAVE_DECL_FWRITE_UNLOCKED 1
#define HAVE_DECL_GETCHAR_UNLOCKED 1
#define HAVE_DECL_GETC_UNLOCKED 1
#define HAVE_DECL_PUTCHAR_UNLOCKED 1
#define HAVE_DECL_PUTC_UNLOCKED 1
#define HAVE_MMAP_FILE 1
#define HAVE_MMAP_DEV_ZERO 1
#define HAVE_MMAP_ANON 1
#define SED_PROGRAM "/mnt/build_wrt/staging_dir/host/bin/sed"

configure: exit 0
=== File: ./wrt/build_dir/toolchain-aarch64_cortex-a53_gcc-14.4.0_musl/gcc-14.4.0-initial/fixincludes/config.log ===
includedir='${prefix}/include'
infodir='${datarootdir}/info'
libdir='${exec_prefix}/lib'
libexecdir='${exec_prefix}/libexec'
localedir='${datarootdir}/locale'
localstatedir='${prefix}/var'
mandir='${datarootdir}/man'
oldincludedir='/usr/include'
pdfdir='${docdir}'
prefix='/mnt/build_wrt/staging_dir/toolchain-aarch64_cortex-a53_gcc-14.4.0_musl'
program_transform_name='s&^&aarch64-openwrt-linux-musl-&'
psdir='${docdir}'
sbindir='${exec_prefix}/sbin'
sharedstatedir='${prefix}/com'
sysconfdir='${prefix}/etc'
target='aarch64-openwrt-linux-musl'
target_alias='aarch64-openwrt-linux-musl'
target_cpu='aarch64'
target_noncanonical='aarch64-openwrt-linux-musl'
target_os='linux-musl'
target_vendor='openwrt'

## ----------- ##
## confdefs.h. ##
## ----------- ##

/* confdefs.h */
#define PACKAGE_NAME "fixincludes"
#define PACKAGE_TARNAME "fixincludes"
#define PACKAGE_VERSION " "
#define PACKAGE_STRING "fixincludes  "
#define PACKAGE_BUGREPORT ""
#define PACKAGE_URL ""
#define STDC_HEADERS 1
#define HAVE_SYS_TYPES_H 1
#define HAVE_SYS_STAT_H 1
#define HAVE_STDLIB_H 1
#define HAVE_STRING_H 1
#define HAVE_MEMORY_H 1
#define HAVE_STRINGS_H 1
#define HAVE_INTTYPES_H 1
#define HAVE_STDINT_H 1
#define HAVE_UNISTD_H 1
#define __EXTENSIONS__ 1
#define _ALL_SOURCE 1
#define _GNU_SOURCE 1
#define _POSIX_PTHREAD_SEMANTICS 1
#define _TANDEM_SOURCE 1
#define EXE_EXT ""
#define STDC_HEADERS 1
#define HAVE_STDDEF_H 1
#define HAVE_STDLIB_H 1
#define HAVE_STRINGS_H 1
#define HAVE_UNISTD_H 1
#define HAVE_FCNTL_H 1
#define HAVE_SYS_FILE_H 1
#define HAVE_SYS_STAT_H 1
#define HAVE_CLEARERR_UNLOCKED 1
#define HAVE_FEOF_UNLOCKED 1
#define HAVE_FERROR_UNLOCKED 1
#define HAVE_FFLUSH_UNLOCKED 1
#define HAVE_FGETC_UNLOCKED 1
#define HAVE_FGETS_UNLOCKED 1
#define HAVE_FILENO_UNLOCKED 1
#define HAVE_FPUTC_UNLOCKED 1
#define HAVE_FPUTS_UNLOCKED 1
#define HAVE_FREAD_UNLOCKED 1
#define HAVE_FWRITE_UNLOCKED 1
#define HAVE_GETCHAR_UNLOCKED 1
#define HAVE_GETC_UNLOCKED 1
#define HAVE_PUTCHAR_UNLOCKED 1
#define HAVE_PUTC_UNLOCKED 1
#define HAVE_DECL_ABORT 1
#define HAVE_DECL_ASPRINTF 1
#define HAVE_DECL_BASENAME 1
#define HAVE_DECL_ERRNO 0
#define HAVE_DECL_VASPRINTF 1
#define HAVE_DECL_MEMMEM 1
#define HAVE_DECL_CLEARERR_UNLOCKED 1
#define HAVE_DECL_FEOF_UNLOCKED 1
#define HAVE_DECL_FERROR_UNLOCKED 1
#define HAVE_DECL_FFLUSH_UNLOCKED 1
#define HAVE_DECL_FGETC_UNLOCKED 1
#define HAVE_DECL_FGETS_UNLOCKED 1
#define HAVE_DECL_FILENO_UNLOCKED 1
#define HAVE_DECL_FPRINTF_UNLOCKED 0
#define HAVE_DECL_FPUTC_UNLOCKED 1
#define HAVE_DECL_FPUTS_UNLOCKED 1
#define HAVE_DECL_FREAD_UNLOCKED 1
#define HAVE_DECL_FWRITE_UNLOCKED 1
#define HAVE_DECL_GETCHAR_UNLOCKED 1
#define HAVE_DECL_GETC_UNLOCKED 1
#define HAVE_DECL_PUTCHAR_UNLOCKED 1
#define HAVE_DECL_PUTC_UNLOCKED 1
#define HAVE_MMAP_FILE 1
#define HAVE_MMAP_DEV_ZERO 1
#define HAVE_MMAP_ANON 1
#define SED_PROGRAM "/mnt/build_wrt/staging_dir/host/bin/sed"

configure: exit 0
